item_id,tier,page_pair_key,status,assignment_method,region_only_assignment,expected_answer,recovered_text_from_later_pdf,ocr_location_status,token_precision,token_recall,token_f1,registration_status,registration_inliers,registration_inlier_ratio,registration_median_error,coverage_200,covered_words_200,target_words_200,matched_region_ids_200
CIA-RDP79T00975A000100250001-2:5.0.0,headline,final_0001_85f559455f,ASSIGNED_FULL,later_pdf_word_coordinates,False,"During the past winter, Albanian troops have reportedly been working on fortifications in the northern border area, and problems concerning the border with Yugoslavia are frequently given prominence in Albanian propaganda.","During the past winter, Albanian troops have reportedly been working on fortifications in the northern border area, and problems concerning the border with Yugoslavia are frequently given prominence in Albanian propaganda.",PASS,1.0,1.0,1.0,PASS,1258,0.659675,0.119867,1.0,31,31,R2
CIA-RDP79T00975A000100260001-1:4.0.0,partial_C,final_0002_88511e37e8,ASSIGNED_FULL,later_pdf_word_coordinates,False,"A reliable neutral source has stated that the assassin of Premier Razmara is a member of the Friends of Islam, a fanatical right-wing religious organization. A well-qualified source with contacts in the Iranian government believes that the assassination was probably motivated by resentment against Razmara’s opposition to the nationalization of Iranian oil resources. According to this source,","A reliable neutral source has stated that the assassin of Premier Razmara is a member of 3 3(h)(2) the Friends of Islam, a fanatical right-wing religious organizationo A well-qualified source with contacts in the Iranian government believes that the assassination was probably motivated by resentment against Razmara' s opposition to the nationalization of Iranian oil resources. According to this source,",PASS,0.890625,0.966102,0.926829,PASS,880,0.574788,0.137627,0.983333,59,60,R1
CIA-RDP79T00975A000100360001-0:5.0.0,partial_B,final_0003_d7a9e5716d,ASSIGNED_FULL,later_pdf_word_coordinates,False,claims that “many Cominformists” have successfully penetrated the army and the government and are now acting under instructions to remain passive until war breaks out.,"~---~claims that 66many Cominformists"" have successfully penetrated the army and 3.3(h)(2) the government and are now acting under instructions to remain pas- sive until war breaks out",PASS,0.766667,0.92,0.836364,PASS,1847,0.799913,0.099738,0.962963,26,27,R4
CIA-RDP79T00975A000100470001-8:6.1.0,partial_B,final_0004_a1ba3d094f,ASSIGNED_FULL,later_pdf_word_coordinates,False,some of the rioters may have been associated with a facist-inclined politico-military faction (the Guevara group) which has been planning the overthrow of the government for some time.,some of the rioters may have been associate wi a.~c1st- inclined politico-military faction (the Guevara group) which has been planning the overthrow of the government for some time.,PASS,0.9,0.9,0.9,PASS,887,0.522072,0.13903,1.0,28,28,R4
CIA-RDP79T00975A000200030001-5:7.0.0,partial_B,final_0005_00af72f4c9,ASSIGNED_FULL,later_pdf_word_coordinates,False,elements of the population were to be deported from the Polish-USSR border and transported to the Stettin area; the presence of such disaffected elements undoubtedly contributes to difficulties in this area.,L.-----..--.-.-----------.----..-------.--.-----::;;;---.-----.~--;-.----;;;;:--;-;;-~~ 3. 3( h) 2) elemen s o e population were to be deported from the Polish-USSR border and transported to the Stettin area; the presence of such disaf- fected elements undoubtedly contributes to difficulties in this area.,PASS,0.717949,0.875,0.788732,PASS,1372,0.783105,0.113982,0.894737,34,38,R1
CIA-RDP79T00975A000200120001-5:5.1.0,partial_B,final_0006_5e6be1c8ed,ASSIGNED_FULL,later_pdf_word_coordinates,False,"the Communists had to tear up another line to complete this new one to the Indochina border. This is the only report, however, which indicates that a section of the line is narrow gauge. If true, this would necessitate transshipping at Nanning.",the Communists had to tear up an.other line to complete this new o:ne to the Indochina border~ Thi.s is the only report)) however)) which indicates that a sec- tion of the line is narrow gauge. If truej this would ltl\ecessUate trans- shipping at Nanning. It 1I,PASS,0.7,0.833333,0.76087,PASS,1264,0.71859,0.132817,0.956522,44,46,R2
CIA-RDP79T00975A000200180001-9:11.0.0,headline,final_0007_2f0948bef9,ASSIGNED_FULL,later_pdf_word_coordinates,False,It has previously been reported that a pro-government military junta will assume authority if the Nationalist Revolutionary Movement tries to overthrow the government.,It has previously been reported that a pro-government military junta will assume authority if the Nationalist Revolutionary Movement tries to overthrow the government.,PASS,1.0,1.0,1.0,PASS,1057,0.621034,0.18708,1.0,23,23,R1
CIA-RDP79T00975A000200330001-2:5.0.0,partial_A,final_0008_b26b5422ab,ASSIGNED_FULL,later_pdf_word_coordinates,False,"Chinese Communist mechanized corps, equipped with 400 T-34 tanks and 200 self-propelled guns, arrived in Korea in late April, while another reports that 150 ""Soviet"" tanks moved southward into the Parallel region in early May.","Chinese Communist mechanized r corps, equipped with 400 T-34 tanks and 200 self-propelled guns, arrived in Korea in late April, while another reports that 150 ""Soviet"" tanks moved southward into the 3.3(h)(2) Parallel region in early May.",PASS,0.880952,1.0,0.936709,PASS,1252,0.685276,0.131387,1.0,37,37,R2
CIA-RDP79T00975A000300010001-6:8.0.0,headline,final_0009_a9deff76c8,ASSIGNED_FULL,later_pdf_word_coordinates,False,"Iranian oil would cause considerable dislocation and hardship for the Anglo-Iranian Oil Company's previous customers, since severe transportation and financial problems would have to be solved.","Iranian oil yould cause considerable «:UslocaUon and hardship for the Anglo-Iranian Oil Company's previous ·customers, since severe transportation and financial problems would have to be solved.",PASS,0.928571,0.928571,0.928571,PASS,2348,0.87189,0.106102,1.0,26,26,R1
CIA-RDP79T00975A000300230001-2:6.0.0,headline,final_0010_f7282399ed,ASSIGNED_FULL,later_pdf_word_coordinates,False,"Reports from Baghdad state that the atmosphere is charged with uncertainty, that the Prime Minister is tired and dispirited, and that responsible leaders are becoming increasingly apprehensive of extremist elements.","Reports from Baghdad state that the atmosphere is charged with uncertainty, that the Prime y Minister is tired and dispirited, and that responsible leaders are becom- ing increasingly apprehensive of extremist elements.",PASS,0.90625,0.966667,0.935484,PASS,3002,0.909421,0.064544,1.0,32,32,R1
CIA-RDP79T00975A000400180001-7:8.0.0,partial_A,final_0011_3bf9f1b7fb,ASSIGNED_FULL,later_pdf_word_coordinates,False,"Despite the stalemate in the current negotiations, the USSR has expressed a willingness to alter its initial request for industrial exports and to substitute a significant amount of Italian consumer goods.","Despite the stalemate in the current negotiations, the USSR has- expressed a willingness to alter its initial request for industrial exports and to substitute a significant amount of Italian consumer goods.",PASS,1.0,1.0,1.0,PASS,502,0.542703,0.102743,1.0,31,31,R1
CIA-RDP79T00975A000400490001-3:6.0.2,box_hid_more,final_0012_338155f136,ASSIGNED_FULL,later_pdf_word_coordinates,False,"Egypt, which is having difficulty in solidifying Arab opposition to the Middle East Command, has assiduously been seeking Moslem and Asiatic approval for its position. It accordingly will welcome any support the Iranian Premier might be able to offer during his stopover in Egypt.","Egypt, which is having difficulty in solidifying Arab opposition to the Middle East Command, has assiduously been seeking Moslem and Asiatic approval for its position. It accordingly will welcome any support the Iranian Premier might be able to offer during his stopover in Egypt. 3.3(h)(2)",PASS,0.916667,1.0,0.956522,PASS,2220,0.840591,0.065173,1.0,45,45,R1
CIA-RDP79T00975A000500340001-8:6.0.0,partial_A,final_0013_e7de076f3c,ASSIGNED_FULL,later_pdf_word_coordinates,False,"Prime Minister Mossadeq is planning to use the opening of trade negotiations with Poland and prospective oil negotiations with Czechoslovakia ""to strengthen the position of the government and to refute the accusation that the government is following an anti-national and pro-American policy."" ""According to our friends,"" the Polish Minister reported, ""the situation should be exploited and the agreement signed.""","Prime Minister Mossadeq is planning to use the opening of trade negoti- ations with Poland and prospective oil negotiations with Czechoslovakia ""to strengthen the position of the government and to refute the accusation that the government is following an anti-national and pro-American policy. ""According to our friends, the Polish Minister reported, ""the situation should be exploited and the agreement signed.",PASS,0.967742,0.983607,0.97561,PASS,2438,0.834932,0.056517,1.0,60,60,R1
CIA-RDP79T00975A000500340001-8:6.0.2,partial_B,final_0013_e7de076f3c,ASSIGNED_FULL,later_pdf_word_coordinates,False,"considerable interest and coordination exists within the Soviet Orbit on the Iranian situation. There is no indication, however, that the Soviet bloc actually will purchase Iranian oil or that it intends to help the Mossadeq government to survive. Mossadeq is interested in securing an economic agreement to bolster his own position and to indicate that his government is following a neutral policy.","‘considerable interest and coordination exists within the SovieFOrbit on the. Iranian situation. There is no indication, how- ever, that the Soviet bloc actually will purchase Iranian oil or that it in- tends to help the Mossadeq government to survive. Mossadeq is interested in securing an economic agreement to bolster his own position and to in- dicate that his government is following a neutral policy.",PASS,0.890625,0.919355,0.904762,PASS,2438,0.834932,0.056517,1.0,64,64,R1
CIA-RDP79T00975A000600180001-5:5.0.0,headline,final_0014_bc9688243c,ASSIGNED_FULL,later_pdf_word_coordinates,False,"The French Minister believes that the next Prime Minister will be an independent because such an appointment might avoid conflict between Nuri's majority party, the Constitutional Union, and the new Socialist National Party.","The French Minister believesthat the next Prime Minister will be an independent because such an appointment might avoid conflict between Nuri's majority party, the Constitutional Union, and the new Socialist National Party.",PASS,0.969697,0.941176,0.955224,PASS,1730,0.782805,0.093627,1.0,32,32,R1
CIA-RDP79T00975A000600360001-5:4.2.0,partial_C,final_0015_184afe0902,ASSIGNED_FULL,later_pdf_word_coordinates,False,Preparations for a Communist general offensive in North Korea are reported by a fairly reliable North Korean source with,Preparations for a Communist general 3-3(h)(2) offensive in North Korea are reported by a fairly reliable North Korean source with,PASS,0.826087,1.0,0.904762,PASS,150,0.139018,0.116126,0.95,19,20,R2
CIA-RDP79T00975A000600440001-6:5.0.0,partial_B,final_0016_289e023474,ASSIGNED_FULL,later_pdf_word_coordinates,False,"a military tribunal in Kielce condemned to death three members of a resistance band and sentenced three others to prison. The individuals convicted were accused of having engaged in ""banditry"" against the local people from 1946 until last November.","la military tribunal in Kielce condemned to death three members of a resistance band and sentenced three others to prison, The individuals convicted were accused of having engaged in ""banditry"" against the local people from 1946 until last November.",PASS,0.974359,0.974359,0.974359,PASS,1797,0.801517,0.088702,1.0,39,39,R1
CIA-RDP79T00975A000600460001-4:5.0.0,partial_B,final_0017_1033a67592,ASSIGNED_FULL,later_pdf_word_coordinates,False,security forces are capable of controlling provincial demonstrations but that a determined Tudeh effort in the capital would severely tax government forces there.,"Lsecurity forces are capable of 3.3(h)(2) ""controlling provincial demonstrations but that a determined ""Tudeh effort in the capital would severely tax government forces there. 3.3(h)(2)",PASS,0.709677,0.956522,0.814815,PASS,1852,0.828265,0.08162,0.92,23,25,R1
CIA-RDP79T00975A000600460001-4:5.0.1,partial_B,final_0017_1033a67592,ASSIGNED_FULL,later_pdf_word_coordinates,False,"that in spite of army advice, Mossadeq will not extend martial law to include 1 May.","that in spite of army advice, Mossadeq H will not extend martial law to include 1 May.",PASS,0.941176,1.0,0.969697,PASS,1852,0.828265,0.08162,1.0,17,17,R1
CIA-RDP79T00975A000700060001-7:6.0.0,headline,final_0018_02dfd7b13b,ASSIGNED_FULL,later_pdf_word_coordinates,False,"Although Tito's official policy apparently has been to prevent interference with the present regime in Albania, the indications of attempted Italian penetration may have increased his interest in those Albanian exiles who are not serving Italy or other interests inimical to Yugoslavia.","Although Tito's official policy apparently has been to prevent interference with the present regime in Albania, the indi- cations of attempted Italian penetration may have increased his interest in those Albanian exiles who are not serving Italy or other interests inimical to Yugoslavia.",PASS,0.954545,0.976744,0.965517,PASS,3428,0.913403,0.061399,1.0,43,43,R3
CIA-RDP79T00975A000700190001-3:5.0.0,partial_B,final_0019_11fbb263e0,ASSIGNED_FULL,later_pdf_word_coordinates,False,the Alert Police are to hold all key positions and are to act as military drill and weapons instructors.,\the Alert Police are to hold all key positions and are to act as military drill and weapons instructors.,PASS,1.0,1.0,1.0,PASS,3750,0.929138,0.055605,1.0,19,19,R2
CIA-RDP79T00975A000700390001-1:3.0.0,partial_B,final_0020_ddd94af114,ASSIGNED_FULL,later_pdf_word_coordinates,False,"the Chinese probably entered Indochina to stop French interference with the opium trade, and that this is not a ""serious Chinese invasion.""","3.3(h)(2) Chinese probably entered Indochina to stop French interference with the opium trade, and that this is not a ""serious Chinese invasion.-""",PASS,0.84,0.954545,0.893617,PASS,2384,0.823204,0.052187,0.954545,21,22,R4
CIA-RDP79T00975A000700440001-5:4.1.0,partial_A,final_0021_eb241ebd18,ASSIGNED_FULL,later_pdf_word_coordinates,False,"Great Britain is seeking American support to prevent elimination of ""the only sound elements in Egyptian political life"" in Cairo’s current cabinet shifts. Foreign Secretary Eden apparently fears a return to power of the corrupt palace elements and the Wafd party.","Great Britain is seeking American support 3.3(h)(2) to prevent elimination of ""the only sound elements in Egyptian political life"" in Cairo’s current cabinet shifts. Foreign Secretary Eden apparently fears a return to power of the corrupt palace ele- ments and the Wafd party.",PASS,0.869565,0.97561,0.91954,PASS,1591,0.673582,0.077745,0.976744,42,43,R2
CIA-RDP79T00975A000800180001-6:3.1.1,partial_B,final_0022_4803de1f3f,ASSIGNED_FULL,later_pdf_word_coordinates,False,unusual Chinese Communist air and ground activity in the same general area. The amount of supplies which has been air-dropped to the Chinese Communist forces involved in this operation indicates that at least a regiment of troops has been committed there.,"f unusual Chinese 3_3(h)(2) Communist air and ground activity in the same general area, The amount of supplies which has been air-dropped to the Chinese Commu- nist forces involved in this operation indicates that at least a regiment of troops has been committed there.",PASS,0.854167,0.97619,0.911111,PASS,1233,0.571098,0.066307,0.977273,43,44,R3
CIA-RDP79T00975A000800310001-1:6.0.0,headline,final_0023_829589c52e,ASSIGNED_FULL,later_pdf_word_coordinates,False,"The Iranian-Soviet fisheries contract expires within a few months, and the government has assured Parliament that it will ""solve the problem"" of the Caspian Sea fisheries.","The Iranian-Soviet fisheries contract expires within a few months, and the government has assured Parliament that it will ""solve the problem"" of the Caspian Sea fisheries.",PASS,1.0,1.0,1.0,PASS,2857,0.875038,0.066493,1.0,26,26,R1
CIA-RDP79T00975A000900050001-6:3.1.1,partial_A,final_0024_a786adf279,ASSIGNED_FULL,later_pdf_word_coordinates,False,Viet Minh offensive operations would be initiated during the latter part of October. It is not yet possible to determine whether the French action may have forced a postponement.,3.3(h)(2) ‘Viet Minh offensive operations would be initiated during the latter part of October. It is not yet possible to determine whether the French action may have forced a postponement.,PASS,0.878788,1.0,0.935484,PASS,1336,0.666334,0.086307,0.966667,29,30,R3
CIA-RDP79T00975A000900060001-5:4.0.1,partial_B,final_0025_1127870efc,ASSIGNED_FULL,later_pdf_word_coordinates,False,"the major burden of forthcoming Viet Minh operations will be borne by a force of four divisions, three infantry and one artillery. The main effort will apparently be made at a point on the edge of the delta, midway between Nghia Lo and Hanoi.","lthe major burden of forthcoming Viet Minh operations will be borne by a force of four divisions, three infantry and one artillery. The main effort will apparently be made at a point on the edge of the delta, midway between Nghia Lo and Hanoi.",PASS,0.977273,0.977273,0.977273,PASS,1325,0.688312,0.082387,1.0,44,44,R1
CIA-RDP79T00975A000900240001-5:3.1.0,headline,final_0026_4ff2339b62,ASSIGNED_FULL,later_pdf_word_coordinates,False,"At least 19 IL-28's have entered Manchuria from Chita since 26 October. Although they may also be eventually destined for Dairen, ten of them have remained in Kungchuling, in central Manchuria, since 28 October.","At least 19 IL-28's have entered Manchuria from Chita since October. Although they may also be eventually destined for Dairen, ten of them have remained in Kungchuling, in central Manchuria, since 28 October.",PASS,1.0,0.972222,0.985915,PASS,1119,0.64832,0.090493,1.0,33,33,R3
CIA-RDP79T00975A000900440001-3:6.0.0,partial_B,final_0027_dd1202f94c,ASSIGNED_FULL,later_pdf_word_coordinates,False,large number of visas for Rumania have been issued to Greeks living in the Satellite countries in recent months. Probably many of them attended this meeting.,number of visas for Rumania have been issued to Greeks living in the Satellite countries in recent months. Probably many of them attended this meeting.,PASS,1.0,0.961538,0.980392,PASS,1824,0.838235,0.081356,1.0,25,25,R1
CIA-RDP79T00975A000900470001-0:5.0.0,partial_B,final_0028_54ea1cb976,ASSIGNED_FULL,later_pdf_word_coordinates,False,"there had been a considerable influx into Southern Thailand of Chinese ""agriculturalists"" from Bangkok who have no visible means of support.","8_8<h><2> had been a considerable influx into Southern Thailand of Sthere Chinese '""'agriculturalists"" from Bangkok who have no visible means of support.",PASS,0.8,0.952381,0.869565,PASS,1040,0.582307,0.088278,0.954545,21,22,R1
CIA-RDP79T00975A001000160001-2:4.0.0,headline,final_0029_b2abbac8bc,ASSIGNED_FULL,later_pdf_word_coordinates,False,Another Chinese Communist Army completed a move from the mainland to Hainan Island last fall.,Another Chinese Communist Army completed a move from the mainland to Hainan Island last fall.,PASS,1.0,1.0,1.0,PASS,2161,0.864054,0.086624,1.0,15,15,R2
CIA-RDP79T00975A001000640001-9:6.0.0,partial_A,final_0030_2440ef94a6,ASSIGNED_FULL,later_pdf_word_coordinates,False,A 17 February French Foreign Ministry circular message stated that the best way to achieve European integration is for France to strengthen its ties with the Atlantic Community. 6.,A 1'7 February French Foreign Ministry circular message stated that the best way to achieve European integration is for France to strengthen its ties with the Atlantic Community.,PASS,0.931034,0.931034,0.931034,PASS,1660,0.739421,0.092337,1.0,28,28,R1
CIA-RDP79T00975A001100030001-5:5.0.1,partial_B,final_0031_37dfca6bbb,ASSIGNED_FULL,later_pdf_word_coordinates,False,the recent Soviet government reorganization was considerably more than a paper change.,recent Soviet government Zthe more than a paper change.,PASS,0.888889,0.666667,0.761905,PASS,1691,0.710803,0.080013,1.0,9,9,R1
CIA-RDP79T00975A001100030001-5:5.0.2,box_hid_more,final_0031_37dfca6bbb,ASSIGNED_FULL,later_pdf_word_coordinates,False,"As it loses its economic functions, the MVD may become primarily a police organ, such as the former MGB.","As it loses its economic functions, the MVD may become primarily apolice organ, such as the former MGB.",PASS,0.944444,0.894737,0.918919,PASS,1691,0.710803,0.080013,1.0,18,18,R1
CIA-RDP79T00975A001100040001-4:3.0.0,headline,final_0032_6f2f8d8dab,ASSIGNED_FULL,later_pdf_word_coordinates,False,"In addition, the Chinese Communist Embassy in Rangoon is known to be providing funds and advice to the Communist-front Burma Workers and Peasants Party, which has been active in promoting public and political clamor for government action against the Nationalists.","In addition, the Chinese Communist Embassy in Rangoon is known to be providing funds and advice to the Communist- front -Burma Workers and Peasants Party, which has been active in promoting public and political clamor for government action against the Nationalists.",PASS,1.0,1.0,1.0,PASS,3615,0.92055,0.055138,1.0,41,41,R2
CIA-RDP79T00975A001100150001-2:5.0.0,partial_A,final_0033_80c5592fb3,ASSIGNED_FULL,later_pdf_word_coordinates,False,Satellite delegates meeting at Prague in January discussed coordination of purchases from the West of anti-friction bearings.,\Sate11ite delegates meeting at Prague 3_3(h)(2) in January discussed coordination of purchases from the West of anti- fI'iCtiOI1,PASS,0.681818,0.833333,0.75,PASS,1063,0.603977,0.072624,1.0,18,18,R1
CIA-RDP79T00975A001100150001-2:5.0.1,partial_B,final_0033_80c5592fb3,ASSIGNED_FULL,later_pdf_word_coordinates,False,"concern over negotiations by the Western nations for ""the closing of free ports to the transport of strategic materials."" The Ministry requested further information so that it would have time to make ""all necessary arrangements.""","iconcern over negotiations by the Western nations for ""the closing of free ports to the transport of strategic materials."" The Ministry requested further information so that it would have time to make ""all necessary arrange- ments.",PASS,0.916667,0.942857,0.929577,PASS,1063,0.603977,0.072624,1.0,36,36,R1
CIA-RDP79T00975A001100170001-0:4.0.3,box_hid_more,final_0034_059e611960,ASSIGNED_FULL,later_pdf_word_coordinates,False,"The existing state of confusion within the Soviet Government may thus be prolonged for a considerable period. Such a state of flux might preclude the Kremlin's embarking on an adventurous foreign policy and would provide strong motivation for a continuation of the current ""peace offensive.""","The existing state of confusion within the Soviet Government may thus be prolonged for a considerable period. Such a state of flux might preclude the Kremlin's embarking on an adventurous foreign policy and would provide strong motivation for a continuation of the current ""peace offensive.""",PASS,1.0,1.0,1.0,PASS,2577,0.849094,0.054723,1.0,45,45,R1
CIA-RDP79T00975A001100490001-5:4.0.0,box_hid_more,final_0035_829c841eca,ASSIGNED_FULL,later_pdf_word_coordinates,False,has carried a photograph of Mullah Kashani bestowing his blessing on the admitted assassin following the latter's release.,"has carried a photograph of Mullah Kashani bestowing his blessing on the admitted assassin following the latter's release,",PASS,1.0,1.0,1.0,PASS,3305,0.918056,0.061868,1.0,18,18,R1
CIA-RDP79T00975A001100490001-5:4.0.1,box_hid_more,final_0035_829c841eca,ASSIGNED_FULL,later_pdf_word_coordinates,False,"The current reports regarding Kashani, if true, suggest that he may be reasserting himself in Iranian politics after three months of comparative inactivity.","The current reports regarding Kashani, if true, suggest that he may be reasserting himself in Iranian politics after three months of comparative inactivity.",PASS,1.0,1.0,1.0,PASS,3305,0.918056,0.061868,1.0,23,23,R1
CIA-RDP79T00975A001100500001-3:7.0.0,partial_A,final_0036_52bee7362c,ASSIGNED_FULL,later_pdf_word_coordinates,False,The report stated that Iran offered two-year contracts with payment in American dollars and salaries 20 percent higher than those paid in the United States. Air transportation to and from Mexico was promised.,"The report stated that Iran offered two-year contracts with payment in American dollars and salaries 20 percent higher than those paid in the United States. Air transportation to and from Mexico was promised,",PASS,1.0,1.0,1.0,PASS,2636,0.875748,0.076287,1.0,33,33,R5
CIA-RDP79T00975A001200040001-2:5.0.0,partial_B,final_0037_7d5ad321eb,ASSIGNED_FULL,later_pdf_word_coordinates,False,85 percent of the escapees in the Masan area refused to serve in the South Korean army and are being threatened with forcible return to the POW camps by South Korean authorities.,I85 percent of the escapees in the Masan area refused to serve in the South Korean army and are being threatened with forcible return to the POW camps by South Korean authorities.,PASS,0.96875,0.96875,0.96875,PASS,3771,0.9355,0.051984,1.0,32,32,R3
CIA-RDP79T00975A001200040001-2:9.0.1,partial_A,final_0038_1f1b51ffec,ASSIGNED_FULL,later_pdf_word_coordinates,False,"Nasr intends to assume the premiership within two months and relegate Nagib to the ineffectual role of president. On several occasions in past months there has been discontent and plotting within army officer ranks. While the present dissatisfaction may influence Nasr to move more cautiously, all previous attempts at revolt against the Revolutionary Command Council have been quickly suppressed.","intends to assume‘ the premiership within two months and 2Nasr relegate Nagib to the ineffectual role of president. On several occasions in past months there has been discontent and plotting within army officer ranks. While the present dissatisfaction may influence Nasr to move more cautiously, all previous attempts at revolt against the Revolutionary Command Council have been quickly suppressed.",PASS,0.983051,0.983051,0.983051,PASS,2929,0.879316,0.053828,1.0,59,59,R1
CIA-RDP79T00975A001200110001-5:6.0.0,headline,final_0039_b0e8558874,ASSIGNED_FULL,later_pdf_word_coordinates,False,", but the only evidence that any Satellite government has taken extraordinary precautions against possible uprisings was a security police alert in Czechoslovakia on 18 June.","but the only evidence that any Satellite government has taken extraordinary precautions against possible up- risings was a security police alert in Czechoslovakia on 18 June,",PASS,0.923077,0.96,0.941176,PASS,3564,0.916667,0.050744,1.0,26,26,R2
CIA-RDP79T00975A001200150001-1:6.0.0,headline,final_0040_df1cf5f629,ASSIGNED_FULL,later_pdf_word_coordinates,False,In recent weeks the French have reduced the strength of their major outposts in northern Laos.,In recent wee.ks the French have re- duced the strength of their major outposts in northern Laos.,PASS,0.777778,0.875,0.823529,PASS,4233,0.949742,0.051828,1.0,17,17,R2
CIA-RDP79T00975A001200220001-3:6.1.0,headline,final_0041_aa75489125,ASSIGNED_FULL,later_pdf_word_coordinates,False,The source reports that Communist naval patrols in the Tachen area continue frequent and that Communist signal flares were sighted there on 9 July.,The source reports that Communist naval patrols in the Tachen area continue frequent and that Communist signal flares were sighted there on 9 July.,PASS,1.0,1.0,1.0,PASS,2739,0.892473,0.071211,1.0,24,24,R3
CIA-RDP79T00975A001200390001-5:3.0.0,headline,final_0042_7eaa3b42df,ASSIGNED_FULL,later_pdf_word_coordinates,False,"The note will be regarded as evading the issue, both by Chancellor Adenauer's coalition followers, who in view of the 6 September elections feared that the USSR might move ahead on unity, and by the opposition Social Democrats, who fervently hoped for such a move.","The note will be regarded as evading the issue, both by Chancellor Adenauer's coalition follow- ers, who in view of the 6 September elections feared that the USSR might move ahead on unity, and by the opposition Social Democrats, who fervently hoped for such a move.",PASS,0.957447,0.978261,0.967742,PASS,3714,0.927341,0.048542,1.0,46,46,R2
CIA-RDP79T00975A001300060001-0:4.0.0,partial_A,final_0043_5fcca9d0cc,ASSIGNED_FULL,later_pdf_word_coordinates,False,Burmese army units deployed against the Nationalists have been strengthened and they may be expected to launch an all-out military campaign. Some important government leaders are also known to be considering an approach to Peiping for military assistance.,‘Burmese army units 3-3(h)(2) deployed againsfthe Nationalists have been strengthened and they may be expected to launch an all.-out military campaign. Some important government leaders are also known to be considering an approach to Peiping for military assistance.,PASS,0.880952,0.948718,0.91358,PASS,2393,0.83148,0.073509,0.973684,37,38,R1
CIA-RDP79T00975A001300160001-9:7.0.0,partial_B,final_0044_04b2243e09,ASSIGNED_FULL,later_pdf_word_coordinates,False,"only the sultan's restoration could bring genuine calm. He declared that if French vigilance is ever relaxed, the Moroccans will rise up and oust the French.","the‘ sultan's restoration could bring genuine calm. Lpnly declared that if French vigilance is ever relaxed, the Moroccans will rise up and oust the French.",PASS,0.961538,0.925926,0.943396,PASS,1700,0.740418,0.092373,1.0,25,25,R1
CIA-RDP79T00975A001300170001-8:6.0.1,partial_D,final_0045_b56f5a1e76,ASSIGNED_FULL,later_pdf_word_coordinates,False,"the past three months Israel has made various incursions into the zone. These actions,","the past three months Israel has made various incursions into the zone. These actions,/",PASS,1.0,1.0,1.0,PASS,2765,0.889068,0.070875,1.0,14,14,R1
CIA-RDP79T00975A001300170001-8:6.0.2,partial_B,final_0045_b56f5a1e76,ASSIGNED_FULL,later_pdf_word_coordinates,False,"represent a ""major move"" by the Israelis to gain control of it.","""major move"" by the Israelis to gain control of it.",PASS,1.0,0.833333,0.909091,PASS,2765,0.889068,0.070875,1.0,10,10,R1
CIA-RDP79T00975A001300290001-5:4.0.0,partial_B,final_0046_86a95ec27a,ASSIGNED_FULL,later_pdf_word_coordinates,False,"the Yugoslavs have sent additional armored elements, one marine and one paratroop battalion to Zone B and have reinforced the areas bordering the Free Territory and Italy with one infantry division and elements of one tank division. The infantry division and some armored elements already in the border area have allegedly been moved closer to the Free Territory.","3.3(h)(2) Yugoslavs have sent additional armored elements, one marine and one paratroop‘ battalion to Zone B and have reinforced the areas bordering the Free Territory and Italy with one infantry division and elements of one tank divisionn The infantry division and some armored elements already in the border area have Kllegedly been moved closer to the Free Territory.",PASS,0.901639,0.948276,0.92437,PASS,1639,0.676434,0.051554,0.982759,57,58,R3
CIA-RDP79T00975A001300460001-6:5.0.0,headline,final_0047_d8543d9ed1,ASSIGNED_FULL,later_pdf_word_coordinates,False,"There are unconfirmed reports that the anticolonial People's United Party, which is the only effective political organization in the colony, receives financial aid from Guatemalan Communist elements. The party's known labor affiliations, however, are of an anti-Communist nature.","There are unconfirmed reports that the anticolonial People's United Party, which is the only effective political organization in the colony, receives financial aid from Guatemalan Communist elements. The party's known labor affilia- tions, however, are of an anti-Communist nature.",PASS,0.952381,0.97561,0.963855,PASS,1989,0.75916,0.08235,1.0,39,39,R1
CIA-RDP79T00975A001300540001-7:4.0.0,partial_B,final_0048_dc5d753018,ASSIGNED_FULL,later_pdf_word_coordinates,False,one of the Shan chieftains in Burma has turned Communist and that others are likely to do so because of their dislike for the Burmese.,of the Shan chieftains in Burma has turned /one Communist ancftha others are likely to do so because of their dis- like for the Burmese.,PASS,0.84,0.84,0.84,PASS,3188,0.90878,0.068273,1.0,25,25,R1
CIA-RDP79T00975A001300560001-5:4.0.1,partial_A,final_0049_8a066c1fc2,ASSIGNED_FULL,later_pdf_word_coordinates,False,MIG-15's left the same field on what appeared to be a delivery flight. Three days later only five were observed on the field.,MIG-15's left the same field on what appeared to be a delivery flig t. Three days later only five were observed on the field.,PASS,0.923077,0.96,0.941176,PASS,3793,0.926931,0.059086,1.0,24,24,R3
CIA-RDP79T00975A001300660001-4:5.0.1,partial_B,final_0050_d7d3c83e55,ASSIGNED_FULL,later_pdf_word_coordinates,False,"the Karen insurgents in Burma and the Chinese Nationalists, and of airfield construction in Karen-held territory. Actual construction of an airfield is a strong indication that Taipei intends to exploit the Karen tie after the present partial evacuation is completed.","the Karen insurgents in Burma andThe Chinese ationalists, and of airfield construction in Karen-held territory. Actual construction of an airfield is a strong indication that Taipei intends to exploit the Karen tie after the present partial evacuation is completed.",PASS,0.95,0.926829,0.938272,PASS,1934,0.750485,0.063266,1.0,39,39,R2
CIA-RDP79T00975A001300660001-4:5.0.2,box_hid_more,final_0050_d7d3c83e55,ASSIGNED_FULL,later_pdf_word_coordinates,False,"By basing themselves in Karen areas, the Nationalists could maintain their hold on the lucrative opium traffic.","basing themselves in Karen areas, the Nationalists could maintain their hold on the lucrative opium traffic.",PASS,1.0,0.941176,0.969697,PASS,1934,0.750485,0.063266,1.0,16,16,R2
CIA-RDP79T00975A001400140001-0:5.0.0,partial_A,final_0051_f29ac8de65,ASSIGNED_FULL,later_pdf_word_coordinates,False,"It would be consistent with the past pattern of Afghan-Indian diplomacy if India's new ""loan"" were designed to assure Afghan support against American military aid to Pakistan.","It would be consistent with the past pattern of Afghan-Indian diplomacy if India's new ""loan"".were. designed to assure Afghan support against American military aid to Pakistan.",PASS,1.0,1.0,1.0,PASS,1970,0.831224,0.084702,1.0,26,26,R2
CIA-RDP79T00975A001400180001-6:6.0.0,partial_C,final_0052_3cccb33d1c,ASSIGNED_FULL,later_pdf_word_coordinates,False,Czechoslovakia and Hungary have been attempting to import beef and grain; but,"and Hungary have been attempting to import bee an grain,‘ but",PASS,0.818182,0.75,0.782609,PASS,1925,0.835503,0.087893,1.0,11,11,R3
CIA-RDP79T00975A001400200001-3:8.0.0,partial_B,final_0053_4833c5dc9e,ASSIGNED_FULL,later_pdf_word_coordinates,False,the government crisis will probably last for two or three weeks.,l lthe government crisis will probably last for two or three weeks.,PASS,0.833333,0.909091,0.869565,PASS,2130,0.874743,0.082722,1.0,12,12,R2
CIA-RDP79T00975A001400390001-3:3.0.0,partial_D,final_0054_7aa5b9e741,ASSIGNED_FULL,later_pdf_word_coordinates,False,a concentrated enemy drive toward Luang Prabang is probable and could prove critical. The southward movement of elements of the Viet Minh 308th Division from Dien Bien Phu has been confirmed,a concentrated enemy drive toward Luang Prabang is probable and could prove critical. The southward movement of ele- men s o t e Viet Minh 308th Division from Dien Bien Phu has been confirmedl,PASS,0.794118,0.870968,0.830769,PASS,1817,0.835787,0.08096,1.0,34,34,R2
CIA-RDP79T00975A001400390001-3:3.0.1,partial_B,final_0054_7aa5b9e741,ASSIGNED_FULL,later_pdf_word_coordinates,False,"the current campaign is designed to gain a maximum of territory and propaganda victories at minimum cost in order to pave the way for negotiations with the French, and that extensive Viet Minh gains might tip the scales in favor of those elements in France and Indochina who strongly advocate a negotiated peace.","current campaign is designed to gain a maximum oﬁerritory and propaganda victories at minimum cost in order to pave the way for negotiations with the French, and that extensive Viet Minh gains might tip the scales in favor of those elements in France and Indochina who strongly advocate A a negotiated peace.",PASS,0.961538,0.943396,0.952381,PASS,1817,0.835787,0.08096,1.0,52,52,R2
CIA-RDP79T00975A001400440001-7:7.0.0,partial_C,final_0055_b50e689e47,ASSIGNED_FULL,later_pdf_word_coordinates,False,"Molotov's remarks at the Berlin conference on the economic aspects of the Far East problem were arousing great interest among West German businessmen who want to expand East-West trade. Citing the favorable comment of a prominent newspaper on the possibility of opening vast Eastern markets,","A i/Iolotov”s remarks at the Berlin conference on the economic as- pects of the Far East problem were arousing great interest among West German business- men who want to expand East-West trade. Citing the favorable comment of a prominent newspaper on the possibility of opening vast Eastern maréaets,",PASS,0.84,0.893617,0.865979,PASS,1967,0.842398,0.082489,1.0,48,48,R1
CIA-RDP79T00975A001400490001-2:4.0.0,partial_B,final_0056_499bbb8e75,ASSIGNED_FULL,later_pdf_word_coordinates,False,a campaign is already under way in the south threatening death to any person attempting to go north.,campaign is already under way in the south threatening death to any person attempting to go north.,PASS,1.0,0.944444,0.971429,PASS,1962,0.837388,0.077279,1.0,17,17,R3
CIA-RDP79T00975A001400490001-2:5.0.0,partial_B,final_0057_024f1d8cbc,ASSIGNED_FULL,later_pdf_word_coordinates,False,"the Viet Minh apparently intends to ""threaten"" Luang Prabang, thereby causing the French to reinforce the capital, and at the same time to isolate Dien Bien Phu and force an evacuation of its garrison.","the kiet Mlnh apparently intends to ""threatenu"" Luang Prabang, thereby causing the French to reinforce’ the capital, and at the same time to isolate Dien Bien Phu and force an evacua- tion of its garrison.",PASS,0.857143,0.882353,0.869565,PASS,1810,0.789015,0.102079,1.0,35,35,R1
CIA-RDP79T00975A001400490001-2:6.0.0,partial_B,final_0058_c10af1e5e8,ASSIGNED_FULL,later_pdf_word_coordinates,False,"the 312th Division, and at least elements of the 316th, were moving into northern Laos either to reinforce the 308th advancing on Luang Prabang or to threaten other points. As yet, there has been no contact with these units in Laotian territory.","312th Division, I and at least elements of the 3T6th, were jthe moving. into northern Laos either to reinforce the 308th advancing on Luang Prabang or to threaten other points. As yet, there has been no contactwith these units in Laotian territory.",PASS,0.904762,0.904762,0.904762,PASS,1885,0.82603,0.082122,1.0,42,42,R1
CIA-RDP79T00975A001400530001-7:9.0.0,partial_A,final_0059_17973be034,ASSIGNED_FULL,later_pdf_word_coordinates,False,"They believe that the party will take advantage of the government's concentration on preventing disorders in Caracas while the inter-American conference is in session there. They note that revolutionary movements have usually started in Maracaibo and that considerable antigovernment sentiment exists there now. They doubt, however, that an AD attempt at this time would succeed.","They believe that the party will take advantage of the government's concentration on preventing dis- orders in Caracas while the inter-American conference is in session there. They note that revolutionary movements have usually started in Maracaibo and that considerable antigovernment sentiment, exists there now. They doubt, however, that an AD attempt at this time would succeed.",PASS,0.965517,0.982456,0.973913,PASS,1173,0.61478,0.086182,1.0,56,56,R3
CIA-RDP79T00975A001400530001-7:9.1.0,partial_A,final_0059_17973be034,ASSIGNED_FULL,later_pdf_word_coordinates,False,"Venezuelan government plans to round up all prominent Communists prior to the conference have not mentioned similar plans against AD leaders, but it is almost certain that army garrisons in Maracaibo and elsewhere will be on the alert.","government plans to round up all prominent Communists prior to the conference have not mentioned similar plans against AD leaders, but it is almost certain that army garrisons in Maracaibo and elsewhere will be on the alert.",PASS,1.0,0.973684,0.986667,PASS,1173,0.61478,0.086182,1.0,37,37,R4
CIA-RDP79T00975A001400560001-4:5.1.0,headline,final_0060_cd61c307d3,ASSIGNED_FULL,later_pdf_word_coordinates,False,There is increasing evidence of a growing Viet Minh supply problem in northern Laos. Food stocks at the Tuan Giao depot are said to be low. The enemy is reportedly forming six new coolie contingents to speed up supplies for the 308th Division and other units in northern Laos.,"There is increasing evi- 5 $3; dence of a growing Viet Minh in £1,514. supply problem in northern l@3'5 l_ iensienphu S33 Laos. Food stocks at the 1'? P Tuan Giao depot are said to 75 5I\,_ be low. The enemy is re- E; ll IWE ..m G “'“G$'75 i ,5 I portedly forming six new coolie",PASS,0.52459,0.653061,0.581818,PASS,1593,0.820711,0.079475,1.0,57,57,R4;R5
CIA-RDP79T00975A001400600001-9:7.0.0,headline,final_0061_4de8ba7df7,ASSIGNED_FULL,later_pdf_word_coordinates,False,The report which oil adviser Torkild Rieber recently made to Tehran agrees in general with these findings. The similarity indicates that there should be little ground for dispute between Iran and the consortium over the current capabilities of the oil installations.,The report which oil adviser Torkild Rieber recently made to Tehran agrees in general with these findings. The similarity indicates that there should be little ground for dispute between Iran and the consortium over the current capabilities of the oil installations,PASS,1.0,1.0,1.0,PASS,1732,0.80859,0.071573,1.0,41,41,R1
CIA-RDP79T00975A001400640001-5:3.0.0,partial_B,final_0062_233e0e8b32,ASSIGNED_FULL,later_pdf_word_coordinates,False,the concept of Viet Minh fears of concessions is pure hypothesis.,ithe concept of Viet Minh fears of concessions is pure hypothesis.,PASS,0.909091,0.909091,0.909091,PASS,1994,0.83431,0.077668,1.0,11,11,R4
CIA-RDP79T00975A001400650001-4:7.0.0,partial_A,final_0063_6713242896,ASSIGNED_FULL,later_pdf_word_coordinates,False,"West Bengal Communist leaders, anticipating a ban, went underground as a result of the recent arrest of several among them, including the secretary of the party's provincial committee.","‘West Bengal Communist leaders, anticipating a ban, went underground as a result of the recent arrest of several among them, including the secretary of the party's provincial committee.",PASS,1.0,1.0,1.0,PASS,1951,0.832693,0.076547,1.0,28,28,R1
CIA-RDP79T00975A001400660001-3:5.0.0,headline,final_0064_6bdb409fdb,ASSIGNED_FULL,later_pdf_word_coordinates,False,"Just prior to the announcement, reports from Cairo suggested that the council had no intention of granting real authority to any civil assembly it might establish.","Just prior to the announcement, reports from Cairo suggested that the council had no intention of granting real authority to any civil assembly it might establish.",PASS,1.0,1.0,1.0,PASS,2164,0.855674,0.075799,1.0,26,26,R2
CIA-RDP79T00975A001400670001-2:8.0.0,headline,final_0065_9bd56bcd57,ASSIGNED_FULL,later_pdf_word_coordinates,False,"Lecoeur, until now considered France's number three Communist, had given only lukewarm support to Moscow-directed united front tactics. His successor, Marcel Servin, has reportedly been in charge of the party's liaison with the USSR since the fall of 1950.","Lecoeur, until now considered France's number three Communist, had given only lukewarm support to Moscow- directed united front tactics. His successor, Marcel Servin, has reportedly been in charge of the party's liaison with the USSR since the fall of 1950.",PASS,1.0,1.0,1.0,PASS,1595,0.702334,0.099584,1.0,40,40,R1
CIA-RDP79T00975A001500060001-8:5.0.0,partial_B,final_0066_d5dd0a4226,ASSIGNED_FULL,later_pdf_word_coordinates,False,"the success of the first phase of the Communist attack at Dien Bien Phu had shocked the French command, which is no longer ""supremely confident"" of holding the fortress.","the success of the first phase of the Communist attack at Dien Bien Phu had shocked the French command, which is no longer ""supremely confident"" of holding the fortress.",PASS,1.0,1.0,1.0,PASS,3864,0.941062,0.052261,1.0,29,29,R3
CIA-RDP79T00975A001500080001-6:8.0.0,partial_A,final_0067_4afcd5a905,ASSIGNED_FULL,later_pdf_word_coordinates,False,"American embassy memorandum establishing a ""timetable for everything the French must do"" to bring about early EDC ratification had been leaked, creating ""confusion and a certain amount of resentment.""","\American embassy memorandum establishing a ""time- table for everything the French must do"" to bring about early EDC ratification had been leaked, creating ""confusion and a certain amount of resentment.""",PASS,0.933333,0.965517,0.949153,PASS,2806,0.874688,0.072896,1.0,30,30,R3
CIA-RDP79T00975A001500130001-0:8.0.1,partial_B,final_0068_5f25a62b1a,ASSIGNED_FULL,later_pdf_word_coordinates,False,"pro-Prio elements may have abandoned their more pretentious plans and decided to assassinate Batista and other key figures as a cheap and effective way to seize power. It is unlikely that these elements could gain control, since they are believed to lack military or popular support.","pro- Prio elements may have abandoned their more pretentious plans and decided to assassinate Batista and other key figures as a cheap and effective way to seize power. It is unlikely that these elements ""could gain control, since they are believed to lack military or popular support.",PASS,1.0,1.0,1.0,PASS,1736,0.797062,0.079325,1.0,47,47,R2
CIA-RDP79T00975A001500130001-0:8.0.2,box_hid_more,final_0068_5f25a62b1a,ASSIGNED_FULL,later_pdf_word_coordinates,False,"Should Batista be assassinated, it is probable that present military leaders would assume control and set up a governing junta.","Should Batista be assassinated, it is probable that present military leaders would assume control and set up a governing junta.",PASS,1.0,1.0,1.0,PASS,1736,0.797062,0.079325,1.0,20,20,R2
CIA-RDP79T00975A001500160001-7:8.0.0,partial_A,final_0069_40b36f9765,ASSIGNED_FULL,later_pdf_word_coordinates,False,"In addition to resisting the suggested maximum figure, Iran can be expected to raise counterclaims which might eventually necessitate arbitration.","In addition to resisting the suggested maximum figure, Iran can be expected to raise counterclaims which might eventually necessitate arbitration.",PASS,1.0,1.0,1.0,PASS,2006,0.830642,0.085678,1.0,20,20,R2
CIA-RDP79T00975A001500190001-4:5.0.1,partial_B,final_0070_b1b9c7ab96,ASSIGNED_FULL,later_pdf_word_coordinates,False,"has already been reinforced by 3,000, many of whom, however, are suffering from malaria. The 13,000 additional enemy troops allegedly en route from the delta probably will not arrive in time to influence the current phase of the fighting.","has already been reinforced by 3,000, many of whom, however, are suffering from malaria. The 13,000 additional enemy troops allegedly en route from the delta probably will not arrive in time to influence the current phase of the fighting.",PASS,1.0,1.0,1.0,PASS,2027,0.83176,0.078389,1.0,39,39,R1
CIA-RDP79T00975A001500190001-4:6.1.0,headline,final_0071_19f22a3bba,ASSIGNED_FULL,later_pdf_word_coordinates,False,"Mallory observes that British officers of the Legion were gratified by the fact that its forces were on the road within minutes after receiving the SOS from Nahhalin,",Mallory observes that British olfficers of the Legion were gratified by the fact that its forceszuwere on the road within minutes after receiving the SOS from Nahhalin.,PASS,0.925926,0.892857,0.909091,PASS,1560,0.729654,0.084137,1.0,27,27,R3
CIA-RDP79T00975A001500310001-0:8.0.1,partial_A,final_0072_6eb4359241,ASSIGNED_FULL,later_pdf_word_coordinates,False,The 15 April decree debarring virtually all experienced civilian leaders from political activity will aggravate the regime's difficulties in obtaining competent high-level advisers.,The 15 April decree debarring virtually all experienced civilian leaders from political activity will aggravate the regime's difficulties in obtaining competent high-level advisers.,PASS,1.0,1.0,1.0,PASS,1723,0.764758,0.088341,1.0,23,23,R1
CIA-RDP79T00975A001500350001-6:5.0.1,partial_B,final_0073_935651840b,ASSIGNED_FULL,later_pdf_word_coordinates,False,"the existence of both the 19th and 53rd armies as doubtful, and the 10th Artillery Division was reliably reported in Manchuria in mid-March. The 13th Army is known to be based near the border, but there has been no reliable report that elements of this unit are on the move.","is co. red false. l the existence ofbofh the Illth an<f53rd armies as doubtful, and the 10th Artillery Division was reliably reported in Manchuria in mid- March. The 13th Army is known to be based near the border, but there has been no reliable report that elements of this unit are on the move.",PASS,0.836364,0.901961,0.867925,PASS,2094,0.861728,0.083518,1.0,54,54,R3
CIA-RDP79T00975A001500360001-5:6.0.0,headline,final_0074_7e99bc90f8,ASSIGNED_FULL,later_pdf_word_coordinates,False,Photography of the Type-37 was obtained and reported as fair. Photos of the medium bombers are reported as extremely poor and of doubtful value.,"Photography of the Type-37 was obtained and reported as fair. Photos of the medium bombers are reported as extremely poor and of doubtful ""value.",PASS,1.0,1.0,1.0,PASS,1900,0.848214,0.074635,1.0,24,24,R2
CIA-RDP79T00975A001600050001-8:3.0.0,partial_A,final_0075_a8966f8a24,ASSIGNED_FULL,later_pdf_word_coordinates,False,"Two Communist air units with about 50 TU-2 conventional light bombers are believed to be located within operating range of Formosa, and it would be possible for MIG-15 jet fighters to stage from fields in Fukien and Chekiang within combat radius of Formosa.","Two Communist air units with about 50 TU-2 conventional light bombers are believed to be locatedwithin operating range of Formosa, and it wou.ld be possible for MIG-15 jet fighters to stage from fields in Fukien and Chekiang within combat radius of Formosa.",PASS,0.933333,0.933333,0.933333,PASS,1698,0.807418,0.086722,1.0,42,42,R4
CIA-RDP79T00975A001600150001-7:4.0.0,partial_B,final_0076_eb1691a323,ASSIGNED_FULL,later_pdf_word_coordinates,False,"negotiations between Czechoslovakia, Hungary, and Poland on adopting ""common standards for rolled material and pipes,"" indicates that some planning along these lines has already begun. Such co-ordination would be part of the announced purpose of dovetailing the five-year plans of the Satellites with that of the USSR beginning in 1956.","between Czechoslovakia, Hungary, and Poland on adopting ""common standards-for rolled material and pipes,"" indicates that some planning along these lines has already begun. Such co-ordination would be part of the announced purpose of dovetailing the five-year plans of the Satellites with that of the USSR beginning in 1956.",PASS,1.0,0.980769,0.990291,PASS,1809,0.800442,0.078377,1.0,48,48,R3
CIA-RDP79T00975A001600210001-0:7.0.0,partial_A,final_0077_4fb9ecd249,ASSIGNED_FULL,later_pdf_word_coordinates,False,Tri may have been planning to resign when he quietly sent his family to France around the first of June.,‘Tri may have been planning to resign when he quietly sent his family to France around the firstof June.,PASS,0.947368,0.9,0.923077,PASS,2203,0.83828,0.080934,1.0,19,19,R1
CIA-RDP79T00975A001600240001-7:7.0.2,partial_B,final_0078_a3314b9ab8,ASSIGNED_FULL,later_pdf_word_coordinates,False,"activity during the rainy season throughout most of the Tonkin delta. The greatest increase is expected in the southern sector. Intensified activity is to take the form of sabotage, ambushes, attacks on the Hanoi-Haiphong axis, and assaults on isolated posts.","during the rainy season throughout most of the Tonkin delta. The greatest increase is expected in the southern sec- tor. Intensified activity is to take the form of sabotage, ambushesy attacks on the Hanoi-Haiphong axis, and assaults on isolated posts.",PASS,0.926829,0.926829,0.926829,PASS,1847,0.824554,0.085293,1.0,40,40,R1
CIA-RDP79T00975A001600300001-0:8.0.0,headline,final_0079_1ad4ee7361,ASSIGNED_FULL,later_pdf_word_coordinates,False,in line with its increasingly anti-American policy.,in line with its increasingly anti-American policy.,PASS,1.0,1.0,1.0,PASS,2129,0.836542,0.086959,1.0,7,7,R3
CIA-RDP79T00975A001600330001-7:4.0.0,partial_B,final_0080_c884230cb9,ASSIGNED_FULL,later_pdf_word_coordinates,False,"elements of the above-mentioned armies were still in Korea on 26 June, suggesting that the units reported in China may be advance elements. Departure of the remaining elements of these armies from Korea might presage a complete Chinese withdrawal, possibly in preparation for demanding a UN withdrawal.","elements of the abov*eem'éptioned armies were still in Korea on 26 June, suggesting that the units reported in China may be advance elements. Departure of the remaining elements of these armies from Korea might presage a complete Chinese withdrawal, possibly in preparation for demanding a UN withdrawal“",PASS,0.938776,0.958333,0.948454,PASS,1882,0.802217,0.085657,1.0,47,47,R3
CIA-RDP79T00975A001600350001-5:4.0.0,partial_A,final_0081_770b66d201,ASSIGNED_FULL,later_pdf_word_coordinates,False,"Three Soviet tankers remain at Singapore, where they had been ordered following the Tuapse incident, and another is apparently still at Shanghai.","Three Soviet tankers remain at Singapore, where they had been ordered followin the Tuapse incident, and another is apparently still at Shanghai”",PASS,0.954545,0.954545,0.954545,PASS,2320,0.891279,0.082106,1.0,22,22,R2
CIA-RDP79T00975A001600360001-4:6.0.0,headline,final_0082_2bc2cf147d,ASSIGNED_FULL,later_pdf_word_coordinates,False,"The reporting office believes that the Nahldatul Ulama will withdraw its support within a week and comments that ""general signs"" indicate that the government will fall in the near future.","The reporting office believes that the Nahladatul Ulama will withdraw its support within a week and com- ments that ""general signs"" indicate that the government will fall in the near future,",PASS,0.903226,0.933333,0.918033,PASS,2383,0.874816,0.085067,1.0,31,31,R1
CIA-RDP79T00975A001600390001-1:6.0.0,headline,final_0083_14bdf7129c,ASSIGNED_FULL,later_pdf_word_coordinates,False,"A report from Hanoi on 7 July that the French had begun to evacuate Son Tay Province, northwest of Hanoi, indicates that Ely's ""one additional withdrawal"" has already begun.","A report from Hanoi on 7 July that the French had begun to evacuate Son Tay Province, northwest of Hanoi, indicates that‘Ely's ""one additional withdrawal"" has already begun.",PASS,0.965517,0.933333,0.949153,PASS,2163,0.869373,0.081985,1.0,28,28,R2
CIA-RDP79T00975A001600400001-9:5.0.1,box_hid_more,final_0084_046556dd1a,ASSIGNED_FULL,later_pdf_word_coordinates,False,"The Binh Xuyen last May acquired control of the police force from Bao Dai at a price of over $1,000,000 and has since been the mainstay of his strength in Vietnam.","The Binh Xuyen last May acquired control of the police force. from Bao Dai at a price of over $19000,000 and has since been the mainstay of his strength in Vietnam.",PASS,0.96875,0.939394,0.953846,PASS,1850,0.822954,0.085044,1.0,31,31,R2
CIA-RDP79T00975A001600400001-9:6.0.0,headline,final_0085_9ccb98b155,ASSIGNED_FULL,later_pdf_word_coordinates,False,Previous reports allege that the attack will be made by 14 July.,Previous reports allege that the attack will be made by 14 July.,PASS,1.0,1.0,1.0,PASS,2150,0.83398,0.090296,1.0,12,12,R2
CIA-RDP79T00975A001600550001-3:4.0.0,headline,final_0086_fd89b3cfd6,ASSIGNED_FULL,later_pdf_word_coordinates,False,"The unidentified ship may be the Polish cargo ship Bytom, which has been accompanying the Braterstwo.","The unidentified ship may be the Polish cargo ship Bytom, which has been accompanying the Braterstwoo",PASS,0.9375,0.9375,0.9375,PASS,1795,0.812953,0.072531,1.0,16,16,R1
CIA-RDP79T00975A001600590001-9:5.0.0,partial_C,final_0087_227533a94a,ASSIGNED_FULL,later_pdf_word_coordinates,False,"Prio is known to have spent sizeable sums for arms in the United States and elsewhere, and,","Prio is known to have spent sizeable sums for arms in the United States and elsewhere, and,\",PASS,1.0,1.0,1.0,PASS,2199,0.874354,0.083593,1.0,17,17,R3
CIA-RDP79T00975A001700140001-7:5.0.0,partial_A,final_0088_6f55135e33,ASSIGNED_FULL,later_pdf_word_coordinates,False,Thai leaders have traditionally regarded Laotians as inferiors and Laos as a buffer area. They might feel that with the decline of French power in the area they should take steps to install a government in Laos subject to Thai control.,"Thafleaders have traditionally regardeoFLaotians as in- feriors and Laos as a buffer area‘, They might feel that with the decline of French power in the area they should take steps to in- stall a government in .Laos subject to Thai control.",PASS,0.853659,0.853659,0.853659,PASS,1850,0.835214,0.087391,1.0,41,41,R2
CIA-RDP79T00975A001700140001-7:6.0.0,headline,final_0089_c537a7dea6,ASSIGNED_FULL,later_pdf_word_coordinates,False,"East output. The consortium hesitates to make a firm commitment assuring Iran of specific production levels beyond three years. Opposition elements could use the deep-seated Iranian suspicion of foreign intentions to impede, but probably not prevent, approval of the agreement.","East output. The consortium hesitates to make a firm commit- ment assuring Iran of specific production levels beyond three years, Opposition elements could use the deep- seated Iranian suspicion of foreign intentions to impede, but probably not prevent, approval of the agreement.",PASS,0.952381,0.97561,0.963855,PASS,2021,0.863306,0.075451,1.0,42,42,R2
CIA-RDP79T00975A001700180001-3:5.0.1,partial_A,final_0090_ca91184083,ASSIGNED_FULL,later_pdf_word_coordinates,False,"It has also recently been the subject of high-level discussion within the Pakistani government. There appears to be no immediate prospect of federation, however, because agreement on the details of such a union would probably overtax the capabilities and patience of both sides, even if the basic principle were accepted.","It has also recently been the subject of V high-level discussion within the Pakistani government; There ap- pears to be no immediate prospect of federation, however, be- cause agreement on the details of such a union would probably overtax the capabilities and patience of both sides, even if the basic principle were accepted,",PASS,0.907407,0.960784,0.933333,PASS,1554,0.695925,0.091743,1.0,53,53,R2
CIA-RDP79T00975A001700260001-4:4.0.0,partial_C,final_0091_4d4fc20d0d,ASSIGNED_FULL,later_pdf_word_coordinates,False,"Despite increased Communist artillery fire and ground and air reconnaissance activity in the Tachen area during the past month,","Despite increased Communist artillery fire and ground and air reconnaissance activity in the Tachen area during the past month,\",PASS,1.0,1.0,1.0,PASS,1239,0.654171,0.092636,1.0,19,19,R2
CIA-RDP79T00975A001700260001-4:5.0.0,headline,final_0092_982d7176c9,ASSIGNED_FULL,later_pdf_word_coordinates,False,The apparent disregard for secrecy in placing the order in Hong Kong does not appear significant. The Chinese Communist intention eventually to take all Nationalist-held territory has been publicly and repeatedly stated since July.,.The apparent disregard for secrecy in placing the order in Hong Kong does not appear significant. The Chinese. Communist intention eventually to take all Nationalist- held territory has been public1.y and repeatedly stated since July.,PASS,0.944444,0.971429,0.957746,PASS,2052,0.849689,0.081191,1.0,35,35,R1
CIA-RDP79T00975A001700270001-3:3.0.1,partial_B,final_0093_8a23162043,ASSIGNED_FULL,later_pdf_word_coordinates,False,"that he was prepared to ""take care of"" popular opposition if aid were stopped.",have at o told tak Korean e care o officials r popu 7 opposition if aid were stopped.,PASS,0.333333,0.428571,0.375,PASS,2149,0.878577,0.072327,1.0,18,18,R2
CIA-RDP79T00975A001700280001-2:3.0.0,headline,final_0094_1037a98712,ASSIGNED_FULL,later_pdf_word_coordinates,False,Representatives of conservative business and political groups who have talked to Allison recently are almost unanimous in their belief that the November extraordinary Diet session will pass a no-confidence vote against the prime minister.,Re ntatives of conservative business and po- litical groups who have talked to Allison recently are almost unan- imous in their belief that the November extraor inary Diet session will pass a no-confidence vote against the prime ministern,PASS,0.769231,0.857143,0.810811,PASS,1945,0.852323,0.076024,1.0,38,38,R2
CIA-RDP79T00975A001700400001-8:10.0.0,headline,final_0096_71cbec016d,ASSIGNED_FULL,later_pdf_word_coordinates,False,The general impression of the conference as a whole is that it may well mark the turning point for Bevanism.,The general impression of the conference as ea whole is that it may well mark the turning point for Bevanism.,PASS,0.95,0.95,0.95,PASS,2217,0.829716,0.097746,1.0,20,20,R5
CIA-RDP79T00975A001700400001-8:7.1.0,partial_A,final_0095_44cc2aa456,ASSIGNED_FULL,later_pdf_word_coordinates,False,"Chinese assistance continues at a ""pretty high rate.""","Chinese assistance continues at a ""pretty high rate.""",PASS,1.0,1.0,1.0,PASS,2181,0.868924,0.083836,1.0,8,8,R5
CIA-RDP79T00975A001700420001-6:6.0.0,partial_B,final_0097_3795cf64f2,ASSIGNED_FULL,later_pdf_word_coordinates,False,"since the cease-fire have made plain the Communists' intent to develop their organization in Cambodia, both politically and militarily.","lsince the cease-fire have made plain the Communists‘ intent to develop their organization in Cambodia, both politically and militarilyt",PASS,0.9,0.9,0.9,PASS,2165,0.869478,0.081003,1.0,19,19,R6
CIA-RDP79T00975A001700430001-5:3.0.0,headline,final_0098_b7226d231b,ASSIGNED_FULL,later_pdf_word_coordinates,False,There are strong indications that South Korean security agencies have been preparing plans for action,There are strong indications that South Korean security agencies have been preparing plans for action,PASS,1.0,1.0,1.0,PASS,2306,0.87714,0.083361,1.0,15,15,R6
CIA-RDP79T00975A001700500001-7:4.0.0,headline,final_0099_ca52263da7,ASSIGNED_FULL,later_pdf_word_coordinates,False,ARAMCO is prepared to shut down and even face nationalization rather than load an Onassis tanker.,ARAMCO is prepared to shut down and even face nationalization rather than load an Onassis tanker.,PASS,1.0,1.0,1.0,PASS,1991,0.860415,0.074288,1.0,16,16,R3
CIA-RDP79T00975A001700510001-6:5.0.2,box_hid_more,final_0100_032ac9fecd,ASSIGNED_FULL,later_pdf_word_coordinates,False,"The major rail line between China and the Vietnam border area is through Kwangsi Province and lies considerably to the east of the one from Kunming. This line, which ends just north of the border, has been the major military transport link during the Indochina war.","The major rail line between China and the Vietnam border area is through Kwangsi Province and lies con- siderably to the east of the one from Kunming, This line, which ends just north of the border, has been the major military transport link during the Indochina war.",PASS,0.957447,0.978261,0.967742,PASS,942,0.604621,0.08543,1.0,47,47,R2
CIA-RDP79T00975A001700520001-5:4.0.0,partial_A,final_0101_ce4bae09bf,ASSIGNED_FULL,later_pdf_word_coordinates,False,"Viet Minh requested the help of two Chinese Communist divisions during the battle of Dien Bien Phu and that there are now 60,000 Chinese Communist troops in the southern part of the delta and in the area just south of it.","Minh requested the help of two Chinese Commu- nist divisions during the battle of Dien Bien Phu and that there are now 60,000 Chinese Communist troops in the southern part or the delta and in the area just south",PASS,0.925,0.880952,0.902439,PASS,1727,0.823557,0.074103,1.0,39,39,R2
CIA-RDP79T00975A001700520001-5:8.0.0,headline,final_0102_3cec37aeaa,ASSIGNED_FULL,later_pdf_word_coordinates,False,Titoist Communists have reportedly formed squads to protect Yugoslav establishments in Trieste and to sabotage the Trieste electric plant and aqueduct in the event of attack on Slovene homes and offices. Squads of the neo-fascist MSI are prepared to act against Slovenes when partition is announced.,"Titoist Communists have reportedly formed squads to protect Yugoslav establishments in Trieste and to sabotage the Trieste electric plant and aqueduct in the event of attack on Slovene homes and offices, Squads of the neo-fascist MSIL are prepared to act against Slovenes when partition is announced.",PASS,0.978723,0.978723,0.978723,PASS,506,0.350416,0.081497,1.0,46,46,R1
CIA-RDP79T00975A001700560001-1:4.0.1,box_hid_more,final_0103_69fcc30365,ASSIGNED_FULL,later_pdf_word_coordinates,False,Early October--following the SEAP meeting in Manila--may have been suggested as a good time for the Communists to illustrate the amount of Asian opposition to Western-sponsored security arrangement in the Far East.,Early October--following the SEAP meet- ing in Manila- -may have been suggested as a good time for the Commu- nists to illustrate the amount of Asian opposition to a Western-sponsored security arrangement in the Far East.,PASS,0.868421,0.942857,0.90411,PASS,1676,0.759402,0.076794,1.0,36,36,R2
CIA-RDP79T00975A001700570001-0:7.0.0,partial_B,final_0104_202c90f6f3,ASSIGNED_FULL,later_pdf_word_coordinates,False,"militant Communists have been ordered to form armed picket lines and to propagandize the ouster and suicide of President Vargas on 24 August as an ""American coup d'etat.""","Communists have been ordered to form armed picket lines and to propagandize the ouster and suicide of President Vargas on 24 August as an ""American coup d'etat.""",PASS,1.0,0.965517,0.982456,PASS,1950,0.850414,0.074971,1.0,27,27,R3
CIA-RDP79T00975A001800020001-9:4.0.1,partial_B,final_0105_dc7be82c28,ASSIGNED_FULL,later_pdf_word_coordinates,False,confirmed the intention of the Viet Minh to reopen the entire line.,confirmed the intention of the Viet Minh to reopen the entire lineo,PASS,0.916667,0.916667,0.916667,PASS,2197,0.881621,0.071308,1.0,12,12,R2
CIA-RDP79T00975A001800350001-3:6.1.0,partial_A,final_0106_fa63ad255e,ASSIGNED_FULL,later_pdf_word_coordinates,False,"Albania wishes to restore normal relations with Greece. The Greeks maintain, however, that Albania must first show a desire for a satisfactory rectification of their common border.","Albania wishes to restore normal relations with Greece. The Greeks maintain, however, that Albania must first show a desire for a satisfactory rectification of their common border.",PASS,1.0,1.0,1.0,PASS,1382,0.72356,0.088284,1.0,27,27,R2
CIA-RDP79T00975A001800380001-0:3.0.0,partial_D,final_0107_3e592ab35c,ASSIGNED_FULL,later_pdf_word_coordinates,False,"this drive began in April 1953, about a month after Stalin's death, but the","this drive began in April 1953, about a month after Stalin's death, but the",PASS,1.0,1.0,1.0,PASS,2044,0.841499,0.082968,1.0,14,14,R2;R3
CIA-RDP79T00975A001800450001-2:10.0.0,partial_B,final_0108_19b5063668,ASSIGNED_FULL,later_pdf_word_coordinates,False,"a Moslem Brotherhood leader, who had escaped from Egypt, intends to go to Khartoum to instigate anti-Nasr regime activities among the Sudanese adds a further note of instability to the Sudanese political situation.","Moslem Brotherhood leader, who had escaped rom Egypt, intends to go to Khartoum to instigate anti-Nasr regime activities among the Sudanese adds a further note of instability to the Sudanese political situation.",PASS,0.969697,0.941176,0.955224,PASS,1975,0.812757,0.083939,1.0,32,32,R2
CIA-RDP79T00975A001800460001-1:5.0.1,box_hid_more,final_0109_d72a576023,ASSIGNED_FULL,later_pdf_word_coordinates,False,"Three other railroad engineer units have been identified at Kueihsien, Yulin, and Fort Bayard in South China. They may be building a 200-mile line from Kwangsi to the coast which has also been in the planning stage for many years.","Three other railroad engineer units have been identified at Kueihsien, Yulin, and Fort Bayard in South China They may be building a 200- mile line from Kwangsi to the coast which has also been in the planning stage for many yearst",PASS,0.97561,0.97561,0.97561,PASS,1599,0.764706,0.08199,1.0,41,41,R2
CIA-RDP79T00975A001800470001-0:8.0.0,partial_B,final_0110_3498cae94e,ASSIGNED_FULL,later_pdf_word_coordinates,False,the rumors are part of the present political barrage being raised against the rearmament of West Germany.,"the rumors are part of the present political barrage being raised against the rearmament of West Germany,",PASS,1.0,1.0,1.0,PASS,2206,0.85108,0.083185,1.0,17,17,R3
CIA-RDP79T00975A001800470001-0:9.0.0,partial_A,final_0111_4410c60745,ASSIGNED_FULL,later_pdf_word_coordinates,False,"Figueres, who now expects the long-rumored attempt against him to be in the form of an internal uprising, has reportedly decided to declare war on Nicaragua immediately upon the initiation of violence, in the expectation that this would assure prompt American intervention on his behalf.","Figueres, who now expects the long-. rumored attempt against him to be in the form of an internal up- rising, has reportedly decided to declare war on Nicaragua immediately upon the initiation of violence, in the expectation that this would assure prompt American intervention on his be- half.",PASS,0.916667,0.956522,0.93617,PASS,1916,0.81428,0.093128,1.0,48,48,R2
CIA-RDP79T00975A001800540001-2:6.0.1,partial_B,final_0112_0fb6e4bbec,ASSIGNED_FULL,later_pdf_word_coordinates,False,the Chinese Communists have contributed financial support to the Japanese Socialists and have instructed the Japan Communist Party to support candidates of other parties when those candidates seemed amenable to the Communist line and were likely to win.,‘the Chinese Communists have contributed ﬁnancial support to the Japanese Socialists and have instructed the Japan Communist Party to sup- port candidates of other parties when those candidates seemed amenable to the Communist line and were likely to win.,PASS,0.948718,0.973684,0.961039,PASS,1898,0.854185,0.076642,1.0,39,39,R2
CIA-RDP79T00975A001800550001-1:4.1.1,partial_A,final_0113_ea51abafbf,ASSIGNED_FULL,later_pdf_word_coordinates,False,Premier Nu was advised by Chou En-lai that the Chinese Communists were greatly interested in attending the Afro-Asian conference. The Burmese leader favored their participation.,Premier Nu was ad- vised by Chou En-lai that the Chinese Communists were greatly in- terested in attending the Afro-Asian conference. The Burmese leader favored their participation.,PASS,0.862069,0.925926,0.892857,PASS,1091,0.643278,0.076566,1.0,27,27,R3
CIA-RDP79T00975A001800550001-1:4.1.2,partial_A,final_0113_ea51abafbf,ASSIGNED_FULL,later_pdf_word_coordinates,False,"It was shortly after this that Nehru, who probably was kept informed of developments, changed his attitude toward such a conference from one of indifference to warm support, thus ensuring it would be held. It appears that India, Burma and Indonesia, in addition to their announced aims, see Peiping's participation as a means of increasing the stature of the conference. India may in addition consider it an opportunity to draw the Chinese Communists away from Moscow.","It was shortly after this that Nehru, who probably was kept informed of developments, changed his attitude toward such a conference from one of indifference to warm support, thus ensuring it would be held. It appears that India, Burma and Indonesia, in addition to their announced aims, see Peiping's partic- ipation as a means of increasing the stature of the conference. India in addition consider it an Opp0I""t111'lilZy to draw the Chinese Com- may munists -away from Mo_scow. 4",PASS,0.86747,0.935065,0.9,PASS,1091,0.643278,0.076566,0.987342,78,79,R3
CIA-RDP79T00975A001800570001-9:5.0.0,partial_A,final_0114_50c2c42f6a,ASSIGNED_FULL,later_pdf_word_coordinates,False,"Indonesian infiltration parties have been apprehended there by the Dutch during the past 18 months, most recently in October.","Indonesian infiltration parties have been apprehended there by the Dutch during the past 18 months, most recently in October.",PASS,1.0,1.0,1.0,PASS,2032,0.842804,0.085571,1.0,19,19,R3
CIA-RDP79T00975A001800600001-5:3.1.0,headline,final_0115_6957cfb967,ASSIGNED_FULL,later_pdf_word_coordinates,False,"The Viet Minh is currently attempting to establish its influence within the royal government by way of conversations now taking place between the government and Pathet Lao officials. During these conversations, the question of the integration of Pathet Lao troops into the royal army has been discussed, but no decision has been reached.","The Viet Minh is currently attempting to establish its influence within the royal government by way of con.- versations now taking place between the government and Pathet Lao officials. During these conversations, the question of the integration of Pathet Lao troops into the royal army has been dis- cussed, but no decision has been reached.",PASS,0.927273,0.962264,0.944444,PASS,1130,0.678271,0.085405,1.0,55,55,R3
CIA-RDP79T00975A001800610001-4:6.0.0,partial_A,final_0116_fa769333f2,ASSIGNED_FULL,later_pdf_word_coordinates,False,"Pathet Lao and government representatives relate to establishment of a ""mixed commission,"" which eventually would supervise the planned general elections, and the submission of Pathet Lao troops to the Laotian government authority without integration into its forces. Laotian acceptance of these terms would give the Communist an early entree into governmental affairs without a significant concession on their part.","LPathet Lao and government representatives relate to establishment of a ""mixed commission,"" which eventually would supervise the plamied general elections, and the submission of Pathet Lao troops to the Laotian government authority without integration into its forces. Laotian accegtance of these terms would give the Commimist an early entree into governmental affairs without a significant concession on their part.",PASS,0.932203,0.932203,0.932203,PASS,1670,0.808325,0.083332,1.0,59,59,R2
CIA-RDP79T00975A001800620001-3:7.0.1,partial_B,final_0117_7dc79abf5d,ASSIGNED_FULL,later_pdf_word_coordinates,False,planning to attack the rebels at Villa Quesada with a company-size force early the following morning. The government had already commandeered commercial planes and was expected to use them for strafing the rebel airstrip.,"lplanning to attack the rebels at Villa Quesadawith a company- size force early the following morning. The government had already commandeered commercial planes and was expected to use them for strafing the rebel airstrip,",PASS,0.941176,0.914286,0.927536,PASS,1826,0.849698,0.075468,1.0,34,34,R2
CIA-RDP79T00975A001800640001-1:4.0.0,partial_A,final_0118_eb9674213f,ASSIGNED_FULL,later_pdf_word_coordinates,False,Petsarath is an avowed Pathet Lao leader.,Petsarath is an avowed Pathet Lao leader.,PASS,1.0,1.0,1.0,PASS,874,0.516548,0.089683,1.0,7,7,R1
CIA-RDP79T00975A001800640001-1:4.0.1,partial_A,final_0118_eb9674213f,ASSIGNED_FULL,later_pdf_word_coordinates,False,"""liaison"" between Petsarath and Prince Souphanouvong, the nominal Pathet Lao chief, would lead to an easy takeover of Laos by the Communists.","\""liais0n"" between Pet- sarath and Prince Souphanouvong, the nominal Pathet Lao chief, would lead to an easy takeover of Laos by the Communists.",PASS,0.869565,0.909091,0.888889,PASS,874,0.516548,0.089683,1.0,23,23,R1
CIA-RDP79T00975A001800640001-1:4.0.2,partial_A,final_0118_eb9674213f,ASSIGNED_FULL,later_pdf_word_coordinates,False,"Laos, rather than South Vietnam, will see the major Viet Minh effort during the next few months. South Vietnam remains the primary target, however, and it is unlikely the Viet Minh would undertake such bold and overt action in Laos as to prejudice its prospects in the Vietnam elections scheduled for 1956.","\Laos, rather than South Vietnam, will see the major Viet Minh effort during the next few months. South Vietnam remains the primary target, however, and it is unlikely the Viet Minh would undertake such bold and overt action in Laos as to prejudice its prospects in the Vietnam elections scheduled for",PASS,1.0,0.980769,0.990291,PASS,874,0.516548,0.089683,1.0,51,51,R1
CIA-RDP79T00975A001800650001-0:10.0.0,partial_B,final_0119_4b37d6fd8b,ASSIGNED_FULL,later_pdf_word_coordinates,False,"certain National Guard officials distrusted Guizado because of his previous association with ex-president Arnulfo Arias and would place Ricardo Arias, whom they considered their friend, in the presidency should they deem it necessary to oust the president.","\certain National Guard officials distrusted Guizado because of his previous association with ex-president Arnulfo Arias and would place Ricardo Arias, whom they considered their friend, in the presidency should they deem it necessary to oust the president.",PASS,1.0,1.0,1.0,PASS,1460,0.707022,0.092344,1.0,37,37,R2
CIA-RDP79T00975A001800650001-0:10.0.1,box_hid_more,final_0119_4b37d6fd8b,ASSIGNED_FULL,later_pdf_word_coordinates,False,"Ricardo Arias, a member of one of Panama's wealthiest and most influential families, has been considered friendly toward the United States. He has not distinguished himself in politics, but is reportedly a capable administrator.","Ricardo Arias, a member of one of Panama's wealthiest and most influential families, has been con- sidered friendly toward the United States. He has not distinguished himself in politics, but is reportedly a capable administrator. i",PASS,0.918919,0.971429,0.944444,PASS,1460,0.707022,0.092344,0.972222,35,36,R2
CIA-RDP79T00975A001900020001-8:7.0.0,box_hid_more,final_0120_82ebc13eb6,ASSIGNED_FULL,later_pdf_word_coordinates,False,Ely told General Collins he would arrest Diem if such action were necessary to prevent civil war.,Ely told General Collins he would arrest Diem if such action were necessary to prevent civil war.,PASS,1.0,1.0,1.0,PASS,1658,0.799036,0.073756,1.0,17,17,R3
CIA-RDP79T00975A001900020001-8:7.0.1,box_hid_more,final_0120_82ebc13eb6,ASSIGNED_FULL,later_pdf_word_coordinates,False,"Some of Diem's closest advisers have told him to stake everything on one further blow at the Binh Xuyen, since to allow the present stalemate to continue would be fatal.","Some of Diem's closest advisers have told him to stake everything on one further blow at the Binh Xuyen, since to allow the present stalemate to continue would be fatal.",PASS,1.0,1.0,1.0,PASS,1658,0.799036,0.073756,1.0,30,30,R3
CIA-RDP79T00975A001900020001-8:7.1.1,partial_B,final_0120_82ebc13eb6,ASSIGNED_FULL,later_pdf_word_coordinates,False,"there is growing suspicion within the Vietnamese army that subordinate French army echelons are deliberately withholding supplies, and the possibility of incidents between the French and Vietnamese armies is increasing.","there is growing suspicion within the Vietnamese army 1a su ordinate French army echelons are deliberately withholding supplies, and the possibility of incidents between the French and Vietnamese armies is increasing.",PASS,0.903226,0.933333,0.918033,PASS,1658,0.799036,0.073756,1.0,31,31,R4
CIA-RDP79T00975A001900100001-9:8.0.2,partial_B,final_0121_87673c71fd,ASSIGNED_FULL,later_pdf_word_coordinates,False,"jet fighter aircraft are operating there. Liuchou is the base of the 26th Air Division, which is composed of two regiments of LA-11 piston fighters. Any reequipment of this division with jet fighters would enhance Chinese Communist defensive capabilities in southern China, but would have little effect on Chinese Communist capabilities in the Formosa Straits. MIG's from Liuchou would have to stage through at least one other field to carry out attacks against the Matsus or Quemoy.","4J Bet fighter aircraft are operating there. Liuchou is the base of the 26th Air Division, which is composed of two regiments of LA-11 piston fighters. Any reequip- ment of this division with jet fighters would enhance Chinese Commu- nist defensive capabilities in southern China, but would have little ef- fect on Chinese Communist capabilities in the.Formosa St13,aipt.s.. MIG's. from Liuchou would have to stage through at least one other field to carry out attacks against the Matsus or Quemoy.",PASS,0.870588,0.936709,0.902439,PASS,1204,0.647312,0.080201,1.0,80,80,R2
CIA-RDP79T00975A001900140001-5:4.1.0,partial_A,final_0122_ce8f6c25e9,ASSIGNED_FULL,later_pdf_word_coordinates,False,"Meanwhile, French officials have expressed their concern with what they consider Diem's rashness in dealing with the sects. A high Paris official has proposed the formation of a new policy-making body which would in effect terminate Diem's influence and permit the entry into the government of some of Vietnam's foremost opportunists and fellow travelers.","Meanwhile, French officials have ex- pressed their concern with what they consider Diem's rashness in dealing with the sects. A high Paris official has proposed the formation of a new policy-making body which would in effect termi nate Diem's influence and permit the entry into the government of some of Vietnam's foremost opportunists and fellow travelersc.",PASS,0.916667,0.948276,0.932203,PASS,1380,0.716139,0.082763,1.0,56,56,R3
CIA-RDP79T00975A001900150001-4:7.0.2,box_hid_more,final_0123_774b7df49d,ASSIGNED_FULL,later_pdf_word_coordinates,False,Greece will probably also respond favorably to Rumanian proposals now being negotiated. Similar bids from Albania are likely to continue to meet with indifference in Athens because of Greek territorial claims.,"Greece'will probably also respond favorably to Rumanian proposals now being negotiated, Simi- lar bids from Albania are likely to continue to meet with in- difference in Athensbecause of Greek territorial claimso",PASS,0.8125,0.83871,0.825397,PASS,1427,0.717446,0.085184,1.0,31,31,R2
CIA-RDP79T00975A001900150001-4:9.0.0,partial_A,final_0124_4ba8793d54,ASSIGNED_FULL,later_pdf_word_coordinates,False,"Nenni himself is reported to have agreed to this scheme, from which Democratic Socialist leader Saragat has allegedly been excluded.","Nenni himself is reported to have agreed to this scheme, from which Democratic Socialist leader Saragat has allegedly been excluded.",PASS,1.0,1.0,1.0,PASS,2158,0.865624,0.08793,1.0,20,20,R4
CIA-RDP79T00975A001900160001-3:3.0.0,partial_A,final_0125_bae24d3a39,ASSIGNED_FULL,later_pdf_word_coordinates,False,Construction work at the five other airfields in the Fukien area on the southeast China coast has not yet been observed. Improvement of at least one of the Fukien fields would be expected prior to the launching of Chinese Communist assaults on the Nationalist-held offshore islands.,Construction work at the five other air- fields in the Fukien area on the southeast China coast has not yet been observed. Improvement of at least one of the Fukien fields would be expected prior to the launching of Chinese Communist assaults on the Nationalist-held offshore islands.,PASS,0.958333,0.978723,0.968421,PASS,1474,0.690398,0.094038,1.0,47,47,R3
CIA-RDP79T00975A001900180001-1:3.0.0,partial_A,final_0126_c5f92ba617,ASSIGNED_FULL,later_pdf_word_coordinates,False,"All six bases, with the possible exception of the one at Foochow, are judged unserviceable for air operations. Runways at the Foochow field, which perhaps could be used, are not long enough for jets.","All six bases, with the possible exception of the one at Foochow, are judged unserviceable for air operations. Runways at the Foochow field, which perhaps could be used, are not long enough for jets.",PASS,1.0,1.0,1.0,PASS,1973,0.826561,0.084661,1.0,34,34,R4
CIA-RDP79T00975A001900250001-3:5.1.1,partial_B,final_0127_d0aa0f651c,ASSIGNED_FULL,later_pdf_word_coordinates,False,speaking highly of him to Egyptian prime minister Nasr. Nehru is also rumored to be considering inviting Ho to visit India.,speaking highly of him to Egyptian prime minister Nasrt Nehru is also rumored to be considering inviting I-Io to visit India.,PASS,0.863636,0.904762,0.883721,PASS,1482,0.722222,0.088917,1.0,21,21,R4
CIA-RDP79T00975A001900290001-9:7.0.0,partial_A,final_0128_57f982e827,ASSIGNED_FULL,later_pdf_word_coordinates,False,"The illness has been variously reported as cancer of the stomach, tuberculosis of the stomach and intestines, and other serious ailments.",".Th_e illness has been variouslyvreported as cancer of the stomach, tuberculosis of the stomach and intes- tines, and other serious ailments.",PASS,0.772727,0.809524,0.790698,PASS,2085,0.857672,0.082036,1.0,21,21,R3
CIA-RDP79T00975A001900310001-6:4.1.1,partial_B,final_0129_0f416b8fb8,ASSIGNED_FULL,later_pdf_word_coordinates,False,"ordered Minister of Court Ala on 21 February to see that ""political sharpshooting"" at Zahedi was halted. This has stopped whispering campaigns against the prime minister and greatly strengthened his position.","‘ordered. Minister of Court Ala on 21 February to see that ""political sharp- shooting"" at-Zahedi was halted, This has stopped whispering cam- paigns against the prime minister and greatly strengthened his posm",PASS,0.848485,0.903226,0.875,PASS,1046,0.610981,0.086545,1.0,32,32,R3
CIA-RDP79T00975A001900370001-0:4.1.0,headline,final_0130_8e666cd36f,ASSIGNED_FULL,later_pdf_word_coordinates,False,"While this report may have been planted by Zahedi's enemies to influence the Shah,","While this report may have been planted by Zahedi's enemies to influence the Shah,",PASS,1.0,1.0,1.0,PASS,1308,0.702848,0.086771,1.0,14,14,R5
CIA-RDP79T00975A001900390001-8:4.0.1,partial_B,final_0131_34b27a6a77,ASSIGNED_FULL,later_pdf_word_coordinates,False,"held a low opinion of the Burmese government heretofore and to have aided various non-Communist dissidents in Burma, including the Chinese Nationalists. The action he has now taken, however, indicates that he has revised his attitude, and this should materially enhance Thai-Burmese relations.","a low opinion of the Burmese government heretofore and jheld to have aided various non-Communist dissidents in Burma, includ- ing the Chinese Nationalists. The action he has now taken, however, indicates that he has revised his attitude, and this should materially A enhance Thai-Burmes-e relations.",PASS,0.875,0.933333,0.903226,PASS,1539,0.765672,0.094504,1.0,45,45,R2
CIA-RDP79T00975A001900630001-1:6.0.0,partial_B,final_0132_2a522edc17,ASSIGNED_FULL,later_pdf_word_coordinates,False,"on the evening of 18 January Communist ships and artillery were shelling Pishan, which is garrisoned by 1,500 guerrillas, and other vessels were observed near Yushan, which is manned by about 850 guerrillas. Pishan is about 35 miles southwest of the main Tachens, and Yushan, 35 miles northeast.","‘on the evening of 18 January Communist ships and artillery were shell- ing Pishan, which is garrisoned by 1,500 guerrillas, and other vessels were observed near Yushan, which is manned by about 850 guerrillas. Pishan is about 35 miles southwest of the main Tachens, and Yushan, 35 miles northeast.",PASS,0.96,0.979592,0.969697,PASS,1678,0.77114,0.096177,1.0,49,49,R1
CIA-RDP79T00975A002000070001-1:7.0.0,headline,final_0133_eda56d381c,ASSIGNED_FULL,later_pdf_word_coordinates,False,"possibly with Pakistani support,","possibly with Paki- stani support,",PASS,0.6,0.75,0.666667,PASS,1983,0.873953,0.074826,1.0,5,5,R4;R5
CIA-RDP79T00975A002000070001-1:8.0.0,headline,final_0134_56d16b129b,ASSIGNED_FULL,later_pdf_word_coordinates,False,All are friendly to the United States.,All are friendly to the United States.,PASS,1.0,1.0,1.0,PASS,1494,0.770898,0.077592,1.0,7,7,R1
CIA-RDP79T00975A002000070001-1:8.1.0,partial_B,final_0134_56d16b129b,ASSIGNED_FULL,later_pdf_word_coordinates,False,"in Karachi, top members of the Pakistani government have recently adopted the line that the entire royal family of Afghanistan, not just Daud, must be dismissed. The timing of Najibullah's approach and of the Pakistani arguments implies collaboration. The Pakistani government may have been convinced by a group of Western-minded Afghans, including members of Amanullah's family, that the present rulers can be replaced and economic stability restored without creating major political unrest.","Karachi, top members of Lne Pakistani governmenfhave recenlly adopted the line that the entire royal family of Afghanistan, not just Daud, must be dismissed. The timing of Najibullah's approach and of the Pakistani arguments implies collaboration. The Pakistani government may have been convinced by a group of Western-minded Afghans, including members of Amanullah’s family, that the present rulers can be replaced and economic stability restored without creat- ing major political unrest.",PASS,0.917808,0.893333,0.905405,PASS,1494,0.770898,0.077592,1.0,71,71,R2
CIA-RDP79T00975A002000120001-5:3.0.0,headline,final_0135_ed35704f72,ASSIGNED_FULL,later_pdf_word_coordinates,False,and his opportunistic approach to foreign affairs.,and his opportunistic ap- proach to foreign affairso,PASS,0.625,0.714286,0.666667,PASS,2102,0.836783,0.094085,1.0,8,8,R2
CIA-RDP79T00975A002000130001-4:6.0.0,headline,final_0136_f74fec910a,ASSIGNED_FULL,later_pdf_word_coordinates,False,It now seems clear from recent reports that he did so only after the guerrillas had been forewarned and he could feel certain of their ability to survive the Burmese campaign.,It now seems clear from recent reports that he did so only after the guerrillas had been forewarned and he couldfeel certain of their ability to survive the Burmese campaign.,PASS,0.966667,0.935484,0.95082,PASS,1926,0.85524,0.08064,1.0,30,30,R1
CIA-RDP79T00975A002000230001-3:3.0.0,partial_B,final_0137_05f7845670,ASSIGNED_FULL,later_pdf_word_coordinates,False,"a high percentage of Japan's proposed exports consist of embargoed items. Consequently, only a small portion of the trade agreement is likely to be implemented. The agreement will have the effect, however, of increasing pressure on the Hatoyama government to work for an early relaxation of CHINCOM controls.","‘a high percentage of Japan's proposed exports consist of embargoed items. C011“ sequently, only a small portion of the trade agreement is likely to be implemented. The agreement will have the effect, howevers, of increasing pressure on the Hatoyama government to work for an early relaxation of CHINCOM controls.",PASS,0.94,0.959184,0.949495,PASS,1863,0.834304,0.085487,1.0,49,49,R3
CIA-RDP79T00975A002000240001-2:3.0.1,partial_B,final_0138_67eb30ab04,ASSIGNED_FULL,later_pdf_word_coordinates,False,"a cruiser in Neva Bay, Leningrad, with hoses crudely rigged over the entire ship.","\a cruiser in Neva Bay, Leningrad, with hoses crudely rigged over the entire ship. A",PASS,0.933333,1.0,0.965517,PASS,2082,0.837827,0.091189,0.933333,14,15,R2
CIA-RDP79T00975A002000290001-7:8.0.0,headline,final_0139_59914ef280,ASSIGNED_FULL,later_pdf_word_coordinates,False,Aerial reconnaissance of East China airfields was somewhat hampered by weather during the past week. Partial observation revealed continued construction on the five previously reported airfields.,-Aerial reconnaissance of East China airfields was some- what hampered by weather during the past week. Partial observa- tion revealed continued construction on the five previously reported IJ airfields,PASS,0.827586,0.923077,0.872727,PASS,1988,0.840237,0.075301,1.0,29,29,R3
CIA-RDP79T00975A002000290001-7:8.1.0,partial_A,final_0139_59914ef280,ASSIGNED_FULL,later_pdf_word_coordinates,False,Photos have shown large numbers of AAA weapons in the Fukien coastal area.,Photos have shown large numbers of AAA weapons in the Fukien Coastal area.‘,PASS,1.0,1.0,1.0,PASS,1988,0.840237,0.075301,1.0,13,13,R5
CIA-RDP79T00975A002000420001-2:4.0.0,headline,final_0140_fc7a9ae301,ASSIGNED_FULL,later_pdf_word_coordinates,False,"The government has set the stage to blame Ambassador Iguchi in Washington for its failure to gain US approval of Shigemitsu's visit. It will probably defend itself on the budget by placing responsibility on ""American pressure.""","The government has set the stage to blame Ambassador Iguchi in_Washington for its failure to gain US approval of Shigemitsu's visit, It will probably defend it- self on the budget by placing responsibility on ""American pres- sure:'",PASS,0.897436,0.945946,0.921053,PASS,1924,0.853972,0.077855,1.0,37,37,R1
CIA-RDP79T00975A002000630001-9:12.0.0,partial_A,final_0141_3f937c8ff9,ASSIGNED_FULL,later_pdf_word_coordinates,False,"""the press reports that General Bengoa has declared his loyalty to Peron and that previous reports of his participation in the rebellion . . . were erroneous."")","e press reports that General Bengoa has declared his loyalty to Peron and that previous reports of his par- ticipation /Tn the rebellion? 0 were erroneous."")",PASS,0.807692,0.875,0.84,PASS,2106,0.856794,0.089676,1.0,26,26,R2
CIA-RDP79T00975A002000630001-9:13.0.0,partial_A,final_0142_8d749baf82,ASSIGNED_FULL,later_pdf_word_coordinates,False,"""Peron has gained a complete victory over the revolutionary forces with the exception of naval vessels and Puerto Belgrano. The greatest crisis facing Peron will be his ability to negotiate peace with the naval forces. Argentine stability will not be possible until a truce or compromise is reached with this group.""","""Peron has gained a complete victory over the revolu- tionary forces with the exception of naval vessels and Puerto Belgrano. The greatest crisis facing Peron will be his ability to negotiate peace with the naval forces. Argentine stability will not be possible until a truce or compromise is reached with this group.""",PASS,0.961538,0.980392,0.970874,PASS,1816,0.829982,0.083504,1.0,52,52,R1
CIA-RDP79T00975A002100090001-7:3.1.0,headline,final_0143_e8ad66d457,ASSIGNED_FULL,later_pdf_word_coordinates,False,"One of the aircraft attacked was a photo reconnaissance plane, the other a Nationalist commercial plane. The reconnaissance plane was destroyed, and the commercial plane was slightly damaged.","One of the aircraft attacked was a photo recon- naissance plane, the other a Nationalist commercial plane. The reconnaissance plane was destroyed, and the commercial plane was slightly damaged.",PASS,0.931034,0.964286,0.947368,PASS,809,0.509446,0.088788,1.0,29,29,R3
CIA-RDP79T00975A002100130001-2:10.0.1,partial_A,final_0144_6b417b2d2d,ASSIGNED_FULL,later_pdf_word_coordinates,False,"Since early May BEAGLES (IL-28) of the 8th Air Division based at Hangchow have been active in night attack exercises and over-water bombing of surface targets. The 8th Division, the only Chinese Communist jet bomber unit based within strike radius of the Formosa Straits, can be considered combat ready.","Since early May BEAGLES (IL-28) of the 8th Air Division based at Hangchow have been active in night attack exercises and over-water bombing of surface targets. The 8th Division, the only‘Chinese Communist jet bomber unit based within strike radius of the Formosa Straits, can be considered combat ready.",PASS,0.98,0.960784,0.970297,PASS,1891,0.817907,0.078645,1.0,48,48,R2
CIA-RDP79T00975A002100160001-9:3.1.1,partial_D,final_0145_3f8a5fd368,ASSIGNED_FULL,later_pdf_word_coordinates,False,"believe that only terrorism and sabotage have forced the French to promise a new, liberal policy. Consequently, unrelenting terrorist","t ha t 0 nly terrorism and sabotage have force e renc to prom- ise a new, liberal polioyn. Consequently, unrelenting terrorist",PASS,0.5,0.578947,0.536585,PASS,2008,0.853379,0.083082,1.0,22,22,R5
CIA-RDP79T00975A002100160001-9:5.0.1,partial_B,final_0146_31e3783f67,ASSIGNED_FULL,later_pdf_word_coordinates,False,"the ratification of the Paris accords would probably make it ""necessary"" for Hungarian leaders ""to request the Soviet government to permit troops to remain"" even after an Austrian treaty is concluded.","the ratification offhe Paris accords would probaoly ma1<e if""neces- sary"" for Hungarian leaders ""to request the Soviet government to permit troops to remain"" even after an Austrian treaty is concluded",PASS,0.78125,0.806452,0.793651,PASS,1991,0.851218,0.086384,1.0,30,30,R1
CIA-RDP79T00975A002100210001-3:4.1.1,partial_B,final_0147_c798d2a9d9,ASSIGNED_FULL,later_pdf_word_coordinates,False,thought the number of inspecting units could be reduced to one team each in North and South Korea. American officials believe the Communists may make such a proposal at the meeting of the Military Armistice Commission on 14 July.,"thought the number of inspectin couiume reclucecﬁo one team each in North and South Korea“ American officials believe the Commu- nists may make such a proposal at the meeting of the Military Armistice Commission on 14 July‘,",PASS,0.864865,0.820513,0.842105,PASS,944,0.581998,0.084556,1.0,37,37,R2
CIA-RDP79T00975A002100240001-0:3.0.0,partial_C,final_0148_8d872969b8,ASSIGNED_FULL,later_pdf_word_coordinates,False,"The Chinese grant contrasts with a scheduled Soviet gift to the Viet Minh of industrial equipment and commodities worth about $75,000,000 according to messages intercepted","The Chinese grant contrasts with a sched- uled Soviet gift to the Viet Minh of industrial equipment and commod-- ities worth about $75,000,000, according to messages intercepted",PASS,0.862069,0.925926,0.892857,PASS,1954,0.818601,0.081326,1.0,27,27,R2
CIA-RDP79T00975A002100240001-0:3.0.1,partial_A,final_0148_8d872969b8,ASSIGNED_FULL,later_pdf_word_coordinates,False,"The Chinese grant to North Korea for postwar reconstruction, also $326,000,000, compared with Soviet aid to North Korea of $250,000,000.","\Th,e Chinese grant to North Korea for postwar reconstruction, also $326,000,000, compared with Soviet aid to North Korea of $250,000,000.",PASS,0.92,0.958333,0.938776,PASS,1954,0.818601,0.081326,1.0,20,20,R2
CIA-RDP79T00975A002100240001-0:7.1.0,headline,final_0149_235c0aeecd,ASSIGNED_FULL,later_pdf_word_coordinates,False,"Vice President Hatta's reported request for Ali's resignation indirectly supports the army's position, and is his first open break with Sukarno on a top policy level.","Vice President Hatta's reported request for Ali's resignation indirectly supports the army’s position, and is his first open break with Sukarno on a top policy level.",PASS,0.964286,0.931034,0.947368,PASS,1976,0.805873,0.094294,1.0,26,26,R2
CIA-RDP79T00975A002100260001-8:4.0.0,partial_B,final_0150_a62b39054f,ASSIGNED_FULL,later_pdf_word_coordinates,False,"each military service had been assigned a neutral inspection team as a ""target"" during proposed demonstrations on 15 August.","\each military service had been assigned a neutral inspection team as a ""target"" during pro- posed demonstrations on 15",PASS,0.894737,0.894737,0.894737,PASS,2597,0.886954,0.07959,1.0,19,19,R3
CIA-RDP79T00975A002100260001-8:5.0.0,partial_B,final_0151_3664c087eb,ASSIGNED_FULL,later_pdf_word_coordinates,False,"the army has outlined a plan for the government which calls for the arrest of 60 Communist leaders as well as certain political figures involved in corruption. The army also favors improving relations with the United States, especially with a view to obtaining military equipment. It continues to be concerned over the possibility of drastic action by President Sukarno to restore his authority.","t army has outlined a plan for the government which calls for the arrest oi 60 Commu-=» nist leaders as well as certain poliﬁcal figures involved in corrup- tion. The army also favors improving relations with the United States, especially with ta view to obtaining military equipment. It continues to be concerned over the possibility of drastic action by President Sukarno to restore his authority.",PASS,0.876923,0.904762,0.890625,PASS,2123,0.819059,0.087964,1.0,65,65,R1
CIA-RDP79T00975A002100310001-2:5.0.0,headline,final_0152_e005222252,ASSIGNED_FULL,later_pdf_word_coordinates,False,"A Paris official now in Saigon, who is close to Premier Faure, has been informed of Savanni's activity and may act to effect his removal.","A Paris official now in Saigon, who is close to Premier Faure, has been informed of Savanni's activity and may act to effect his removal.",PASS,1.0,1.0,1.0,PASS,1982,0.823774,0.086953,1.0,25,25,R4
CIA-RDP79T00975A002100330001-0:8.0.0,partial_A,final_0153_aa10febe88,ASSIGNED_FULL,later_pdf_word_coordinates,False,"Hatta has not indicated his reaction to a reported proposal by the army that it have a seat in the new government, but it is clear that no cabinet would succeed without army approval.","Hatta has not indicated his reaction to a reported proposal by the army that it have a seat in the new govern- ment, but it is clear that no cabinet would succeed without army approval.",PASS,0.942857,0.970588,0.956522,PASS,2244,0.835754,0.084296,1.0,35,35,R2
CIA-RDP79T00975A002100400001-2:4.0.0,headline,final_0154_d8d442911b,ASSIGNED_FULL,later_pdf_word_coordinates,False,"A usually reliable source in Cairo reports that N. G. Palgunov, chief of the Soviet news agency TASS, will also attend the Egyptian celebration.","usually reliable source in Cairo re- A 1Q ports that N. G, Palgunov, chief of the Soviet news agency TASS, will also attend the Egyptian celebration.",PASS,0.846154,0.916667,0.88,PASS,2290,0.881447,0.071784,1.0,26,26,R1
CIA-RDP79T00975A002200050001-1:6.0.0,headline,final_0155_0587387adf,ASSIGNED_FULL,later_pdf_word_coordinates,False,"Ala's note seems to be based on a study prepared for the Shah by an Iranian intelligence organization. The study suggested that Iran take advantage ""of the international crisis and of the competition existing between the East and the West"" to improve its own position.","Ala's note seems to be based on a study prepared for the Shah by an Iranian intelligence organiza- tion. The -study suggested that Iran taker-advantage ""of the international crisis and of the competition existing between the East and the West"" to improve its own position.",PASS,0.93617,0.956522,0.946237,PASS,1871,0.830817,0.090297,1.0,45,45,R2
CIA-RDP79T00975A002200090001-7:6.0.0,partial_C,final_0156_11ad69fce5,ASSIGNED_FULL,later_pdf_word_coordinates,False,"Reports from Morocco indicate general disbelief that Paris will soon remove Ben Arafa,","Reports from Morocco indicate gen- eral disbelief that Paris will soon remove Ben Arafa,",PASS,0.857143,0.923077,0.888889,PASS,1734,0.754898,0.097862,1.0,14,14,R2
CIA-RDP79T00975A002200090001-7:6.0.1,partial_A,final_0156_11ad69fce5,ASSIGNED_FULL,later_pdf_word_coordinates,False,"Former sultan Ben Youssef, however, has reportedly agreed to make an appeal for calm to the Moroccan people, over whom he has great influence.","sultan Ben Youssef, however, has reportedly agreed to make an appeal for calm to the Moroccan eo le, over whom he has great influence,",PASS,0.916667,0.916667,0.916667,PASS,1734,0.754898,0.097862,1.0,24,24,R2
CIA-RDP79T00975A002200140001-1:6.0.0,partial_C,final_0157_bde0bb4890,ASSIGNED_FULL,later_pdf_word_coordinates,False,"The impact of these measures on the individual services, especially the Royal Navy, apparently gave rise to earlier reports","The impact of these measures on the in- dividual services, especialgfr the Royal Navy, apparently gave rise to earlier report",PASS,0.8,0.842105,0.820513,PASS,2138,0.842064,0.083467,1.0,20,20,R2
CIA-RDP79T00975A002200150001-0:4.0.0,partial_B,final_0158_e3d82a74ea,ASSIGNED_FULL,later_pdf_word_coordinates,False,the federal police believe the revolution may be long and drawn out and that the outcome is uncertain.,Tthe federal po- lice believe the revolution may be long and drawn out and that the outcome is uncertain.,PASS,0.842105,0.888889,0.864865,PASS,1943,0.86394,0.078768,1.0,19,19,R3
CIA-RDP79T00975A002200150001-0:4.1.0,partial_B,final_0158_e3d82a74ea,ASSIGNED_FULL,later_pdf_word_coordinates,False,"the CGT is to be ready to issue arms to its members ""if the situation demands it.""","the CGT is to be ready to issue arms to its members ""if the situation demands it.""",PASS,1.0,1.0,1.0,PASS,1943,0.86394,0.078768,1.0,17,17,R4
CIA-RDP79T00975A002200190001-6:6.0.0,partial_D,final_0159_124c0a7ec5,ASSIGNED_FULL,later_pdf_word_coordinates,False,earlier this month stating Belgrade's intention to terminate the intelligence exchange program on the USSR and the Satellites were written with Turkey primarily in mind. He said Yugoslavia wanted to continue its program with Greece.,arlier this month stating Belgrade's intention to terminate the intelligence exchange program on the USSR and the Satellites were written with Turkey prima-.- rily inémind. He said Yugoslavia wanted to continue its program with Greece.,PASS,0.888889,0.888889,0.888889,PASS,1462,0.722689,0.089289,1.0,35,35,R3
CIA-RDP79T00975A002200190001-6:6.0.1,partial_B,final_0159_124c0a7ec5,ASSIGNED_FULL,later_pdf_word_coordinates,False,"the Yugoslav move regarding the exchange program could be part of an attempt to influence Greece toward Yugoslavia and its ""neutralism."" Greek public sentiment has received strong impetus in this direction following the disorders in Turkey.","oslav move re 8 ardin Q the exchan 8 e program could be part of an attempt to influence Greece toward Yugoslavia and its ""neutralism."" Greek public sentiment has received strong impetus in this direction following the disorders in Turkey.",PASS,0.775,0.861111,0.815789,PASS,1462,0.722689,0.089289,1.0,40,40,R3
CIA-RDP79T00975A002200210001-3:5.0.0,partial_B,final_0160_83e12cf48d,ASSIGNED_FULL,later_pdf_word_coordinates,False,the trip may further accentuate the reported differences developing between Nenni's party and the Communists.,lthe trip may fur- ther accentuate the reported differences developing between Nenni's party and the Communists.,PASS,0.823529,0.875,0.848485,PASS,1944,0.840467,0.079134,1.0,16,16,R3
CIA-RDP79T00975A002200250001-9:5.0.0,partial_B,final_0161_d149c09a11,ASSIGNED_FULL,later_pdf_word_coordinates,False,the Saudis have sought Egypt's aid in obtaining arms in Europe.,Saudis have sougHFEgypf' s aid in ob- taining arms in Europe.,PASS,0.727273,0.666667,0.695652,PASS,2029,0.8116,0.095194,1.0,11,11,R5
CIA-RDP79T00975A002200260001-8:4.0.0,partial_A,final_0162_124dec9cc7,ASSIGNED_FULL,later_pdf_word_coordinates,False,"Egypt is advising Syria to follow its example in bartering exports for Soviet bloc munitions. A strong protest from Israel can be expected if the Soviet offer is accepted, as Israeli army intelligence already believes Syria to be the state's most dangerous enemy.","\F-gypr is advising Syria to follow its example in bartering exports for Soviet bloc munitions. A strong protest from Israel can be expected if the Soviet offer is accepted, as Israeli army intelligence already believes Syria to be the state's most dangerous enemy.",PASS,0.955556,0.977273,0.966292,PASS,1787,0.825023,0.078937,1.0,43,43,R3
CIA-RDP79T00975A002200350001-8:6.0.2,partial_A,final_0163_fb8aa9257e,ASSIGNED_FULL,later_pdf_word_coordinates,False,"Chinese Communist premier Chou En-lai was seeking to impress the Burmese commander in chief, who recently visited Peiping, with the idea that Burma's trade with China was a valuable asset in helping to meet its foreign exchange problem.","Communist premier Chou En lai was seeking to impress the Burmese commander in chief, who recently visited Peiping, with the idea that Burma's trade with China was a valuable asset in helping to meet its foreign exchange problem.",PASS,1.0,0.975,0.987342,PASS,1151,0.651018,0.086464,1.0,38,38,R2
CIA-RDP79T00975A002200360001-7:7.0.0,partial_A,final_0164_00296ef8a2,ASSIGNED_FULL,later_pdf_word_coordinates,False,"Although Naim expressed approval of American security plans, an Afghan official has reportedly been sent to Cairo to investigate the Czech-Egyptian arms deal.","Although Naim expressed approval of American security plans, an Afghan official has reportedly been sent to Cairo to investigate the Czech-Egyptian arms deal.",PASS,1.0,1.0,1.0,PASS,2067,0.854839,0.082898,1.0,23,23,R2
CIA-RDP79T00975A002200380001-5:7.0.1,partial_A,final_0165_790134e058,ASSIGNED_FULL,later_pdf_word_coordinates,False,Other reports also indicate that aid for the rebels is being received through Spanish Morocco despite Spain's assurances of co-operation with France.,Other reports also indicate that aid for the rebels is being received through Spanish Morocco despite Spain's assurances of co-operation with France.,PASS,1.0,1.0,1.0,PASS,1759,0.801002,0.090151,1.0,22,22,R2
CIA-RDP79T00975A002200380001-5:7.0.2,partial_A,final_0165_790134e058,ASSIGNED_FULL,later_pdf_word_coordinates,False,Any Spanish encouragement to the rebels is probably designed to force France to seek Madrid's agreement to any future reforms in the French zone and to further Spain's long-standing policy of enhancing its own prestige in the Arab world.,Any Spanish encouragement to the rebels is probably designed to force France to seek Madrid's agreement to any future reforms in the French zone and to further Spain's long-1 standing policy of enhanc- ing its own prestige in the Arab world.,PASS,0.931818,0.97619,0.953488,PASS,1759,0.801002,0.090151,1.0,41,41,R2
CIA-RDP79T00975A002200420001-0:5.0.0,partial_A,final_0166_34d49008da,ASSIGNED_FULL,later_pdf_word_coordinates,False,Chinese Communist premier Chou En-lai recently told a visiting group of local Japanese officials that China would welcome a Japanese government delegation to Peiping to discuss restoring diplomatic relations. Chou also suggested that talks on repatriation of Japanese nationals be moved from Geneva to Peiping or Tokyo.,Chinese Communist premier Chou En-lai recently told a visiting group of local Japanese officials that China ould welcome a Japanese govern- ment delegationa to Peiping to discuss restoring diplomatic relations. Chou also suggested that talks on repatriation of Japanese nationals be moved from Geneva to Peiping or Tokyo.,PASS,0.918367,0.9375,0.927835,PASS,1357,0.724893,0.08103,1.0,48,48,R1
CIA-RDP79T00975A002200420001-0:5.1.0,headline,final_0166_34d49008da,ASSIGNED_FULL,later_pdf_word_coordinates,False,"and convince the large number of visiting Japanese of their peaceful intentions. The cumulative effect of the Japanese visits is likely to reduce Japanese sentiment supporting rearmament and the continuance of American bases in Japan, as well as to generate further pressure on the government for a rapprochement with the Sino-Soviet bloc.","and convince the large num- ber of visiting Japanese of their peaceful intentions, The cumulative effect of the Japanese visits is likely to reduce Japanese sentiment supporting rearmament and the con.- tinuance of American bases in Japan, as well as to gen- erate further pressure on the government for a rapproche- ment with the Sino-Soviet bloc,",PASS,0.859649,0.924528,0.890909,PASS,1357,0.724893,0.08103,0.910714,51,56,R2
CIA-RDP79T00975A002200430001-9:5.1.0,partial_D,final_0167_5c343eb162,ASSIGNED_FULL,later_pdf_word_coordinates,False,and defeat Prime Minister Nuri Said's pro-Western foreign policy.,and defeat Prime Minister Nuri Said's pro-Western foreign policy.,PASS,1.0,1.0,1.0,PASS,1944,0.865924,0.082962,1.0,9,9,R3
CIA-RDP79T00975A002200460001-6:4.0.2,partial_B,final_0168_ba52d04232,ASSIGNED_FULL,later_pdf_word_coordinates,False,"to confer with the Yemeni ambassador on the speedy conclusion of ""the treaty with Russia,"" which apparently referred to a renewal of the Soviet-Yemeni treaty of friendship and commerce of 1928. The deputy foreign minister was also to contact the Soviet ambassador to find out whether the USSR could supply Yemen with various kinds of arms, as Imam Ahmad had been informed Moscow was prepared to do ""unconditionally.""","The Imam instructed his de ut for- eign minister in to confer with the Yemeni ambassador on e speedy con clusion of ""the treaty with Russia,-"" which apparently re- ferred to a renewal of the Soviet-Yemeni treaty of friend- ship and commerce of 1928. The deputy foreign minister was also to contact the Soviet ambassador to find out whether the USSR could supply Yemen with various kinds of arms, as Imam Ahmad had been informed Moscow was prepared to do ""unconditionally.""",PASS,0.792683,0.942029,0.860927,PASS,1407,0.68802,0.080516,1.0,81,81,R3
CIA-RDP79T00975A002200520001-9:4.0.1,partial_B,final_0169_933de9dcc4,ASSIGNED_FULL,later_pdf_word_coordinates,False,"has two platoons in the El Auja demilitarized zone, backed by one Egyptian division in reserve.","\has two platoons in the El Auja demilitarized zone, backed by one E%tian division in reserve.",PASS,0.882353,0.9375,0.909091,PASS,2096,0.861134,0.088375,1.0,16,16,R2
CIA-RDP79T00975A002200520001-9:6.0.0,partial_A,final_0170_a635344f20,ASSIGNED_FULL,later_pdf_word_coordinates,False,"Moscow has informed Tel Aviv that it is prepared to deliver arms to all the Middle East powers, including Israel, in return for a commitment from them not to tolerate foreign bases on their territory.","has informed Tel Aviv that it is pre- pare 0 e ver arms to all the Middle East powers, in- cluding Israel, in return for a commitment from them 11011 to tolerate foreign bases on their territory.",PASS,0.783784,0.828571,0.805556,PASS,2134,0.855997,0.08451,1.0,37,37,R2
CIA-RDP79T00975A002200530001-8:7.0.0,partial_B,final_0171_5a81d7b5cf,ASSIGNED_FULL,later_pdf_word_coordinates,False,"party members have been called to Amman for the opening of parliament and the 3 November visit of President Bayar of Turkey, presumably in order to foster demonstrations.","party mem- bers have been called to Amman for the opening of par— liament and the 3 November visit of President Bayar of Turkeyg presumably in order to foster demonstrations,",PASS,0.833333,0.892857,0.862069,PASS,1472,0.729074,0.096561,1.0,30,30,R1
CIA-RDP79T00975A002200530001-8:7.1.0,headline,final_0171_5a81d7b5cf,ASSIGNED_FULL,later_pdf_word_coordinates,False,"King Hussain is probably already under Saudi pressure to abandon his position of neutrality between Turkey and Iraq on the one hand, and Egypt, Syria and Saudi Arabia on the other. He cannot rely on strong pro-Western support in his government. Public demand abetted by the Communists could push him closer to the Egyptian alignment.","King Hussain is probably already un- der Saudi pressure to abandon his position of neutrality between Turkey and Iraq on the one hand, and Egypt, Syria and Saudi Arabia on the other» He cannot rely on strong pro-Western support in his governmentt Public demand abetted by the Communists could push him closer to the Egyptian alignment.",PASS,0.947368,0.964286,0.955752,PASS,1472,0.729074,0.096561,1.0,56,56,R2
CIA-RDP79T00975A002200550001-6:6.0.0,partial_B,final_0172_c549db17d3,ASSIGNED_FULL,later_pdf_word_coordinates,False,"in early October, the Pathets were ordered by the Viet Minh to increase reconnaissance in preparation for a large-scale offensive during the winter dry season.","\in early October, the Pathets were ordered by the Viet Minh to increase re- connaissance in preparation for a large-scale offensive during the winter dry seasono",PASS,0.888889,0.923077,0.90566,PASS,1904,0.820336,0.083836,1.0,26,26,R3
CIA-RDP79T00975A002200560001-5:6.0.0,partial_A,final_0173_e6487ffbf3,ASSIGNED_FULL,later_pdf_word_coordinates,False,"""Our forces have recaptured Sabha and have occupied it. Seram is in our hands. The Jews fled before our infantry and armor."" With claims of victory by both sides, it is impossible to determine exactly what the situation is at this point.","""Our forces have recaptured Sabha and have oc- cupied it. Seram is in our hands. The Jews fled before our infantry and armor."" With claims of victory by both sides, it is impossible to determine exactlv what the situation is at this point.",PASS,0.930233,0.952381,0.941176,PASS,1693,0.776249,0.089883,1.0,43,43,R4
CIA-RDP79T00975A002200560001-5:7.2.0,partial_A,final_0174_f3ef56cb0a,ASSIGNED_FULL,later_pdf_word_coordinates,False,"Egypt, continuing its efforts to strengthen its military capabilities, is urgently trying to recruit 25 West German officers to augment the 25 German military advisers it already has under General Farmbacher. In pressing for action, Farmbacher reportedly said he believed that if Cairo were turned down, it would seek Soviet bloc officers.","Egypt, continuing its efforts to strengthen its military capabilities, is urgently trying to recruit 25 West German officers to augment the 25 German military advisers it already has under General Farmbacher, In pressing for action, Farmbacher reportedly said he be- li.eved that if Cairo were turned down, it we viet bloc officers,",PASS,0.90566,0.923077,0.914286,PASS,1754,0.805326,0.084949,1.0,52,52,R6
CIA-RDP79T00975A002200570001-4:6.1.0,partial_B,final_0175_cd8cff89c1,ASSIGNED_FULL,later_pdf_word_coordinates,False,"anticipates a resumption of Egyptian terrorist activity, but apparently expects no major military action. The Israeli Defense Force has released 85 percent of the civilian buses and a number of other vehicles it had mobilized before the El Auja attack.","lanticipates a re- sumption of Egyptian terrorist activity, but apparently ex- pects no major military action” The Israeli Defense Force has released 85 percent of the civilian buses and a number of other vehicles it had mobilized before the El Auja attack.",PASS,0.880952,0.925,0.902439,PASS,1860,0.834829,0.075986,1.0,42,42,R3
CIA-RDP79T00975A002200570001-4:7.0.0,partial_B,final_0176_78106408ff,ASSIGNED_FULL,later_pdf_word_coordinates,False,has already warned frontier forces that the oil discovery may result in Israeli action against the Gaza strip.,\has already warned frontier forces that the oil discovery may result in Israeli action against the Gaza strip0\,PASS,0.944444,0.944444,0.944444,PASS,1644,0.792671,0.075971,1.0,18,18,R3
CIA-RDP79T00975A002200570001-4:7.1.0,partial_B,final_0176_78106408ff,ASSIGNED_FULL,later_pdf_word_coordinates,False,the Israelis approve of the French decision to start arms deliveries to Egypt as they consider it preferable to have Western powers rather than the USSR furnish arms to the Egyptians.,‘the Israelis approve of the French decision to start arms deliv- eries to Egypt as they consider it preferable to have West- ern powers rather than the USSR furnish arms to the EgYPﬁ=mS-,PASS,0.823529,0.903226,0.861538,PASS,1644,0.792671,0.075971,1.0,33,33,R4
CIA-RDP79T00975A002200570001-4:7.1.1,partial_A,final_0176_78106408ff,ASSIGNED_FULL,later_pdf_word_coordinates,False,Egyptian premier Nasr told the Iraqi foreign minister that he would like to have France resume arms deliveries to Egypt and that he would prefer to have Egypt obtain its supplies from the West rather than from the East.,"\Egyptian premier Nasr told the Iraqi foreign minister that he would like to have France resume arms deliveries to Egypt and that he would prefer to have Egypt obtain its supplies from the West rather than from the East‘,",PASS,1.0,1.0,1.0,PASS,1644,0.792671,0.075971,1.0,39,39,R5
CIA-RDP79T00975A002200570001-4:8.0.1,partial_B,final_0177_d42e152b64,ASSIGNED_FULL,later_pdf_word_coordinates,False,"agreed to increase to 90 the total number of Soviet bloc aircraft experts coming to Egypt. As of 26 October, 42 Soviet bloc experts had already arrived to help assemble the jet aircraft which had begun to arrive in Alexandria by ship four days earlier.","agreed to increase to 90 the total num- ber of Soviet bloc aircraft experts coming to Egypt‘, As of x 26 October, 42 Soviet bloc experts had already arrived to help assemble the jet aircraft which had begun to arrive in Alexandria by ship four days earliern l l",PASS,0.877551,0.955556,0.914894,PASS,757,0.5,0.094219,1.0,49,49,R2
CIA-RDP79T00975A002200570001-4:8.0.2,partial_C,final_0177_d42e152b64,ASSIGNED_FULL,later_pdf_word_coordinates,False,"On 29 October, however, Premier Nasr turned down a Soviet offer of a $600,000,000 loan for the construction of the proposed high dam at Aswan","On 29 October, however, Premier Nasr turned down a Soviet offer of a $600,000,000 loan for the construction of the proposed high dam at",PASS,1.0,0.962963,0.981132,PASS,757,0.5,0.094219,1.0,24,24,R2
CIA-RDP79T00975A002200570001-4:8.0.3,partial_A,final_0177_d42e152b64,ASSIGNED_FULL,later_pdf_word_coordinates,False,"Nasr allegedly rejected the offer because it was conditioned on Egypt's making full use of Russian experts and technicians. Earlier, Egyptian officials had said the USSR had given the impression it was not interested in sending technicians and other personnel to Egypt unless requested.","dlNasr allegedly rejected the offer because it was conditione on Egypt's mak- ing full use of Russian experts and technicians. Earlier, Egyptian officials had said the USSR had given the impres- sion it was not interested in sending technicians and other personnel to Egypt unless requestedo",PASS,0.851064,0.888889,0.869565,PASS,757,0.5,0.094219,1.0,46,46,R2
CIA-RDP79T00975A002200570001-4:8.0.4,partial_B,final_0177_d42e152b64,ASSIGNED_FULL,later_pdf_word_coordinates,False,the 24 Soviet technicians at the Dikheila air base supervising the handling and assembly of aircraft are being rigidly restricted to the airfield.,"lthe 24 Soviet technicians at the Dikheila air base supervising the handling and assembly being riaidlv restricted to the airfield,",PASS,0.9,0.782609,0.837209,PASS,757,0.5,0.094219,1.0,20,20,R2
CIA-RDP79T00975A002200590001-2:10.0.0,partial_B,final_0178_693de2b986,ASSIGNED_FULL,later_pdf_word_coordinates,False,"lessened tension within Israel, with requisitioned buses released on 6 November and leave granted some Israeli army personnel over the week end.","hessened tension within Israel, with requisitioned buses released on 6 November and leave granted some Israeli armv personnel over the week end.‘",PASS,0.909091,0.909091,0.909091,PASS,1828,0.802811,0.089136,1.0,22,22,R1
CIA-RDP79T00975A002200600001-0:11.0.0,partial_C,final_0179_1f8752cab2,ASSIGNED_FULL,later_pdf_word_coordinates,False,"However, aftereffects of the clash near Eilat on 8 November are apparent","However, aftereffects of the clash near Eilat on 8 November are apparent",PASS,1.0,1.0,1.0,PASS,1804,0.828663,0.077343,1.0,12,12,R3
CIA-RDP79T00975A002200600001-0:11.0.2,partial_B,final_0179_1f8752cab2,ASSIGNED_FULL,later_pdf_word_coordinates,False,"that ""the enemy is expected to carry out. . . operations as a result of last night's clash.""","that ""the enemy is expected to carry out. .operati’ons as a result of last night's clash!’",PASS,1.0,1.0,1.0,PASS,1804,0.828663,0.077343,1.0,16,16,R3
CIA-RDP79T00975A002200600001-0:12.0.0,partial_B,final_0180_51f3318ec3,ASSIGNED_FULL,later_pdf_word_coordinates,False,"the weapons Egypt has received from the Soviet bloc do not conform with those requested by the Egyptian army, being a mixture of old and new.","weapons Egypt has received from the Soviet bloc do She not conform with those requested by the Egyptian army, being a mixture of old and new.",PASS,0.961538,0.961538,0.961538,PASS,1521,0.792188,0.084556,1.0,26,26,R1
CIA-RDP79T00975A002200600001-0:12.0.1,partial_B,final_0180_51f3318ec3,ASSIGNED_FULL,later_pdf_word_coordinates,False,"a suspicion of Soviet good faith has been aroused. In the light of the high hopes the Egyptian army has probably placed in the new weapons, a certain amount of disillusionment is probably inevitable. There is no indication that such feeling, if it exists, has had any effect on Egypt's negotiations with the Soviet bloc authorities.","\a suspi-» cion of Soviet good faith has been aroused. In the light of the high hopes the Egyptian army has probably placed in the new weapons, a certain amount of disillusionment is probably in- evitable. There is no indication that such feeling? if it exists, has had any effect on Egypt's negotiations with the Soviet bloc authorities. Yfive MIG's have been lost in flight operations in",PASS,0.797101,0.964912,0.873016,PASS,1521,0.792188,0.084556,1.0,67,67,R1
CIA-RDP79T00975A002200600001-0:12.0.2,partial_B,final_0180_51f3318ec3,ASSIGNED_FULL,later_pdf_word_coordinates,False,five MIG's have been lost in flight operations in Egypt.,Yfive MIG's have been lost in flight operations in Egypt.,PASS,0.909091,0.909091,0.909091,PASS,1521,0.792188,0.084556,1.0,10,10,R1
CIA-RDP79T00975A002200610001-9:10.0.0,partial_A,final_0181_d458569401,ASSIGNED_FULL,later_pdf_word_coordinates,False,The Egyptians are reportedly taking Palestine refugees from Jordan for military training in Gaza with the aim of returning them for sabotage operations along the Jordan-Israel border. The commander of the Arab Legion believes his force has the border under good but not complete control.,The Egyptians are reportedly taking Pales- tine refugees from Jordan for military training in Gaza with the aim of returning them for sabotage operations along the Jordan— Israel border. The commander of the Arab Legion believes his force has the border under good but not complete,PASS,0.956522,0.956522,0.956522,PASS,1746,0.802021,0.084929,1.0,46,46,R2
CIA-RDP79T00975A002200610001-9:11.0.1,partial_B,final_0182_6c751463bf,ASSIGNED_FULL,later_pdf_word_coordinates,False,"22 planes, Mysteres or Ouragans, have passed through Rome during October on their way to Israel. The French authorities have claimed that Mysteres have not yet been shipped.","\22 planes, Mysteres or Ouragans, have passed through Rome during October on their way to Israel. The French authorities have claimed that Mys- teres have not yet been shippedot",PASS,0.896552,0.928571,0.912281,PASS,1700,0.821256,0.072925,1.0,29,29,R3
CIA-RDP79T00975A002300010001-4:7.0.0,partial_B,final_0183_86e6157a7a,ASSIGNED_FULL,later_pdf_word_coordinates,False,they are convinced now that the abandonment of German membership in NATO would not be enough to bring about reunification.,\they are convinced I now that the abandonment of German membership in NATO would not be enough to bring about reunification.,PASS,0.952381,1.0,0.97561,PASS,2039,0.840132,0.089889,1.0,21,21,R2
CIA-RDP79T00975A002300020001-3:10.0.0,partial_A,final_0184_7fcf65445c,ASSIGNED_FULL,later_pdf_word_coordinates,False,"Jordan has rejected a Syrian proposal for a bilateral military pact, a joint command--excluding the British-commanded Arab Legion--and a corridor through which the Egyptian forces could receive supplies and support from Syria in the event of an Israeli attack.","Jordan has rejected a Syrian proposal for a bilateral military pact, a joint command--excluding the British- commanded Arab Legion--and a corridor through which the Egyptian forces could receive sus lies and support from Syria in the event of an Israeli attacko",PASS,0.930233,0.952381,0.941176,PASS,1748,0.826087,0.075974,1.0,41,41,R7
CIA-RDP79T00975A002300040001-1:6.0.0,partial_A,final_0185_261c12ebfc,ASSIGNED_FULL,later_pdf_word_coordinates,False,Israel is withdrawing troops in substantial numbers from the Syrian frontier. It is not known where these troops are going.,Israel is with- drawing troops in substantial numbers from the Syrian frontiero It is not known where these troops are going.,PASS,0.857143,0.9,0.878049,PASS,1676,0.779898,0.111268,1.0,21,21,R1
CIA-RDP79T00975A002300070001-8:5.0.0,partial_A,final_0186_bac595badc,ASSIGNED_FULL,later_pdf_word_coordinates,False,"Saudi Arabia sent 10,000,000 Egyptian pounds ($28,800,000) to Egypt on 10 November as the second installment of the 40,000,000 Egyptian pounds ($115,200,000) pledged by King Saud as Saudi Arabia's contribution to the Czech arms agreement.","Saudi Arabia sent 10,000,000 Egyptian pounds ($28,800,000) to Egypt on 10 November as the second installment of the 40,000,000 Egyptian pounds ($115,200,000) pledged by King Saud as Saudi Arabia’s contribution.“ to the Czech arms agreemente",PASS,0.953488,0.931818,0.942529,PASS,1397,0.707342,0.073772,1.0,35,35,R3
CIA-RDP79T00975A002300070001-8:6.0.0,partial_B,final_0187_4ed82b02dd,ASSIGNED_FULL,later_pdf_word_coordinates,False,"the Syrians are considering the purchase of bloc arms, and, assisted by the Egyptians, may be near concluding an arms deal with the Czechs.","Syrians are considering the purchase of- bloc arms, and, assisted by the Egyptians ma be near concluding an arms deal with the Czechs.",PASS,0.956522,0.916667,0.93617,PASS,1927,0.842589,0.089354,1.0,23,23,R2
CIA-RDP79T00975A002300090001-6:4.0.0,headline,final_0188_72731f285d,ASSIGNED_FULL,later_pdf_word_coordinates,False,"and the recently reported arrival in Kabul of 235 truckloads of Czech automatic weapons, ammunition, and grenades,","and the recently reported arrival in Kabul of 2.35 truckloads of Czech automatic weapons, ammunition, and grenades,",PASS,0.888889,0.941176,0.914286,PASS,2070,0.852203,0.080012,1.0,17,17,R2
CIA-RDP79T00975A002300100001-4:11.0.0,partial_C,final_0189_91ebe7bb56,ASSIGNED_FULL,later_pdf_word_coordinates,False,"Czechoslovakia had agreed to construct a ""jet aircraft factory"" in Egypt. The British de Havilland firm built an aircraft assembly plant at Helwan in 1952, but the plant never produced any jet planes. Czechoslovakia might undertake partial re-equipment of this plant and assign technicians there to assist in the assembly and major maintenance of MIG aircraft. (","""3 Czechoslovakia had agreed to construct a ""j eta air- craft factory"" in Egypt. The British de Havilland firm built an aircraft assembly plant at Helwan in 1952, but the plant never produced any jet planes, Czechoslovakia might under- take partial re-equipment of this plant and assign technicians there to assist in the assembly and major maintenance of MIG aircraft.",PASS,0.885246,0.947368,0.915254,PASS,1194,0.652459,0.097607,1.0,60,60,R2
CIA-RDP79T00975A002300100001-4:11.0.1,partial_A,final_0189_91ebe7bb56,ASSIGNED_FULL,later_pdf_word_coordinates,False,"Czechoslovakia had offered a ""factory"" for making the casings of mortar shells and aircraft bombs.","Czechoslovakia had offered a ""factory"" for making the casings of mortar shells and air- craft bombs.",PASS,0.875,0.933333,0.903226,PASS,1194,0.652459,0.097607,1.0,16,16,R2
CIA-RDP79T00975A002300110001-3:5.0.0,partial_C,final_0190_6e5cded7e0,ASSIGNED_FULL,later_pdf_word_coordinates,False,"Teodoro Picado, Jr., military leader of the January attempt and son of a former Costa Rican president,","‘Teodoro Picado, La r. military leader of the January attempt and son of a former Costa Rican president,",PASS,0.888889,0.941176,0.914286,PASS,1929,0.811527,0.084184,1.0,18,18,R3
CIA-RDP79T00975A002300110001-3:5.0.1,partial_A,final_0190_6e5cded7e0,ASSIGNED_FULL,later_pdf_word_coordinates,False,"Venezuela was supplying the Costa Rican ""revolutionary forces"" and that an attack would be launched in December by ""a number of planeloads of troops"" landed on airfields seized by ""hired rebels.""","was supplying the Costa Rican ZVenezuela ""revolutionary forces"" and that an attack would be launched in December by ""a number of planeloads of troops"" landed on airﬁelds seized by ""hired rebels:_’",PASS,0.967742,0.967742,0.967742,PASS,1929,0.811527,0.084184,1.0,31,31,R3
CIA-RDP79T00975A002300110001-3:6.0.0,partial_D,final_0191_19c33f96eb,ASSIGNED_FULL,later_pdf_word_coordinates,False,"five of the nine fields in the coastal area on which work was started this year are now capable of use. Unusual movements of MIG jet fighters in Manchuria,","Hive of the nine fields in the coastal area on which work was started this year are now capable of use. Unusual move- ments of MIG jet fighters in Manchuria,\",PASS,0.9,0.931034,0.915254,PASS,1721,0.779792,0.081287,1.0,30,30,R2
CIA-RDP79T00975A002300110001-3:6.0.1,partial_B,final_0191_19c33f96eb,ASSIGNED_FULL,later_pdf_word_coordinates,False,and a recent formidable increase in antiaircraft artillery weapons at at least three of the five serviceable coastal fields may point to their early occupation by Communist air units.,‘and a recent formidable in- crease in antiaircraft artillery weapons at at least three of the five serviceable coastal fields may point to their early occupation by Communist air units.,PASS,0.933333,0.965517,0.949153,PASS,1721,0.779792,0.081287,1.0,30,30,R2
CIA-RDP79T00975A002300110001-3:7.0.0,headline,final_0192_c72668bdba,ASSIGNED_FULL,later_pdf_word_coordinates,False,"Saudi Arabia is exerting extensive influence on high Jordanian officials, especially by bribery, and","Saudi Arabia is exerting extensive influence on high Jordanian officials, especially by bribery, and",PASS,1.0,1.0,1.0,PASS,2065,0.838749,0.083213,1.0,14,14,R2
CIA-RDP79T00975A002300130001-1:5.0.0,partial_B,final_0193_581d4df085,ASSIGNED_FULL,later_pdf_word_coordinates,False,the army ordered an alert on 23 November which apparently is still in effect.,‘the army ordered an alert on 2&3 November which a parently is still in effect.,PASS,0.75,0.857143,0.8,PASS,1475,0.689897,0.08275,1.0,15,15,R2
CIA-RDP79T00975A002300130001-1:5.0.1,partial_B,final_0193_581d4df085,ASSIGNED_FULL,later_pdf_word_coordinates,False,this action was taken following rumors of a possible coup attempt by Phao's police.,Fthis action was taken following rumors of a possible coup attempt by,PASS,0.916667,0.733333,0.814815,PASS,1475,0.689897,0.08275,1.0,12,12,R2
CIA-RDP79T00975A002300130001-1:5.1.0,headline,final_0193_581d4df085,ASSIGNED_FULL,later_pdf_word_coordinates,False,"It is equally possible, however, that Phibun ordered the army alert not in anticipation of a specific coup attempt but to forestall police resistance to possible cabinet changes designed further to reduce Phao's power, or even to eliminate him from the government.","It is equally possible, however, that Phibun ordered the army alert not in anticipation of a spe- cific coup attempt but to forestall police resistance to pos- sible cabinet changes designed further to reduce Phao's power, or even to eliminate him from the government.",PASS,0.911111,0.953488,0.931818,PASS,1475,0.689897,0.08275,1.0,44,44,R3
CIA-RDP79T00975A002300140001-0:9.0.1,partial_B,final_0194_b98f7ca218,ASSIGNED_FULL,later_pdf_word_coordinates,False,"a Soviet merchant vessel arrived at Alexandria on 25 November. The ship was the freighter Krasnodar, which passed Istanbul with large crates on deck on 22 November, declaring Albania as its destination. It actually proceeded directly toward Egypt and on 25 November reported its position as ""approaching Alexandria.""","a Soviet merchant vessel arrived at Alexandria on 25 November. The ship was the freighter Krasnodar, which passed Istanbul with large crates on deck on 22 Novem- ber, declaring Albania as its destination. It actually pro- ceeded directly toward Egypt and on 25 November re orted its Qsition as ""approaching Alexandria.""",PASS,0.862745,0.916667,0.888889,PASS,1309,0.665142,0.088999,1.0,51,51,R1
CIA-RDP79T00975A002300140001-0:9.0.2,partial_A,final_0194_b98f7ca218,ASSIGNED_FULL,later_pdf_word_coordinates,False,On 22 October the Krasnodar delivered the first shipload of military equipment to Alexandria under the Soviet bloc-Egyptian arms deal.,On 22 October the Krasnodar delivered the first shipload of military equipment to Alexandria under the Soviet bloc-Egyptian arms deal.‘,PASS,1.0,1.0,1.0,PASS,1309,0.665142,0.088999,1.0,20,20,R1
CIA-RDP79T00975A002300150001-9:8.0.0,headline,final_0195_92da2641f2,ASSIGNED_FULL,later_pdf_word_coordinates,False,Aerial photos of 21 November show that track has been laid along the northern portion for a distance of about 25 miles.,Aerial photos of 21 November show that track has been laid along the northern portion for a distance of about 25 miles.,PASS,1.0,1.0,1.0,PASS,1444,0.737864,0.087813,1.0,22,22,R2
CIA-RDP79T00975A002300190001-5:6.0.0,partial_B,final_0196_af86a5cbdb,ASSIGNED_FULL,later_pdf_word_coordinates,False,there is no evidence that Soviet bloc naval equipment has been delivered to Egypt.,gthere is no evidence 1 that Soviet bloc naval equipment has 1 een delivered to Egypt.,PASS,0.75,0.857143,0.8,PASS,1471,0.694523,0.086233,1.0,16,16,R4
CIA-RDP79T00975A002300190001-5:6.0.1,partial_B,final_0196_af86a5cbdb,ASSIGNED_FULL,later_pdf_word_coordinates,False,"reports that Egypt is making preparations for the arrival of submarines, that a submarine warfare course is being conducted at the Egyptian naval officer college, that additional Egyptians are being trained in the USSR, and that a small base for submarines is being built near Alexandria.","\reports that Egypt is making preparations for the arrival of submarines, that a submarine warfare course is being conducted at the Egyp- tian naval officer college, that additional Egyptians are being trained in the USSR, and that a small base for submarines is being built near Alexandrian",PASS,0.93617,0.956522,0.946237,PASS,1471,0.694523,0.086233,1.0,47,47,R4
CIA-RDP79T00975A002300200001-3:7.0.0,partial_A,final_0197_b5a8be0b23,ASSIGNED_FULL,later_pdf_word_coordinates,False,Peiping was interested in establishing economic relations with Uruguay.,\Pe1p1ng was interested in establishing economic relations with Uruguay.,PASS,0.888889,0.888889,0.888889,PASS,1787,0.768272,0.088453,1.0,9,9,R3;R4
CIA-RDP79T00975A002300200001-3:7.0.1,partial_B,final_0197_b5a8be0b23,ASSIGNED_FULL,later_pdf_word_coordinates,False,probably reflect Uruguayan interest in such overtures. The Uruguayans have been concerned over markets for their agricultural surplus.,probably reflect Uru- guayan interest in such overtures. The Uruguayans have been concerned over markets for their agricultural sur- plus.,PASS,0.8,0.888889,0.842105,PASS,1787,0.768272,0.088453,1.0,20,20,R3;R4
CIA-RDP79T00975A002300200001-3:8.1.0,partial_D,final_0198_eaa62f944b,ASSIGNED_FULL,later_pdf_word_coordinates,False,"three IL-28's and at least eight MIG-15's were sighted at Dikheila airfield west of Alexandria, apparently an assembly area for the MIG's. The number of MIG-15's now in Egypt is not known,","F three IL-28*s and at leasteight MIG-I5's were sighted at Dikheila airfield west of Alexandria, apparently an assembly area for the MIG's. The number of MIG-15's now in Egypt is not known,\",PASS,0.923077,0.923077,0.923077,PASS,1530,0.736994,0.083988,1.0,32,32,R2
CIA-RDP79T00975A002300200001-3:8.1.1,partial_B,final_0198_eaa62f944b,ASSIGNED_FULL,later_pdf_word_coordinates,False,that 34 would be delivered by the end of November. The number of IL-28's which have arrived in Egypt is believed to be much smaller.,that 34 would be delivered by the end of November The num- ber of IL-28's which have arrived in Egypt is believed to be much smaller.,PASS,0.928571,0.962963,0.945455,PASS,1530,0.736994,0.083988,1.0,26,26,R2
CIA-RDP79T00975A002300210001-2:6.0.0,partial_A,final_0199_ff88bd50b2,ASSIGNED_FULL,later_pdf_word_coordinates,False,An official of the Italian Communist Party reportedly left Rome on 24 November to attend a meeting of the Cominform in Bucharest.,An official of the Italian Communist Party reportedly left Rome on 24 November to attend a meeting of the Cominform in Bucharest.,PASS,1.0,1.0,1.0,PASS,1652,0.781087,0.08651,1.0,22,22,R1
CIA-RDP79T00975A002300210001-2:6.1.0,partial_A,final_0199_ff88bd50b2,ASSIGNED_FULL,later_pdf_word_coordinates,False,The Italian party favors dissolution and its representative will propose that in place of the Cominform an international Communist conference be held every five years.,The Italian party favors dissolution and its repre- sentative will propose that in place of the Cominform an international ommunist conference be held every five years.,PASS,0.884615,0.92,0.901961,PASS,1652,0.781087,0.08651,1.0,26,26,R2
CIA-RDP79T00975A002300240001-9:4.0.1,partial_A,final_0200_b097ff8034,ASSIGNED_FULL,later_pdf_word_coordinates,False,Nationalist diplomats would prefer a compromise to keep Mongolia out of the UN without a veto but that they are still under orders to use the veto if necessary.,Nationalist diplomats would prefer a compromise to keep Mongolia out of the UN without a veto but that they are still under orders to use the veto if necessary.,PASS,1.0,1.0,1.0,PASS,1873,0.806285,0.087096,1.0,29,29,R2
CIA-RDP79T00975A002300280001-5:11.0.0,partial_C,final_0201_1c5b08c337,ASSIGNED_FULL,later_pdf_word_coordinates,False,Israel has moved reinforcements into the area near the scene of the 11-12 December raid against Syria as a precaution against Syrian retaliation,Israel has moved reinforcements into the area near the scene of the 11-12 December raid against Syria.‘,PASS,1.0,0.75,0.857143,PASS,1965,0.831922,0.074741,1.0,17,17,R2
CIA-RDP79T00975A002300290001-4:6.0.0,headline,final_0202_93a61dd990,ASSIGNED_FULL,later_pdf_word_coordinates,False,and that their presence there has been confirmed by aerial photography.,and that their presence there has been con- firmed by aerial photography.,PASS,0.833333,0.909091,0.869565,PASS,1669,0.809016,0.074614,1.0,12,12,R7
CIA-RDP79T00975A002300310001-1:7.0.0,headline,final_0203_53302bc020,ASSIGNED_FULL,later_pdf_word_coordinates,False,"The next few months will be used by Egyptian, Syrian and Saudi Arabian agents to influence the elections and to lay the groundwork for new demonstrations against any Jordanian leader, including King Hussain, who appears to favor joining the pact.","The next few monthswill be used by Egyptian, Syrian and Saudi Arabian agents to influence the elections and to lay the groundwork for new demonstrations against any Jordanian leader, including King Hussain, who appears to favor joining the pact,",PASS,0.974359,0.95,0.962025,PASS,1771,0.777095,0.081846,1.0,39,39,R2
CIA-RDP79T00975A002300310001-1:8.0.0,partial_B,final_0204_285c43a58b,ASSIGNED_FULL,later_pdf_word_coordinates,False,"the Israelis, while ""not unaware of the risks of preventive war,"" have decided to display the utmost severity henceforth in the reprisals to which they are prompted by enemy raids.""","the Israelis, while ""not un- aware 0 Fth e I‘1S ‘k s o f prevenive t‘ war, ""h ave d'ddtd'lth eci e 0 1sp ay e utmost severity henceforth in the re risals to which they",PASS,0.342105,0.433333,0.382353,PASS,1529,0.756556,0.074517,1.0,36,36,R3
CIA-RDP79T00975A002300310001-1:8.0.1,partial_C,final_0204_285c43a58b,ASSIGNED_FULL,later_pdf_word_coordinates,False,"Israeli actions, if frequently repeated, might well prompt the Arabs in turn, to counteractions, and these would end in large-scale conflict, the responsibility for which would be shared by both sides, ""and this before it was possible for the distribution of Soviet arms to have its full effect."" (","Israeli actions, if frequently repeated, might we promp e Arabs. in turn, to counteractions, and these would end in large-scale conflict, the responsibility for which would be shared by both sides,""and this before it was possible for the dlSt1‘ibl.lLi0 its full effect",PASS,0.888889,0.816327,0.851064,PASS,1529,0.756556,0.074517,1.0,42,42,R3
CIA-RDP79T00975A002300340001-8:8.0.0,headline,final_0205_6bc6a3507c,ASSIGNED_FULL,later_pdf_word_coordinates,False,A recent Pathet Lao defector said that guerrilla operations by small units throughout the country are planned.,A recent -Pathet Lao defec- tor said that guerrilla operations by small units throughout the country are planned.,PASS,0.888889,0.941176,0.914286,PASS,2123,0.851243,0.088708,1.0,18,18,R7
CIA-RDP79T00975A002300370001-5:5.0.0,partial_A,final_0206_43af31bafc,ASSIGNED_FULL,later_pdf_word_coordinates,False,"Khrushchev has accomplished a restaffing of the central committee ""apparatus"" during the past year. Consolidation of his control of this vital headquarters staff suggests that he has been eliminating the basis for any opposition to his dominant position within the framework of ""collective leadership.""","KLrushchev has accomplished a restaffing of the central committee ""apparatus"" during the past year. Consolidation of his control of this vital headquarters staff suggests that he has been eliminating the basis for any oppo- sition to his dominant position within the framework of ""co1- lective leadership.""",PASS,0.891304,0.931818,0.911111,PASS,1688,0.798486,0.080052,1.0,46,46,R3
CIA-RDP79T00975A002300370001-5:6.0.1,partial_B,final_0207_e05aaa7e01,ASSIGNED_FULL,later_pdf_word_coordinates,False,"to request General Lemnitzer, as UN commander, to make a formal protest to the Chinese and obtain the release of four seized Korean coastguardmen.","‘to request General Lemniltzer, as UN commander, to make a formal pro es 0 the Chinese and obtain the release of four seized Korean coastguarclmen.",PASS,0.8,0.833333,0.816327,PASS,1703,0.767117,0.080983,1.0,25,25,R1
CIA-RDP79T00975A002300370001-5:6.0.2,partial_A,final_0207_e05aaa7e01,ASSIGNED_FULL,later_pdf_word_coordinates,False,"Rhee has also ordered his propaganda directorate to describe the encounter as the first of a series of such incidents in a ""Tokyo-Peiping-Pyongyang campaign of provocation and aggression against South Korea.""","Rhee has also ordered his propaganda directorate to describe the encounter as the first of a series of such incidents in a ""Tokyo- Peiping- Pyongyang campaign of provocation and aggression against South",PASS,1.0,0.969697,0.984615,PASS,1703,0.767117,0.080983,1.0,32,32,R1
CIA-RDP79T00975A002300380001-4:5.0.0,partial_A,final_0208_2a5e1c2283,ASSIGNED_FULL,later_pdf_word_coordinates,False,"Sergeyev and his staff have been meeting with leftist politicians and have been carrying on a propaganda campaign among the tobacco workers in the area. Foreign Minister Theotokis claims that the USSR is providing financial assistance for leftists' pre-electoral campaign. Theotokis will try to get cabinet approval for a warning to Sergeyev that if he does not stop these activities, he will be declared persona non grata.","Sergeyev and his staff have been meeting with leftist politi- cians and have been carrying on a propaganda campaign among the tobacco workers in the area. Foreign Minister Theotokis claims that the USSR is providing financial assist- ance for leftists‘ pre-electoral campaign. Theotokis will try to get cabinet approval for a warning to Sergeyev that if he does not sto these activities, he will be declared persona non grata.",PASS,0.928571,0.955882,0.942029,PASS,1625,0.742687,0.083202,1.0,69,69,R2
CIA-RDP79T00975A002300380001-4:8.0.0,partial_A,final_0209_51efadedea,ASSIGNED_FULL,later_pdf_word_coordinates,False,"The Nationalist Defense Ministry has warned the navy to be ""on the alert.""","The Nation- alist Defense Ministry has warned the navy to be ""on the alert.""",PASS,0.857143,0.923077,0.888889,PASS,1734,0.824929,0.075405,1.0,14,14,R2
CIA-RDP79T00975A002300380001-4:8.1.0,partial_A,final_0209_51efadedea,ASSIGNED_FULL,later_pdf_word_coordinates,False,Their fear of torpedo boat attacks on naval ships has led the Nationalists to prepare plans for air or commando attacks on torpedo boat bases.,Their fear of torpedo boat attacks on naval ships has led the Nationalists to prepare plans for air or commando at- tacks on torpedo boat bases.,PASS,0.923077,0.96,0.941176,PASS,1734,0.824929,0.075405,1.0,26,26,R3
CIA-RDP79T00975A002300390001-3:8.0.0,partial_A,final_0210_b96320a303,ASSIGNED_FULL,later_pdf_word_coordinates,False,The American military attaché in Israel has noted a substantial increase in the number of tank transporters and prime movers in Ramat Gan motor park in Tel Aviv. This park is normally used as an assembly point during Israeli army mobilization. An assembly of civilian vehicles and drivers usually follows the departure of tank transporters from the park when a large-scale mobilization is under way.,"The American military attache in Israel has noted a substantial inc rease in the number of tank trans- porters and prime movers in Ramat Gan motor park in Tel Aviv. This park is normally used as an assembly point dur- ing Israeli army mobilization‘, An assembly of civilian vehi- cles and drivers usually follows the departure of tank trans- porters from the park when a large-scale mobilization is under way‘.",PASS,0.859155,0.924242,0.890511,PASS,1594,0.77042,0.074992,1.0,70,70,R4
CIA-RDP79T00975A002300410001-0:8.0.0,partial_D,final_0211_65947865ef,ASSIGNED_FULL,later_pdf_word_coordinates,False,further details on an anticipated Israeli attack on the islands of Tiran and Sanafir in the Gulf of Aqaba,further details on an anticipated l Israeli attack on the islands of 2JANUARY 1956 60102 Ti ran and Sanafir in the Gulf of Aqaba,PASS,0.75,0.947368,0.837209,PASS,1491,0.734121,0.082119,0.833333,20,24,R3
CIA-RDP79T00975A002300410001-0:8.0.1,partial_C,final_0211_65947865ef,ASSIGNED_FULL,later_pdf_word_coordinates,False,"Syrian intelligence reported to Egypt that the Israelis would attack these islands sometime between the middle and the end of January and would begin the operation by attempting to send an Israeli ship probably from Eritrea to the Israeli port of Eilat. Israel,","Syrian L ntelligence reportecﬁo Egypffhafthe Israelis would attack these islands sometime between the middle and the end of January and would begin the operation by attempting to send an Israeli ship probably from Eritrea to the Israeli port of Eilat. Israel,",PASS,0.902439,0.860465,0.880952,PASS,1491,0.734121,0.082119,1.0,41,41,R3
CIA-RDP79T00975A002300410001-0:8.0.2,partial_B,final_0211_65947865ef,ASSIGNED_FULL,later_pdf_word_coordinates,False,has four torpedo boats at Eilat and is expected to increase the number to six. The American military attaché previously reported that the Israelis had hauled three motor torpedo boats overland to Eilat.,lhas four torpedo boats at-Eilat and is expected to increase the number to six. The American military attache previously reported that the Israelis had hauled three motor torpedo boats overland to Eilat.,PASS,0.969697,0.969697,0.969697,PASS,1491,0.734121,0.082119,1.0,32,32,R3
CIA-RDP79T00975A002300410001-0:9.0.0,partial_B,final_0212_9d48000e4b,ASSIGNED_FULL,later_pdf_word_coordinates,False,"a national guard company was to be moved from Cairo to El Kuntillah, about 35 miles northwest of Eilat, on the frontier, and that 4,000 hand grenades were to be sent immediately to the Aqaba sector. On 29 December the Aqaba port asked that its previous request for ""arms and ammunition"" be treated as ""most urgent"" and that they be forwarded on the ""7 January ship.""","national guard com- pany was to be moved from Cairo to El Kuntillah, about 35 miles northwest of Eilat, on the frontier, and that 4,000 hand grenades were to be sent immediately to the Aqaba sector, i On 29 December the Aqaba por t as k e d that it s previous re- quest for ""arms and ammunition"" be treated as ""most ur ent"" and that they be The",PASS,0.785714,0.820896,0.80292,PASS,1554,0.79084,0.074227,0.985507,68,69,R3
CIA-RDP79T00975A002300430001-8:5.0.0,box_hid_more,final_0213_429fb43589,ASSIGNED_FULL,later_pdf_word_coordinates,False,Stroessner is also being pressed by Argentina to get rid of this pro-Peron group.,"Stroessner is also being pressed by Argentina to get rid of this pro-Peron group,",PASS,1.0,1.0,1.0,PASS,1939,0.834697,0.078459,1.0,14,14,R2
CIA-RDP79T00975A002300430001-8:5.0.1,partial_A,final_0213_429fb43589,ASSIGNED_FULL,later_pdf_word_coordinates,False,"While Ortega is not known to be a Communist, he has protected Communist friends, and the Communists are so well placed in the police that few surprise raids against Communists can be made.","While Ortega is not known to be a Commu- nist, he has protected Communist friends, and the Commu- nists are so well placed i.n the police that few surprise raids against Communists can be made,",PASS,0.833333,0.909091,0.869565,PASS,1939,0.834697,0.078459,1.0,35,35,R2
CIA-RDP79T00975A002300440001-7:7.0.0,partial_B,final_0214_28d731fabf,ASSIGNED_FULL,later_pdf_word_coordinates,False,"the Soviet freighters Alexander Ushakov and Sukhona indicate that both were headed toward Egypt. These vessels passed Istanbul coming out of the Black Sea on 31 December and 2 January. Both declared cargoes of machinery for Albania. Similar bogus declarations were made by several of the Soviet freighters which previously carried military equipment to the port of Alexandria. The Ushakov delivered one such cargo, arriving at Alexandria on 4 or 5 December.","Soviet 1 freighters -Alexander Ushakov and Sukhona 1 indicate that both were headed toward Egypt. These vessels passed Istanbul coming out of the Bl.ack Sea on 31 December and 2 January. Both declared cargoes of machinery for Albania"". Similar bogus declarations were made by several of the Soviet freighters which previously carried military equipment to the port of Alexandria. The Ushakov delivered one such cargo, arriving at Alexandria on 4 or 5 December.",PASS,0.945946,0.972222,0.958904,PASS,1302,0.676715,0.089367,1.0,73,73,R2
CIA-RDP79T00975A002300450001-6:8.1.1,partial_A,final_0215_b3fadbf136,ASSIGNED_FULL,later_pdf_word_coordinates,False,Syria may be about to finalize an arms contract with Czechoslovakia.,"\Syria may be about to finalize an arms contract with Czechoslovakia, P",PASS,0.916667,1.0,0.956522,PASS,806,0.517662,0.083872,1.0,12,12,R2
CIA-RDP79T00975A002300450001-6:8.1.3,partial_A,final_0215_b3fadbf136,ASSIGNED_FULL,later_pdf_word_coordinates,False,"Three Soviet freighters arrived at the Egyptian port of Alexandria from Soviet Black Sea ports between 1 and 5 January and have reportedly been unloading military equipment in a heavily guarded security area. Two of them are the Smela and the Admiral Ushakov. Both previously delivered arms cargoes to Alexandria. The third is probably the Sukhona, which passed Istanbul on 2 January. All three declared a cargo of machinery for Albania.","Three Soviet freighters arrived at the Egyp- tian port of Alexandria from Soviet Black Sea ports between 1 and 5 January and have reportedlly been unloading military equipment in a heavily guarded security area. Two of them are the Smela and the Admiral Ushakov. Both previously delivered arms car- goes to Alexandriat The third is probably the Sukhona, which passed Istanbul on 2 January. All three declared a cargo of machinery for Albania. The",PASS,0.905405,0.943662,0.924138,PASS,806,0.517662,0.083872,1.0,74,74,R2
CIA-RDP79T00975A002300460001-5:6.0.0,partial_C,final_0216_c947135d50,ASSIGNED_FULL,later_pdf_word_coordinates,False,Key right and center leaders are more in favor of a Socialist than a Mendes-France government,Key right and center leaders are more in favor of a Socialist than a Mendes-France government,PASS,1.0,1.0,1.0,PASS,1978,0.848927,0.078426,1.0,16,16,R2
CIA-RDP79T00975A002300470001-4:5.0.0,partial_A,final_0217_c13730c6fe,ASSIGNED_FULL,later_pdf_word_coordinates,False,"An important factor in the immediate future will be the attitude of Saudi Arabia. A number of the new cabinet members, including the prime minister, have enjoyed close relations and financial aid from the Saudis. Having obtained a government opposed to the Baghdad pact, Saudi Arabia may now throw the weight of its influence on the side of stability.","An important factor in the immediate fu- ture will be the attitude of Saudi Arabia. A number of the new cabinet members, including the prime minister, have enjoyed close relations and financial aid from the Saudiso Having ob- tained a government opposed to the Baghdad pact, Saudi Arabia may now throw the weight of its influence on the side of sta- bility.",PASS,0.887097,0.932203,0.909091,PASS,1700,0.809139,0.077541,1.0,62,62,R2
CIA-RDP79T00975A002300480001-2:7.0.1,partial_A,final_0218_0915438f0c,ASSIGNED_FULL,later_pdf_word_coordinates,False,Egypt intends to station torpedo boats at the mouth of the Gulf of Aqaba.,3Egypt intends to station torpedo boats at the mouth of l the Gulf of Aqaba.,PASS,0.866667,0.928571,0.896552,PASS,643,0.394721,0.091012,1.0,15,15,R1
CIA-RDP79T00975A002300480001-2:7.0.2,partial_B,final_0218_0915438f0c,ASSIGNED_FULL,later_pdf_word_coordinates,False,"it should send specifications for the necessary pipes for supplying torpedo boats from a 5,000-gallon storage tank. Heretofore Egypt has stationed only a single patrol craft at the mouth of the gulf. The Israelis have recently transported three torpedo boats overland to Eilat, at the head of the gulf.","it should send specifications for the necessary pipes for supplying torpedo boats from a 5,000gal1on stor- age tank. Heretofore Egypt has stationed only a single patrol craft at the mouth of the gulf. The Israelis have re- cently transported three tor e to Eilat. at the head of the gulf.",PASS,0.862745,0.862745,0.862745,PASS,643,0.394721,0.091012,1.0,50,50,R1
CIA-RDP79T00975A002300500001-0:4.1.0,partial_C,final_0219_8a44d9070c,ASSIGNED_FULL,later_pdf_word_coordinates,False,The New Delhi announcement is probably closely connected with the interest shown by Hungary,The New Delhi annotmcement is proba- bly closely connected with the interest shown.by Hungary,PASS,0.8,0.857143,0.827586,PASS,1215,0.64559,0.088896,1.0,14,14,R1
CIA-RDP79T00975A002300500001-0:4.1.1,partial_B,final_0219_8a44d9070c,ASSIGNED_FULL,later_pdf_word_coordinates,False,"in building an integrated aluminum combine consisting of a 25,000-ton alumina plant and a 10,000-ton aluminum plant in India. The two plants would cost a total of almost $20,000,000. It is likely that Moscow would supply the necessary rolling and electric power equipment and that the Hungarians would supply the machinery for production of both alumina and aluminum.","shown.by Hungary \in building an integrated alumi- num combine consisting of a 25,000-ton alumina plant and a 10,000-ton aluminum plant in India. The two plants would cost a total of almost $20,000,000. It is likely that Moscow would supply the necessary rolling and electric power equip- ment and that the Hungarians would supply the machinery for production of both alumina and aluminum.",PASS,0.898551,0.96875,0.932331,PASS,1215,0.64559,0.088896,1.0,62,62,R1
CIA-RDP79T00975A002300500001-0:4.1.2,box_hid_more,final_0219_8a44d9070c,ASSIGNED_FULL,later_pdf_word_coordinates,False,"An integrated aluminum industry of this size would more than double India's 7,000-ton capacity and supply roughly half of the increase India needs for fulfillment of its Second Five-Year Plan goal for aluminum production--30,000 tons of aluminum annually.","An integrated aluminum industry of this size would more than double India's 7,000-ton capacity and supply roughly half of the increase India needs for fulﬁll- ment of its Second Five-Y ear Plan goal for aluminum pro- duction--30,000 tons of aluminum annually.",PASS,0.87234,0.931818,0.901099,PASS,1215,0.64559,0.088896,1.0,41,41,R1
CIA-RDP79T00975A002300510001-9:7.0.0,partial_C,final_0220_4ff491b799,ASSIGNED_FULL,later_pdf_word_coordinates,False,"George Papandreou, anti-Communist chief of the Liberal Party, had ""virtually decided"" by 12 January to co-operate with EDA as the only alternative to political extinction,","George Papandreou, anti-Communist chief of the Liberal Party, had ""virtually decided"" by 12 January to co_-operate with EDA as the only alternative to political extinction,",PASS,1.0,1.0,1.0,PASS,1394,0.694223,0.089184,1.0,25,25,R2
CIA-RDP79T00975A002300510001-9:7.0.1,partial_A,final_0220_4ff491b799,ASSIGNED_FULL,later_pdf_word_coordinates,False,"The Liberal leader reportedly believes center parties no longer have vote-getting appeal and that no one of them will be able to poll the 15 percent of the total vote required to win a parliamentary seat. The leaders of the other established center parties, this source reported, share Papandreou's views.","The Liberal leader reportedly believes center parties no longer have vote-getting appeal and that no one of them will be able to poll the 15 percent of the total vote required to win a parliamentary seat. The leaders of the other es- tablished center parties, this source reported, share Papandreou's views",PASS,0.962264,0.980769,0.971429,PASS,1394,0.694223,0.089184,1.0,51,51,R2
CIA-RDP79T00975A002300510001-9:8.1.0,partial_A,final_0221_769ca0ffa7,ASSIGNED_FULL,later_pdf_word_coordinates,False,"Egypt intends to establish a torpedo boat force at Sharm el Sheikh, the Egyptian headquarters at the mouth of the gulf. The new force apparently will arrive under escort of a frigate detailed to relieve the patrol craft now on guard duty there.","intends to establish a torpedo boat force at Sharm el Sheikh, the Egyptian headquarters at the mouth of the gulf. The new force apparently will arrive under escort of a frigate detailed to relieve the patrol craft now on guard duty",PASS,1.0,0.953488,0.97619,PASS,1636,0.767715,0.093381,1.0,41,41,R2
CIA-RDP79T00975A002300540001-5:12.0.1,partial_B,final_0223_bde68efe1d,ASSIGNED_FULL,later_pdf_word_coordinates,False,"had fired with light antiaircraft guns on a twin-engined plane and believed they had damaged it. On the basis of a Radio Israel broadcast, they believed it was an Israeli passenger plane. Cairo said in early November it had notified airlines that planes flying over the straits of Tiran, at the mouth of the Gulf of Aqaba, would be shot down without warning.","had fired with light antiaircraft guns on a twin-engined plane and believed they- had damaged it. On the basis of a Radio Israel broadcast, they believed it was an Israeli pas-3 senger plane. Cairo said in early November it had notified airlines that planes flying over the straits of Tiran, at the mouth of the Gulf of Aqaba, would be shot down without warn- ing.",PASS,0.925373,0.96875,0.946565,PASS,1389,0.748384,0.074887,1.0,65,65,R1
CIA-RDP79T00975A002300540001-5:12.1.0,headline,final_0223_bde68efe1d,ASSIGNED_FULL,later_pdf_word_coordinates,False,"including a deck cargo of double-tiered, large wooden crates.","including a deck cargo of double-tiered, large wooden crates.",PASS,1.0,1.0,1.0,PASS,1389,0.748384,0.074887,1.0,9,9,R3
CIA-RDP79T00975A002300540001-5:12.2.0,partial_A,final_0223_bde68efe1d,ASSIGNED_FULL,later_pdf_word_coordinates,False,The Nevsky's arrival brings to six the number of arms cargoes delivered by Soviet freighters from Black Sea ports to Alexandria since 1 January and to 13 the total number of such arms cargoes since deliveries began on 22 October.,The Nevsky's arrival brings to six the number of arms cargoes delivered by Soviet freighters from Black Sea ports to Alexandria since 1 January and to 13 the total number of such arms cargoes since deliveries began 22,PASS,1.0,0.95122,0.975,PASS,1389,0.748384,0.074887,1.0,38,38,R4
CIA-RDP79T00975A002300540001-5:7.0.1,partial_A,final_0222_ec45f926e0,ASSIGNED_FULL,later_pdf_word_coordinates,False,Thirteen million dollars have been allotted to health and education.,Thirteen mil- lion dollars have been allotted to health and educationo,PASS,0.727273,0.8,0.761905,PASS,2172,0.818079,0.113761,1.0,11,11,R2
CIA-RDP79T00975A002400010001-3:6.0.0,partial_A,final_0224_44eb6bf664,ASSIGNED_FULL,later_pdf_word_coordinates,False,"Czechoslovakia reportedly is offering Argentina planes, tanks and artillery at prices considerably lower than those normally offered by Britain and the United States. Similar conversations allegedly were initiated by the Peron regime before the revolution last September.","Czechoslovakia reportedly is offering Ar- gentina planes, tanks and artillery at prices considerably lower than those normally offered by Britain and the United States. Similar conversations allegedly were initiated by :3 the Peron regime before the revolution last September.",PASS,0.923077,0.972973,0.947368,PASS,1861,0.802155,0.08393,1.0,39,39,R1
CIA-RDP79T00975A002400190001-4:5.0.1,box_hid_more,final_0225_9626a92077,ASSIGNED_FULL,later_pdf_word_coordinates,False,"Pinay thinks that the Poujadists may get veterans' support and try to emulate the veterans in Algeria, whose demonstrations have forced the resignation of General Catroux as minister resident in Algeria.","Pinay thinks that the -Poujadists may get veterans’ support and try to emulate the veterans in Algeria, whose demonstrations have forced the resigna- tion of Gener'al_Catroux as minister resident in -Algeria.",PASS,0.878788,0.935484,0.90625,PASS,1746,0.753886,0.089622,1.0,31,31,R2
CIA-RDP79T00975A002400240001-8:12.0.0,partial_A,final_0228_ca9c392e1c,ASSIGNED_FULL,later_pdf_word_coordinates,False,Dayan's line of thought was supported by Israeli intelligence chief Harkabi.,Dayan's line of thou ht was supported by Israeli intelligence chief Harkabi.,PASS,0.846154,0.916667,0.88,PASS,1146,0.663963,0.073881,1.0,12,12,R2
CIA-RDP79T00975A002400240001-8:12.0.1,partial_C,final_0228_ca9c392e1c,ASSIGNED_FULL,later_pdf_word_coordinates,False,"Syrian chief of staff Shuqayr, currently engaged in joint Syrian-Egyptian command staff talks in Cairo, told Prime Minister Nasr that Syria was in the grip of a ""war fever"" and urged firm planning on joint military action in the event Israel resumed work at Banat Yacov,","Syrian chief of staff Shuqayr, currently en- gaged in joint Syrian-Egyptian command staff talks in Cairo, told Prime Minister Nasr that Syria was in the grip of a ""war fever"" and urged firm planning on joint military action in the event Israel i resumed work at Banat Yacov, 1",PASS,0.92,0.978723,0.948454,PASS,1146,0.663963,0.073881,1.0,49,49,R2
CIA-RDP79T00975A002400240001-8:12.0.2,partial_A,final_0228_ca9c392e1c,ASSIGNED_FULL,later_pdf_word_coordinates,False,"Nasr allegedly discouraged Shuqayr, saying that he did not wish war at present and that the Syrians should exhaust all possible peaceful measures first. Nasr did not, however, refuse support if hostilities did occur. This is in line with previous statements by Nasr.","Nasr allegedly discouraged Shuqayr, saying that he did not wish war at present and that the Syrians should exhaust all possible peaceful measures first. Nasr did not, however, refuse support if hostilities did occur. This is in line with previous statem_ents by Nasr.",PASS,0.954545,0.976744,0.965517,PASS,1146,0.663963,0.073881,1.0,43,43,R2
CIA-RDP79T00975A002400240001-8:12.1.0,partial_A,final_0228_ca9c392e1c,ASSIGNED_FULL,later_pdf_word_coordinates,False,"On this latest trip, it falsely declared Albania as its destination when it passed Istanbul coming out of the Black Sea on 7 February. The Ushakov's arrival brings to 14 the number of arms cargoes delivered to Egypt by Soviet freighters since late October.","On this latest trip, it falsely declared Albania as its destination when it passed Istanbul coming outof the Black Sea on 7 February. The Ushakov's arrival brings to 14 the number of arms cargoes deliv- ered to Egzmt bv Soviet freighters since late October.",PASS,0.888889,0.888889,0.888889,PASS,1146,0.663963,0.073881,1.0,44,44,R3
CIA-RDP79T00975A002400240001-8:8.0.1,partial_B,final_0226_6796c1b3ea,ASSIGNED_FULL,later_pdf_word_coordinates,False,"a number of French generals have organized to prevent ""further deterioration of the French empire."" This group, which is divided in its attitude toward Poujade, includes General Billotte, defense minister under Premier Faure; Augustin Guillaume, chief of the armed forces staff; and Maxime Weygand, who, as chairman of a study group of industrialists, is reported to have promised financial support.","N °°mme“‘ a number of French generals have organized to prevent ""further deterioration of the French empire,"" This group, which is divided in its attitude toward Poujade, includes General Billotte, defense minister under Premier Faure; Augustin Guillaume, chief of the armed forces staff; and Maxime Weygand, who, as chairman of a study group of industrialists, is reported to have promised financial support.",PASS,0.967742,1.0,0.983607,PASS,1592,0.73772,0.076963,1.0,62,62,R2
CIA-RDP79T00975A002400240001-8:9.0.0,partial_C,final_0227_bce58ba1c8,ASSIGNED_FULL,later_pdf_word_coordinates,False,Additional cabinet changes seem likely in view of Franco's reported statement,Additional cabinet chan es seem likely in view of Franco's reported; statementﬁ,PASS,0.769231,0.833333,0.8,PASS,1677,0.781454,0.076957,1.0,12,12,R2
CIA-RDP79T00975A002400240001-8:9.0.1,partial_B,final_0227_bce58ba1c8,ASSIGNED_FULL,later_pdf_word_coordinates,False,"that ""the mire of corruption"" was spattering his entire political entourage and that an impending cabinet reshuffle would show that he was ""more powerful than the government.""","\that ""the mire of corruption"" was spattering his entire political entourage and that an im- pending cabinet reshuffle would show that he was ""more powerful than the government.""",PASS,0.928571,0.962963,0.945455,PASS,1677,0.781454,0.076957,1.0,28,28,R2
CIA-RDP79T00975A002400260001-6:11.0.0,partial_C,final_0229_bd0567374a,ASSIGNED_FULL,later_pdf_word_coordinates,False,"A number of Syrian air force officers are training in the use of MIG-15 jet fighters at Egyptian military airfields,","0, A number of Syrian air force officers are training in the use of MIG-15 jet fighters atEgyptian military airfields,",PASS,0.904762,0.904762,0.904762,PASS,1576,0.78369,0.073169,1.0,20,20,R1
CIA-RDP79T00975A002400260001-6:11.0.1,partial_B,final_0229_bd0567374a,ASSIGNED_FULL,later_pdf_word_coordinates,False,this training is being given because of an agreement that in the event of an Arab-Israeli war Syria will receive Soviet aircraft.,this training is being given because of an agreemenFthat in the event of an Arab--Israeli war- Syria will receive Soviet aircraft.,PASS,0.954545,0.913043,0.933333,PASS,1576,0.78369,0.073169,1.0,21,21,R1
CIA-RDP79T00975A002400270001-5:13.0.0,partial_D,final_0230_6387a132de,ASSIGNED_FULL,later_pdf_word_coordinates,False,"10 miles west of Banat Yacov, presumably in readiness for a commando-type raid on Syrian positions which might open fire if work is resumed in the demilitarized zone.","10 miles west of Banat Yacov, presumably in readiness for a commando-type raid on Syrian positions which might o en ire if resu The",PASS,0.84,0.724138,0.777778,PASS,1759,0.821963,0.079311,0.958333,23,24,R1
CIA-RDP79T00975A002400330001-8:8.0.0,partial_A,final_0231_518bb01257,ASSIGNED_FULL,later_pdf_word_coordinates,False,"Thep is said to have warned the police, however, that he would use the trial as a forum for publicizing his favorable impressions of Communist China.","Thep is said to have warned the police, however, that he would use the trial as a forum for publicizing his favorable impressions of Communist China.",PASS,1.0,1.0,1.0,PASS,1908,0.817831,0.092204,1.0,26,26,R3;R4
CIA-RDP79T00975A002400390001-2:10.0.0,partial_B,final_0233_fa77eb6b5b,ASSIGNED_FULL,later_pdf_word_coordinates,False,the Egyptian army is requisitioning large amounts of surgical dressings and antiseptics and stocking large supplies of canned foods.,the Egyptian army is 1 requisitioning I large amounts of surgical 1 dressin s and antiseptics and stocking large supplies of canned foodsﬂ,PASS,0.73913,0.894737,0.809524,PASS,1914,0.809987,0.081234,1.0,23,23,R2
CIA-RDP79T00975A002400390001-2:4.0.0,partial_B,final_0232_cfa86057d1,ASSIGNED_FULL,later_pdf_word_coordinates,False,"there is reason to believe ""full mobilization"" (presumably of the ready reserve) is imminent in France.","\there is reason to believe ""full mobilization"" (pre- sumably of the ready reserve) is immi- nent in France.",PASS,0.777778,0.875,0.823529,PASS,2020,0.848383,0.080966,1.0,18,18,R1
CIA-RDP79T00975A002400410001-9:9.1.0,headline,final_0234_804830324d,ASSIGNED_FULL,later_pdf_word_coordinates,False,"He is reported to have agreed that the ministry would be operated by a triumvirate comprising himself and the first and second deputy premiers, members respectively of the Masjumi and the NU.","He is reported to have agreed that the ministry would be operated by a triumvirate comprising himself and the first and second deputy premiers, members respectively of the Masjumi and the NU,",PASS,1.0,1.0,1.0,PASS,1691,0.797265,0.081721,1.0,32,32,R2
CIA-RDP79T00975A002400430001-7:12.1.0,partial_B,final_0235_c7fe2d81ed,ASSIGNED_FULL,later_pdf_word_coordinates,False,only a full-scale invasion could re-establish Viet Minh strength and influence there.,\only a full-scale invasion could re-establish Viet Minh strength and influence there.,PASS,1.0,1.0,1.0,PASS,1835,0.799564,0.090854,1.0,12,12,R2
CIA-RDP79T00975A002400450001-5:5.0.1,partial_B,final_0236_792f990aed,ASSIGNED_FULL,later_pdf_word_coordinates,False,"feared Greek reaction to an ""all-out British clean-up"" on Cyprus.","Greek foreign mirﬁster reaction to an ""all-out British clean-up"" on Cyprus.",PASS,0.846154,0.916667,0.88,PASS,1758,0.77891,0.085784,1.0,11,11,R1
CIA-RDP79T00975A002400450001-5:5.0.2,partial_B,final_0236_792f990aed,ASSIGNED_FULL,later_pdf_word_coordinates,False,his government would not allow itself to be divorced from Greek public opinion and would therefore take a firm position on all issues involving Cyprus.,his government would not allow itself to be divorced from Greek public opinion and would therefore take a ﬁrm position on all issues involving Cyprus.,PASS,1.0,1.0,1.0,PASS,1758,0.77891,0.085784,1.0,25,25,R1
CIA-RDP79T00975A002400460001-4:4.0.0,partial_A,final_0237_882fb6ea39,ASSIGNED_FULL,later_pdf_word_coordinates,False,"The Greek king and queen, Prime Minister Karamanlis and the top government advisers are all reported as now doubting that Britain sincerely desires a Cyprus settlement.","fI‘1ie'Greek king a‘hd queen, Prime ﬁlin- ister Karamanlis and the top government advisers are all reported as now doubting that Britain sincerely desires a ttlement",PASS,0.807692,0.807692,0.807692,PASS,1638,0.778517,0.073169,1.0,25,25,R1
CIA-RDP79T00975A002400460001-4:4.0.2,partial_B,final_0237_882fb6ea39,ASSIGNED_FULL,later_pdf_word_coordinates,False,"fears the removal of Makarios from the scene will permit Cypriot Communists gradually to gain control of the Nationalist resistance movement. The Communists, who control most of the Cypriot labor force, apparently instigated the island-wide strike which virtually paralyzed Cyprus after Makarios' deportation.","‘fears the removal of Makarios from the scene will permit Cypriot Communists gradually to gain control of the Nationalist resistance movement. The Communists, who control most of the Cypriot labor force, apparently instigated the island-wide strike which virtually paralyzed Cyprus after Makarios' deportation.",PASS,1.0,1.0,1.0,PASS,1638,0.778517,0.073169,1.0,43,43,R1
CIA-RDP79T00975A002400480001-2:6.0.0,partial_A,final_0238_ac7cb6c3b1,ASSIGNED_FULL,later_pdf_word_coordinates,False,Libyan prime minister Ben Halim's principal concern at present is to obtain secret assurances of continued British and American support. British prime minister Eden has inquired whether the United States could give the assurance the Libyans seek.,Libyan prime minister Ben Ha1im's prin- cipa concern a present is to obtain secret assurances of continued British and American support. British prime minister Eden has inquired whether the United States could give the assurance the Libyans seeko,PASS,0.871795,0.894737,0.883117,PASS,1854,0.797762,0.08286,1.0,38,38,R2
CIA-RDP79T00975A002400480001-2:7.0.0,partial_A,final_0239_86fa135272,ASSIGNED_FULL,later_pdf_word_coordinates,False,"The Czech ambassador in Cairo, during a visit to the Sudan in January, told Prime Minister Azhari that the USSR was willing to loan the Sudan enough money to construct the Roseires and Atbara dams or other desirable projects.","The Czech ambassador in Cairo, during a visit to the Sudan in Janu- ary, told Prime Minister Azhari that the USSR was willing to loan the Sudan enough money to construct the Roseires and Atbara dams or other desirable nroiects",PASS,0.925,0.948718,0.936709,PASS,1911,0.801258,0.087805,1.0,40,40,R1
CIA-RDP79T00975A002400530001-6:10.0.1,partial_C,final_0240_79eccb0be7,ASSIGNED_FULL,later_pdf_word_coordinates,False,"The Egyptian army command has fixed 1 July 1956 as the date when Egypt will reach ""maximum"" preparedness for war,","The Egyptian army command has fixed 1 July 1956 as the date when Egypt will reach ""maximum"" (preparedness for war,",PASS,1.0,1.0,1.0,PASS,954,0.484756,0.111586,1.0,20,20,R2
CIA-RDP79T00975A002400530001-6:10.0.2,partial_A,final_0240_79eccb0be7,ASSIGNED_FULL,later_pdf_word_coordinates,False,"After this date any provocation or border incident by Israel will lead to retaliation in force. The Israeli defense force reportedly has estimated Egypt would attack Israel about August 1956. Both the reported Egyptian and Israeli estimates apparently assume that by 1 July, the Egyptian army would be prepared only to the minimum extent required to launch an offensive.","After this date any provocation or border incidenfby Israel will lead to retaliation in force. The Israeli defense force reportedly has estimated Egypt would attack Israel about August 1956. Both the reported Egyptian and Israeli estimates apparently assume that by 1 July, the Egyptian army would be pre- pared onl to the minimum extent required to launch an of- fensive.",PASS,0.9,0.915254,0.907563,PASS,954,0.484756,0.111586,1.0,60,60,R2
CIA-RDP79T00975A002500010001-2:11.0.0,partial_A,final_0241_be2e270c39,ASSIGNED_FULL,later_pdf_word_coordinates,False,"Recent reports indicate that Israel is concentrating large armored and infantry forces around Beersheba, headquarters of the Southern Command which controls the front against Egypt. On 20 March, a heavy southward movement of military and requisitioned civilian vehicles was observed north and south of Beersheba, transporting POL cargo and personnel. Other reports suggest the Israeli forces in the El Auja area on the Egyptian frontier have again been increased to include infantry, armor and artillery, possibly including 155-mm.","Recent reports indicate that Israel is concentrating large armored and infantry forces around Beer- sheba, headquarters of the Southern Command which controls the front against Egypt. On 20 March, a heavy southward movement of military and requisitioned civilian vehicles was observed north and south of Beersheba, transporting POL cargo and personnel. Other reports suggest the Israeli forces in the El Auja area on the Egyptian frontier have again been increased to include infantry, armor and artillery, possibly including 1 1 155-mm.",PASS,0.95122,0.987342,0.968944,PASS,917,0.539095,0.079994,1.0,81,81,R1
CIA-RDP79T00975A002500010001-2:11.0.1,partial_B,final_0241_be2e270c39,ASSIGNED_FULL,later_pdf_word_coordinates,False,"complete mobilization of Israeli first-line units will be accomplished by a ""creeping process"" by 31 March. The unusual activity of forces in the Southern Command could indicate preparations for large-scale maneuvers or preparations for support of operations on the Egyptian frontier.","complete mobilization of Israeli first-line units wiffbe accom- plished by a ""creeping process"" by 31 March. The unusual activity of forces in the Southern Command could indicate prep- arations for large-scale maneuvers or reparations for support of operations on the ﬁgvntian frontierfp,",PASS,0.818182,0.837209,0.827586,PASS,917,0.539095,0.079994,1.0,42,42,R1
CIA-RDP79T00975A002500010001-2:11.0.2,partial_A,final_0241_be2e270c39,ASSIGNED_FULL,later_pdf_word_coordinates,False,"Meanwhile further reinforcement of Egyptian forces on the Israeli frontier, including dispatch of an armored squadron from Cairo to El Arish, is revealed by Egyptian military messages.","Meanwhile further reinforcement of“E.gyp- tian forces on the Israeli frontier, including dispatch of an armored squadron from Cairo to El Arish, is revealed by Egyp- tian military messages.",PASS,0.827586,0.888889,0.857143,PASS,917,0.539095,0.079994,1.0,28,28,R1
CIA-RDP79T00975A002500010001-2:12.0.0,partial_A,final_0242_b023c6f5cb,ASSIGNED_FULL,later_pdf_word_coordinates,False,"Israel is trying with Nicaraguan help to obtain 58 tanks from Canada. Nicaragua, according to the arrangement, would be the ostensible purchaser and transshipper to Israel and would receive four to eight tanks for its part in the transaction.","Israel is trying with Nicaraguan help to ob- tain 58 tanks from Canada‘, Nicaragua, according to the arrange- ment, would be the ostensible purchaser and transshipper to Israel and would receive four to eight tanks for its part in the transaction.",PASS,0.902439,0.948718,0.925,PASS,1632,0.792618,0.072512,1.0,41,41,R5
CIA-RDP79T00975A002500020001-1:9.0.1,partial_B,final_0243_faf5d14f72,ASSIGNED_FULL,later_pdf_word_coordinates,False,"construction of storage depots in Sinai; recent Egyptian divisional maneuvers based on cutting off the Negev, capturing Beersheba and linking up with Jordan's Arab Legion; and training of units in Sinai in attacking mock villages constructed to resemble Israeli border settlements.","other of storage depots in Sinai; recent gy ian visional maneuvers based on cutting off the Negev, capturing Beersheba and linking up with Jordan's Arab Legion; and training of units in Sinai in attacking mock villages constructed to resemble Israeli border settlements.",PASS,0.906977,0.928571,0.917647,PASS,1379,0.700356,0.082984,1.0,42,42,R1
CIA-RDP79T00975A002500020001-1:9.0.2,partial_B,final_0243_faf5d14f72,ASSIGNED_FULL,later_pdf_word_coordinates,False,"it could be assumed Egypt would be ready to attack by May or June, and this consideration had recently forced Israel to undertake all-out defense measures. Although life in Israel was still normal, progressive dislocation toward maximum war economy would soon develop.","1it could be assumed Egypt would be ready to attack by May or June, and this consideration had recently forced Israel to undertake all- out defense measures. Although life in Israel was still normal, progressive dislocation toward maximum war economy would soon develop.1",PASS,0.954545,0.976744,0.965517,PASS,1379,0.700356,0.082984,1.0,43,43,R1
CIA-RDP79T00975A002500050001-8:9.0.1,partial_B,final_0244_678181e509,ASSIGNED_FULL,later_pdf_word_coordinates,False,"of the more than 90 IL-28 light jet bomber experts now in Egypt, the Egyptian government proposed to retain only about 15 in various fields of specialization. This plan suggests that all of the 45 IL-28's ordered by Egypt have been delivered and assembled and that some basic instruction has been given in their use and maintenance. Further training of crews for these aircraft is believed to be taking place in the Soviet bloc.","‘of the more than 90 IL-28 light jet bomber experts now in Egypt, the Egyptian government pro- posed to retain only about 15 in various fields of specialization. This plan suggests that all of the 45 IL-28's ordered by Egypt have been delivered and assembled and that some basic instruc- tion has been given in their use and maintenance. Further train- ing of crews for these aircraft is believed to be taking place in the Soviet bloc.",PASS,0.925,0.961039,0.942675,PASS,1058,0.619438,0.079075,1.0,77,77,R1
CIA-RDP79T00975A002500050001-8:9.0.2,partial_B,final_0244_678181e509,ASSIGNED_FULL,later_pdf_word_coordinates,False,"15 Sherman tanks be returned immediately from reserve stocks at the El Arish ordnance depot, near the Israeli frontier, to a motor pool in the Cairo area. This reduction in combat reserve stocks may provide further indication that Egypt is forming new combat units in the canal zone, or may indicate a new shipment of armor to one of its allies.","15 1 Sherman tanks be returned immediately from reserve stocks at the El Arish ordnance depot, near the Israeli frontier, to a motor pool in the Cairo area. This reduction in combat reserve stocks may provide further indication that Egypt is forming new combat units in the canal zone or may indicate a new shipment of armor to one of its alliesf",PASS,0.967742,0.983607,0.97561,PASS,1058,0.619438,0.079075,1.0,62,62,R1
CIA-RDP79T00975A002500050001-8:9.0.3,partial_B,final_0244_678181e509,ASSIGNED_FULL,later_pdf_word_coordinates,False,"the two Egyptian destroyers on order from Britain will not be completely refitted until late May or early June. The two destroyers which Israel is to receive from Britain are not expected to depart until later than the previous estimate of 1 April; however, they should reach the eastern Mediterranean well ahead of the Egyptian vessels.","the two Egyptian destroyers on order from Britain will not be completely refitted until late May or early June. The two destroyers which Israel is to receive from Britain are not expected to depart un- til later than the previous estimate of 1 April; however, they should reach the eastern Mediterranean well ahead of the Egyp- tian vessels.",PASS,0.931034,0.964286,0.947368,PASS,1058,0.619438,0.079075,1.0,58,58,R1
CIA-RDP79T00975A002500060001-7:9.0.0,partial_A,final_0245_cfae2540c2,ASSIGNED_FULL,later_pdf_word_coordinates,False,Syria is to receive 60 T-34 tanks from Czechoslovakia.,1 to receive 60 T-3Ttanks from Czechoslovakia,PASS,0.75,0.6,0.666667,PASS,1499,0.758603,0.105936,1.0,7,7,R2
CIA-RDP79T00975A002500070001-6:10.0.0,partial_C,final_0247_92014c4517,ASSIGNED_FULL,later_pdf_word_coordinates,False,"The Jordanian National Guard has received 1,000 Czech submachine guns from Syria as the first result of the recent border meetings between Jordanian and Syrian military leaders,","H The Jordanian National Guard has received 1,000 Czech submachine guns from Syria as the first result of the recent bor tary leaders,",PASS,0.875,0.75,0.807692,PASS,1049,0.643558,0.082646,0.956522,22,23,R2
CIA-RDP79T00975A002500070001-6:10.0.1,partial_B,final_0247_92014c4517,ASSIGNED_FULL,later_pdf_word_coordinates,False,troops from neighboring Arab countries would be permitted free transit across Jordan in the event of hostilities have not been confirmed.,troops from neighboring Arab countries would be permitted free transit across Jordan in the event of hostilities have not been con- firmed.,PASS,0.909091,0.952381,0.930233,PASS,1049,0.643558,0.082646,1.0,22,22,R2
CIA-RDP79T00975A002500070001-6:10.1.0,partial_C,final_0247_92014c4517,ASSIGNED_FULL,later_pdf_word_coordinates,False,"Approximately 19 air crew members are to join Colonel Weizmann, commander of Israel's fighter wing, who is in France in connection with the forthcoming delivery of Myste jet fighters to Israel,","3 Approximately 19 air crew members are to join Colonel Weizmann, commander of Israel's fighter wing, who is in France in connection with the forthcoming delivery of Mvﬁtere 'et ﬁghters to Israel",PASS,0.909091,0.9375,0.923077,PASS,1049,0.643558,0.082646,1.0,32,32,R3;R4
CIA-RDP79T00975A002500070001-6:10.1.1,partial_D,final_0247_92014c4517,ASSIGNED_FULL,later_pdf_word_coordinates,False,"the two Israeli destroyers purchased from Britain are tentatively scheduled to depart British waters for Israel on 8 June,","two Israeli destroyers purchased from Britain are tenta- Zthe tively scheduled to depart British waters for Israel on 8 June,",PASS,0.85,0.894737,0.871795,PASS,1049,0.643558,0.082646,1.0,20,20,R4
CIA-RDP79T00975A002500070001-6:10.1.2,partial_A,final_0247_92014c4517,ASSIGNED_FULL,later_pdf_word_coordinates,False,The two destroyers purchased from Britain by Egypt are estimated to be as much as three and one half months behind the Israeli ships in completing overhaul.,The two Ld estroyers purchased from Britain by Egypt are estimated to be as much as three and one half months behind the Israeli ships in completing overhaul.,PASS,0.928571,0.962963,0.945455,PASS,1049,0.643558,0.082646,1.0,28,28,R4
CIA-RDP79T00975A002500070001-6:9.1.2,partial_B,final_0246_70ea1b6782,ASSIGNED_FULL,later_pdf_word_coordinates,False,"the Syrian battalion opposite the site of the Israeli Jordan River diversion operations has standing orders to fire on anyone entering the demilitarized zone in its sector. In addition, it has specific instructions to open fire if Israel resumes work on the diversion canal at Banat Yacov bridge in the zone.","the Syrian battalion opposite the site of the Israeli J ordan_River diversion operations has standing orders to fire on anyone entering the demilitarized zone in its sector. In addition, it has specific instructions to open fire if Israel re- t Iacov bridge in the sumes",PASS,0.869565,0.784314,0.824742,PASS,1077,0.654711,0.076742,1.0,45,45,R2
CIA-RDP79T00975A002500100001-2:6.0.0,partial_A,final_0248_2e4a2428c2,ASSIGNED_FULL,later_pdf_word_coordinates,False,"Israel recently purchased field binoculars from Japan and may seek to purchase range finders, spotting glasses, and at a later date, arms. Syrian businessmen have approached the Japanese for arms, allegedly for as much as $10,000,000 worth, but the Hatoyama government has withheld approval of such sales pending an expression of views from the United States.","7Israel recently purchased field binoculars from Japan and may seek to purchase range finders, spotting glasses, and at a later date, arms. Syrian businessmen have approached the Japanese for arms, allegedly for as much as $10,000,000 worth, but the Hatoyama government has withheld approval of such sales pending an expression of views from the United States,",PASS,0.982759,0.982759,0.982759,PASS,1769,0.774858,0.084411,1.0,56,56,R2
CIA-RDP79T00975A002500100001-2:8.0.0,headline,final_0249_66f038a14e,ASSIGNED_FULL,later_pdf_word_coordinates,False,"Greek foreign minister Theotokis is reported to believe the trial should be suppressed in the Greek national interest, and he says Karamanlis shares his view. Another cabinet minister, who apparently thinks the case will be dropped, is said to be considering resigning should the public outcry appear strong enough to endanger the government.","Greek foreign minister Theotokis is reported to believe the trial should be suppressed in the Greek national interest, and he says Karamanlis shares his view. Another cabinet minister, who apparently thinks the case will be dropped, is said to be considering resign- ing should the public outcry appear strong enough to endanger the government.",PASS,0.962963,0.981132,0.971963,PASS,1840,0.778342,0.078964,1.0,54,54,R2
CIA-RDP79T00975A002500110001-1:13.0.0,partial_A,final_0250_93d99ff483,ASSIGNED_FULL,later_pdf_word_coordinates,False,"Four Soviet bloc mine craft and a Polish merchant vessel, suspected of being en route to Egypt, have been reported west of Ireland. The mine craft probably are ex-Soviet T-43 class mine sweepers known to have been ordered under the Egyptian-Soviet bloc arms deal. They are equipped for both mine sweeping and laying, and often operate as escort vessels as well.","Four Soviet bloc minet craft and a Polish merchant vessel, suspected of being en route to Egypt, have been reported west of Ireland. The mine craftﬂprobably are ex-Soviet T-43 class mine. sweepers knownlto havebeen or- dered under the Egyptian-Soviet bloc arms deal. They are equipped for both mine swee ing and laying, and often operate as escort vessels as well.",PASS,0.873016,0.859375,0.866142,PASS,858,0.546149,0.083282,1.0,60,60,R1
CIA-RDP79T00975A002500110001-1:13.0.1,partial_A,final_0250_93d99ff483,ASSIGNED_FULL,later_pdf_word_coordinates,False,"The Egyptian naval attaché in Poland has stated that, in addition to some 200 Egyptian naval personnel who have received training in Poland, approximately the same number are training in Czechoslovakia and the USSR.","The Egyptian naval attaclié in Poiancfhas stated that, in addition to some 200 Egyptian naval personnel who have received training in Poland, approximately the same number are training in Czechoslovakia and the USSR.",PASS,0.939394,0.911765,0.925373,PASS,858,0.546149,0.083282,1.0,33,33,R1
CIA-RDP79T00975A002500110001-1:13.0.2,partial_B,final_0250_93d99ff483,ASSIGNED_FULL,later_pdf_word_coordinates,False,"the Egyptian list of requirements for additional Soviet bloc arms includes 55,000 rifles and 25,000 submachine guns as well as the previously reported 40 MIG fighter aircraft and at least 20 light jet bombers. A new program is being worked out for the training in Czechoslovakia of Egyptian technical personnel in the maintenance and servicing of bloc aircraft.","the Egyptian list of requirements for additional Soviet bloc arms includes 55,000 rifles and 25,000 submachine guns as well as the previously re- ported 40 MIG fighter aircraft and at least 20 light jet bombers. A new program is being worked .out for the training in Czechoslo- vakia of Egyptian technical p€,I‘SOllIl€1 in the maintenance and servicing of bloc aircraft. 6 Apr 56",PASS,0.863636,0.95,0.904762,PASS,858,0.546149,0.083282,1.0,63,63,R1
CIA-RDP79T00975A002500120001-0:10.1.1,partial_A,final_0251_bf0daf625a,ASSIGNED_FULL,later_pdf_word_coordinates,False,"The Soviet freighter Smela arrived at Alexandria with large crates on deck on 3 April and berthed in the port's security area. When it passed Istanbul coming out of the Black Sea, the Smela made the usual false declaration of Soviet ships carrying military equipment to Egypt--machinery for Albania. Its arrival at Alexandria brings to 18 the number of arms cargoes transported by Soviet freighters to Egypt since deliveries began last October.","The Soviet freighter Smela arrived at Alexandria with large crates on deck on 3 April and berthed in the port's security areao When it passed Istanbul coming out of the Black Sea, the Smela made the usual false declaration of Soviet ships carrying military equipment to Egypt--machinery for Albanian Its arrival at Alexandria brings .to 18 the number of arms cargoes transported by Soviet freighters to Egypt since de- liveries began last Octobero",PASS,0.933333,0.945946,0.939597,PASS,1439,0.742135,0.076822,1.0,73,73,R4
CIA-RDP79T00975A002500130001-9:5.0.0,partial_A,final_0252_386038d954,ASSIGNED_FULL,later_pdf_word_coordinates,False,"The action was approved by the cabinet on 3 April, despite the grave reservations of some members concerning Ohn's well-known pro-Soviet bias.","1 1 1 The action was approvecﬁoy the cabinet on 3 April, 1 espi e e grave reservat1ons of so concerning Ohn's well-known pro-Soviet biaso",PASS,0.607143,0.68,0.641509,PASS,1622,0.711716,0.091273,1.0,25,25,R1
CIA-RDP79T00975A002500130001-9:5.1.0,headline,final_0252_386038d954,ASSIGNED_FULL,later_pdf_word_coordinates,False,"Comment U Ohn has never concealed his pro-Communist inclinations, which have been repeatedly demonstrated by his behavior in Moscow. In contrast, U Thant--a devout Buddhist--is an older, more mature person who has been regarded as an important moderating influence on the impulsive premier.","Comment 1 U Ohn has never concealed his pro-Commu- nist inclinations, which have been repeatedly demonstrated by his behavior in Moscow; In contrast, U Thant--"" a devout Buddhist--is an older, more mature person who has been regarded as an important moderating influence on the im- pulsive premier.",PASS,0.897959,0.956522,0.926316,PASS,1622,0.711716,0.091273,1.0,47,47,R2
CIA-RDP79T00975A002500150001-7:8.0.0,partial_A,final_0253_6417688533,ASSIGNED_FULL,later_pdf_word_coordinates,False,"Egypt has, with only partial success, attempted to suspend the dispatch of raiders into Israel from Syria and Lebanon.","Esypg has, with only partial success, aﬂempteﬂo suspencftne dis- patch of raiders into Israel from Syria and Lebanon.L",PASS,0.684211,0.684211,0.684211,PASS,1840,0.78198,0.091009,1.0,18,18,R2
CIA-RDP79T00975A002500160001-6:10.0.1,partial_A,final_0254_14755c4e67,ASSIGNED_FULL,later_pdf_word_coordinates,False,Egyptian-owned MIG's are largely based in the Suez area and that El Arish is not used as a base of operations but as a refueling point. He said that the MIG's were on constant patrol over the border area and overflights were a daily occurrence.,A \E gyptian_- owned MIG's are largely based in the Suez area and that El‘ Arish is not used as a base of operations but as a refueling point. He said that the MIG's were on constant patrol overthe border area and overflights were a dailv occurrenceo,PASS,0.877551,0.895833,0.886598,PASS,1343,0.690844,0.097452,1.0,47,47,R1
CIA-RDP79T00975A002500170001-5:7.0.0,partial_D,final_0255_76961265f3,ASSIGNED_FULL,later_pdf_word_coordinates,False,"the USSR will oppose strongly any use of Western military force in the Near East,",\the USSR will oppose strongly any use of Western military force in the Near Easti,PASS,0.933333,0.933333,0.933333,PASS,1876,0.804115,0.090628,1.0,15,15,R2
CIA-RDP79T00975A002500200001-1:4.0.0,partial_A,final_0256_9cc3bd2a7a,ASSIGNED_FULL,later_pdf_word_coordinates,False,"Once the great powers become involved, there would not be much chance of keeping it confined, as was done in Korea. In the Near East, there are other considerations such as oil.","Once the great powers become involved, there would not be much chance of keeping it confined, as was done in Korea. In the Near East, there are other con- siderations such as oil. V",PASS,0.911765,0.96875,0.939394,PASS,1931,0.811345,0.085931,0.970588,33,34,R2
CIA-RDP79T00975A002500200001-1:6.0.0,partial_B,final_0257_b1c08bc2f7,ASSIGNED_FULL,later_pdf_word_coordinates,False,the East Germans are known to be preparing to establish more severe border control regulations in the five-kilometer security zone along the 700-mile Western frontier.,East Germans are known to be preparing to Sthe establish more severe border control regulations in the five-kilometer security zone alon the 700-mile Western frontier.,PASS,0.925926,0.925926,0.925926,PASS,1809,0.810121,0.096659,1.0,25,25,R2
CIA-RDP79T00975A002500210001-0:9.0.1,partial_B,final_0258_9b25d2e60d,ASSIGNED_FULL,later_pdf_word_coordinates,False,25 Egyptian-directed terrorists were recently returned from Jordan to Cairo in an Arab Legion aircraft following completion of missions in Israel.,25 Egyptian-directerLTerr0rists were recently returnecﬁrom Jordan to Cairo in an Arab Legion aircraft following completion n of missions in Israel.,PASS,0.857143,0.818182,0.837209,PASS,919,0.537427,0.10394,1.0,20,20,R1
CIA-RDP79T00975A002500210001-0:9.0.2,partial_A,final_0258_9b25d2e60d,ASSIGNED_FULL,later_pdf_word_coordinates,False,"Cairo instructed the Egyptian arms mission in Prague to increase the number of four-wheel drive military trucks under an existing contract to 500 each of the 5-ton ZIS-151 and the 2-ton GAZ-63, and added that it required 60 ambulances as well.","Cairo instructed the Egyptian arms mission in Prague 0 increase the numberof four-wheel drive military trucks under an existing contract to 500 each of the 5-ton ZIS-151 and the 2-ton GAZ-63. and added that it required 1 60 ambulances as ,we11. 1 1 1",PASS,0.857143,0.913043,0.884211,PASS,919,0.537427,0.10394,1.0,44,44,R1
CIA-RDP79T00975A002500220001-9:7.1.0,partial_C,final_0259_4c151e14b9,ASSIGNED_FULL,later_pdf_word_coordinates,False,"Since 1 April, Syrian army units along the Israeli border have been organizing patrols for infiltration of Israel for reconnaissance and harassing operations","Since 1 April, Syrian army units along the Israeli border have been organizing patrols for inﬁltration of Israel for reconnaissance and harassing",PASS,1.0,0.956522,0.977778,PASS,1057,0.583978,0.094846,1.0,22,22,R3
CIA-RDP79T00975A002500220001-9:8.0.0,partial_A,final_0260_2258224c28,ASSIGNED_FULL,later_pdf_word_coordinates,False,The officers asking for volunteers cited the need to emulate the Egyptian operations for the purpose of troop morale.,\The officers asking for vol- unteers cited the need to emulate the Egyptian operations for the purpose of troop morale.,PASS,0.9,0.947368,0.923077,PASS,939,0.542461,0.086658,1.0,20,20,R2
CIA-RDP79T00975A002500220001-9:8.0.1,partial_B,final_0260_2258224c28,ASSIGNED_FULL,later_pdf_word_coordinates,False,as of 17 April Syrian troops on the Israeli border still had orders to fire immediately should the Israelis attempt to resume their Jordan River water diversion project in the demilitarized zone.,\as of 17 April Syrian troops on the Israeli border still had orders to fire immediately should the Israelis attempt to resume their Jordan River water diversion project in the demilitarized zone.,PASS,1.0,1.0,1.0,PASS,939,0.542461,0.086658,1.0,32,32,R2
CIA-RDP79T00975A002500220001-9:8.1.0,partial_A,final_0260_2258224c28,ASSIGNED_FULL,later_pdf_word_coordinates,False,"Egyptians were taking paratroop training in Aleppo, Syria. The training was limited to the use of ground equipment, owing to the lack of aircraft, and jump training would be carried out in Egypt.","e taki ‘n g pa ratroo p 1 training in Aleppo, Syria‘. The training was limited to the use of ground equipment, owing to the lack of aircraft. and iump train- ing would be carried out in Egypt.",PASS,0.710526,0.818182,0.760563,PASS,939,0.542461,0.086658,1.0,38,38,R4
CIA-RDP79T00975A002500220001-9:8.1.1,partial_B,final_0260_2258224c28,ASSIGNED_FULL,later_pdf_word_coordinates,False,the arrival of a Saudi group in Suez suggests that it is in Egypt for some type of military training.,\the arrival of a Saudi group in Suez suggests that it is in Egypt for some type of military training.,PASS,1.0,1.0,1.0,PASS,939,0.542461,0.086658,1.0,20,20,R4
CIA-RDP79T00975A002500230001-8:10.0.1,partial_A,final_0261_1de0ba16bd,ASSIGNED_FULL,later_pdf_word_coordinates,False,"Cairo authorized the Egyptian arms mission in Prague to increase its orders for additional bloc arms to the equivalent of $84,000,000. Previous Egyptian contracts have amounted to at least $160,000,000.","Cairo authorized the Egyptian arms mission in Prague to increase its orders for additional bloc arms to the equivalent of $84,000,000.. Previous Egyptian contracts have amounted to at least $160,000,000‘)",PASS,1.0,1.0,1.0,PASS,1063,0.661893,0.083024,1.0,30,30,R2
CIA-RDP79T00975A002500230001-8:10.0.2,partial_B,final_0261_1de0ba16bd,ASSIGNED_FULL,later_pdf_word_coordinates,False,"1957 deliveries in connection with these additional orders, which constitute ""part one"" of the extended Egyptian requirements list. The ""part one"" suggests that Egypt intends eventually to order still more Soviet bloc military equipment.","1957 deliveries in connection with these additional orders, which constitute ""part one"" of the extended Egyptian requirements list, The ""part one"" suggests that Egypt intends eventually to or- der still more Soviet bloc militaryjequipmentgi",PASS,0.911765,0.911765,0.911765,PASS,1063,0.661893,0.083024,1.0,34,34,R2
CIA-RDP79T00975A002500230001-8:10.0.4,partial_B,final_0261_1de0ba16bd,ASSIGNED_FULL,later_pdf_word_coordinates,False,10 Soviet-made IL-14 twin-piston-engined transport aircraft will be delivered from Prague to Egypt in the very near future. These planes are to be flown by Egyptian crews--possibly with Soviet crews as passengers.,1.0 Soviet-made IL-14 twin-piston-engined transport aircraft will be delivered from Prague to Egypt in the very near future. These p lanes are to be flown crews as passengers.,PASS,0.878788,0.783784,0.828571,PASS,1063,0.661893,0.083024,1.0,28,28,R2
CIA-RDP79T00975A002500230001-8:10.0.5,partial_A,final_0261_1de0ba16bd,ASSIGNED_FULL,later_pdf_word_coordinates,False,Greece had granted permission to land and refuel the planes at Athens.,Greece had granted permission to land and refuel the planes at Athens 2,PASS,0.923077,1.0,0.96,PASS,1063,0.661893,0.083024,1.0,13,13,R2
CIA-RDP79T00975A002500240001-7:7.1.0,partial_A,final_0262_6165cbb7cd,ASSIGNED_FULL,later_pdf_word_coordinates,False,A Yemeni delegation headed by Imam Ahmad is meeting with King Saud and Egyptian prime minister Nasr in Riyadh to sign Saudi-Yemeni and Egyptian-Yemeni military treaties.,A Yemeni delegation headed by Imam Ahmad is meet- ing with King Saud and Egyptian prime minister Nasr in Riyadh tlan-Yemeni military treaties,PASS,0.875,0.75,0.807692,PASS,1423,0.739605,0.087056,1.0,23,23,R2
CIA-RDP79T00975A002500240001-7:7.1.1,partial_A,final_0262_6165cbb7cd,ASSIGNED_FULL,later_pdf_word_coordinates,False,Lebanon and Syria are under strong pressure from Saudi Arabia and Egypt to finalize a Lebanese-Syrian military pact which the two countries have intermittently discussed without reaching an agreement for the past five months.,Lebanon and Syria are under strong pressure from Saudi Arabia and Egypt to finalize a Lebanese-Syrian military pact which the two countries have intermittently discussed without reaching an agreement for the past five months.,PASS,1.0,1.0,1.0,PASS,1423,0.739605,0.087056,1.0,34,34,R2
CIA-RDP79T00975A002500250001-6:8.0.1,partial_B,final_0263_7a57d0b12a,ASSIGNED_FULL,later_pdf_word_coordinates,False,"that as recently as 7 April Tubman personally favored sending Liberian emissaries to Moscow and was certain that the USSR would not secure any benefit from such a visit because of Liberia's ""avid"" opposition to Communism.","as recently as April Tubman personally nding Liberian emissaries to Moscow and was certain that the USSR would not secure any benefit from such a visit because of Liberia's ""avid"" opposition to Communism.",PASS,0.970588,0.891892,0.929577,PASS,1570,0.723836,0.112859,1.0,33,33,R2
CIA-RDP79T00975A002500270001-4:9.1.1,partial_C,final_0264_5ee42bdb35,ASSIGNED_FULL,later_pdf_word_coordinates,False,"Egypt is sending an emissary to other Arab capitals to inform them of its discussions with UN secretary general Hammarskjold,",Egypt is sending an emissary to other Arab capitals to inform them of its discussions with UN secretary gen- eral Hammarskjold),PASS,0.904762,0.95,0.926829,PASS,1116,0.639908,0.084719,1.0,21,21,R3
CIA-RDP79T00975A002500270001-4:9.1.2,partial_A,final_0264_5ee42bdb35,ASSIGNED_FULL,later_pdf_word_coordinates,False,"Egypt had agreed to a proposal which would bind both sides to observe the terms of the armistice agreement, particularly Article II, to evacuate troops 500 meters each side of the demarcation line, and to remove from demilitarized zones all military or police weapons and all settlements or fortifications that have been built since the armistice.","Egypﬁhad agreecﬂo a pro- posal wn1.cn wourworn serve the terms of the armistice agreement, particularly Article II, to evacuate troops 500 meters each side of the demarcation line, and to remove from demilitarized zones all military or police weapons and all settle- ments or fortifications that have been built since the armistice,",PASS,0.811321,0.767857,0.788991,PASS,1116,0.639908,0.084719,1.0,52,52,R3
CIA-RDP79T00975A002500270001-4:9.1.3,partial_A,final_0264_5ee42bdb35,ASSIGNED_FULL,later_pdf_word_coordinates,False,"Egypt had excluded from the discussions anything connected with the Jordan River waters, the navigation of the Suez and the Gulf of Aqaba, the ending of the state of war with Israel, and any new proposals outside the scope of the Hammarskjold mission.","\Egypt had excluded from the discussions anything connected with the Jordan River waters, the navigation of the Suez and the Gulf of Aqaba, the ending of the state of war with Israel, and any e scope of the Ham- 1 marskjold mission,",PASS,0.904762,0.883721,0.894118,PASS,1116,0.639908,0.084719,1.0,42,42,R3
CIA-RDP79T00975A002500270001-4:9.1.4,partial_B,final_0264_5ee42bdb35,ASSIGNED_FULL,later_pdf_word_coordinates,False,a Jordanian mission to Cairo will co-ordinate Jordan's war plans with Egypt and Syria.,Jordanian N mission to Cairo will co-ordinate Jor- dan's war plans with Egypt and Syria.,PASS,0.823529,0.875,0.848485,PASS,1116,0.639908,0.084719,1.0,15,15,R3
CIA-RDP79T00975A002500270001-4:9.1.5,partial_A,final_0264_5ee42bdb35,ASSIGNED_FULL,later_pdf_word_coordinates,False,Jordan will ask Egypt to supply it with British arms and ammunition.,"Jordan will ask Egypt to suppl it with British arms and am- munition, M",PASS,0.714286,0.833333,0.769231,PASS,1116,0.639908,0.084719,1.0,14,14,R3
CIA-RDP79T00975A002500300001-0:10.0.0,partial_B,final_0265_779a96c60f,ASSIGNED_FULL,later_pdf_word_coordinates,False,"destroyers are to be delivered to Egypt in May. Earlier evidence indicated that Egypt had contracted for at least two destroyers and that Poland is to be the ostensible supplier. Two destroyers have also been purchased from Britain, where they are now fitting out. Delivery is expected in late summer. Two similar British destroyers sold to Israel are presently on shakedown trials in British waters and are expected to reach Israel in early June.","\destroyers are to be delivered to Egypt in May, Earlier evidence indicated that Egypt had contracted for at least two destroyers and that Poland is to be the ostensible supplier. Two destroyers have also been pur~ chased from Britain, where they are now fitting out, Delivery is expected in late summer. Two similar British destroyers sold to Israel are presently on shakedown trials in British waters and expected to reach Israel in early June.",PASS,0.972973,0.972973,0.972973,PASS,1133,0.623555,0.076638,1.0,74,74,R3
CIA-RDP79T00975A002500310001-9:8.1.1,partial_A,final_0266_cc1b7ed1f2,ASSIGNED_FULL,later_pdf_word_coordinates,False,"On 26 April, Cairo informed its arms mission in Prague that the ""air force needs airfield construction experts to advise on and supervise the construction of new bases."" Deliveries of Soviet bloc jet fighter and light bomber aircraft have over-taxed Egypt's present airfield facilities.","On 26 April, Cairo informed its arms mission in Prague that the ""air force needs airfield con- struction experts to advise on and supervise the construc- tion of new bases. Deliveries of Soviet bloc jet fighter and light bomber aircraft have over-taxed Egypt's present airfield facilities.",PASS,0.916667,0.956522,0.93617,PASS,1765,0.792546,0.086513,1.0,46,46,R4
CIA-RDP79T00975A002500320001-8:9.0.0,partial_B,final_0267_8081622c09,ASSIGNED_FULL,later_pdf_word_coordinates,False,"14 additional planes for Syria were expected to pass through Athens shortly. Syria already has 19 jet fighters, and is believed to have 36 MIG's on order from Czechoslovakia.","14 additional planes for Syria were expected to pass through Athens shortly. Syria already has 19 jet fighters, and is believed to have 36 MIG's on order from Czechoslovakia_",PASS,1.0,1.0,1.0,PASS,1581,0.800506,0.087022,1.0,29,29,R3
CIA-RDP79T00975A002500330001-7:4.0.0,partial_A,final_0268_df7a929eec,ASSIGNED_FULL,later_pdf_word_coordinates,False,The British have maintained publicly that negotiations cannot be resumed until terrorism on Cyprus has been suppressed.,"The British have maintained publicly that negotiations cannot be resumed until terrorism on Cyprus has been suppressed,",PASS,1.0,1.0,1.0,PASS,2075,0.845214,0.077989,1.0,17,17,R3
CIA-RDP79T00975A002500340001-6:11.1.0,partial_A,final_0269_66a8b307c0,ASSIGNED_FULL,later_pdf_word_coordinates,False,Greece has granted permission to the Egyptian government for overflight of Greek territory by about 20 Soviet-made IL-14 piston-engined transports. The planes are to have Egyptian markings and are to be flown by Egyptian crews.,April.1 .1 iii Greece has granted permission. to the Egyptian government for overflight of Greek territory by about 20 Soviet-made IL-14 piston- engined transports. The planes are to have Egyptian markings and are to be flown by Egyptian crews.,PASS,0.904762,1.0,0.95,PASS,1167,0.638054,0.080846,0.974359,38,39,R3
CIA-RDP79T00975A002500340001-6:11.1.1,partial_B,final_0269_66a8b307c0,ASSIGNED_FULL,later_pdf_word_coordinates,False,the first group of ten IL-14's would be ready for delivery as soon as Egyptian flight crews had received the necessary two-week training. Delivery of these ten can thus be expected at any time.,1the first group oﬁen IL- 14's would be ready for delivery as soon as Egyptian flight crews had received the necessary two-week training. Delivery I 1'1 1,PASS,0.8,0.648649,0.716418,PASS,1167,0.638054,0.080846,1.0,27,27,R3
CIA-RDP79T00975A002500340001-6:11.2.0,partial_B,final_0269_66a8b307c0,ASSIGNED_FULL,later_pdf_word_coordinates,False,three Syrian officers will study for a week at the mobilization offices of the Egyptian army and that two other Syrian officers will undertake training at an Egyptian antiaircraft artillery school.,I1 1 1 1 1 three Syrian officers will study for a week at the mobilization offices of the Egyptian army and that two other Syrian officers will undertake training at an Egyptian anti- 1 aircraft artillery school.,PASS,0.789474,0.967742,0.869565,PASS,1167,0.638054,0.080846,1.0,38,38,R5
CIA-RDP79T00975A002500360001-4:10.0.1,partial_B,final_0270_6a8aecb28f,ASSIGNED_FULL,later_pdf_word_coordinates,False,a reconnaisance of the Gaza and Negev areas disclosed that large armed forces remain bivouacked just north of the Gaza strip.,1 1 L \a recomiaisance of the Gaza and Negev areas disclosed that large armed forces remain .bivouacked just north of the Gaza,PASS,0.826087,0.904762,0.863636,PASS,1334,0.752397,0.082665,1.0,23,23,R6
CIA-RDP79T00975A002500360001-4:10.0.2,partial_B,final_0270_6a8aecb28f,ASSIGNED_FULL,later_pdf_word_coordinates,False,a heavy movement of troops and equipment from the Gedera area south to Beersheba.,e ui men t f rom th strip.a e G e <1 era area south to Beershebaa,PARTIAL_OCR_MATCH,0.222222,0.285714,0.25,PASS,1334,0.752397,0.082665,1.0,17,17,R6
CIA-RDP79T00975A002500360001-4:10.0.3,partial_B,final_0270_6a8aecb28f,ASSIGNED_FULL,later_pdf_word_coordinates,False,"a very large number of military and requisitioned civilian vehicles were seen, many of them identified as from the motor vehicle park near Tel Aviv, now virtually empty.","very large number of military and requisitioned civilian za vehicles were seen, many ofthe-im identified as from the motor vehicle park near Tel-Aviv, now virtually emptyo",PASS,0.857143,0.857143,0.857143,PASS,1334,0.752397,0.082665,1.0,26,26,R6
CIA-RDP79T00975A002500370001-3:10.0.0,partial_A,final_0271_2112304518,ASSIGNED_FULL,later_pdf_word_coordinates,False,"According to this unconfirmed report, the Egyptian army chief of staff will visit Jordan at the end of May to discuss implementation of the agreement.","According to this unconfirmed report, the Egyptian army chief of staff will visit Jordan at the end of May to discuss im- plementation of the agreement,",PASS,0.923077,0.96,0.941176,PASS,1694,0.809751,0.079363,1.0,26,26,R1
CIA-RDP79T00975A002500370001-3:10.0.1,partial_B,final_0271_2112304518,ASSIGNED_FULL,later_pdf_word_coordinates,False,the Egyptian air force is now conducting radar bombing practice with its IL-28 jet bombers. Difficulty in target identification by radar reportedly resulted in bombs being dropped dangerously close to the Egyptian rocket testing installation south of Cairo.,"the Egyptian air force is now conducting radar bombing prac- tice with its IL-28 jet bombers, Difficulty in target identifi- cation by radar reportedly resulted in bombs being dropped dangerously close to the Egyptian rocket testing installation south of Cairo.",PASS,0.902439,0.948718,0.925,PASS,1694,0.809751,0.079363,1.0,40,40,R1
CIA-RDP79T00975A002500370001-3:10.0.2,partial_C,final_0271_2112304518,ASSIGNED_FULL,later_pdf_word_coordinates,False,"The Jordanian military mission which visited Egypt will also visit Saudi Arabia,",The Jordanian military mission which visited Egypt will also visit Saudi ArabiaJ,PASS,0.916667,0.916667,0.916667,PASS,1694,0.809751,0.079363,1.0,12,12,R1
CIA-RDP79T00975A002500410001-8:13.0.1,partial_B,final_0272_7c69fcf15b,ASSIGNED_FULL,later_pdf_word_coordinates,False,"the six Vampire jet fighters with Syrian markings which landed for refueling in Athens on 26 April, presumably on their way to Syria, were delivered to Syrian air force officers training in Egypt.","six Vampire jet fighters withSyrian markings which Zihe landed for refueling in Athens .on 26 April, presumably on their way to Syria, were delivered to Syrian air force officers train- ing in Egypt,",PASS,0.878788,0.878788,0.878788,PASS,1547,0.765463,0.090736,1.0,33,33,R2
CIA-RDP79T00975A002500410001-8:13.0.2,partial_B,final_0272_7c69fcf15b,ASSIGNED_FULL,later_pdf_word_coordinates,False,they were delivered under an old contract and added that 12 more aircraft were included in the contract for future delivery.,they were delivered under an old I contract and added that 12 mo contract for future delivery‘.,PASS,0.882353,0.714286,0.789474,PASS,1547,0.765463,0.090736,1.0,17,17,R2
CIA-RDP79T00975A002500550001-3:14.0.0,partial_A,final_0273_cd1b15ef8f,ASSIGNED_FULL,later_pdf_word_coordinates,False,"The announcement did not indicate the purpose of the road blocks, but Israel has closed roads in the past for military movements and maneuvers.","The announcement did not indicate the purpose of the road blocks, but Israel has closed roads in the past for militarv movements and",PASS,0.956522,0.916667,0.93617,PASS,1346,0.701042,0.116041,1.0,23,23,R2
CIA-RDP79T00975A002600010001-1:11.0.1,partial_B,final_0274_c73610e406,ASSIGNED_FULL,later_pdf_word_coordinates,False,news of this deal was released by mistake by the Egyptian radio.,mew released by mistake by the Egyptian“ radio 1,PASS,0.777778,0.583333,0.666667,PASS,1272,0.602273,0.071324,1.0,9,9,R1
CIA-RDP79T00975A002600010001-1:11.0.2,partial_A,final_0274_c73610e406,ASSIGNED_FULL,later_pdf_word_coordinates,False,A usually reliable source reports that the 66 Soviet air technicians who arrived in Egypt on 9 May departed on 16 May.,"-A usually reliatile source'reports fnaffne 66-Soviet air technicians who arrived in Egypt on 9 May de- parted on .16 May,",PASS,0.818182,0.818182,0.818182,PASS,1272,0.602273,0.071324,1.0,20,20,R1
CIA-RDP79T00975A002600010001-1:11.0.3,partial_B,final_0274_c73610e406,ASSIGNED_FULL,later_pdf_word_coordinates,False,the technicians may have come to Cairo regarding plans for a proposed Moscow-Cairo direct commercial air connection. The field comments there is a possibility that this report may be an official cover-up explanation for the Soviet crews who accompanied the recent delivery of IL-14 transport aircraft.,\the technicians may have come to Cairo regarding plans .for a proposed Moscow- Cairo direct commercial air connection. The field comments there is a possibility that this report may be an official cover- up explanation for the Soviet crews who accompanied the recent 1 delivery of IL-14 transport aircraft.,PASS,0.98,1.0,0.989899,PASS,1272,0.602273,0.071324,1.0,49,49,R1
CIA-RDP79T00975A002600030001-9:12.0.0,partial_B,final_0276_25c18403a4,ASSIGNED_FULL,later_pdf_word_coordinates,False,"the Soviet merchant ship Kaliningrad between 19 and 25 May discharged at Alexandria 120 artillery pieces, ""each with a 20-foot barrel with a muzzle brake and rounded shield""; two crated MIG's and cases of spare parts. Prior to its arrival in Alexandria, the Kaliningrad unloaded a shipment of arms for Syria at the Syrian port of Latakia.","th9 S,,oviet- merchant ship Kaliningrad between 19 and 2,5 May dis- charged at Alexandria 120 artillery pieces, ""each with a 20-=foot barrel with a muzzle brake and rounded shield""; two crated MIG's and cases of spare parts. Prior to its arrival in Alex- andria, the.Kaliningrad unloaded a shipment of arms for Syria i, 1 at the Syrian port of Latakia.",PASS,0.830769,0.915254,0.870968,PASS,2629,0.82699,0.063602,1.0,60,60,R2
CIA-RDP79T00975A002600030001-9:6.0.0,headline,final_0275_5130e7e87e,ASSIGNED_FULL,later_pdf_word_coordinates,False,"There continue to be at least six Chinese armies stationed in North and Northeast China. Troop strength in North Korea is estimated at about 650,000, of which 300,000 are Chinese Communists. UN and South Korean ground forces total approximately 700,000. The North Korean air force, which includes 230 jet fighters and 65 jet light bombers, is far superior to the South Korean air force.","There continue to be at least six Chinese armies stationed in North and Northeast China. Troop strength in..North Korea is estimated at about 650,000. of which 300,000 are Chinese Communists. UN and South Korean ground forces total approximately 700,000. The North Korean air force, which includes 230 jet fighters and 65 jet light bombers, is far superior to the South Korean air force.",PASS,1.0,1.0,1.0,PASS,2747,0.83699,0.064818,1.0,63,63,R2
CIA-RDP79T00975A002600050001-7:9.0.0,partial_A,final_0277_c2ba43d9b7,ASSIGNED_FULL,later_pdf_word_coordinates,False,"Israeli authorities are not interested in buying small arms because present supplies are sufficient, but would be interested in offers of heavy arms such as tanks, field artillery and jet fighters. It is therefore possible that Israeli production of light arms is now adequate to meet replacement needs.","\1srael1 aufnoritres ested in buying small arms because present supplies are sufficient, but would be interested in offers of heavy arms ""such as tanks, field 1 artillery and jet fighters, It is therefore possible that Israeli pro»-= is now adequate to meet replacement needs.",PASS,0.886364,0.8125,0.847826,PASS,2476,0.852324,0.065621,1.0,44,44,R3
CIA-RDP79T00975A002600070001-5:6.1.0,headline,final_0278_48b824a795,ASSIGNED_FULL,later_pdf_word_coordinates,False,Wehner is a freewheeling left-wing Socialist whose ideas on reunification are much more radical than his party's.,Wehner is a freewheeling ist whose ideas on reunification are much more radical than his party's._,PASS,0.941176,0.842105,0.888889,PASS,2444,0.834985,0.06932,1.0,16,16,R5
CIA-RDP79T00975A002600080001-4:12.2.0,partial_A,final_0279_2f3a668a25,ASSIGNED_FULL,later_pdf_word_coordinates,False,These are probably the two Skoryy-class destroyers recently reported as having left the Baltic and believed heading for Egypt.,These are probably the two Skoryy—class destroyers recently reported as having left the Baltic and believed heading for Egypt.,PASS,0.947368,0.9,0.923077,PASS,3716,0.924378,0.055723,1.0,19,19,R3
CIA-RDP79T00975A002600090001-3:9.0.1,partial_C,final_0280_cde743ffaa,ASSIGNED_FULL,later_pdf_word_coordinates,False,"The Jordanian army is recruiting and training fedayeen at five schools,","The -Jordanian army is recruiting and train- ing -fedayeen at five schools,",PASS,0.833333,0.909091,0.869565,PASS,2273,0.8066,0.06322,1.0,12,12,R1
CIA-RDP79T00975A002600090001-3:9.0.2,partial_B,final_0280_cde743ffaa,ASSIGNED_FULL,later_pdf_word_coordinates,False,"the graduates will be sent gradually into Israel, adding that these fedayeen have no connection with Egypt's fedayeen activities, which are under the control of the Egyptian military attaché.","1the graduates will e -sent-gradually into Israel, adding that these fedayeen have no connection with Egypt's fedayeen activities which are under the 1 control of the Egyptian militarv attache.",PASS,0.870968,0.9,0.885246,PASS,2273,0.8066,0.06322,1.0,29,29,R1
CIA-RDP79T00975A002600100001-1:4.0.0,partial_A,final_0281_7894dde330,ASSIGNED_FULL,later_pdf_word_coordinates,False,"A year ago, when arms negotiations between Egypt and the West were faltering, Shepilov negotiated the Czech arms deal in Cairo.","A year ago, when arms negotiations between Egypt and the West were faltering,‘ Shepilov negotiated the Czech arms deal"" in. Cairo.",PASS,1.0,1.0,1.0,PASS,2278,0.844955,0.061601,1.0,21,21,R2
CIA-RDP79T00975A002600170001-4:4.0.0,partial_A,final_0282_be05cbfc63,ASSIGNED_FULL,later_pdf_word_coordinates,False,Togliatti meanwhile has been under considerable attack within the party for not having been frank enough with its members both during the Stalin era and immediately after his return from the 20th Party Congress.,Togliatti meanwhile has been under considerable attack within the party -for not having been frank enough with its members both during the Stalin era and immediately after his return from the 20th Party Congress.,PASS,1.0,1.0,1.0,PASS,3292,0.904644,0.053606,1.0,34,34,R2
CIA-RDP79T00975A002600180001-3:5.0.0,partial_A,final_0283_9ff0dd6210,ASSIGNED_FULL,later_pdf_word_coordinates,False,"France's willingness to open negotiations with Peiping for an exchange of commercial representatives was a ""first step"" toward resumption of diplomatic relations.","France's willingness to n exchange of commer- cial representatives was a ""first step"" toward resumption of diplomatic relations.",PASS,0.842105,0.695652,0.761905,PASS,3298,0.897171,0.060764,1.0,18,18,R3
CIA-RDP79T00975A002600190001-2:5.0.0,partial_C,final_0284_0ccbbc4a57,ASSIGNED_FULL,later_pdf_word_coordinates,False,"India has signed a contract for about 100 French Mystere fighter planes,","India has signed a contract for about 100 French Mystere fighter planes,",PASS,1.0,1.0,1.0,PASS,2752,0.83928,0.04544,1.0,12,12,R2
CIA-RDP79T00975A002600190001-2:5.0.2,partial_A,final_0284_0ccbbc4a57,ASSIGNED_FULL,later_pdf_word_coordinates,False,India will also sign a contract with Britain for the delivery of 30 Gnat fighters and for construction of Gnats in India under license.,India will also sign a contract with B’ritain for the delivery of 30 Gnat fighters and for construction of Gnats in India under license.,PASS,1.0,1.0,1.0,PASS,2752,0.83928,0.04544,1.0,24,24,R2
CIA-RDP79T00975A002600200001-0:7.0.0,partial_B,final_0285_0e0fa3d638,ASSIGNED_FULL,later_pdf_word_coordinates,False,"the value of agreements already signed in the Syrian-Soviet bloc arms deal is at least $24,000,000. The Syrians have allocated a total of $36,500,000 for the entire deal.","lthe value of agreements already signed in the Syrian-Soviet bloc arms deal is at least $24,000,000. The Syrians have allocated a total of $36,500,000 for the entire deal.",PASS,0.969697,0.969697,0.969697,PASS,2719,0.877097,0.054849,1.0,28,28,R2
CIA-RDP79T00975A002600210001-9:10.0.0,partial_C,final_0286_7aaf16fde5,ASSIGNED_FULL,later_pdf_word_coordinates,False,"Egypt has no intention of risking war with Israel ""at the moment,""","Egypt has no intention of risking war with Israel ""at the moment,""",PASS,1.0,1.0,1.0,PASS,2879,0.864824,0.053597,1.0,12,12,R1
CIA-RDP79T00975A002600210001-9:10.0.1,partial_B,final_0286_7aaf16fde5,ASSIGNED_FULL,later_pdf_word_coordinates,False,"training in the use of Soviet bloc arms has been delayed because of delays in delivery of some of the equipment, and the state of transport is such that no large-scale movements could be attempted successfully at present.","training in the use of Soviet bloc arms has been delayecﬁaecause of delays in delivery of some of the equipment, and the state of transport is such that no large-sc eeiwllv",PASS,0.90625,0.74359,0.816901,PASS,2879,0.864824,0.053597,1.0,31,31,R1
CIA-RDP79T00975A002600230001-7:5.0.1,partial_B,final_0287_f45bc8d2a8,ASSIGNED_FULL,later_pdf_word_coordinates,False,"ranging from Socialist Party to conservative deputies, strongly oppose actions which might weaken ties between France and NATO and especially with the United States and Britain.","\ranging from Socialist Party to conservative deputies, strongly oppose actions which might weaken ties between France an.d NATO and especially with the -United States and Britain.",PASS,0.925926,0.961538,0.943396,PASS,3551,0.923057,0.058518,1.0,26,26,R2
CIA-RDP79T00975A002600270001-3:13.0.0,partial_B,final_0289_9a53d89de9,ASSIGNED_FULL,later_pdf_word_coordinates,False,it urged American petroleum company officials not to grant wage rises to striking petroleum workers and assured the company of firm support against the wage demands.,it urged American petroleum company officials not to grant wage rises to striking petroleum workers and against the wage demands.,PASS,1.0,0.769231,0.869565,PASS,3324,0.906463,0.066457,1.0,20,20,R1
CIA-RDP79T00975A002600270001-3:6.0.1,partial_B,final_0288_f174ebbf8c,ASSIGNED_FULL,later_pdf_word_coordinates,False,"made generous offers of economic aid, arms and increased trade and pressed for a Soviet-Lebanese cultural agreement. However, none of the offers was specific. Lebanese officials, bolstered by the recent announcement of American aid, adopted a noncommittal attitude and agreed only to study the proposals.","made generous offers of economic aid, arms -and increased trade and pressed for a Soviet-Lebanese cultural agreement. However, none of the offers was specific. Lebanese officials, bolstered by the recent announcement of American aid, adopted a noncommittal attitude and agreed only to study the proposals.",PASS,1.0,1.0,1.0,PASS,3152,0.882172,0.057107,1.0,45,45,R2
CIA-RDP79T00975A002600300001-9:7.0.1,partial_B,final_0290_69d24dbe1c,ASSIGNED_FULL,later_pdf_word_coordinates,False,"to report on the prevailing attitudes and reactions regarding the riots in Poznan. The instructions emphasized the importance of estimating the attitude of the populace and detecting any ""deviations among comrades and workers.""","to report on the prevailing attitudes and reactions regarding the riots in Poznan. The instructions emphasized the importance of estimating the attitude of the populace and detecting any ""deviations among comrades and workers.""",PASS,1.0,1.0,1.0,PASS,2538,0.817918,0.055384,1.0,33,33,R2;R3
CIA-RDP79T00975A002600300001-9:7.0.2,partial_B,final_0290_69d24dbe1c,ASSIGNED_FULL,later_pdf_word_coordinates,False,"while it is not yet possible to evaluate the entire situation, most workers ""correctly recognize fascist provocation for what it is."" A few workers, however, had expressed the opinion the Polish uprising was justified and that it would sweep through Czechoslovakia and into East Germany.","while it is not yet possible to evaluate the entire -situation, most workers ""correctly recognize fascist provo- cation for what it is."" A fewworkers, however, had expressed the opinion the Polish uprising was justified and that it would sweep through Czechoslovakia and into East Germany.",PASS,0.933333,0.933333,0.933333,PASS,2538,0.817918,0.055384,0.977778,44,45,R2;R3
CIA-RDP79T00975A002600310001-8:10.0.0,partial_A,final_0291_2b70e280f1,ASSIGNED_FULL,later_pdf_word_coordinates,False,"It is not yet known whether Badr was successful in getting arms or in persuading the USSR to prospect for oil on the Kamaran Islands, which are now claimed by both Britain and Yemen.","It is not yet known whether -Badr was successful in getting arms or in persuading the USSR to prospect for oil on the Kamaran Islands, (which are now claimed both Britain and Yemeni,",PASS,0.969697,0.941176,0.955224,PASS,2649,0.85314,0.08385,1.0,33,33,R2
CIA-RDP79T00975A002600350001-4:9.0.1,partial_C,final_0292_ecc84f8e02,ASSIGNED_FULL,later_pdf_word_coordinates,False,"Saudi Arabia has installed an unspecified number of 25-pounder medium artillery pieces within easy range (8 kilometers) of the Israeli port of Eilat at the head of the Gulf of Aqaba,","Saudi Arabia has installed an unspecified number of 25-pounder medium artillery pieces within easy range (8 kilometers) of the Israeli port of Eilat at the head of the Gulf of Aqaba,",PASS,1.0,1.0,1.0,PASS,1629,0.697047,0.053514,1.0,31,31,R1
CIA-RDP79T00975A002600350001-4:9.0.2,partial_A,final_0292_ecc84f8e02,ASSIGNED_FULL,later_pdf_word_coordinates,False,"Installation of the guns was stated to have been undertaken in consultation with the Egyptians. They are reported to have been mounted in emplacements reinforced with corrugated sheeting, sandbags and earthworks.","In- stallation oﬁhe guns was stateﬁo have been undertaken in consul- tation with the Egyptians. They are reported to have been mounted in emplacements reinforced with corru ated sheeting, sandbags and earthworkst",PASS,0.71875,0.741935,0.730159,PASS,1629,0.697047,0.053514,1.0,32,32,R1
CIA-RDP79T00975A002600350001-4:9.0.3,partial_A,final_0292_ecc84f8e02,ASSIGNED_FULL,later_pdf_word_coordinates,False,"""armored emplacements,"" which have not yet been completed because of delays in the arrival of laborers. These emplacements are now under construction south of Al Brij, at Haqal, and Shaikh Hamid--points on the Saudi coast of the Gulf of Aqaba.","""armored emplacements,"" gw which have not yet been completed because of delays in the arrival of laborerso These emplacements are now under construction south of Al Brij, at Haqal, and Shaikh Hamid-<=pointTmLLtie Saudi coast of the Gulf of Aqabau",PASS,0.9,0.878049,0.888889,PASS,1629,0.697047,0.053514,1.0,39,39,R1
CIA-RDP79T00975A002600420001-6:4.0.0,headline,final_0293_8900eab2e2,ASSIGNED_FULL,later_pdf_word_coordinates,False,"The Saudis have asked $50,000,000 a year--or the equivalent in arms--for a new five-year agreement.","The Saudis have asked $50,000,000 a year--or the equivalent in arms-- for a new five-year agreement.",PASS,1.0,1.0,1.0,PASS,3479,0.916008,0.065565,1.0,16,16,R2
CIA-RDP79T00975A002600470001-1:8.0.1,partial_A,final_0294_b215cc6a1e,ASSIGNED_FULL,later_pdf_word_coordinates,False,"The death of Lt. Col. Mustafa, Egyptian military attaché in Jordan and director of terrorist activity against Israel from Jordan, moved the Cairo press to call for revenge. Although evidence remains circumstantial, Egypt considers Israel responsible for the recent killing of Egyptian terrorist leaders with bombs sent in parcels through the mail.","The death of Lt. C010 Mustafa, Egyptian -military attaché in Jordan and director of terrorist activity against Israel from J ordan, moved the Cairo press to call for revenge. Although evidence remains circumstantial, Egypt considers Israel responsible for the recent killing of Egyptian terrorist leaders with bombs sent in parcels through the mail.",PASS,0.943396,0.961538,0.952381,PASS,2153,0.776696,0.054048,1.0,53,53,R2
CIA-RDP79T00975A002600550001-2:8.0.0,partial_B,final_0295_316622b921,ASSIGNED_FULL,later_pdf_word_coordinates,False,there was no sign of similar disturbances elsewhere in the country.,\there was no sign of similar disturb- ances elsewhere in the country.,PASS,0.833333,0.909091,0.869565,PASS,1950,0.762612,0.082522,1.0,12,12,R2
CIA-RDP79T00975A002600550001-2:8.0.1,partial_B,final_0295_316622b921,ASSIGNED_FULL,later_pdf_word_coordinates,False,planned attacks in San Pedro Sula and Puerto Cortes on the north coast.,planned attacks in San Pedro Sula and Puerto Cortes on the north coast.,PASS,1.0,1.0,1.0,PASS,1950,0.762612,0.082522,1.0,13,13,R2
CIA-RDP79T00975A002600550001-2:8.0.2,box_hid_more,final_0295_316622b921,ASSIGNED_FULL,later_pdf_word_coordinates,False,Honduran foreign minister Mendoza is reported to have said that the rebel group was comprised of supporters of Liberal party chief Villeda Morales. He also stated that ex-dictator Carias was not involved and that a group of his followers had offered Chief of State Lozano their complete support.,Honduran foreign minister Mendoza is reported to have said that the rebel group was comprised of supporters of Liberal party chief Villeda .Morales.. He also stated that ex-dictator Carias was not involved and that a. group of his followers had offered Chief of State Lozano their complete support.,PASS,1.0,1.0,1.0,PASS,1950,0.762612,0.082522,1.0,48,48,R2
CIA-RDP79T00975A002700210001-8:7.0.0,headline,final_0296_49dae24395,ASSIGNED_FULL,later_pdf_word_coordinates,False,"Comment The first in the current series of Soviet nuclear tests occurred on 24 August at Semipalatinsk and produced a yield of approximately 100 kilotons. The estimated yield of the most recent test probably falls in the range of 500 to 1,000 kilotons. Three previous tests during February and March of this year all produced yields of less than 30 kilotons.","Comment The first in the current series of Soviet nuclear tests occurred on 24 August at Semipalatinsk and produced a yield of approximately 100 kilotons. The estimated yield of the most recent test. probably falls in the range of 500 to 1,000 kilotons. Three previous tests during February and March of this year all produced yields of less than 30 kilotons.",PASS,1.0,1.0,1.0,PASS,1697,0.804647,0.084822,1.0,61,61,R2
CIA-RDP79T00975A002700210001-8:9.0.0,partial_B,final_0297_f1e213b194,ASSIGNED_FULL,later_pdf_word_coordinates,False,"the Indonesians had refused to be stampeded into signing an aid agreement with the USSR, and were holding out for restrictions which would severely circumscribe Soviet activities.","\the Indo- nesians had refused to be stampeded into signing an aid agreement with the USSR, and were holding out for re- r strictions which would severely circumscribe Soviet ac- tivities.",PASS,0.774194,0.888889,0.827586,PASS,1847,0.817618,0.09374,1.0,31,31,R2
CIA-RDP79T00975A002700240001-5:4.0.0,partial_A,final_0298_08a88700ad,ASSIGNED_FULL,later_pdf_word_coordinates,False,Parliament will be in session on the eve of what is widely regarded as the critical mid-September period. British military plans for action against Egypt call for completion of the build-up by 15 September.,"Parliament will be in session on the eve of what is widely regarded as the critical mid-September ""period. British military plans for action against E t call for completion of the build-up by 15 September.",PASS,0.945946,0.972222,0.958904,PASS,1500,0.7109,0.090984,1.0,35,35,R3
CIA-RDP79T00975A002700240001-5:4.0.1,partial_D,final_0298_08a88700ad,ASSIGNED_FULL,later_pdf_word_coordinates,False,"the 3rd Infantry Division, which is now in readiness near Southampton,",the 3rd Inf tr Division which is now in rea I the,PASS,0.583333,0.636364,0.608696,PASS,1500,0.7109,0.090984,1.0,12,12,R3
CIA-RDP79T00975A002700240001-5:4.0.2,partial_B,final_0298_08a88700ad,ASSIGNED_FULL,later_pdf_word_coordinates,False,the division is to move to the Middle East immediately if the Menzies talks appear likely to fail.,the division is to move to the Q ‘Middle East immediately if the Menzies talks appear likely,PASS,0.941176,0.888889,0.914286,PASS,1500,0.7109,0.090984,1.0,17,17,R3
CIA-RDP79T00975A002700240001-5:7.0.0,headline,final_0299_81f0eb9521,ASSIGNED_FULL,later_pdf_word_coordinates,False,"On 30 August Lebanese army units were reportedly instructed to ""stand by"" because of government fears that the Suez Canal dispute might instigate local strife between Christians and Moslems.","On 30 August Lebanese army units were reportedly instructed to ""stand by"" because of government fears that the Suez Canal dis=- pute might instigate local strife between Christians and Moslems.",PASS,0.933333,0.965517,0.949153,PASS,1810,0.806595,0.085656,1.0,30,30,R2
CIA-RDP79T00975A002700250001-4:10.0.1,partial_A,final_0301_69c8aa3707,ASSIGNED_FULL,later_pdf_word_coordinates,False,"Mao Tse-tung told the Laotians that, although Communist China desired to negotiate with Chiang Kai-shek, it was in no hurry. This playing down of the urgency of the Taiwan problem is in contrast to former Chinese Communist statements which stressed the ""inevitable"" early ""liberation of Taiwan.""","3. Mao Tse-tung told the Laotians that, although Communist China desired to negotiate with Chiang Kai-shek, it was in no hurry. This playing down of the urgency of the Taiwan problem is in contrast to former Chi- nese Communist statements which stressedthe ""inevitable"" early ""liberation of Taiwan!‘",PASS,0.918367,0.9375,0.927835,PASS,1659,0.750679,0.099906,1.0,47,47,R3
CIA-RDP79T00975A002700250001-4:6.0.0,partial_A,final_0300_f780953951,ASSIGNED_FULL,later_pdf_word_coordinates,False,"Representatives of the union, the university students' strike committee, and opposition leaders--including two former presidents--met and decided on 4 September to co-operate in a joint strike program and to attack the Panama National Guard headquarters and other public buildings.","Representatives of the union, the imiversity students‘ strike committee, and opposition leaders--including two former presidents.--met and de- cided on :4 September to co-operate in a jointistrike pro- gram and to -attack the Panama -National Guard headquarters The",PASS,0.825,0.785714,0.804878,PASS,1171,0.637106,0.08768,1.0,37,37,R2
CIA-RDP79T00975A002700250001-4:6.0.1,partial_B,final_0300_f780953951,ASSIGNED_FULL,later_pdf_word_coordinates,False,"the student leaders obtained a promise from the others at the meeting for support in demonstrations against the American embassy, ""including possible violence."" These actions are allegedly planned for sometime between 5 and 12 September.","-National Guard headquarters The studenﬁeaders the meeting for sup- port in demonstrations against the American embassy, ""including possible violenceJ' These actions are allegedly planned for sometime between 5 and 12 September. The",PASS,0.75,0.685714,0.716418,PASS,1171,0.637106,0.08768,1.0,32,32,R2
CIA-RDP79T00975A002700270001-2:6.0.0,headline,final_0302_ccaa5a51d1,ASSIGNED_FULL,later_pdf_word_coordinates,False,"according to the American army attaché in Buenos Aires. He predicts ""trouble"" in several provinces by 11 September,","according to the American army attache in Buenos ""Aires. He predicts ""trouble"" in sev- eral provinces by 11.-September,",PASS,0.894737,0.944444,0.918919,PASS,1707,0.769959,0.100654,1.0,18,18,R1
CIA-RDP79T00975A002700320001-6:10.0.0,partial_A,final_0303_de1f047282,ASSIGNED_FULL,later_pdf_word_coordinates,False,Comment Egypt has received offers from pilots of many nations. Earlier this month Cairo was postponing acceptance of Soviet bloc candidates.,Comment Egypt has received offers from pilots of many nations. Earlier this month Cairo was postponing acceptance,PASS,1.0,0.809524,0.894737,PASS,1352,0.656311,0.11084,1.0,17,17,R2
CIA-RDP79T00975A002700320001-6:10.0.1,partial_C,final_0303_de1f047282,ASSIGNED_PARTIAL,later_pdf_word_coordinates,False,Egypt requested five qualified Polish pilots but asked that the departure of other applicants be postponed,Egypt requested qualified -Polish pilots applicants be postponed 15 Sept 56 Current,PARTIAL_OCR_MATCH,0.666667,0.5,0.571429,PASS,1352,0.656311,0.11084,0.666667,8,12,R2
CIA-RDP79T00975A002700320001-6:17.0.1,partial_B,final_0304_f68a8a4f04,ASSIGNED_FULL,later_pdf_word_coordinates,False,"the bulk of the Jordanian army has moved in recent days into West Jordan and that there is always a possibility that the Jordanian army ""will take matters into its own hands, causing a major action.""","lthe bulk of theJor- danian,r.ar,my"" has moved in recent days into West Jordan and that there matters is away into 1 its st aposs own ha ib°lit n i ds y, c ausing th a tth e a J major or",PASS,0.386364,0.472222,0.425,PASS,1598,0.789916,0.078343,1.0,41,41,R1
CIA-RDP79T00975A002700320001-6:17.0.2,partial_B,final_0304_f68a8a4f04,ASSIGNED_FULL,later_pdf_word_coordinates,False,nly limited and sporadic retaliation for the recent Israeli attacks in the form of fedayeen terrorist activity.,limited and sporadic retali- “Ply ation for the recenﬂsraeii attac in the form of fedayeen terror- ist activityr,PASS,0.555556,0.588235,0.571429,PASS,1598,0.789916,0.078343,1.0,18,18,R1
CIA-RDP79T00975A002700320001-6:17.0.3,partial_B,final_0304_f68a8a4f04,ASSIGNED_FULL,later_pdf_word_coordinates,False,"there were no signs of a large-scale mobilization of Israeli forces, but that very heavy concentrations of Israeli troops had been observed in the Beersheba area.","\there were no signs of a large-scale mobilization of Israeli forces, but that very heavy con- centr oons had been observed in the Beersheba",PASS,0.88,0.814815,0.846154,PASS,1598,0.789916,0.078343,1.0,24,24,R1
CIA-RDP79T00975A002700440001-3:5.0.0,partial_A,final_0305_6d994dc547,ASSIGNED_FULL,later_pdf_word_coordinates,False,Tito proposed such an organization when he was in Moscow in June but was turned down by Khrushchev. A sticking-point might have been a desire by Tito to include non-Communist Socialist parties.,\Tito proposed such an organization when he was in Moscow in June but was turned down by Khrushchev. A sticking-point might have been a de- sire by Tito to include non-Communist Socialist parties.,PASS,0.942857,0.970588,0.956522,PASS,1679,0.794605,0.082581,1.0,33,33,R3
CIA-RDP79T00975A002700450001-2:8.0.0,headline,final_0306_b6ecdb76b9,ASSIGNED_FULL,later_pdf_word_coordinates,False,"On 5 September, the president told his staff that if the opposition continues to collaborate with the ""Japanese and Communists,"" the government will have to take action. He added that Chang ""must pay the price one way or another.""","On 5 September, the president told his staff that if the opposition continues to collaborate with the ""Japanese and Communists,"" the gov- ernmentwill have to take actiono He added that Chang ""must pay the price one way or another.""",PASS,0.923077,0.923077,0.923077,PASS,1716,0.805256,0.089367,1.0,39,39,R3
CIA-RDP79T00975A002700490001-8:5.0.0,headline,final_0307_28290369b3,ASSIGNED_FULL,later_pdf_word_coordinates,False,"Comment Britain is probably assisting Iraq to strengthen its influence in Jordan in order to be in a position to profit from an eventual partition of Jordan and to strengthen Iraq as a counterweight to Egypt. In addition to recent diplomatic moves aimed at promoting the proposed Iraqi troop movement, the British are evidently active in Jordan itself on Iraq's behalf.","Comment Britain is probably assisting Iraq to strengthen its influence in Jordan in order to be in a position to profit from an eventual parti- -tion of Jordan and to strengthen Iraq as a counterweight to --Egypt. In addition to recent diplomatic moves aimed at promoting the proposed Iraqi troop movement, the British are evidently active in Jordan itself on Iraq's behalfo",PASS,0.952381,0.967742,0.96,PASS,1686,0.75,0.085652,1.0,62,62,R3
CIA-RDP79T00975A002700520001-4:5.0.0,headline,final_0308_244f5f3bca,ASSIGNED_FULL,later_pdf_word_coordinates,False,"He reports that an Israeli infantry brigade was mobilized on the night of 4-5 October, that an artillery battalion left for an unknown destination on 7 October, that troops were headed north by train on the same date, that an armored brigade was mobilizing and tanks were being removed from storage on the 8th.","He reports that an Israeli u“ as -mobilized on the night of 4-5 October, that an artillery battalion left for an unknown destination on 7 October, that troops were headed north by train on the same date, that an armored brigade was mobilizing and .tanks were being removed from storage on the Btho",PASS,0.944444,0.927273,0.93578,PASS,1586,0.743902,0.092678,1.0,53,53,R1
CIA-RDP79T00975A002700530001-3:7.0.0,headline,final_0309_e61baffab1,ASSIGNED_FULL,later_pdf_word_coordinates,False,of at least five brigades.,"of at least five brigades‘,",PASS,1.0,1.0,1.0,PASS,1891,0.824324,0.083385,1.0,5,5,R3
CIA-RDP79T00975A002700580001-8:11.0.0,partial_C,final_0310_31a4e0e0d8,ASSIGNED_FULL,later_pdf_word_coordinates,False,"The Israeli high command, according to Colonel Neeman, is aware that a planning team has been preparing plans for the possible introduction of Syrian forces into","The Israeli high command, according to Colone1,Neeman, is aware that a planning team has been prepar- ing plans for the possible introduction of Syrian forces into",PASS,0.888889,0.923077,0.90566,PASS,1666,0.791449,0.086237,1.0,26,26,R2
CIA-RDP79T00975A002700590001-7:10.0.1,partial_B,final_0311_9a8d1d5199,ASSIGNED_FULL,later_pdf_word_coordinates,False,reports that the Israeli defense force has obviously changed its mobilization procedure and that observation of military movements has become more difficult.,re-ports that the Israeli defense force has obviously changed its mobilization procedure and that observation of military move- ments has become more difficult.,PASS,0.833333,0.909091,0.869565,PASS,1261,0.649665,0.11978,1.0,23,23,R2
CIA-RDP79T00975A002700590001-7:10.0.2,partial_B,final_0311_9a8d1d5199,ASSIGNED_FULL,later_pdf_word_coordinates,False,some movement of tools and materials to north Israel was noted on 13-14 October.,some move- ment of tools and materials to north Israel was noted on 13-14 October.,PASS,0.875,0.933333,0.903226,PASS,1261,0.649665,0.11978,1.0,15,15,R2
CIA-RDP79T00975A002700600001-5:8.0.0,partial_C,final_0312_4784237eff,ASSIGNED_FULL,later_pdf_word_coordinates,False,"The new Israeli mobilization is now reported to be ""fairly substantial,""","The new Israeli mobilization is now reported to be ""fairly substantial,""",PASS,1.0,1.0,1.0,PASS,1247,0.6235,0.084305,1.0,11,11,R1
CIA-RDP79T00975A002700600001-5:8.0.1,partial_A,final_0312_4784237eff,ASSIGNED_FULL,later_pdf_word_coordinates,False,The source reported a movement of artillery and armor to the Jordanian borders and southward to the Negev area.,The source reported a movement of ‘artillery and armor to the Jordanian borders and southward to the Negev area“,PASS,1.0,1.0,1.0,PASS,1247,0.6235,0.084305,1.0,19,19,R1
CIA-RDP79T00975A002700600001-5:8.0.2,partial_B,final_0312_4784237eff,ASSIGNED_FULL,later_pdf_word_coordinates,False,southern Israel indicates a displacement of Israeli units from their normal stations to forward areas and that the southern command headquarters appears more than usually active. The movement southward may be in anticipation of an Egyptian redeployment to Sinai following the reduced tension over the Suez dispute.,\s0uthern Israel indicates a displacement of Israeli units from their normal stations to forward areas and that the southern command headquar- ters appears more than usually activeo The movement southward may be in anticipation of an Egyptian redeployment to Sinai follow- ing the reduced tension over the Suez dispute.,PASS,0.877551,0.914894,0.895833,PASS,1247,0.6235,0.084305,1.0,49,49,R1
CIA-RDP79T00975A002700610001-4:5.0.0,partial_D,final_0313_c43b9f75f9,ASSIGNED_FULL,later_pdf_word_coordinates,False,"the USSR will withdraw its troops from Hungary before the end of this year, and that unspecified Soviet conditions for such a withdrawal have been accepted by Hungary,","\the USSR will El/ithdraw its troops from Hungary be- ore the end of this year, and that um- specified Soviet conditions for such a withdrawal have been accepted by Hungary,\",PASS,0.806452,0.892857,0.847458,PASS,1683,0.748,0.088737,1.0,30,30,R1
CIA-RDP79T00975A002700610001-4:5.0.1,partial_A,final_0313_c43b9f75f9,ASSIGNED_FULL,later_pdf_word_coordinates,False,"Soviet forces allegedly have begun to crate equipment and make other preparations for departure. A Hungarian official reportedly has stated that the USSR intends to retain only two ""military bases"" in Hungary.","Soviet forces allegedly have begun to crate equipment and make other preparations for de- parture. A Hungarian official reportedly has stated that the USSR intends to retain only V two ""military bases"" in Hungaryo",PASS,0.882353,0.9375,0.909091,PASS,1683,0.748,0.088737,1.0,34,34,R1
CIA-RDP79T00975A002800060001-4:12.0.0,headline,final_0314_fd88b5ee4f,ASSIGNED_FULL,later_pdf_word_coordinates,False,A Lebanese approach to King Saud is likely only to increase his suspicions that Chamoun is a Western tool. Saud almost certainly would refuse to join any pro-Western bloc at least until his disputes with Britain were settled to his satisfaction.,A Lebanese approach to King Saud is likely only to increase his suspicions that Chamoun is a Western tool. Saud almost certainly would refuse to join any pro-Western bloc at least until his disputes with Britain were settled to his satisfaction.,PASS,1.0,1.0,1.0,PASS,1811,0.791521,0.084783,1.0,41,41,R2
CIA-RDP79T00975A002800070001-3:12.0.0,partial_B,final_0317_d1fd950a5f,ASSIGNED_FULL,later_pdf_word_coordinates,False,there is a movement of significant proportions to unseat President Rojas. The leaders of the present movement are not identified. Any substitute military regime would probably continue to be pro-US.,\there is a movement of signin- cant proportions to unseat President Rojas. The leaders of the present movement are not identified. Any substitute military regime would probably continue to be pro-US.,PASS,0.9375,0.967742,0.952381,PASS,1869,0.814024,0.093497,1.0,31,31,R1
CIA-RDP79T00975A002800070001-3:15.0.0,partial_B,final_0318_0f5eea4445,ASSIGNED_FULL,later_pdf_word_coordinates,False,"the presence in mid-October of an unusually large number of tanks in areas west of Alexandria. Thirty-four Sherman and T-34 tanks were observed there, together with four self-propelled guns, and a number of additional T-34's arrived from Cairo on 17 October.","the presence in mid-October of an unusually large number of tanks in areas west of Alexandria. Thirty-four Sherman and T-34 tanks were observed there, tog.ether with four self- propelled guns, and a number of additional T-34's arrived from Cairo on 1'7 October.",PASS,0.918367,0.957447,0.9375,PASS,1466,0.755281,0.089078,0.904762,38,42,R2;R3
CIA-RDP79T00975A002800070001-3:15.0.1,partial_B,final_0318_0f5eea4445,ASSIGNED_FULL,later_pdf_word_coordinates,False,observed 70 armored personnel carriers moving toward the city from the armored concentration area near Giza and has also seen 60 tanks in the canal zone. These are the first tanks reported in the zone.,observed 70 armored personnel carriers moving owar e city from the armored concentration area near Giza and has also seen 60 tanks in the canal zone. These are \-7 r the first tanks reported in the zone.,PASS,0.891892,0.942857,0.916667,PASS,1466,0.755281,0.089078,0.945946,35,37,R2;R3
CIA-RDP79T00975A002800070001-3:5.0.0,partial_B,final_0315_0a689e20e8,ASSIGNED_FULL,later_pdf_word_coordinates,False,all Israeli military units are on a standby alert. Mobilization of personnel has been sufficient to curtail industrial activity.,Israeli ‘Jail military units are on a standby alert. Mobi ization of per- sonnel has been sufficient to curtail industrial activityt,PASS,0.714286,0.789474,0.75,PASS,1889,0.818812,0.07944,1.0,21,21,R2
CIA-RDP79T00975A002800070001-3:7.0.0,partial_A,final_0316_aaccdf7d32,ASSIGNED_FULL,later_pdf_word_coordinates,False,The reported Druze role is to neutralize Syrian army units in that area.,The reported Druze role is to neutralize Syrian army units in that area.,PASS,1.0,1.0,1.0,PASS,1723,0.749782,0.089759,1.0,13,13,R1
CIA-RDP79T00975A002800070001-3:7.0.1,partial_A,final_0316_aaccdf7d32,ASSIGNED_FULL,later_pdf_word_coordinates,False,Iraqi agents are in contact with elements of the rightist Syrian Social Nationalist Party and certain conservative Syrian politicians.,Iraqi agents are in contact with elements of the rightist Syrian Social ‘Nationalist Party and certain conservative Syrian politi- cianso,PASS,0.9,0.947368,0.923077,PASS,1723,0.749782,0.089759,1.0,20,20,R1
CIA-RDP79T00975A002800070001-3:7.1.0,headline,final_0316_aaccdf7d32,ASSIGNED_FULL,later_pdf_word_coordinates,False,French agents and Syrian leftists have also been reported in contact with the Druze.,"French agents and Syrian leftists have also been reported in contact with the Druze,",PASS,1.0,1.0,1.0,PASS,1723,0.749782,0.089759,1.0,14,14,R2
CIA-RDP79T00975A002800080001-2:11.0.0,partial_C,final_0320_f5ab5e07a4,ASSIGNED_FULL,later_pdf_word_coordinates,False,"Wladyslaw Gomulka reportedly will ask the USSR for a large-scale, long-term loan before turning to the West,","Wladyslaw Gomulka reportedly will ask the USSR for a large-scale, lon -term loan before turning to the e",PASS,0.894737,0.894737,0.894737,PASS,1689,0.776909,0.083394,1.0,18,18,R1
CIA-RDP79T00975A002800080001-2:11.0.1,partial_B,final_0320_f5ab5e07a4,ASSIGNED_FULL,later_pdf_word_coordinates,False,". If the USSR refuses, Gomulka will make the same request to the West through the International Bank or some similar agency. He will not accept any loan with strings attached, but will guarantee that the loan will not be used for military purposes.","the e [TJSSR refuses, Gomulka Wlﬂ make the same. request to the West through the International Bank or some similar agency. He will not accept any loan with strings attached, but will guarantee ,v that the loan will not be used for military purposes.",PASS,0.909091,0.930233,0.91954,PASS,1689,0.776909,0.083394,1.0,44,44,R1
CIA-RDP79T00975A002800080001-2:6.0.0,partial_A,final_0319_6f30ab0bcc,ASSIGNED_FULL,later_pdf_word_coordinates,False,"Iraqi interest in supporting a rightist coup in Syria is probably also known in Tel Aviv, where it is viewed with strong suspicion. Israel's strong attitude on this point may have caused postponement of an Iraqi-backed antileftist coup in Syria, reportedly originally scheduled for 28 October.","Iraqi interest in supporting a rightist coup in Syria is probably also known in Tel Aviv, where it is viewed with strong suspicion. Israel's strong attitude on this point may have caused postponement of an Iraqi-backed antileftist reportedly originally scheduled for 28 October.",PASS,1.0,0.9375,0.967742,PASS,1832,0.813138,0.083729,1.0,43,43,R1
CIA-RDP79T00975A002800100001-9:12.0.0,headline,final_0321_80d5897caa,ASSIGNED_FULL,later_pdf_word_coordinates,False,"Documents captured during raids on pro-Communist labor union headquarters conducted during the riots contain evidence of a Communist conspiracy to overthrow the Singapore government. Political and union leaders who have been arrested will be held at least until the screening of these documents has been completed. In addition, legal technicalities are being exploited to continue the detention of Lim Chin Siong, a member of the Legislative Assembly and probably the colony's leading Communist.","Documents captured during raids on pro- Communist labor union headquarters conducted during the riots contain evidence of a Communist conspiracy to over- throw the Singapore government. Political and union lead.- ers who have been arrested will be held at least until the screening of these documents has been completed. In addi- tion, legal technicalities are being exploitedfto continue the detention of Lim Chin Siong, a member of the Legislative Assembly and probably the colony's leading Communist.",PASS,0.909091,0.933333,0.921053,PASS,1584,0.77533,0.086094,1.0,76,76,R2
CIA-RDP79T00975A002800100001-9:14.0.0,partial_C,final_0322_9a29bc5287,ASSIGNED_FULL,later_pdf_word_coordinates,False,"Twenty Mystere jet fighters with what appeared to be French markings have been observed parked at Lod airfield in Israel. Eighteen French jet pilots arrived at Lod via transport aircraft on 30 October,","jet fighters with what ap- Twenty Mystere peared to be French markings have been observed parked at Lod. ""via airfield in Israel. Eighteen French iet pilots arrived at Lod aircraft on 30 October,\",PASS,0.818182,0.818182,0.818182,PASS,1770,0.795863,0.085832,1.0,33,33,R2
CIA-RDP79T00975A002800130001-6:4.0.0,partial_B,final_0323_98f50b2314,ASSIGNED_FULL,later_pdf_word_coordinates,False,that the USSR is sending heavy Soviet troop reinforcements into Hungary.,that the USSR is sending heavy Soviet troop reinforcements into -Hun g ar,PASS,0.769231,0.909091,0.833333,PASS,1895,0.841848,0.079836,1.0,13,13,R2
CIA-RDP79T00975A002800150001-4:10.0.0,partial_C,final_0324_5032016b80,ASSIGNED_FULL,later_pdf_word_coordinates,False,Jordan was breaking diplomatic relations with France and ordered its personnel home. A SHAPE report,Jordan was L reaking diplomatic relations with France and ordered its personnel home. A SHAPE report‘,PASS,0.875,0.933333,0.903226,PASS,1517,0.764232,0.080385,1.0,16,16,R2
CIA-RDP79T00975A002800150001-4:10.0.1,partial_D,final_0324_5032016b80,ASSIGNED_FULL,later_pdf_word_coordinates,False,that 100 or more Soviet jet aircraft are being ferried to Syria or Egypt from the Soviet bloc has not been substantiated,\that 100 or more Soviet jet aircraft are being ferried to Syria or Egypt from the oviet bloc has not been substaTtiated,PASS,0.909091,0.909091,0.909091,PASS,1517,0.764232,0.080385,1.0,22,22,R2
CIA-RDP79T00975A002800150001-4:10.0.2,partial_B,final_0324_5032016b80,ASSIGNED_FULL,later_pdf_word_coordinates,False,"the Jordanian government will permit the entry of ""the greatest number of Arab forces"" including Iraqi, Syrian and Saudi troops.","the Jordanian government will permit the entry of ""the greatest. num- ber of -Arab forces"" including Iraqi, Syrian nd audi troops.",PASS,0.809524,0.85,0.829268,PASS,1517,0.764232,0.080385,1.0,21,21,R2
CIA-RDP79T00975A002800150001-4:10.0.3,partial_D,final_0324_5032016b80,ASSIGNED_FULL,later_pdf_word_coordinates,False,"popular morale in Jordan is high but General Nuwar, the commander of the Jordanian forces, is pessimistic","popular morale in Jordan is high but General Nuwar, the commander of the Jordanian forces, is pessimisticj",PASS,0.941176,0.941176,0.941176,PASS,1517,0.764232,0.080385,1.0,17,17,R2
CIA-RDP79T00975A002800150001-4:11.0.0,partial_B,final_0325_227cbf6164,ASSIGNED_FULL,later_pdf_word_coordinates,False,"the Egyptian-Syrian-Jordanian joint military command agreed to commence immediately ""wide-scale"" commando raids on the Syrian and Jordanian fronts.","Egypt1an-syr1an- Jordanian joint military command agreed to commence immediatel P’ ""wide-sc TlL“°””““‘“’ 0 raids on the Syrian Commando",PASS,0.6,0.571429,0.585366,PASS,1394,0.672131,0.098328,1.0,18,18,R2
CIA-RDP79T00975A002800150001-4:11.0.1,partial_A,final_0325_227cbf6164,ASSIGNED_FULL,later_pdf_word_coordinates,False,"Commando activities will furnish Israel, if it chooses, the occasion for initiating military action against Jordan and Syria.","Commando activities will furnish Israel, 11 1t chooses, occasion for initiating military action against Jordan and A Syria».",PASS,0.833333,0.833333,0.833333,PASS,1394,0.672131,0.098328,1.0,18,18,R2
CIA-RDP79T00975A002800180001-0:13.0.0,partial_A,final_0328_83866eab56,ASSIGNED_FULL,later_pdf_word_coordinates,False,Chou En-lai has asked what sort of material assistance President Nasr needs and how it should be sent.,Chou En-lai has asked what sort of mater1Ti_ass1 resident Nasr needs and how 1t should be sent,PASS,0.789474,0.789474,0.789474,PASS,2099,0.868791,0.073001,1.0,17,17,R2
CIA-RDP79T00975A002800180001-0:4.0.0,partial_B,final_0326_a531417697,ASSIGNED_FULL,later_pdf_word_coordinates,False,"reported that 40,000 Israeli troops were already massed on the Jordan-Syrian border ""poised for a sudden attack at any moment. Air reconnaissance over Syria and Jordan has increased recently.""","portecfthat 40,000 Israeli troops were already massed on the Jordan-Syrian border ""poised for a sudden attack at any moment. Air reconnaissance over Syria and Jordan has in- creased recently.""",PASS,0.903226,0.903226,0.903226,PASS,2048,0.836601,0.082117,1.0,29,29,R2
CIA-RDP79T00975A002800180001-0:9.0.0,partial_B,final_0327_23e7c54aa4,ASSIGNED_FULL,later_pdf_word_coordinates,False,"location stated that Hungarian soldiers were throwing their weapons away but that the ""population is arming itself and getting prepared.""","location stated that Hungarian soldiers were t rowing t eir weapons away but that the ""population is arming itself and getting prepared!""",PASS,0.818182,0.9,0.857143,PASS,1868,0.828749,0.085439,1.0,22,22,R1
CIA-RDP79T00975A002800200001-8:10.0.0,partial_A,final_0333_00efec2aa5,ASSIGNED_FULL,later_pdf_word_coordinates,False,"Egypt, Syria, and Saudi Arabia have previously offered to undertake the support of the Jordanian national guard, and have discussed subsidizing Jordan if it would abrogate the Anglo-Jordanian treaty.","Egypt, -Syria,"" and Saudi Arabia have previously offered to tmdertake the support of the Jordanian national guard, and have dis=- cussed subsidizing Jordan if it would abrogate the Anglo-Jor- danian treaty.",PASS,0.84375,0.9,0.870968,PASS,1464,0.692526,0.108013,1.0,31,31,R1
CIA-RDP79T00975A002800200001-8:13.0.0,partial_B,final_0334_dd6868d294,ASSIGNED_FULL,later_pdf_word_coordinates,False,no more than 20 percent of Nenni's party will defect to the Communists if his party merges with Saragat's Democratic Socialists.,‘no more than Z0 percent of Nenni's party will defect to the Commimists if his rt mer i es with Events Saragat's in Hungary Democratic,PASS,0.666667,0.782609,0.72,PASS,2089,0.807811,0.091663,0.88,22,25,R2
CIA-RDP79T00975A002800200001-8:14.0.1,partial_B,final_0335_41b20cb1d4,ASSIGNED_FULL,later_pdf_word_coordinates,False,personnel fighting in Hungary were concerned over the welfare of their families and the evacuation of dependents.,lpersonnel fighting in Hungary were concerned over the w nd the evacuation of dependents.,PASS,0.785714,0.647059,0.709677,PASS,1918,0.83573,0.085124,1.0,14,14,R5
CIA-RDP79T00975A002800200001-8:4.0.0,partial_B,final_0329_9974ef9526,ASSIGNED_FULL,later_pdf_word_coordinates,False,the Saudi government expects the Soviet bloc to buy some of this oil.,the Saudi government expects the Soviet bloc to buy some of this oil.,PASS,1.0,1.0,1.0,PASS,2052,0.838578,0.081482,1.0,13,13,R2
CIA-RDP79T00975A002800200001-8:5.0.0,partial_B,final_0330_283ec7fa4d,ASSIGNED_FULL,later_pdf_word_coordinates,False,"the imam of Yemen has distributed arms to the tribes in the British protectorate of Aden and ""the airfield, the refineries, and the camp are to be attacked.""","imam 0§Yemen has distributed arms to the tribes in the British }protectora.te of Aden and ""the air- field, the refineries, and the camp are to be attacked.”",PASS,0.821429,0.821429,0.821429,PASS,559,0.591534,0.137133,1.0,27,27,R1
CIA-RDP79T00975A002800200001-8:7.0.0,box_hid_more,final_0331_d74bc62074,ASSIGNED_FULL,later_pdf_word_coordinates,False,"In late August, most of the 24 MIG fighters and two jet trainers Syria had ordered earlier from Czechoslovakia were delivered to Egypt for assembly and pilot training before flying to Syria. Their arrival in Syria has not been confirmed.","In late August, most of the 24 MIG fighters and two jet trainers Syria had ordered earlier from Czechoslovakia were delivered to Egypt for assembly and pilot training before flying to Syria, Their arrival in Syria has not been confirmedl",PASS,0.975,0.975,0.975,PASS,1360,0.698511,0.088022,1.0,40,40,R3
CIA-RDP79T00975A002800200001-8:7.0.1,partial_C,final_0331_d74bc62074,ASSIGNED_FULL,later_pdf_word_coordinates,False,"There are only two airfields in Syria suitable for continued use by jet aircraft, but three other fields are suitable for limited use. The possible existence of a ""crash"" program to prepare Syrian airfields to accommodate high-performance jet aircraft is","There are only two airfields in Syria suitable for continued use by jet aircraft, but three other fields are suitable for limited use, The possible existence of a ""crash"" program to prepare Syrian airfields to accom- modate high-nerformance jet aircraft isl",PASS,0.904762,0.926829,0.915663,PASS,1360,0.698511,0.088022,1.0,41,41,R3
CIA-RDP79T00975A002800200001-8:9.0.0,partial_B,final_0332_0256d350d6,ASSIGNED_FULL,later_pdf_word_coordinates,False,"indicated Jordanian government concern that the British subsidy of some $33,000,000 annually might be stopped or that ""the turn of events will force Jordan to refuse it.""","indicated Jordanian government concern that the British sub- sidy of some $33,000,000 annually might be stopped or that; ""the turn of events will force Jordan to refuse it!‘",PASS,0.933333,0.965517,0.949153,PASS,1793,0.787786,0.084549,1.0,28,28,R2
CIA-RDP79T00975A002800200001-8:9.0.2,partial_B,final_0332_0256d350d6,ASSIGNED_FULL,later_pdf_word_coordinates,False,the USSR is prepared to pay the subsidy to Jordan which Britain now pays and to arm the national guard.,\the USSR is prepared to pay the subsidy to Jordan which Britain now uard..J,PASS,0.866667,0.65,0.742857,PASS,1793,0.787786,0.084549,1.0,14,14,R2
CIA-RDP79T00975A002800260001-2:10.0.1,partial_D,final_0336_0f58c9709f,ASSIGNED_FULL,later_pdf_word_coordinates,False,an explosion occurred in the vicinity of the Semipalatinsk nuclear weapons proving ground at about 0820Z on 17 November. Preliminary data,n explo-- sion occurred in the vicinity of the Semipalatinsk nuclear weapons proving round at about 0820Z on 17 Novembero Preliminary data?,PASS,0.772727,0.809524,0.790698,PASS,1003,0.593843,0.120085,1.0,22,22,R1
CIA-RDP79T00975A002800260001-2:10.0.2,partial_B,final_0336_0f58c9709f,ASSIGNED_FULL,later_pdf_word_coordinates,False,"the weapon was detonated at an altitude not greater than 10,000 feet. The yield is tentatively estimated to fall within the high kiloton or low megaton range.","the weapon was detonated at an altitude not greater than 10,000 -feet. The yield is tenta- tively esti within the high kiloton or low mega- ton range.",PASS,0.821429,0.821429,0.821429,PASS,1003,0.593843,0.120085,1.0,27,27,R1
CIA-RDP79T00975A002800310001-6:11.0.2,partial_B,final_0338_88811867e6,ASSIGNED_FULL,later_pdf_word_coordinates,False,"that the October losses, which preceded the Anglo-French invasion of Egypt, would be ""as nothing"" compared to those of November.","October ""losses, which precede e g 0- rench inva- sion of Egypt, would be -""as nothing"" compared to those of November.",PASS,0.666667,0.666667,0.666667,PASS,1761,0.795752,0.08881,1.0,21,21,R2
CIA-RDP79T00975A002800310001-6:4.0.1,partial_B,final_0337_873a4e5aa0,ASSIGNED_FULL,later_pdf_word_coordinates,False,"the Israeli air force had released those individuals called up for the hostilities in Egypt, and had returned to normal training programs.","the Israeli air force had released those individuals called up for the hostili- ties in Egypt, and had returned to normal training programs.",PASS,0.913043,0.954545,0.933333,PASS,1885,0.847953,0.082211,1.0,23,23,R3
CIA-RDP79T00975A002800320001-5:9.0.0,partial_B,final_0339_8f6a5868cb,ASSIGNED_FULL,later_pdf_word_coordinates,False,"the president is pleased with the success of the army centralization program, since he can now contemplate a ""compact army"" with which to ""reduce the importance of political parties.""","‘The president is pleased with the success of the army centralization program, since he can now contemplate a ""compact army"" with which to ""reduce e im- portance of political parties?",PASS,0.9,0.931034,0.915254,PASS,1569,0.762391,0.119357,1.0,30,30,R1
CIA-RDP79T00975A002800320001-5:9.0.1,partial_A,final_0339_8f6a5868cb,ASSIGNED_FULL,later_pdf_word_coordinates,False,Sukarno might be considering the use of the army to establish himself as a dictator.,tgukarno might be considering the use of the army to establish himself as a dictator.,PASS,0.933333,0.933333,0.933333,PASS,1569,0.762391,0.119357,1.0,15,15,R1
CIA-RDP79T00975A002800350001-2:5.0.0,headline,final_0340_05e0ea9962,ASSIGNED_FULL,later_pdf_word_coordinates,False,reportedly told a secret session of parliament on 26 November that he preferred to add new members to his cabinet rather than resign. Asali,reportedly told a secret session of parliament on 26 No- vember that he preferred to add new mem- bers to his cabinet rather than resign. Asali,PASS,0.846154,0.916667,0.88,PASS,1802,0.789658,0.079116,1.0,26,26,R2
CIA-RDP79T00975A002800360001-1:8.0.1,partial_B,final_0341_d39d17ff6e,ASSIGNED_FULL,later_pdf_word_coordinates,False,is to begin on 4 December at strategic Camp Columbia in Havana and involve simultaneous uprisings throughout the island.,lis to begin on 4 December at strategic Camp Columbia in Havana involve simultaneous uprisings throughout the island.,PASS,0.944444,0.894737,0.918919,PASS,1468,0.740666,0.081485,1.0,18,18,R3
CIA-RDP79T00975A002800360001-1:8.0.2,partial_B,final_0341_d39d17ff6e,ASSIGNED_FULL,later_pdf_word_coordinates,False,"all insurrection groups, united under Castro, were well organized and had sufficient arms; he added that the conspiracy included elements in the navy, the police, and the military at an army post in Havana. Planes and additional men and arms were expected from Mexico, Haiti, and the Dominican Republic and Costa Rica.","insurrection groups, united under Castro, were well organized and had sufficient arms; he added ﬁ that the conspiracy included elements in the navy, the police, and the military at an army post in Havana. Planes and ad- ditional men and arms were expected from Mexico, Haiti, and the Dominican Republic and Costa Rica.",PASS,0.943396,0.961538,0.952381,PASS,1468,0.740666,0.081485,1.0,53,53,R3
CIA-RDP79T00975A002800380001-9:7.0.0,headline,final_0342_077d962579,ASSIGNED_FULL,later_pdf_word_coordinates,False,"The minister reports that the Yugoslav ambassador in Bulgaria estimates the number arrested at 1,200, with 300 of these in Sofia.","The minister reports that the Yugoslav ambassador in Bulgaria estimates the number arrested at 1,200, with 300' of these in Sofia.",PASS,1.0,1.0,1.0,PASS,1934,0.814316,0.083725,1.0,21,21,R2
CIA-RDP79T00975A002800470001-9:11.0.2,partial_B,final_0343_f3f2ee5212,ASSIGNED_FULL,later_pdf_word_coordinates,False,"that he could work better as prime minister if supported by a more all-embracing coalition which would attract ""disillusioned"" members of the pro-Communist opposition.","he could work better as prime min- ister i suppor e y a more all-embracing coalition which would attract ""disillusioned"" members of the pro-Commu- nist opposition.",PASS,0.714286,0.769231,0.740741,PASS,1891,0.840818,0.090195,1.0,26,26,R4
CIA-RDP79T00975A002900010001-8:6.0.0,partial_A,final_0344_54ce8aed65,ASSIGNED_FULL,later_pdf_word_coordinates,False,"Ishibashi reportedly bears some resentment toward the United States for his four-year ""purge"" during the American occupation.","Ishibashi reportedly bears some resentment toward the United States for his four-year ""purge"" during the American occupation.",PASS,1.0,1.0,1.0,PASS,2121,0.822093,0.084451,1.0,17,17,R2
CIA-RDP79T00975A002900030001-6:8.0.0,headline,final_0345_87f3294570,ASSIGNED_FULL,later_pdf_word_coordinates,False,"Following discussions with Lennox-Boyd on 14 December, Greek government leaders agreed unanimously to reject the constitution because it made no provision for self-determination and did not offer real self-government, since many powers were reserved to the British governor.","Following discussions with Lennox-Boyd on 14 December, Greek government leaders agreed unanimously to reject the constitu- tion because it made no provision for self-determination and did not offer real self-government, since many powers were re- served to the British governor.",PASS,0.906977,0.95122,0.928571,PASS,1733,0.776086,0.08428,1.0,40,40,R2
CIA-RDP79T00975A002900050001-4:6.0.0,partial_B,final_0346_7589b95c54,ASSIGNED_FULL,later_pdf_word_coordinates,False,expect him to make an early approach to the United States to set a definite date for the withdrawal of American forces stationed in Japan under the US-Japan security treaty.,expect him to make an early approach to the United States to set a definite date for the withdrawal of American forces stationed in J a an under the US-Japan secu- rity treaty.,PASS,0.852941,0.935484,0.892308,PASS,1671,0.791943,0.105628,1.0,33,33,R2
CIA-RDP79T00975A002900060001-3:8.1.0,partial_A,final_0347_f9679c6624,ASSIGNED_FULL,later_pdf_word_coordinates,False,There have been indications of increasing co-operation between Sukarno and Nasution.,There have been indications of increas- ing co-operation between Sukarno and Nasution.,PASS,0.846154,0.916667,0.88,PASS,1774,0.750106,0.087766,1.0,12,12,R2
CIA-RDP79T00975A002900060001-3:8.1.1,partial_B,final_0347_f9679c6624,ASSIGNED_FULL,later_pdf_word_coordinates,False,"have recently intimated that when Sukarno returned from his vacation this week he would initiate a series of actions, with Nasution's support, to enhance his personal control over the government.","have recently intimated that when Sukarno returned from his vacation this week he would initiate a series of actions, with_Nasution-'s support, to enhance his personal control over the government.",PASS,1.0,1.0,1.0,PASS,1774,0.750106,0.087766,1.0,29,29,R2
CIA-RDP79T00975A002900060001-3:9.1.0,partial_B,final_0348_90ac4607cb,ASSIGNED_FULL,later_pdf_word_coordinates,False,reports from Djakarta suggest that agreement has already been reached with the USSR for the supply of a large number of jeeps.,from Djakarta suggest jreports that agreement has already been reached with the USSR for the su l of a lar e number of jeeps.,PASS,0.791667,0.863636,0.826087,PASS,1765,0.786192,0.082156,1.0,24,24,R2
CIA-RDP79T00975A002900060001-3:9.1.2,partial_B,final_0348_90ac4607cb,ASSIGNED_FULL,later_pdf_word_coordinates,False,long-term credit had been agreed on to permit Indonesian arms purchases.,long-term credit had been agreed on to permit Indonesian arms purchases.,PASS,1.0,1.0,1.0,PASS,1765,0.786192,0.082156,1.0,11,11,R2
CIA-RDP79T00975A002900070001-2:5.1.0,partial_C,final_0349_609f735555,ASSIGNED_FULL,later_pdf_word_coordinates,False,"Mario Torres, influential labor leader of the Bolivian Worker Central (COB), made an urgent visit to a mining district on 20 December in an effort to quell labor violence in protest against the program,","Mario Torres, influential labor leader of the Bolivian Worker Central (COB), made an urgent visit to a mining district on 20 December in an effort to quell labor vi- olence in protest against the program,\",PASS,0.942857,0.970588,0.956522,PASS,1449,0.710294,0.077405,1.0,35,35,R2
CIA-RDP79T00975A002900070001-2:5.1.1,partial_A,final_0349_609f735555,ASSIGNED_FULL,later_pdf_word_coordinates,False,"Torres telegraphed labor militia units in the mining districts on 19 December that the program was a ""criminal act"" forced upon them by the US head of the stabilization council. The COB leaders reportedly were scheduled to meet in La Paz on 21 December, apparently to discuss the future attitude of the organization toward the program.","Torres telegraphed labor militia units in the mining dis- r cts on 19 December that the program was a ""criminal act"" forced upon them by the US head of the stabilization council. The COB leaders reportedly were scheduled to meet in La Paz on 21. December, apparently to discuss the future attitude of the organization toward the program.",PASS,0.948276,0.982143,0.964912,PASS,1449,0.710294,0.077405,1.0,58,58,R2
CIA-RDP79T00975A002900130001-5:4.0.0,partial_C,final_0350_c194ec43eb,ASSIGNED_FULL,later_pdf_word_coordinates,False,"Indications that the rebels intend to step up their terrorist acts, including indiscriminate street bombings and selected political assassinations, have been noted","Indications that the rebels intend to step up their terrorist acts, including indiscriminate street bomb- in s and selected political assassinations, have been noteE",PASS,0.833333,0.909091,0.869565,PASS,1743,0.793716,0.069803,1.0,24,24,R2
CIA-RDP79T00975A002900130001-5:4.0.1,partial_A,final_0350_c194ec43eb,ASSIGNED_FULL,later_pdf_word_coordinates,False,Two members of the Algiers diplomatic corps were reportedly warned by rebel contacts recently to remain at home on 31 December and 1 January.,"Two members of the Algiers diplomatic corps were reportedly warned by rebel contacts recently to remain at home on 31 December and 1 January,",PASS,1.0,1.0,1.0,PASS,1743,0.793716,0.069803,1.0,24,24,R2
CIA-RDP79T00975A002900270001-0:6.1.0,partial_C,final_0351_7b388964a7,ASSIGNED_FULL,later_pdf_word_coordinates,False,"In the face of the Djakarta government's delaying tactics and political promises, Colonel Simbolon, the rebel commander in North Sumatra, and Lt. Col. Hussein, successful coup leader in Central Sumatra, are organizing and arming a guerrilla force of 1,000 men,","In the face of the Djakarta government's delaying tactics and political promises, Colonel Simbolon, the rebel commander in North Sumatra, and Lt. Col. Hussein, success fl u coup ld ea er in 'Ct1S en ra uma t ra, ar eoranizin g g rrilla force of 1,000 men,",PASS,0.653061,0.761905,0.703297,PASS,1691,0.783233,0.076697,1.0,47,47,R2
CIA-RDP79T00975A002900270001-0:6.1.1,partial_A,final_0351_7b388964a7,ASSIGNED_FULL,later_pdf_word_coordinates,False,"They will resort to force, however, only if Djakarta continues to refuse their political demands. These are the resignation of the Ali cabinet, more autonomy for Sumatra, and the establishment of six provinces there.","They will resort to force, however, only if Djakarta continues to refuse their political demands, These are the resignation of the Ali cabinet, more autonomy for Sumatra, and the establishment of six provinces there.",PASS,1.0,1.0,1.0,PASS,1691,0.783233,0.076697,1.0,34,34,R2
CIA-RDP79T00975A002900310001-5:3.1.0,headline,final_0352_8b0e260c3f,ASSIGNED_FULL,later_pdf_word_coordinates,False,and by the Catholic Church. Support by the church was probably also decisive in persuading a large majority of voters--reportedly between 60 and 70 percent--to heed a last-minute plea by Gomulka to vote the straight ticket without deleting names of regime-favored candidates.,and by the Catholic Church. Support by the church was probably also decisive in persuading a large majority of voters--reportedly between 60 and 70 percent--to heed a last-minute plea by Gomulka to vote the straight ticket without deleting names of regime-favored candidates.,PASS,1.0,1.0,1.0,PASS,1886,0.83785,0.078105,1.0,42,42,R3
CIA-RDP79T00975A002900330001-3:4.0.0,partial_A,final_0353_484e6de910,ASSIGNED_FULL,later_pdf_word_coordinates,False,"At this rate of delivery, essentially all of the Soviet arms contracted for in November 1956 ($25,000,000 worth) will be delivered during the first quarter of 1957.","At this rate of de- r livery, essentially all of the Soviet arms .--qr. contracted for in November 1956 ($25,000, 000 worth) will be delivered during the first quarter of 1957.",PASS,0.875,0.965517,0.918033,PASS,2019,0.795822,0.082663,1.0,31,31,R1
CIA-RDP79T00975A002900360001-0:4.0.0,headline,final_0354_5f314151b5,ASSIGNED_FULL,later_pdf_word_coordinates,False,"Comment This information supports other reports that the rebels intend to promote widespread violence throughout Algeria when the General Assembly's political committee takes up the Algerian item, probably this week. Any success the rebels achieve is likely to prolong and exacerbate the UN discussions and reduce prospects of terminating them without a French ""walkout.""","Comment This information supports other reports that the rebels intend to promote widespread violence throughout Algeria when the General Assembly's polit- ical committee takes up the Algerian item, probably this week. Any success the rebels achieve is likely to prolong and ex- acerbate the UN discussions and reduce prospects of terminat- ing them without a French ""walkout?",PASS,0.896552,0.945455,0.920354,PASS,1690,0.752784,0.083596,1.0,57,57,R2
CIA-RDP79T00975A002900370001-9:4.0.1,partial_C,final_0355_e4c0de2d83,ASSIGNED_FULL,later_pdf_word_coordinates,False,"The Indian army is ""fully mobilized"" against the threat of Pakistani military action in Kashmir,","N, The Indian army is ""fully mobilized"" against the threat of Pakistani military i I it action in Kashmir,",PASS,0.789474,1.0,0.882353,PASS,2058,0.835227,0.080555,1.0,19,19,R2
CIA-RDP79T00975A002900400001-5:5.0.0,partial_C,final_0356_ac9cc3cec1,ASSIGNED_FULL,later_pdf_word_coordinates,False,"Soviet boats unloaded 200,000 rifles, 180 artillery pieces, and 18,000 cases of ammunition at Afghan entry ports on the Oxus River on 30 October and 5 November 1956,","Soviet boats unloaded 200,000 rifles, 180 artillery pieces, and 18,000 cases of am- mimition at Afghan entry ports on the Oxus River on 30 October and 5 November 1956,",PASS,0.935484,0.966667,0.95082,PASS,883,0.472445,0.087109,1.0,29,29,R1
CIA-RDP79T00975A002900400001-5:5.0.1,partial_B,final_0356_ac9cc3cec1,ASSIGNED_FULL,later_pdf_word_coordinates,False,"45 Soviet jets, 30 piston aircraft, and two helicopters are at Mazar-i-Sharif, and that 50 Afghan pilots are being trained there by six Russians.","Soviet jets, 30 piston aircraft, and two helicopters are at Mazar-i-Sharif, and that 50 Af han ilots are being trained there by six Rus- sians.",PASS,0.814815,0.846154,0.830189,PASS,883,0.472445,0.087109,1.0,25,25,R1
CIA-RDP79T00975A002900400001-5:5.0.2,partial_B,final_0356_ac9cc3cec1,ASSIGNED_FULL,later_pdf_word_coordinates,False,only half the arms promised to Afghanistan by the USSR have been delivered.,only half the arms promised to Afghanistan by the USSR have been delivered.,PASS,1.0,1.0,1.0,PASS,883,0.472445,0.087109,1.0,13,13,R1
CIA-RDP79T00975A002900400001-5:5.2.0,headline,final_0356_ac9cc3cec1,ASSIGNED_FULL,later_pdf_word_coordinates,False,"Eleven to 17 jet fighters apparently arrived at Mazar in late October. However, a subsequent report from a usually reliable source has indicated that the number of aircraft at Mazar was substantially greater.","Eleven to 1'7 jet fighters apparently arrived at Mazar in late October, However, a subsequent report from a usually reliable source has indicated that t the number of air- craft at Mazar was substantially greater.",PASS,0.861111,0.939394,0.898551,PASS,883,0.472445,0.087109,1.0,35,35,R3
CIA-RDP79T00975A002900440001-1:8.0.0,partial_C,final_0357_d8e47eaa35,ASSIGNED_FULL,later_pdf_word_coordinates,False,"The Burma Socialist Party, which dominates the government coalition, suspects that U Nu, soon to return as Burma's prime minister, is considering acceptance of the insurgent Burma Communist Party's recent peace offers,","he Burma Socialist Party, which domi- ates the government coalition, suspects hat U Nu, soon to return as Burma's rime minister, is considering accept- ance of the insurgent Burma Communist Party's recent peace offers,",PASS,0.805556,0.852941,0.828571,PASS,1298,0.687864,0.076038,1.0,34,34,R2
CIA-RDP79T00975A002900440001-1:8.0.1,partial_B,final_0357_d8e47eaa35,ASSIGNED_FULL,later_pdf_word_coordinates,False,both the Socialists and the army strongly oppose such action and would resist any move Nu might make in this direction.,oth the Socialists and the army strongly oppose such action and would resist any move Nu might make in this direction.,PASS,0.952381,0.952381,0.952381,PASS,1298,0.687864,0.076038,1.0,21,21,R2
CIA-RDP79T00975A002900440001-1:8.0.2,partial_B,final_0357_d8e47eaa35,ASSIGNED_FULL,later_pdf_word_coordinates,False,the Socialists were concerned over the possibility Nu may attempt to include members of the parliamentary opposition--presumably the Communist-controlled National United Front (NUF)--in his new cabinet.,the So- cialists were concerned over the possibility Nu may attempt to include members of the parliamentary opposition--pre- sumably the Communist- controlled National United Front (NUF)--in his new cabinet.,PASS,0.870968,0.931034,0.9,PASS,1298,0.687864,0.076038,1.0,29,29,R2
CIA-RDP79T00975A002900440001-1:8.0.3,partial_A,final_0357_d8e47eaa35,ASSIGNED_FULL,later_pdf_word_coordinates,False,"Comment Although these views may be colored by the fact that both ministers belong to that section of the Socialist Party which is bitterly opposed to Nu, there may be some substance to the statements.","Comment Although these views may be colored by the fact that both ministers belong to that section of the Socialist Party which is bitterly opposed to Nu, there may be some substance to the statements.",PASS,1.0,1.0,1.0,PASS,1298,0.687864,0.076038,1.0,35,35,R2
CIA-RDP79T00975A002900450001-0:7.0.0,headline,final_0358_11aa1649f2,ASSIGNED_FULL,later_pdf_word_coordinates,False,reportedly at half the price of Canberras.,reportedly at half the price of Canberras.,PASS,1.0,1.0,1.0,PASS,2256,0.834937,0.079675,1.0,7,7,R2
CIA-RDP79T00975A003000010001-6:4.0.0,headline,final_0359_0c794faa91,ASSIGNED_FULL,later_pdf_word_coordinates,False,Adenauer's coalition deputies believe the Socialist opposition will not profit greatly from the announcement.,Adenauer's coalition deputies believe the Socialist opposition will not profit greatly from the announcement.,PASS,1.0,1.0,1.0,PASS,1908,0.808132,0.104488,1.0,14,14,R1
CIA-RDP79T00975A003000030001-4:6.1.0,partial_D,final_0360_e0921d8ad4,ASSIGNED_FULL,later_pdf_word_coordinates,False,and should be able to give Japan a greater degree of stability and more effective government than his two predecessors.,and should be able to give Japan a greater degree of sta- government than his two predecessors.,PASS,0.941176,0.8,0.864865,PASS,1947,0.843588,0.097264,1.0,17,17,R2
CIA-RDP79T00975A003000050001-2:5.1.0,headline,final_0361_0d1927ecac,ASSIGNED_FULL,later_pdf_word_coordinates,False,"Although he will probably first seek to win their support through negotiation, compromise, and the impact of mass support, Sukarno is reportedly planning the arrest of numerous opposition leaders should they fail to accept his plans. Sukarno is also reportedly planning to declare martial law if he runs into serious opposition, and to implement his concept through force.","Although he will probably first seek to Win their support through negotiation, compromise, and the impact of mass support, Sukarno is reportedly planning the arrest of numerous opposition leaders should they fail to accept his plans. Sukarno is also reportedly plamiing to declare martial law if he runs into serious opposition, and to implement his concept through force.",PASS,0.982759,0.982759,0.982759,PASS,1939,0.812657,0.080009,1.0,58,58,R3
CIA-RDP79T00975A003000070001-0:11.1.1,partial_B,final_0363_680748027c,ASSIGNED_FULL,later_pdf_word_coordinates,False,"he arrest of two Vietnamese army officers and two French civilians for allegedly plotting to organize an army ""coup"" in concert with anti-Diem elements in Cambodia.","e ar- rest of two Vietnamese army oﬁicers and two French civilians for allegedly plot- ting to organize an army ""coup"" in concert with anti-Diem elements in Cambodia.",PASS,0.793103,0.851852,0.821429,PASS,1377,0.692656,0.080783,0.928571,26,28,R1
CIA-RDP79T00975A003000070001-0:11.2.1,partial_B,final_0363_680748027c,ASSIGNED_FULL,later_pdf_word_coordinates,False,"a punitive raid across the Cambodian border against ""Viet Minh guerrillas."" Although nothing materialized, the two men have continued secret liaison which the American embassy in Saigon suspects may be aimed at removing Sihanouk from power. A direct meeting between Diem and Dap Chhuon, now Cambodian minister for national security, was scheduled for last week.","punitive raid across the Cambo ian or er agains Viet Minh guerrillas."" Although nothing materialized, the two men have continued secret liaison which the American embassy in Saigon suspects may be aimed at removing Sihanouk from power. A direct meet- ing between Diem and Dap Chhuon, now Cambodian minister for national security, was scheduled for last week“",PASS,0.877193,0.909091,0.892857,PASS,1377,0.692656,0.080783,1.0,57,57,R2
CIA-RDP79T00975A003000070001-0:4.1.0,partial_A,final_0362_f2a5787adc,ASSIGNED_FULL,later_pdf_word_coordinates,False,On 26 February a dispute reportedly arose between Nasr and Syrian president Quwatli on one side and King Saud on the other over Saud's insistence that the communiqué state clearly that the Arab leaders appreciate the friendly stand of the American government toward problems facing the Arabs.,On 26 February a dispute reportedly arose between Nasr and Syrian president Quwatli on one side and King Saud on the other over Saud's insistence that the commu- niqué state clearly that the Arab leaders appreciate the friendly stand of the American government to d problems facing the Arabs.,PASS,0.92,0.958333,0.938776,PASS,1461,0.711642,0.08948,1.0,49,49,R3
CIA-RDP79T00975A003000070001-0:4.1.1,partial_A,final_0362_f2a5787adc,ASSIGNED_FULL,later_pdf_word_coordinates,False,"Nasr and Quwatli argued that the Arabs should save such outspoken pro-Western statements as a bargaining point to obtain further American concessions, and at one point Saud threatened to leave Cairo in a huff.",mfNasr and Quwatli ar- gued that the Arabs should save such outspoken pro-Western statements as a bargaining point to obtain further American concessions and at one point Saud threatened to leave Cairo in a huff,PASS,0.916667,0.942857,0.929577,PASS,1461,0.711642,0.08948,1.0,35,35,R3
CIA-RDP79T00975A003000080001-9:5.0.0,headline,final_0364_52af242e10,ASSIGNED_FULL,later_pdf_word_coordinates,False,"Sukarno and the Communists, however, have already used a campaign of intimidation against political leaders without interference from the army.","Sukarno and the Communists, however, have already used a campaign of intimidation against political leaders without interference from the army.",PASS,1.0,1.0,1.0,PASS,1862,0.797089,0.099458,1.0,20,20,R3
CIA-RDP79T00975A003000090001-8:6.1.0,partial_D,final_0365_cac05959e4,ASSIGNED_FULL,later_pdf_word_coordinates,False,"the Kremlin also promised that Soviet propagandists will stop attacking Polish leaders at closed meetings in the USSR. These assurances,",\the Kremlin also promised that Soviet propagandists will stop attacking Polish leaders at closed meetings in the USSR. These assur-,PASS,0.95,0.95,0.95,PASS,1780,0.777293,0.109521,1.0,20,20,R3
CIA-RDP79T00975A003000090001-8:6.1.1,partial_B,final_0365_cac05959e4,ASSIGNED_FULL,later_pdf_word_coordinates,False,"followed a Polish protest against the anti-Gomulka campaign in the Soviet, Czechoslovak, Bulgarian and East German press.","followed a Polish protest against the anti- Gomu campaign in the Soviet, Czechoslovak, Bulgarian and East German press.",PASS,0.944444,0.944444,0.944444,PASS,1780,0.777293,0.109521,1.0,18,18,R3
CIA-RDP79T00975A003000120001-4:8.0.1,partial_B,final_0366_1e8056a31c,ASSIGNED_FULL,later_pdf_word_coordinates,False,was ready to limit Communist representation to the proposed national council and agreed to the NU leader's insistent demand that the council be strictly advisory.,was ready to limit Communist representation to the proposed national council and agreed to the NU leader's insistent demand that the coun- cil be strictly advisory.,PASS,0.925926,0.961538,0.943396,PASS,1561,0.755201,0.069022,1.0,26,26,R1
CIA-RDP79T00975A003000120001-4:8.0.2,box_hid_more,final_0366_1e8056a31c,ASSIGNED_FULL,later_pdf_word_coordinates,False,"Both the Masjumi and the NU are inclined to accept this compromise and let Sukarno save face, since they feel he and former vice president Hatta are the only men able to unite Indonesia again. The army chief of staff, meanwhile, has taken a letter from Sukarno to Hatta reportedly inviting him to discuss restoration of the ""duumvirate.""","Both the Masjumi and the NU are inclined to accept this compromise and let Sukarno save face, since they feel he and former vice president Hatta are the only men able to unite Indonesia again. The army chief of staff, mean- while, has taken a letter from Sukarno to Hatta reportedly in- viting him to discuss restoration of the ""duumvirate,""",PASS,0.933333,0.965517,0.949153,PASS,1561,0.755201,0.069022,1.0,60,60,R1
CIA-RDP79T00975A003000130001-3:6.1.0,headline,final_0367_3e68e4bf2b,ASSIGNED_FULL,later_pdf_word_coordinates,False,His great self-confidence may make him believe that he can manipulate the Communists to his own advantage.,His great self-confidence may make him believe that he can manipulate the Communists to his own advantaget,PASS,0.944444,0.944444,0.944444,PASS,1918,0.790276,0.0856,1.0,17,17,R5
CIA-RDP79T00975A003000150001-1:7.0.0,partial_C,final_0368_c62937c0d7,ASSIGNED_FULL,later_pdf_word_coordinates,False,"During a recent conference with the editorial staffs of two leading Polish intellectual journals, Gomulka demanded an end to their anti-Stalinist campaign,","During a recent conference with the editorial staffs of two leading Polish intellectual journals, Gomulka de- manded an end to their anti-""Stalinist l 'ca1ﬁpai""g1T,l",PASS,0.777778,0.913043,0.84,PASS,1823,0.800263,0.086079,1.0,24,24,R1
CIA-RDP79T00975A003000150001-1:7.0.1,partial_A,final_0368_c62937c0d7,ASSIGNED_FULL,later_pdf_word_coordinates,False,Gomulka told the editors that Moscow would be at his throat if their press campaign continued.,Gomulka told the editors that Moscow would be at his throat if their press campaign continued.,PASS,1.0,1.0,1.0,PASS,1823,0.800263,0.086079,1.0,16,16,R1
CIA-RDP79T00975A003000170001-9:5.1.0,headline,final_0369_e3683382f4,ASSIGNED_FULL,later_pdf_word_coordinates,False,"Sukarno is reported to have been negotiating with former vice president Hatta, who is both Sumatran and strongly anti-Communist, apparently to discuss his resumption of an official post. A working arrangement between the two would be difficult to achieve, however, in view of their opposing attitudes on Communist participation in the government and provincial autonomy.","Sukarno is reported to have been negoti.at- ing with former vice president Hatta, who is both Sumatran and strongly anti-Commu- nist, apparently to discuss his resumption of an official post. A working arrangement between the two would be difficult to achi.eve, however, in view of their oppos- ing attitudes on Communist participation in the government and provincial autonomy.",PASS,0.852459,0.928571,0.888889,PASS,1645,0.752172,0.084056,1.0,58,58,R1
CIA-RDP79T00975A003000170001-9:6.1.0,headline,final_0370_a2a8af6aa0,ASSIGNED_FULL,later_pdf_word_coordinates,False,"With regard to Phao, Sarit is said to be planning to keep the emergency in force until he is sure that the police chief will not ""try anything,"" and to arrest him if he does.","With regard to Phao, Sarit is said to be planning to keep the emergency in force until he i.s sure that the police chief will not ""try anything,"" and to arrest him if he does.",PASS,0.944444,0.971429,0.957746,PASS,2001,0.832709,0.085569,1.0,35,35,R4
CIA-RDP79T00975A003000190001-7:4.1.1,partial_B,final_0371_05286e2a0c,ASSIGNED_FULL,later_pdf_word_coordinates,False,"to have been ""very calm"" on 11 March, owing principally to the Danish UNEF contingent's forceful handling of crowds.","to have been ""very calm"" on 11 March, owing principally to the Danish UNEF contingent's forceful handling of crowds.",PASS,1.0,1.0,1.0,PASS,1341,0.702462,0.079364,1.0,19,19,R2
CIA-RDP79T00975A003000190001-7:4.1.2,partial_A,final_0371_05286e2a0c,ASSIGNED_FULL,later_pdf_word_coordinates,False,"""fedayeen"" had appeared in uniforms early during the UNEF take-over, but apparently had been withdrawn or gone underground. On 13 March a large demonstration denouncing US policy reportedly was dispersed peacefully.","had appeared in uni- forms early during the UNEF take-over, but apparently had been withdrawn or gone undergrotmd. On 13 March a large demonstration denouncing US policy reportedly was dis- persed peacefully.",PASS,0.848485,0.875,0.861538,PASS,1341,0.702462,0.079364,1.0,32,32,R2
CIA-RDP79T00975A003000190001-7:4.1.3,partial_A,final_0371_05286e2a0c,ASSIGNED_FULL,later_pdf_word_coordinates,False,"Colonel Harkabi, the chief of Israeli military intelligence, has stated that the situation on the perimeter of the Gaza strip is very difficult since the border is not clearly marked. Harkabi said he feared that UNEF patrols might run into Israeli ambushes placed along the border, and implied that his troops might be ""trigger-happy"" though they had no intentions against the UNEF.","Colonel Harkabi, the chief of Israeli mil- itary intelligence, has stated that the situation on the perim- eter of the Gaza strip is very difficult since the border is not clearly marked. Harkabi said he feared that UNEF patrols might run into Israeli ambushes placed along the border, and implied that his troops might be ""trigger-happy"" though they had no intentions against the UNEF.",PASS,0.938462,0.968254,0.953125,PASS,1341,0.702462,0.079364,1.0,64,64,R2
CIA-RDP79T00975A003000190001-7:6.1.1,partial_D,final_0372_b9f7fdfd09,ASSIGNED_FULL,later_pdf_word_coordinates,False,"a revolutionary group whose main force was led by Echeverria was ready to act, convinced that any uprising begun in Havana would succeed. Last summer the student leader signed a pact with rebel leader Fidel Castro, who,","la rev- olut.i0nary group whose main force was led by Echeverria was ready to act, convinced that any uprising begun in Havana wou.ld succeed. Last summer the student leader signed a pact with rebel leader Fidel Castro, who,",PASS,0.85,0.918919,0.883117,PASS,1757,0.773668,0.082889,1.0,38,38,R2
CIA-RDP79T00975A003000190001-7:6.1.2,partial_B,final_0372_b9f7fdfd09,ASSIGNED_FULL,later_pdf_word_coordinates,False,has called for an island-wide general strike for 15 March.,has called for an island-wide general strike for 15 March.,PASS,1.0,1.0,1.0,PASS,1757,0.773668,0.082889,1.0,10,10,R2
CIA-RDP79T00975A003000220001-3:10.0.0,partial_C,final_0373_e2b5ad8b48,ASSIGNED_FULL,later_pdf_word_coordinates,False,"The Yugoslav ambassador in Moscow has said that the promised Soviet reactor ""will not be delivered"" to Yugoslavia,","The Yugoslav ambassador in Moscow has said that the promised Soviet reactor ""will not be delivered-"" to Yugoslavia,",PASS,1.0,1.0,1.0,PASS,1601,0.772683,0.112806,1.0,18,18,R1
CIA-RDP79T00975A003000220001-3:10.0.1,partial_A,final_0373_e2b5ad8b48,ASSIGNED_FULL,later_pdf_word_coordinates,False,"During an ""exploratory"" visit to Yugoslavia by the French high commissioner of atomic energy on 13 March, Yugoslavs at the plant designed for the Soviet reactor ""as much as admitted"" that further construction had been ""stymied.""","During an ""exploratory"" visit to Yugo- slavia by the French H igh commissioner of atomic energy on 13 March,Yugoslavs at the plant designed for the Soviet reactor ""as much a.s admitted"" that further construction had been ""sty- mied.""",PASS,0.8,0.888889,0.842105,PASS,1601,0.772683,0.112806,1.0,38,38,R1
CIA-RDP79T00975A003000260001-9:4.1.0,headline,final_0374_abd741eb65,ASSIGNED_FULL,later_pdf_word_coordinates,False,The delegation's instructions from Ottawa to this effect are probably directly attributable to the reported growing concern in Canada over the high concentrations of radioactivity in British Columbia.,The delegation's instructions from Ottawa to this effect are probably directly attributable to the reported grow- ing concern in Canada over the high concen- trations of radioactivity in British Columbia.,PASS,0.870968,0.931034,0.9,PASS,1905,0.839947,0.079984,1.0,30,30,R1
CIA-RDP79T00975A003000260001-9:8.0.0,partial_A,final_0375_ddafb1e6e2,ASSIGNED_FULL,later_pdf_word_coordinates,False,Damascus have denied that Colonel Sarraj has been ousted from his post as head of Syrian intelligence.,Damascus have denied that Colonel Sarraj has been ousted from his post as head of Syrian intelligence.,PASS,1.0,1.0,1.0,PASS,2025,0.811623,0.111402,1.0,17,17,R2
CIA-RDP79T00975A003000270001-8:8.1.0,headline,final_0376_49433d5c75,ASSIGNED_FULL,later_pdf_word_coordinates,False,"It is nevertheless widely believed that he would have become president, when he ran as the Nacionalista candidate in 1949, had the elections not been rigged by the Liberal administration of the late Elpidio Quirino.","It is nevertheless widely believed that he would have become president, when he ran as the Nacionalista candidate in 1949, had the elections not been rigged by the Liberal administra- tion of the late Elpidio Quirino.",PASS,0.944444,0.971429,0.957746,PASS,1944,0.820253,0.071576,1.0,36,36,R2
CIA-RDP79T00975A003000280001-7:5.1.0,headline,final_0377_fc1cf5dd82,ASSIGNED_FULL,later_pdf_word_coordinates,False,"In any case, the Foreign Office is reported to be increasingly pessimistic over the prospects for Jordan's survival as a national entity.","In any case, the Foreign Office is reported to be increasingly pessi- mistic over the prospects for J ordan's survival as a national entity.",PASS,0.84,0.913043,0.875,PASS,1804,0.802134,0.107029,1.0,24,24,R2
CIA-RDP79T00975A003000290001-6:7.1.0,partial_A,final_0378_78d2e5210a,ASSIGNED_FULL,later_pdf_word_coordinates,False,"Following the Communists' announcement that they would call out SOBSI, Indonesia's largest labor federation, in a general strike if the Masjumi is included in the cabinet and the Communists are barred, army headquarters and the territorial commanders reportedly have agreed to deal ""ruthlessly"" with Communist strikers if unrest develops.","Following the Communists’ announcement that they would call out SOBSI, Indonesia's largest labor fed- eration, in a general strike if the Masjumi is included in the cabinet and the Communists are barred, army headquarters and the territorial commanders reportedly have agreed to H ssly"" with Communist strikers if unrest develops.",PASS,0.921569,0.94,0.930693,PASS,1585,0.741694,0.091082,1.0,50,50,R2
CIA-RDP79T00975A003000290001-6:8.1.0,headline,final_0379_ef80dded1d,ASSIGNED_FULL,later_pdf_word_coordinates,False,Suhrawardy reportedly planned to urge his followers at party meetings in Dacca on 25-26 March to accept the resignation.,Suhrawardy reportedly planned to urge his followers at party meetings in Dacca on 25-26 March to ac- cept the resignation.,PASS,0.904762,0.95,0.926829,PASS,1796,0.807191,0.076799,1.0,20,20,R3
CIA-RDP79T00975A003000320001-2:6.1.0,headline,final_0380_5ee7705dad,ASSIGNED_FULL,later_pdf_word_coordinates,False,"The Colonial Office said Makarios was released because the British are ""heartily sick of carrying him like an albatross around their necks,"" but it believes he is not likely to co-operate on anything less than early enosis.","The Colonial Office said Makarios was released because the British are ""heartily sick of carrying him like an albatross around their necks,"" but it believes he is not likely to co-operate on anything less than early enosis.",PASS,1.0,1.0,1.0,PASS,1701,0.803116,0.099218,1.0,37,37,R2
CIA-RDP79T00975A003000350001-9:7.1.0,partial_A,final_0381_a31673c38e,ASSIGNED_FULL,later_pdf_word_coordinates,False,"Sukarno threatened to arrest his leading opponents and rule as a military dictator if Suwirjo failed. In this connection, the army, which has been assuming an increasingly important role in administrative measures, is already investigating and interrogating at least 30 prominent politicians, most of whom are opposed to Sukarno's ""concept.""","Qisukarno threateneﬁo arresfhis leading opponents and s a military dictator if Suwirjo failed. In this connec- tion, the army, which has been assuming an increasingly im- portant role in administrative measures, is already investi- gating and interrogating at least 30 prominent politicians, most of whom are opposed to Sukarno's ""concept.""",PASS,0.803922,0.803922,0.803922,PASS,1486,0.717528,0.089467,1.0,50,50,R2
CIA-RDP79T00975A003000380001-6:6.1.0,headline,final_0382_8d7f0b142d,ASSIGNED_FULL,later_pdf_word_coordinates,False,"Sukarno can also threaten to smear--or he can jail--his opponents as ""imperialist agents"" with evidence the army may have turned up in its current ""anti-corruption"" drive. In this connection, political leaders in Djakarta are already reported to be badly frightened.","Sukarno can also threaten to smear--or he can jail--his opponents as ""imperialist agents’ with evidence the -army may have turned up in its current ""anti- corruption"" drive. In this connection, political leaders in Djakarta are already reported to be badly frightened.",PASS,1.0,1.0,1.0,PASS,1546,0.779627,0.099045,1.0,41,41,R2
CIA-RDP79T00975A003000400001-3:7.0.1,partial_C,final_0383_0fb4a62878,ASSIGNED_FULL,later_pdf_word_coordinates,False,"The government reportedly is laying plans to deal with any insurgent action after President Sukarno announces his cabinet, which he has promised to do ""in a few days."" To this end,","The government reportedly is laying plans to deal with any insurgent action after President Sukarno announces his cabinet, which he has promised to do ""in a few days."" To this end,",PASS,1.0,1.0,1.0,PASS,1669,0.774478,0.086138,1.0,31,31,R1
CIA-RDP79T00975A003000400001-3:7.0.2,partial_B,final_0383_0fb4a62878,ASSIGNED_FULL,later_pdf_word_coordinates,False,"a joint planning board composed of members of the army, navy, air force, national police, and the attorney general's office, has been established in Djakarta.","a joint planning board composed of mem- bers of the army, navy, air force, na- tional police, and the attorney general's office, has been established in Djakarta.",PASS,0.857143,0.923077,0.888889,PASS,1669,0.774478,0.086138,1.0,27,27,R1
CIA-RDP79T00975A003000410001-2:4.1.0,partial_A,final_0384_b0f8d92594,ASSIGNED_FULL,later_pdf_word_coordinates,False,"Sukarno can be expected to continue efforts to undermine autonomous movements, as is indicated in his reported call for ""volunteer battalions"" throughout Sumatra to ""defend justice and fight for the right.""","Sukarno can be expected to continue efforts to undermine au- tonomous movements, as is indicated in his reported call for ""volunteer battalions"" throughout Sumatra to ""defend justice and fight for the right!’",PASS,0.9375,0.967742,0.952381,PASS,1583,0.795078,0.101371,1.0,32,32,R2
CIA-RDP79T00975A003000500001-2:6.1.0,headline,final_0385_30c045aee3,ASSIGNED_FULL,later_pdf_word_coordinates,False,"Menderes characterized Makarios as ""nothing but a notorious terrorist"" and placed responsibility for his words and deeds on Athens.","Menderes characterized Makarios as ""nothing but a notorious terrorist"" and placed responsibility for his words and deeds on Athens.",PASS,1.0,1.0,1.0,PASS,1701,0.808845,0.076661,1.0,19,19,R2
CIA-RDP79T00975A003000510001-1:7.0.0,partial_C,final_0386_b83cfaa727,ASSIGNED_FULL,later_pdf_word_coordinates,False,"Kadar will probably be removed from leadership in the near future because Moscow is dissatisfied with his inability to stabilize the situation. Kadar,","\Kadar ill probably be removed from leader- hip in the near future because Moscow is dissatisfied ith his inability to stabilize the situation. Kadar,",PASS,0.833333,0.869565,0.851064,PASS,1701,0.78135,0.10771,1.0,24,24,R1
CIA-RDP79T00975A003000520001-0:4.1.0,partial_A,final_0387_5afb373a81,ASSIGNED_FULL,later_pdf_word_coordinates,False,King Hussain was trying to get Syrian forces to withdraw from Jordan and was attempting to gain control of the army in preparation for making an alliance with the West and accepting the American proposals on the Middle East.,Hussain was tr Y in 8 to E et S Y rian forces to with- draw from Jordan and was attempting to gain control of the army in preparation for making an alliance with the West and accept- ing the American proposals on the Middle East.,PASS,0.717391,0.846154,0.776471,PASS,1680,0.801527,0.100958,1.0,46,46,R2
CIA-RDP79T00975A003000520001-0:5.0.0,partial_A,final_0388_31d1fcd7cd,ASSIGNED_FULL,later_pdf_word_coordinates,False,"Foreign Minister Nabulsi and others had been forced to join the cabinet by the king's threats, and would take the first opportunity to escape.","Foreign Minister Nabulsi and others had been forced to join the cabinet by the king's threats, and would take the first opportunity to escape.",PASS,1.0,1.0,1.0,PASS,821,0.522265,0.107455,1.0,24,24,R2
CIA-RDP79T00975A003000520001-0:5.1.0,partial_B,final_0388_31d1fcd7cd,ASSIGNED_FULL,later_pdf_word_coordinates,False,demonstrations and riots are expected to occur in West Jordan after Easter in an attempt to overthrow the King.,\demon- strations and riots are expected to occur in West Jordan after Easter in an attempt to overthrow the King.,PASS,0.9,0.947368,0.923077,PASS,821,0.522265,0.107455,1.0,20,20,R3
CIA-RDP79T00975A003000520001-0:6.1.0,partial_B,final_0389_822195556c,ASSIGNED_FULL,later_pdf_word_coordinates,False,"the USSR never expected the West to accept the declaration proposed in its note of 11 February, but considered that the note had a high propaganda potential.","lthe USSR never expected the West to accept the declaration proposed in its note of 11 February‘, but considered that the note had a high propaganda potential.",PASS,0.962963,0.962963,0.962963,PASS,1787,0.794929,0.107637,1.0,27,27,R2
CIA-RDP79T00975A003100030001-3:8.1.0,partial_D,final_0390_58b0a8af8a,ASSIGNED_FULL,later_pdf_word_coordinates,False,and to give Israel private assurances that he does not intend to interfere with Israeli shipping.,and to give Israel private as- surances that he does not intend to interfere with Israeli shipping.,PASS,0.882353,0.9375,0.909091,PASS,3136,0.897025,0.058253,1.0,17,17,R1
CIA-RDP79T00975A003100050001-1:5.0.0,partial_A,final_0391_3400a42ca6,ASSIGNED_FULL,later_pdf_word_coordinates,False,"Hussain had presented Saud with evidence of Syrian and Egyptian efforts to overthrow the Jordanian monarchy, and Saud has recently expressed displeasure over Egyptian intrigue in both Jordan and the Saudi kingdom.","Hussain had presented Saud with evidence of ‘Syrian and Egyptian efforts to overthrow the Jordanian mon- archy, and Saud has re.cent1y express-ed displeasure over ‘Egyptian intrigue in both Jordan and the Saudi mngdomg",PASS,0.8,0.875,0.835821,PASS,1321,0.655258,0.064619,1.0,33,33,R1
CIA-RDP79T00975A003100050001-1:5.0.1,partial_B,final_0391_3400a42ca6,ASSIGNED_FULL,later_pdf_word_coordinates,False,"a ""Free Jordan Army"" is being organized in Syria under former army chief of staff Nuwar.","\a ""Free Jordan Army"" is being organized in Syria under former army chief of staff Nuwar.",PASS,1.0,1.0,1.0,PASS,1321,0.655258,0.064619,1.0,16,16,R1
CIA-RDP79T00975A003100050001-1:9.1.0,partial_A,final_0392_1d0359332f,ASSIGNED_FULL,later_pdf_word_coordinates,False,"Meanwhile, army headquarters reportedly has almost completed its preparations to intensify the drive against anti-Sukarno and antigovernment ""subversives"" throughout the country. Any attempt to extend the drive to the leaders of the autonomous provinces--particularly Sumatra--would probably precipitate open conflict.","Meanwhile, army headquarters reportedly has almost completed its preparations to intensify the drive against anti-Sukarno and antigovernment ""subversives"" through- out the country, Any attempt to extend the drive to the -leaders of the autonomous provinces--parti umatra--would probably precipitate open conflict.",PASS,0.906977,0.928571,0.917647,PASS,2540,0.860142,0.062734,1.0,40,40,R2
CIA-RDP79T00975A003100060001-0:11.0.0,partial_B,final_0393_5cb0e9d387,ASSIGNED_FULL,later_pdf_word_coordinates,False,the people are increasingly disposed to make more critical judgments of the regime.,people are increasingly disposed to make more critical ju.dgments of the regime.,PASS,0.846154,0.846154,0.846154,PASS,2482,0.860312,0.078552,1.0,12,12,R2
CIA-RDP79T00975A003100090001-7:5.0.0,partial_D,final_0394_c9a7ced3aa,ASSIGNED_FULL,later_pdf_word_coordinates,False,and Averoff recently told the Turkish ambassador that any new crisis in Greek-Turkish relations would result in a diplomatic break.,and Averoff recently told the Turkish ambassador that any new crisis in Greek- Turkish relations would result in a diplomatic ‘°rea1‘~,PASS,0.952381,0.952381,0.952381,PASS,3285,0.893391,0.061467,1.0,21,21,R2
CIA-RDP79T00975A003100110001-4:11.5.0,box_hid_more,final_0395_8abaedcd7d,ASSIGNED_FULL,later_pdf_word_coordinates,False,"Phoui would be a leading contender for the prime ministership, if, as recent reports indicate, Souvanna Phouma should resign or be overthrown after the National Assembly opens on 11 May. This report presumably reflects the program that Phoui would present to the assembly if called on to form a new government.","Phoui would be a leading contender for the prime ministership, if, as recent re- ports indicate, Souvanna Phouma should resign or be over- thrown after the National Assembly opens on 11 May. This report presumably reflects the program that Phoui would present to the assembly if called on to form a new govern- mento",PASS,0.888889,0.941176,0.914286,PASS,1798,0.74359,0.089047,1.0,54,54,R10;R11
CIA-RDP79T00975A003100290001-5:4.1.0,partial_B,final_0396_4d5c234db9,ASSIGNED_FULL,later_pdf_word_coordinates,False,"the police have ""complete evidence"" that three of ten persons arrested at the scene of the embassy riot are ""Communists."" He added that the ""files"" of 75 others arrested during the riots reveal ""Communist backgrounds.""","\the police have ""complete evidence"" that three of ten per- sons arrested at the scene of the embassy riot are ""Communists."" He added that the ""files"" of 75 otherfjnnesied during the riots reveal ""Com- munist backgrounds""",PASS,0.861111,0.885714,0.873239,PASS,1755,0.754514,0.074742,1.0,36,36,R1
CIA-RDP79T00975A003100290001-5:4.1.1,partial_B,final_0396_4d5c234db9,ASSIGNED_FULL,later_pdf_word_coordinates,False,"this claim of Communist involvement is ""almost inevitable"" and without basis.","this claim of Communist involvement is ""almost inevitable’ and without basis.",PASS,1.0,1.0,1.0,PASS,1755,0.754514,0.074742,1.0,11,11,R1
CIA-RDP79T00975A003100290001-5:4.1.2,box_hid_more,final_0396_4d5c234db9,ASSIGNED_FULL,later_pdf_word_coordinates,False,"In the Philippines, a small number of Chinese ""hotheads"" reportedly met on the night of 25 May to organize a demonstration against local American installations. No demonstration took place, however, and it is not believed the local Kuomintang approved of the plan.","In the Philippines, a small number of Chinese ""hotheads"" reportedly met on the night of 25 May to organize a demonstration against local American installations. N0 demonstration took place, however, and it is not believed the local Kuomintang approved of the plan.",PASS,0.97619,0.97619,0.97619,PASS,1755,0.754514,0.074742,1.0,42,42,R1
CIA-RDP79T00975A003100300001-3:8.0.1,partial_B,final_0397_697e3ead8f,ASSIGNED_FULL,later_pdf_word_coordinates,False,"to co-ordinate the defense of Havana, indicating the extent of official concern over increasing reports of disturbances throughout the nation.","to co-ordinate the defense of Havana, indicating the extent of official concern over increasing reports of disturbances throughout the nation.",PASS,1.0,1.0,1.0,PASS,2427,0.852177,0.078537,1.0,20,20,R2
CIA-RDP79T00975A003100370001-6:4.0.0,partial_B,final_0398_d598747bb8,ASSIGNED_FULL,later_pdf_word_coordinates,False,"the demonstrators also will demand an end to nuclear tests and the return of Okinawa to Japan. The Socialists reportedly are not planning any violence, but their leaders have expressed fear that the Communist-infiltrated students' federation might get out of control.","\the dem- onstrators also will demand an end to nuclear tests and the re- turn of Okinawa to J apan, The Socialists reportedly are not planning any violence, but their leaders have expressed fear that the Commu ed students’ federation might get out of control.",PASS,0.822222,0.880952,0.850575,PASS,2685,0.868089,0.0926,1.0,45,45,R2
CIA-RDP79T00975A003100390001-4:9.1.0,partial_B,final_0399_b760757171,ASSIGNED_FULL,later_pdf_word_coordinates,False,"the cabinet in May not only decided to push ahead with the Soviet agreement, but also to commence negotiations for economic and technical aid from the Chinese Communists.","the cabinet in May not only deciderﬁo push ahead with the Soviet agreement, but also to commence nego- tiations for economic and technical aid from the Chinese Com- munists,",PASS,0.827586,0.857143,0.842105,PASS,1353,0.651734,0.082548,1.0,29,29,R2
CIA-RDP79T00975A003100390001-4:9.1.1,partial_A,final_0399_b760757171,ASSIGNED_FULL,later_pdf_word_coordinates,False,"Indonesia is drafting projects calling for Soviet aid in harbor development, a geological survey, and the exploitation of nickel deposits in Celebes. The implementation of these projects will mean the introduction of a substantial number of Soviet technicians and administrators--one of the main reasons ratification of the Soviet aid agreement was delayed.","Indonesia is drafting projects calling for Soviet aid in harbor develope- menty a geological survey, andthe exploitation of nickel de- posits in Celebes. The implementation of these projects will mean the introduction of a substantial number of Soviet technicians and administrators--one of the main reasons ratification of the Soviet aid agreement was",PASS,0.90566,0.90566,0.90566,PASS,1353,0.651734,0.082548,1.0,52,52,R2
CIA-RDP79T00975A003100390001-4:9.1.2,partial_A,final_0399_b760757171,ASSIGNED_FULL,later_pdf_word_coordinates,False,Indonesia asked that part of the assistance promised by Moscow be advanced in cash as a currency-support loan.,"i \lndonesia asked that part of the assistance promised by Moscow be advanced, in cash 1 as a currency- support-'1Q§,n,",PASS,0.772727,0.894737,0.829268,PASS,1353,0.651734,0.082548,1.0,20,20,R2
CIA-RDP79T00975A003100430001-9:10.0.1,partial_A,final_0400_5e9dc25e7a,ASSIGNED_FULL,later_pdf_word_coordinates,False,"EOKA plans soon to resume an anti-British campaign of violence. However, both Athens and the Greek-Cypriot leadership appear to believe that such a course would damage their cause at the UN; they apparently also believe that the lack of progress toward a Cyprus solution since the UN resolution of last February enhances the prospects of a more favorable UN decision this fall.","EOKA plans soon to resume an anti-British camp nce. However, both Athens and the Greek-Cypriot leadership appear to believe that such a course would damage their cause at the UN; they apparently also believe that the lack of progress toward a Cyprus solution since the UN resolution of last February en- hances the prospects of a more favorable UN decision this fall.",PASS,0.9375,0.9375,0.9375,PASS,2419,0.822509,0.069833,1.0,62,62,R2
CIA-RDP79T00975A003100480001-4:6.1.0,headline,final_0401_5ee96e25a1,ASSIGNED_FULL,later_pdf_word_coordinates,False,"Indonesia has already ordered approximately 500 Soviet jeeps, some of which have been delivered, and reportedly has an option to purchase a total of 4,000 jeeps. The purchase of the jeeps--for the armed forces--was undertaken independently of the $100,000,000 Soviet technical aid agreement, and any contract for aircraft would probably also be a separate arrangement.","Indonesia has already ordered approximately 500 Soviet jeeps, some of which have been delivered, and reportedly has an option to purchase a total of 4,000 jeeps. The purchase of the jeeps--for the armed forces-- was undertaken independently of the $100,000,000 Soviet tech-- nical aid agreement, and any contract for aircraft would prob- ably also be a separate arrangement.",PASS,0.935484,0.966667,0.95082,PASS,2777,0.869171,0.0642,1.0,58,58,R6
CIA-RDP79T00975A003100500001-1:4.2.0,partial_C,final_0402_0b379d8c9c,ASSIGNED_FULL,later_pdf_word_coordinates,False,"Akram Hawrani, leader of the Baath Party, stated on 18 June that the army will avoid a direct assumption of power in the near future unless there is a breakdown of internal order or outside intervention,","Akram Hawrani, leader of the Baath Party, stated on 18 June that the army will avoid a direct assumption of power in the near future unless there is a breakdown of internal order or outside",PASS,1.0,0.972222,0.985915,PASS,2180,0.793016,0.059443,1.0,35,35,R2
CIA-RDP79T00975A003100500001-1:4.2.1,partial_A,final_0402_0b379d8c9c,ASSIGNED_FULL,later_pdf_word_coordinates,False,"Hawrani added that Syria lacked any officer of sufficient stature to head the government. While these views suggest there will be no coup, they do not exclude the possibility that the leftist military group would try to install a civilian figurehead, such as Defense Minister Azm, as an army front.","Hawrani added that Syria lacked any officer of sufficient stature to head the government“ While these views suggest there will be no coup, they do not exclude the possibility that the leftist military group would try to install a civilian fi urehead such as Defense Minister Azm, as an army front”",PASS,0.960784,0.98,0.970297,PASS,2180,0.793016,0.059443,1.0,51,51,R2
CIA-RDP79T00975A003200010001-4:6.0.1,partial_A,final_0403_be66d96a3a,ASSIGNED_FULL,later_pdf_word_coordinates,False,"The under secretary of state for the army, who strongly supports early political reform for Algeria, believes that ""pilot zones"" should be created in which to carry out reforms, according to the French journalist.","The under secretary of state for the army, who strongly supports early political reform for Algeria, be- lieves that ""pilot zones"" should be created in whi out reforms, according to the French journalist.",PASS,0.909091,0.882353,0.895522,PASS,1214,0.632951,0.079296,1.0,33,33,R1
CIA-RDP79T00975A003200090001-6:12.0.3,partial_B,final_0404_c26eb6a2f0,ASSIGNED_FULL,later_pdf_word_coordinates,False,he is increasingly unable to deal with the country's problems and should leave the administration to stronger hands.,he is increasingly unable to deal with the coun rys pro lems and should leave the administration to stronger hands.,PASS,0.8,0.842105,0.820513,PASS,1993,0.831803,0.081448,1.0,20,20,R1
CIA-RDP79T00975A003200160001-8:4.1.1,partial_A,final_0405_2754c937a2,ASSIGNED_FULL,later_pdf_word_coordinates,False,"""Oh, I know Khrushchev. The moment he has a drink he must curse someone or something. It does not have to mean anything at all, and I prefer to ignore it unless he makes it a habit.""","""Oh, I know Khrushchev. The moment he has a drinlg he must curse someone or something. It does not have to mean any- thing at all, and I prefer to ignore it unless he makes it a habit.""",PASS,0.921053,0.945946,0.933333,PASS,1812,0.849906,0.065661,1.0,38,38,R2
CIA-RDP79T00975A003200180001-6:10.0.0,headline,final_0406_389952215b,ASSIGNED_FULL,later_pdf_word_coordinates,False,"They may also seek American assistance in removing French forces from those jointly operated American bases which are essentially American in character, and a commitment regarding the defense of Morocco.","They may also seek American assistance in removing French forces from those jointly operated American bases which are essen- tially American in character, and a commitment regarding the defense of Morocco»",PASS,0.935484,0.966667,0.95082,PASS,1890,0.837766,0.076854,1.0,31,31,R2
CIA-RDP79T00975A003200240001-9:7.0.0,partial_A,final_0407_44aa1e1c0e,ASSIGNED_FULL,later_pdf_word_coordinates,False,"The Italian Foreign Ministry is reportedly divided over tactics, with one group advocating an immediate request that the USSR renounce its unsettled financial claims against Italy. The present plan, however, is probably to stall on negotiations.","The Italian Foreign Ministry is reportedly divided over tactics, with one group advocating an immediate request that the USSR renounce its unsettled financial claims against ""Italy, The present plan, however, is probably to stall on negotiations",PASS,1.0,1.0,1.0,PASS,1815,0.796752,0.082578,1.0,36,36,R1
CIA-RDP79T00975A003200270001-6:4.0.1,partial_A,final_0408_91d692b4ab,ASSIGNED_FULL,later_pdf_word_coordinates,False,The Turkish official in charge of Soviet affairs in the Foreign Ministry reportedly stated on 27 July that his government has embarked on a program leading to more extensive economic relations with the USSR.,The Turkish official in charge of k =.»Soviet affairs in the Foreign Ministry reportedly stated on 2'7 July that his government has embarked on a pro- gram leading to more extensive economic relations with the USSR.,PASS,0.864865,0.941176,0.901408,PASS,1313,0.672988,0.083917,1.0,36,36,R1
CIA-RDP79T00975A003200270001-6:4.0.2,partial_B,final_0408_91d692b4ab,ASSIGNED_FULL,later_pdf_word_coordinates,False,coincides with the return to Istanbul of a bank delegation which spent nearly two months in the USSR visiting industrial centers. The delegation reportedly negotiated an agreement under which the USSR will install a glass factory in Turkey and initiated discussions which may also lead to the building of a chemical factory by Russian technicians.,"coincides with the return to Istanbul of a bank delegation which spent nearly two months in the USSR visiting industrial centers. The delegation reportedly negotiated an agreement under which the USSR will in- stall a glass factory in Turkey and initiated discus- sions which may also lead to the building of a chemical factory by Russian technicians,",PASS,0.929825,0.963636,0.946429,PASS,1313,0.672988,0.083917,1.0,57,57,R1
CIA-RDP79T00975A003200270001-6:9.0.0,partial_A,final_0409_32bb18c51b,ASSIGNED_FULL,later_pdf_word_coordinates,False,Kia claims that Eqbal has lost the confidence of the Shah as well as that of his own supporters.,Kia claims that Equal has 1osFthe confidence of the Shah as well as that of his own supporters.,PASS,0.888889,0.842105,0.864865,PASS,2016,0.820179,0.100671,1.0,18,18,R1
CIA-RDP79T00975A003200300001-2:7.0.0,partial_C,final_0410_0070068bdf,ASSIGNED_FULL,later_pdf_word_coordinates,False,"The Turkish position on Cyprus is not irrevocably tied to partition of the island as previously indicated,",The Turkish position on Cyprus is not 'rrevocab1y tied to partition of the 's1and as previously L In,PASS,0.777778,0.823529,0.8,PASS,1525,0.709632,0.088824,1.0,18,18,R1
CIA-RDP79T00975A003200300001-2:7.0.1,partial_D,final_0410_0070068bdf,ASSIGNED_FULL,later_pdf_word_coordinates,False,". In order to establish a strong position in any future negotiations, the Turks would demand partition at the 35th parallel but would be prepared to accept ""any lesser"" geographical","In order to estaolisn a strong position in any future negotiations,‘"" the -Turks would demand partition at the 35th parallel but would be prepared to accept ""any lesser"" geographical",PASS,0.965517,0.965517,0.965517,PASS,1525,0.709632,0.088824,1.0,29,29,R1
CIA-RDP79T00975A003200300001-2:7.1.0,headline,final_0410_0070068bdf,ASSIGNED_FULL,later_pdf_word_coordinates,False,but this is the first report to indicate that alternatives are under serious study in Ankara.,but this is the first report to indicate that alternatives are under serious study in Ankara.,PASS,1.0,1.0,1.0,PASS,1525,0.709632,0.088824,1.0,16,16,R3
CIA-RDP79T00975A003200370001-5:4.0.0,headline,final_0411_2952a485d0,ASSIGNED_FULL,later_pdf_word_coordinates,False,at least 60 officers of the Committee of State Security (KGB) and military intelligence service (GRU) have also been called home.,at least 60 officers of the Committee of State Security (KGB) and military intelligence service (GRU) have also been called home.,PASS,1.0,1.0,1.0,PASS,1483,0.715388,0.082773,1.0,21,21,R1
CIA-RDP79T00975A003200370001-5:4.1.0,headline,final_0411_2952a485d0,ASSIGNED_FULL,later_pdf_word_coordinates,False,both the diplomatic and intelligence personnel,both the diplomatic and intelligence personnel,PASS,1.0,1.0,1.0,PASS,1483,0.715388,0.082773,1.0,6,6,R3
CIA-RDP79T00975A003200370001-5:4.2.0,headline,final_0411_2952a485d0,ASSIGNED_FULL,later_pdf_word_coordinates,False,"In the case of the intelligence officers, these briefings might deal with a change in the future conduct of foreign intelligence operations or in the priority of Soviet intelligence targets.","In the case of the intelligence officers, these briefings might deal with a change in the future conduct of for- eign intelligence operations or in the priority of Soviet intelli- gence targets.",PASS,0.875,0.933333,0.903226,PASS,1483,0.715388,0.082773,1.0,32,32,R3
CIA-RDP79T00975A003200450001-6:4.0.0,partial_A,final_0412_e23ea54400,ASSIGNED_FULL,later_pdf_word_coordinates,False,"Nasr feels the present leftist orientation of the Syrian government is ""not favorable to Egyptian interests,"" and places the blame on American ""playing around.""","\Nasr feels the present leftist orientation of the Syrian government is ""not favorable to Egyptian interests,"" and places the blame on American ""play- ing around.""",PASS,0.92,0.958333,0.938776,PASS,1784,0.800718,0.075329,1.0,25,25,R1
CIA-RDP79T00975A003200450001-6:4.1.0,headline,final_0412_e23ea54400,ASSIGNED_FULL,later_pdf_word_coordinates,False,"Nasr added his belief that the apparent Communist nature of the regime may provide the United States with an opportunity for interference in Syria, working through Iraq, Turkey, and Jordan.","Nasr added his belief that the appar- ent Communist nature of the regime may provide the United States with an opportunity for interference in Syria, working through Iraq, Turkey, and Jordan.",PASS,0.935484,0.966667,0.95082,PASS,1784,0.800718,0.075329,1.0,31,31,R2
CIA-RDP79T00975A003300010001-3:6.1.0,partial_A,final_0413_a3510129da,ASSIGNED_FULL,later_pdf_word_coordinates,False,"American-owned Manabí Exploration Company--Ecuador's second largest oil producer--has advised the American embassy in Quito that Communists are behind ""impossible"" demands for a new union contract and will strike his company as a means of launching a general strike to embarrass Ponce. The company's planned dismissal of 100 workers about 4 September is likely to precipitate the movement.","\American-owned Manabi 'Ex- ploration Company--Ecuador's second largest oil producer-- has advised the American embassy in Quito that Communists are behind ""impossible"" demands for a new regime“Z union contract and will strike his company as a means of launching a gen- eral strike to embarrass Poncen The company's planned dismissal of 100 workers about 4 September is likely to precipitate the movement‘,",PASS,0.907692,0.951613,0.929134,PASS,1632,0.774561,0.079418,1.0,61,61,R3
CIA-RDP79T00975A003300010001-3:7.0.0,headline,final_0414_a6023ac17b,ASSIGNED_FULL,later_pdf_word_coordinates,False,Comment Raab was reported on 31 August to have suffered a mild stroke or heart attack which may restrict his traveling.,Comment Raab was reported -on 31 August to have s suffered a mild stroke or heart attack which may restrict his traveling.,PASS,0.954545,1.0,0.976744,PASS,1917,0.823807,0.084815,1.0,22,22,R2
CIA-RDP79T00975A003300030001-1:7.0.0,headline,final_0415_89c26d6710,ASSIGNED_FULL,later_pdf_word_coordinates,False,"Abd al-Ilah is worried over King Saud's attitude. He said that while Saud had expressed concern to him over the Syrian developments, implying that Egyptian President Nasr was to blame, he nevertheless said the situation must not be remedied by force of arms.","Abd al-Ilah is worried over King Saud's attitude. He said that while Saud had expressed concern to him over the Syrian developments, implying that. Egyptian President Nasr was to blame, he nevertheless said the situ- ation must not be remedied by force of arms‘,",PASS,0.956522,0.977778,0.967033,PASS,1481,0.720681,0.082871,1.0,44,44,R2
CIA-RDP79T00975A003300030001-1:7.1.0,headline,final_0415_89c26d6710,ASSIGNED_FULL,later_pdf_word_coordinates,False,Saud's cautioning against the overthrow of the present Syrian regime by force of arms may reflect fear of an Egyptian or Syrian countermove against him. Iraqi and Jordanian officials consider Saud's support essential for any attempt by the other Arab states to change the government in Syria. Saud may still cling to the idea that the trend there may be reversed by internal efforts.,"Saud's cautioning against the overthrow of the present Syrian regime by force of arms may reflect fear of an Egyptian or Syrian countermove against himo Iraqi and Jordanian officials consider Saud's support essential for any attempt by the other Arab states to change the government in Syriac Sand may still cling to the idea that the trend there may be reversed by internal efforts,",PASS,0.954545,0.954545,0.954545,PASS,1481,0.720681,0.082871,1.0,64,64,R3
CIA-RDP79T00975A003300070001-7:7.0.0,partial_A,final_0416_f8d9beb164,ASSIGNED_FULL,later_pdf_word_coordinates,False,Chong's resignation would not be accepted by President Rhee or Defense Minister Kim unless further interrogation of the agents discloses that Chong was involved in their schemes.,\Chong's resignation would no Ln) e accepted by President Rhee or Defense Minister -Kim unless further interrogation of the agents discloses that Chong was involved in their schemes.,PASS,0.896552,0.928571,0.912281,PASS,1850,0.805749,0.086593,1.0,28,28,R2
CIA-RDP79T00975A003300110001-2:12.1.0,headline,final_0417_e653f2fdf7,ASSIGNED_FULL,later_pdf_word_coordinates,False,"The Kishi cabinet, in response to pressure from business and political interests, has waived fingerprint requirements for the five Chinese, offered them the use of secret codes and freedom of travel within Japan, and exempted them from customs duties and taxes.","The Kishi cabinet, in response to pres»- sure from business and political interests, has waived fing,er= print requirements for the five Chinese, offered them the use of secret codes and freedom of travel within Japan, and ex- empted them from customs duties and taxes,""",PASS,0.844444,0.926829,0.883721,PASS,1766,0.790864,0.089424,1.0,44,44,R2
CIA-RDP79T00975A003300110001-2:14.0.0,partial_A,final_0418_04967ac4f0,ASSIGNED_FULL,later_pdf_word_coordinates,False,"Sarit has reached ""the point of no return"" and will resort to an armed coup d'etat if no other means can be found to oust Phibun. The source feels that the army chief now has sufficient support to overthrow the government but must act soon or lose some of this following.","\Sarit has reached ""the point of no return"" and will resort to an armed coup d'etat if no other ""means can be found to oust Phibun. The source feels that the e army chief now has sufficient support to overthrow the govern» 1 ment but must act soon or lose some of this following.",PASS,0.927273,0.980769,0.953271,PASS,1930,0.80083,0.088488,1.0,54,54,R2
CIA-RDP79T00975A003300110001-2:15.1.1,partial_B,final_0419_cb5a82ad73,ASSIGNED_FULL,later_pdf_word_coordinates,False,that Velasco has enough military backing for a coup to restore him to power.,that Velasco has enough military backing for a coup to restore him to power“,PASS,1.0,1.0,1.0,PASS,2215,0.874112,0.080751,1.0,14,14,R2
CIA-RDP79T00975A003300120001-1:6.0.0,partial_A,final_0420_9a286362ff,ASSIGNED_FULL,later_pdf_word_coordinates,False,"Khrushchev's tougher internal rule, coupled with Tito's ""pro-Soviet course,"" must be distasteful to Kardelj and the more ""Westernized"" sector of the party.","Khrushchevs tougher internal rule, coupled wifn Tito's ""pro-Soviet course,"" must be distasteful to Kardelj and the more ""Westernized"" sector of the party. K I",PASS,0.846154,0.88,0.862745,PASS,1487,0.733235,0.087295,1.0,24,24,R3
CIA-RDP79T00975A003300120001-1:6.1.0,partial_B,final_0420_9a286362ff,ASSIGNED_FULL,later_pdf_word_coordinates,False,", on the basis of their talks with Yugoslav leaders in Belgrade earlier this month, Yugoslavia is moving closer to the USSR, especially on international issues, and that the major significance of the Tito-Khrushchev talks in Rumania was Tito's agreement not to ""provoke matters"" in Eastern Europe.","on the basis 1 of their talks with Yugoslav leaders in e gra e earlier this month, Yugoslavia is moving closer. to the USSR, especially on international issues, and that the major significance of the Tito-Khrushchev talks in Rumaiiia was Tito's agreement not to ""provoke matters,"" in Eastern Europe“",PASS,0.901961,0.958333,0.929293,PASS,1487,0.733235,0.087295,1.0,49,49,R4
CIA-RDP79T00975A003300140001-9:4.0.0,partial_A,final_0421_6d4c722983,ASSIGNED_FULL,later_pdf_word_coordinates,False,Sarit planned to advance permanent civil servants to senior ministerial posts. This may indicate he intends to form a provisional cabinet of nonpolitical experts until the assembly meets.,to advance permanent civil servan s o senior ministerial posts. This may indicate he intends to form a provisional cabinet of nonpolitical experts until the assembly meets.,PASS,0.888889,0.857143,0.872727,PASS,1916,0.834495,0.071757,1.0,27,27,R2
CIA-RDP79T00975A003300150001-8:6.1.0,partial_B,final_0422_f4352100bb,ASSIGNED_FULL,later_pdf_word_coordinates,False,"the unspecified plan mentioned in a recent Cairo newspaper article is the one devised by President Nasir last July. At that time Nasir reportedly said that in September he would request the International Monetary Fund to collect Egypt's $30,000,000 debt to the fund from the approximately $42,000,000 held in the United States.","unspecified plan mentioned in a recent Cairo newspaper article is the one devised by President'Nasir last July. At that time Nasir reportedly said that in,September he would request the International Monetary Fund to collect Egypt's $30,000,000 debt to the fund from the approximately $42,000,000 held in the United States.",PASS,1.0,0.982456,0.99115,PASS,1699,0.791337,0.091134,1.0,49,49,R1
CIA-RDP79T00975A003300300001-1:10.0.0,partial_A,final_0423_fc004df704,ASSIGNED_FULL,later_pdf_word_coordinates,False,The French government reportedly approached the Yugoslav delegation at the United Nations and informed it that recognition of East Germany would be considered an unneutral act.,The French government reportedly approached the Yugoslav delegation at the -United Nations and informed 1t that recognition of East ermany would be considered an unneutral act“,PASS,0.923077,0.923077,0.923077,PASS,1661,0.76827,0.116076,1.0,26,26,R2
CIA-RDP79T00975A003300300001-1:11.1.0,partial_B,final_0424_a1ea054235,ASSIGNED_FULL,later_pdf_word_coordinates,False,supporters of De Gaulle had brought about Bourges-Maunoury's downfall and that De Gaulle is working toward a coup.,Supporters of De Gaulle‘ had‘. brought about Bourges-Maunour 's downfall and that De Gaulle is working towards a coup.,PASS,0.9,0.9,0.9,PASS,1677,0.797812,0.102008,1.0,19,19,R2
CIA-RDP79T00975A003300300001-1:11.1.1,partial_B,final_0424_a1ea054235,ASSIGNED_FULL,later_pdf_word_coordinates,False,"the Socialist belief that the recall of De Gaulle would lead to rank-and-file Socialists cooperating with the Communists, despite Socialist party leaders' desire to prevent it.","Socialist belief that the re- call of De Gaulle -would lead to rank-and-file Socialists coop- erating with the Communists, despite Socialist party i leaders‘ desire to prevent it.",PASS,0.833333,0.892857,0.862069,PASS,1677,0.797812,0.102008,1.0,28,28,R2
CIA-RDP79T00975A003300300001-1:12.1.0,partial_B,final_0425_4710561798,ASSIGNED_FULL,later_pdf_word_coordinates,False,"a courier of the ""Peronista High Command"" arrived in Buenos Aires from Chile on 26 September with instructions for widespread demonstrations on 17 October, and the government may now have learned of these plans.","a courier of the ""Peronista High Command1' arrived in Buenos Aires from Chile on 26 September with instructions for widespread demonstrations on 1'7 October, and the govern- ment may now have learned of these plans.",PASS,0.861111,0.911765,0.885714,PASS,1756,0.816364,0.102276,1.0,35,35,R2
CIA-RDP79T00975A003300310001-0:8.0.0,partial_B,final_0426_df06408943,ASSIGNED_FULL,later_pdf_word_coordinates,False,"of great significance and potentiality for expanding rice production and promoting social welfare. While rice earns 70 percent of Burma's foreign exchange, rice exports are still only about two thirds of pre-war levels.","‘of great significance and potentiafity for expanding rice production and promoting so- cial welfare. While rice earns -70 percent of Burma's foreign exchange, rice exports are still only about two thirds of pre- war leTVels.",PASS,0.888889,0.914286,0.901408,PASS,1774,0.811528,0.080633,1.0,35,35,R2
CIA-RDP79T00975A003300350001-6:14.1.0,partial_B,final_0429_5919200784,ASSIGNED_FULL,later_pdf_word_coordinates,False,"while ""the gorillas"" are at present limiting their demands to changes in labor policy, their intention is to use the labor situation as a pretext for ousting President Aramburu ""in the near future"" and for postponing the general elections Aramburu insists will be held in February.","""the gorillas"" are at present limiting their demands to changes in labor policy, their intention is to use the labor situation as a pretext for ousting President Aram- buru ""in the near future"" and for postponing the general elections Aramburu insists will be held in February.",PASS,0.956522,0.956522,0.956522,PASS,1671,0.783771,0.082088,1.0,46,46,R5;R6
CIA-RDP79T00975A003300350001-6:6.1.0,partial_C,final_0427_c20c525308,ASSIGNED_FULL,later_pdf_word_coordinates,False,"Yugoslav Ambassador Kveder, who is returning to Bonn on 13 October, has requested an urgent appointment with","assa or ve er, who is returning to Bonn on 13 October, has re- quested an urgent appointment with",PASS,0.684211,0.764706,0.722222,PASS,1763,0.750852,0.08796,1.0,19,19,R1
CIA-RDP79T00975A003300350001-6:8.1.1,partial_B,final_0428_61625ee4de,ASSIGNED_FULL,later_pdf_word_coordinates,False,it is nonsense to say that the mistakes have been corrected.,it is nonsense to sa Y that the mistakes have been corrected.,PASS,0.833333,0.909091,0.869565,PASS,1812,0.824011,0.082636,1.0,12,12,R1
CIA-RDP79T00975A003300370001-4:4.1.0,partial_A,final_0430_4a9b9bc461,ASSIGNED_FULL,later_pdf_word_coordinates,False,"Soviet Foreign Minister Gromyko and UN delegate Kuznetsov have pressed Syrian Foreign Minister Bitar to introduce a complaint, but Bitar reportedly ""feels lost"" and has not received instructions from Damascus.","Foreign Minister romy 0 and UN delegate -Kuznetsov have ﬁpressed Syrian Foreign Minister Bitar to introduce a complaint, but Bitar reportedly ""feels lost"" and has not received instructions from Damascus, A",PASS,0.870968,0.9,0.885246,PASS,1563,0.767305,0.076911,0.967742,30,31,R1
CIA-RDP79T00975A003300370001-4:4.2.1,partial_B,final_0430_4a9b9bc461,ASSIGNED_FULL,later_pdf_word_coordinates,False,"did not expect that the United States and Britain would encourage Syria's neighbors to invade, but would instead attempt to bring about a coup, followed by an appeal by the new leaders to Syria's neighbors to send military forces to support the new regime.","\did not expect _aFthe United States and Britain would encourage Syria°s neighbors to invade, but would instead attempt to bring about a coup, followed by an appeal by the new leaders to Syria's neighbors to send military forces to support A the new ""egime'",PASS,0.911111,0.891304,0.901099,PASS,1563,0.767305,0.076911,1.0,44,44,R2
CIA-RDP79T00975A003300380001-3:15.1.0,headline,final_0431_f380652c8a,ASSIGNED_FULL,later_pdf_word_coordinates,False,Reports that a high-level delegation from the Dominican Republic is scheduled to confer on Kebreau one of the highest Dominican decorations suggest that he may have made a deal with Dominican dictator Trujillo.,Reports that a high- level delegation from the Dominican Republic is scheduled to confer on Kebreau one of the highest Dominican decorations suggest that he may have made a deal with Dominican dictator Trujillo.,PASS,1.0,1.0,1.0,PASS,1741,0.760594,0.086675,1.0,34,34,R3
CIA-RDP79T00975A003300390001-2:10.1.0,partial_B,final_0433_95ca06f7e3,ASSIGNED_FULL,later_pdf_word_coordinates,False,a group of retired army generals is laying plans for a counter-coup should the conservatives seize on the current unrest to oust Aramburu and postpone the general elections scheduled for next February.,a group of retired army generals is laying plans for a counter- coup should the conservatives seize on the current unrest to oust Aramburu and postpone the general elections scheduled for next February.,PASS,1.0,1.0,1.0,PASS,1706,0.778995,0.091042,1.0,33,33,R2
CIA-RDP79T00975A003300390001-2:9.1.0,headline,final_0432_00cb6afb27,ASSIGNED_FULL,later_pdf_word_coordinates,False,and may secretly subsidize other candidates as an alternative grouping should the Unionists prove inadequate for his purposes.,and may se- cretly subsidize other candidates as an alternative grouping should the Unionists prove inadequate for his purposes.,PASS,0.894737,0.944444,0.918919,PASS,1492,0.756592,0.076895,1.0,19,19,R2
CIA-RDP79T00975A003300390001-2:9.2.0,headline,final_0432_00cb6afb27,ASSIGNED_FULL,later_pdf_word_coordinates,False,The decision to do so was reportedly taken on the insistence of Premier Pote and with Sarit's approval.,The decision to do so was reportedly taken on the insistence of Premier Pote and with Sarit’s approval.,PASS,0.944444,0.894737,0.918919,PASS,1492,0.756592,0.076895,1.0,18,18,R3
CIA-RDP79T00975A003300390001-2:9.3.0,partial_A,final_0432_00cb6afb27,ASSIGNED_FULL,later_pdf_word_coordinates,False,"Sarit is currently on a 15-day vacation at a seaside resort. Although his close associates insist that he is being consulted on all major decisions, there is a growing body of evidence indicating that he may be gravely ill.","Sarit is currently on a 15-day vacation at a seaside resort. Although his close associates insist that he is being consulted on all major decisions, there is a growing body of evidence indicating that he may be gravely ill.",PASS,1.0,1.0,1.0,PASS,1492,0.756592,0.076895,1.0,39,39,R4
CIA-RDP79T00975A003300400001-0:7.1.0,partial_A,final_0434_9d227ad7f2,ASSIGNED_FULL,later_pdf_word_coordinates,False,"The Czechs allegedly have offered the Burmese anything they need, from small arms to field artillery, on favorable terms.","The Czechs allegedly have offered the Burmese anything they need, from small arms to field artillery, on favorable terms.",PASS,1.0,1.0,1.0,PASS,1862,0.815594,0.098854,1.0,19,19,R1
CIA-RDP79T00975A003300400001-0:8.1.1,partial_B,final_0435_5d6c3f65a9,ASSIGNED_FULL,later_pdf_word_coordinates,False,told a leader of the conservative Independent party that enlargement of the cabinet should serve both to bring in former ministers who voluntarily stepped aside during the formation of the present government and to allow the incorporation of Pathet Lao officials into the government.,told a leader of the conservative Independent party that en- largement of the cabinet should serve both to bring in for- mer ministers who voluntarily stepped aside during the for- mation of the present government and to allow the incorpo- ration of Pathet Lao officials into the governmento,PASS,0.8125,0.886364,0.847826,PASS,1563,0.774913,0.10562,1.0,48,48,R2
CIA-RDP79T00975A003300430001-7:15.1.0,partial_C,final_0436_641fbb1b40,ASSIGNED_FULL,later_pdf_word_coordinates,False,"Peronista plans call for revolutionary action with army support between 31 October and 2 November,","Peronista plans call for revolutionary I action with army support between 31 October and 2 November,",PASS,0.9375,1.0,0.967742,PASS,1489,0.700376,0.084894,1.0,16,16,R2
CIA-RDP79T00975A003300430001-7:15.1.1,partial_A,final_0436_641fbb1b40,ASSIGNED_FULL,later_pdf_word_coordinates,False,"These plans include a ""campaign"" into northern Argentina from Bolivia. The Chilean and Paraguayan presidents recently warned Aramburu to be alert for ""early action"" by the Peronistas. The government reportedly feels confident of army loyalty, however, and of its ability to suppress any Peronista action.","These plans include a ""campaign"" into northern Argentina from Boliviaq The Chilean and Paraguayan presidents recently warned Aramburu to be alert for ""early action"" by the Peronistaso The government reportedly feels confident of army loyalty howe of its ability to suppress any Peronista action. 22",PASS,0.911111,0.911111,0.911111,PASS,1489,0.700376,0.084894,0.977778,44,45,R2
CIA-RDP79T00975A003300450001-5:6.1.0,partial_A,final_0437_6047eba57c,ASSIGNED_FULL,later_pdf_word_coordinates,False,"To divert public attention from these difficulties, the Jordanians are against complaining to the UN about Israeli activities in the contested Jerusalem area.","To divert public attention from these diffi- about culties, Isr the Jordanians activities in are the against contested complaining Jerusalem to area,",PASS,0.636364,0.608696,0.622222,PASS,1838,0.829048,0.075417,1.0,22,22,R2
CIA-RDP79T00975A003300470001-3:7.1.0,headline,final_0438_659c727f82,ASSIGNED_FULL,later_pdf_word_coordinates,False,is reportedly prepared to use force against Ydigoras' followers rather than give in to his demands. It,is reportedly prepared to use force against Ydigoras‘ followers rather than give in to his demands. It,PASS,1.0,1.0,1.0,PASS,1900,0.813008,0.074475,1.0,17,17,R3
CIA-RDP79T00975A003300490001-1:8.1.1,partial_B,final_0439_7e72daa6cb,ASSIGNED_FULL,later_pdf_word_coordinates,False,"official said he believes the Yugoslavs are sincere in their general position, genuinely wish a revival of the Balkan pact, and prefer that Greece remain in NATO ""for the time being and perhaps for the foreseeable future.""","on Kardelj's remarks, a high said he believes the Yugoslavs are sin- cere in t eir general position, genuinely wish a revival of the Balkan pact, and prefer that Greece remain in ""for the time being and perhaps for the foreseeable future.""",PASS,0.767442,0.891892,0.825,PASS,1627,0.805446,0.080165,1.0,42,42,R2
CIA-RDP79T00975A003300510001-8:10.1.0,headline,final_0442_32cd751795,ASSIGNED_FULL,later_pdf_word_coordinates,False,"Government sources have reportedly blamed this sentiment on propaganda from the Brazilian petroleum monopoly, Petrobras.","Government sources have reportedly blamed this sentiment on propaganda from the Brazilian petroleum monopoly, Petrobras.",PASS,1.0,1.0,1.0,PASS,1894,0.823478,0.089532,1.0,15,15,R1
CIA-RDP79T00975A003300510001-8:5.1.0,partial_A,final_0440_96f05abbe6,ASSIGNED_FULL,later_pdf_word_coordinates,False,"On 30 October, the Yugoslav ambassador in Moscow told a foreign journalist that neither he nor his military attaché, who had accompanied Zhukov on his recent trip, was aware of any development which could justify action against the marshal. He said he felt certain Zhukov had had no idea what was awaiting him when he returned to Moscow on 26 October.","On 30 October, the Yugoslav ambassador in Moscow told a foreign journalist that neither he nor his military attaché,, who had accompanied -Zhukov on his recent trip, was aware of any development which could justify action against the marshal. He said he felt certain Zhukov had had no idea what was awaiting him when he returned to Moscow on 26 Octoberc",PASS,0.983607,0.983607,0.983607,PASS,1792,0.817891,0.075266,1.0,61,61,R3
CIA-RDP79T00975A003300510001-8:6.0.0,headline,final_0441_2a831a8c8a,ASSIGNED_FULL,later_pdf_word_coordinates,False,"The army's upper echelons, which have become aware of strong efforts by Rhee's Liberal party to ensure army support for the party in the 1958 elections, are now participating in political intrigue. Rhee's plan to remove all his four-star generals from active duty has become generally known and has resulted in intensified infighting among ambitious general officers aspiring to top commands.","The army's upper echelons, which have become aware of strong efforts by Rhee's Liberal party to ensure army support for the party in the 1958 elections, are now participating in political intrigue. Rhee's plan to remove all his four-star generals from active duty has become gen- erally known and has resulted in intensified infighting among ambitious general officers aspiring to top commands.",PASS,0.969697,0.984615,0.977099,PASS,1788,0.824723,0.078345,1.0,62,62,R3
CIA-RDP79T00975A003400010001-2:14.0.0,partial_A,final_0445_e92fba4217,ASSIGNED_FULL,later_pdf_word_coordinates,False,"C. Unstable conditions and tensions stemming from developments concerning Syria continue to create possibilities for conflict in the Middle East. Although major Turkish forces continue to be deployed on the Syrian frontier and in position to attack Syria, we have no evidence that Turkey has reached a decision to launch such an attack. The situation; however, remains tense.","1 C. Unstable conditions and tensions stemming from develop- ments concerning Syria. continue to create possibilities for conflict in the Middle East. Although major Turkish forces continue to be deployed on the Syrian frontier and in.position to attack Syria, we have no evidence that Turkey has reached a decision to launch such an attack. The situ- ation; however, remains tense.",PASS,0.918033,0.965517,0.941176,PASS,1715,0.770787,0.086654,1.0,60,60,R1
CIA-RDP79T00975A003400010001-2:4.1.0,partial_B,final_0443_6a6e81c41b,ASSIGNED_FULL,later_pdf_word_coordinates,False,"the Ural Military District is more important than the ordinary provincial military district and might in fact be an alternate--presumably wartime--headquarters of the Ministry of Defense. This supposition is based largely on the fact that the present commander of the district, Army General N. I. Krylov, apparently held important assignments during 1955-56, and had previously been a deputy to Marshal Malinovsky in the Far Eastern Military District.","District is more important than the ordinary provincial military district and might in fact be an alternate--presumably wartime--headquarters of the Min- istry of ‘Defense. This supposition is based largely on the fact that the present commander of the district, Army General N. I. Krylov, apparently held important assignments 1 during 1955-56, and had previously been a depu linovsky in the Far Eastern Military",PASS,0.924242,0.871429,0.897059,PASS,1486,0.718916,0.082822,1.0,63,63,R7
CIA-RDP79T00975A003400010001-2:9.1.0,partial_A,final_0444_a8f1ef4e6a,ASSIGNED_FULL,later_pdf_word_coordinates,False,"The local Communists are seeking to exploit this confusion. The Socialist ideological leader, Michel Aflaq, reportedly has told Egyptian President Nasir that the Communists were making a strong bid for Syria by recruiting members of his party. Aflaq said that the only way to combat this menace is a coalition government including the relatively conservative Populist party. Aflaq is said to have asked Nasir to use his influence toward this end.","The local Communists are “seeking to ex- ploit this confusion. The Socialist ideological leader, Michel Aflaq, reportedly has told Egyptian President Nasir that the Communists were making a strong bid for Syria by recruiting members of his partyo Aflaq said that the only way to combat this ‘menace is a coalition government including the. relatively conservative Populist party. Aflaq is said to have asked Nasir to use his influence toward this end.",PASS,0.958333,0.971831,0.965035,PASS,1743,0.753567,0.079894,1.0,72,72,R2
CIA-RDP79T00975A003400040001-9:9.0.0,headline,final_0446_0fecf2196a,ASSIGNED_FULL,later_pdf_word_coordinates,False,"The labor minister has usually been friendly to the United States, though the solid support given him by local leftist elements may indicate they expect even more opportunity for action under his presidency than Mexico's traditional indulgence of political leftists has previously provided.","The labor minister has usually been friendly to the United States, though the solid support given him by local leftist elements may indicate they ex- pect even more opportunity for action under his presidency than Mexico's traditional indulgence of political leftists has previously provided,",PASS,0.955556,0.977273,0.966292,PASS,1871,0.793806,0.076632,1.0,44,44,R2
CIA-RDP79T00975A003400060001-7:12.0.1,partial_A,final_0447_f4c7428ba8,ASSIGNED_FULL,later_pdf_word_coordinates,False,"The director of the Lebanese Interior Ministry has linked the attempted dynamiting of the Lebanese parliament building and government executive offices in Beirut on 6 November to the activities of outlawed Communist and rightist Syrian Socialist Nationalist parties. It is unlikely that the diametrically opposed Communists and Syrian Nationalists would cooperate in any operations, but the Syrian deuxieme bureau might be involved in terrorist actions of this kind under its present policy of fomenting subversive activities in Lebanon.","The director of the Lebanese Interior Ministry has linked the attempted dyna- miting of the Lebanese parliament build- ing and government executive offices in Beirut on 6 November to the activities of outlawed Communist and rightist Syrian Socialist Nationalist parties” It is un- likely that the diametrically opposed Communists and Syrian Nationalists would cooperate in any operations, but the Syrian deuxieme bureau might be involved in terrorist actions of this kind under its present policy of fomenting subversive activities in Lebanon.",PASS,0.925926,0.961538,0.943396,PASS,1324,0.690662,0.087528,1.0,81,81,R1
CIA-RDP79T00975A003400060001-7:14.1.0,headline,final_0448_99f5518004,ASSIGNED_FULL,later_pdf_word_coordinates,False,"Hatta, for his part, reportedly is prepared to announce open support for anti-Communist forces, including dissident groups in Sumatra and Celebes, if he is unsuccessful in achieving his own demands for participation in and reorganization of the government to eliminate Communist influences.","Hatta, for his part, reportedly is prepared to announce open support for anti-Communist forces, including dissident groups in Sumatra and Celebes, if he is unsuccessful in achieving his own demands for participation in and reorganization of the government to eliminate Commu- nist influences.",PASS,0.954545,0.976744,0.965517,PASS,1710,0.782609,0.089637,1.0,43,43,R2;R3
CIA-RDP79T00975A003400160001-6:12.0.0,headline,final_0449_db4a1b6f95,ASSIGNED_FULL,later_pdf_word_coordinates,False,"The request marks a crucial turn in Japanese defense planning and exposes the Kishi government to considerable political risk because of widespread pacifist sentiment in Japan. The Japanese have informed American officials that while the government is willing to acquire non-nuclear guided missiles, it cannot in the face of possible impending elections initiate a controversy over the security legislation which is ordinarily required before the United States will provide modern weapons and information.","The request marks a crucial turn in Japanese defense planning and exposes the Kishi govern- ment to considerable political risk because of widespread pacifist sentiment in J apann The Japanese have informed American officials that while the government is willing to acquire non-nuclear guided missiles, it cannot in the face of possible impending elections initiate a controversy over‘ the security legislation which is ordinarily required before the United States will provide modern weapons and informa- tion.",PASS,0.922078,0.959459,0.940397,PASS,1572,0.759787,0.079371,1.0,76,76,R3
CIA-RDP79T00975A003400160001-6:14.1.1,partial_B,final_0450_84169c0d18,ASSIGNED_FULL,later_pdf_word_coordinates,False,"that he will fight Lopez' maneuvers, if necessary by a national plebiscite seeking approval of his election as President and determining the public's attitude toward the constitutional status of the armed forces.","that he will fight Lopez’ maneuvers, if necessary by a national plebiscite seeking approval of his election as President and determining the public's‘ attitude toward the constitutional sta- tus of the armed forces.",PASS,0.941176,0.969697,0.955224,PASS,1847,0.790329,0.080158,1.0,33,33,R3
CIA-RDP79T00975A003400170001-5:7.1.0,partial_B,final_0451_b86322e600,ASSIGNED_FULL,later_pdf_word_coordinates,False,"a Soviet boycott will induce world public opinion ""to bring greater pressure to bear on the governments of the capitalist countries,"" which eventually ""will be compelled to seek agreement.","Soviefboycott will induce world public opinion ""to bring greater pressure t o b ear on the g o v e rnm e n ts of the ca. -p italist countries which eventually ""will be compelled to",PASS,0.555556,0.689655,0.615385,PASS,1930,0.841692,0.075297,1.0,36,36,R2
CIA-RDP79T00975A003400190001-3:6.1.0,headline,final_0452_3291e4e38d,ASSIGNED_FULL,later_pdf_word_coordinates,False,"She said, ""We pray for Hussayn even though we may not like him.""","She said, ""We pray for I-lussayn even though we may not like him.""",PASS,0.857143,0.923077,0.888889,PASS,1996,0.82856,0.081719,1.0,13,13,R3
CIA-RDP79T00975A003400220001-9:5.1.0,headline,final_0453_10f93c995d,ASSIGNED_FULL,later_pdf_word_coordinates,False,This latest report suggests that in discussions with Mao and other bloc leaders he did not receive the degree of support he had expected.,This latest report suggests that in discussions with Mao and other bloc leaders he did not receive the degree of support he had ex- pected.,PASS,0.92,0.958333,0.938776,PASS,1851,0.789339,0.092849,1.0,25,25,R4
CIA-RDP79T00975A003400250001-6:5.1.0,headline,final_0454_9f04197255,ASSIGNED_FULL,later_pdf_word_coordinates,False,Some of the measures appear to be aimed at Western intelligence activities based in West Berlin.,Some of he measures appear to be aimed at West- vities based in West Berlin.,PASS,0.8,0.75,0.774194,PASS,2052,0.831106,0.083027,1.0,15,15,R2;R3
CIA-RDP79T00975A003400280001-3:11.1.0,partial_A,final_0456_caace51ee8,ASSIGNED_FULL,later_pdf_word_coordinates,False,A recent report states that the Indonesian government has approached the USSR on the possibility of purchasing rice.,recent report states that the Indonesian g overnment has a ro ac h e d the USSR on the possibility of purchasing,PASS,0.636364,0.777778,0.7,PASS,2057,0.814653,0.080031,1.0,22,22,R3
CIA-RDP79T00975A003400280001-3:12.1.0,headline,final_0457_c3df3e49c5,ASSIGNED_FULL,later_pdf_word_coordinates,False,"according to another Iranian journalist. Pegov's statements, if published, would stimulate the aspirations of all Middle East oil-producing countries for a larger share of oil profits than they now receive, and strengthen Moscow's propaganda campaign against Western oil interests.","according to another Iranian journ- alist, Pegov's statements, if published, would stimulate the aspirations of all Middle East oil-producing countries for a larger share of oil profits than they now receive, and strength- en Moscow's propaganda campaign against Western oilinterests.",PASS,0.883721,0.904762,0.894118,PASS,1288,0.666667,0.08578,1.0,40,40,R3
CIA-RDP79T00975A003400280001-3:12.2.0,headline,final_0457_c3df3e49c5,ASSIGNED_FULL,later_pdf_word_coordinates,False,Pegov's remarks may have been intended to induce Iran to accept some of these offers.,Pegov's remarks may have been intended to in- duce Iran to accept some of these offers.,PASS,0.882353,0.9375,0.909091,PASS,1288,0.666667,0.08578,1.0,16,16,R4
CIA-RDP79T00975A003400280001-3:5.1.0,partial_B,final_0455_3a77d3314a,ASSIGNED_FULL,later_pdf_word_coordinates,False,no evidence of a nuclear weapons test in the Sahara. It has been estimated that France can conduct its first test of a nominal yield nuclear device in North Africa during 1958. French officials recently stated that work is under way on manufacture of a nuclear weapon. Sufficient French plutonium is currently available for the production of two or three nominal yield weapons.,evidence of a nuclear we aprons the Sahara. It has been estimated that France can conduct its first test of a nominal yield nuclear device in North Africa during 1958. French officials recently stated that work is un- der way on manufacture of a nuclear” w-eaponf Sufficient French plutonium is currently available for the production 0 f two or three nominal yield weapons.,PASS,0.875,0.888889,0.88189,PASS,1717,0.769265,0.08278,1.0,63,63,R2
CIA-RDP79T00975A003400300001-0:10.1.0,partial_A,final_0458_5a1ca7296d,ASSIGNED_FULL,later_pdf_word_coordinates,False,"Several reports indicate that, in the interests of stable government, Pakistan's army leadership favors a revival of the Republican - Awami League coalition under Suhrawardy. Pressure from this quarter on Mirza, whose position is dependent on army backing, could cause the President to withdraw his support of Chundrigar's government and come to terms with Suhrawardy.","Several reports indicate that, in the in- terests of stable government, Pakistan's army leadership favors a revival of the Republican Awami League coali- tion under Suhrawardy. Pressure from this quarter on '1' M’ irza, w h ose p0S1Z10n 1s d epen d en t on army b ac ki ng, cou ld cause the President to withdraw his support of Chundri ar's government and come to terms with",PASS,0.642857,0.803571,0.714286,PASS,1728,0.773154,0.083604,1.0,68,68,R2
CIA-RDP79T00975A003400310001-9:5.1.0,partial_A,final_0459_e4ac731c81,ASSIGNED_FULL,later_pdf_word_coordinates,False,"Mancinelli thought the agreement might be extended to cover the Benelux countries, but he specifically excluded the UK on grounds of its ""traditional obstructionism toward European unity measures""--thus implying an expansion of the six-nation integration along the lines of the CSC, EURATOM, and the Common Market, and a rejection of WEU, of which Britain is a member. He referred to the ""somewhat chauvinistic French attitudes"" involved, but thought German and Italian participation would provide a stabilizing factor.","Mancinelli thought the agreement might be extended to cover the Benelux countries, but he specifically excluded the UK on grounds of its ""traditional obstructionism toward European unity measures""--thus implying an expansion of the six-nation integration along the lines of the CSC, EURA- TOM, and the Common Market, and a rejection of WEU, of which Britain is a membern He referred to the ""somewhat chauvinistic. French attitudes"" involved, but thought German rticipation would provide a stabilizing factor.",PASS,0.948718,0.936709,0.942675,PASS,1622,0.76872,0.08299,1.0,76,76,R2
CIA-RDP79T00975A003400340001-6:8.1.0,partial_A,final_0460_1b03d8620e,ASSIGNED_FULL,later_pdf_word_coordinates,False,One of the most recent approaches of the USSR in its campaign to enter the Iranian economy apparently was made by the chief of the Soviet commercial office in Tehran on 1 December to a group of Iranian businessmen.,"One of the most recent approaches of the USSR in its campaign to enter the Iranian economy apparently was made by the chief of the Soviet commercial office in Tehran on 1 December to a group of Iranian businessmen,",PASS,1.0,1.0,1.0,PASS,1651,0.755952,0.083017,1.0,39,39,R2
CIA-RDP79T00975A003400340001-6:8.1.1,partial_B,final_0460_1b03d8620e,ASSIGNED_FULL,later_pdf_word_coordinates,False,"he offered, Soviet participation in forming an oil company to extract oil in northern Iran. The USSR would furnish all equipment and technicians. Iran would own 51 percent of the stock, and the Soviet Union 49 percent.","\he offered, Soviet participation in orm- ing an oil company to extract oil in northern Iran, The USSR would furnish all equipment and technicians. Iran would own 51 ercent of the stock, and the Soviet Union 49 percent,",PASS,0.921053,0.945946,0.933333,PASS,1651,0.755952,0.083017,1.0,38,38,R2
CIA-RDP79T00975A003400360001-4:8.1.0,partial_A,final_0461_9e815bab29,ASSIGNED_FULL,later_pdf_word_coordinates,False,"The reports suggest that Nuri will not assume the premiership, although he may become a member of the cabinet.","The reports suggest that Nuri will not assume the premiership, although he may become a member of the cabinet.",PASS,1.0,1.0,1.0,PASS,1962,0.810744,0.091661,1.0,19,19,R1
CIA-RDP79T00975A003400390001-1:4.2.0,partial_A,final_0462_d21dd7227e,ASSIGNED_FULL,later_pdf_word_coordinates,False,"Outside Java, a Sumatran independence declaration is reported scheduled for 20 December, the first anniversary of autonomy in Central Sumatra.","Outside Java, a Sumatran independence declaration is reported scheduled for 20 December, the first anniversary of autonomy in Central Sumatra,",PASS,1.0,1.0,1.0,PASS,1631,0.784135,0.096962,1.0,20,20,R3
CIA-RDP79T00975A003400410001-8:12.1.0,partial_A,final_0463_32563cc0fd,ASSIGNED_FULL,later_pdf_word_coordinates,False,"Several rightist groups continue to plot a pre-election revolt, but the majority of army officers are believed desirous of awaiting the election results.","Several rightist groups continue to plot a pre-election revolt, but the majority of army officers are be- lieved desirous of awaiting the election results.",PASS,0.92,0.958333,0.938776,PASS,2082,0.837827,0.081927,1.0,24,24,R2
CIA-RDP79T00975A003400410001-8:13.1.0,partial_A,final_0464_e44710100b,ASSIGNED_FULL,later_pdf_word_coordinates,False,Nagy and some 20 high officers are in the same prison with General Maleter and corroborates earlier information that Maleter's trial started last week.,"Nagy and some 20 high officers are in the same prison with General Maleter and corroborates earlier in- formation that""1Maleter's__trial started last week.",PASS,0.884615,0.92,0.901961,PASS,1854,0.779319,0.096543,1.0,23,23,R1
CIA-RDP79T00975A003400450001-4:12.0.0,partial_C,final_0465_efbf932821,ASSIGNED_FULL,later_pdf_word_coordinates,False,Two senior members of the Algerian rebel organization passed through Tripoli on 10 December en route to Cairo to dis-,Two senior members of’ the Algerian‘ M rebel organization passed through Tripoli on 10 December en route to Cairo to dis-,PASS,0.952381,1.0,0.97561,PASS,1978,0.811987,0.093751,1.0,21,21,R1
CIA-RDP79T00975A003400490001-0:10.1.0,partial_A,final_0466_b04abddc85,ASSIGNED_FULL,later_pdf_word_coordinates,False,"The Imam's growing collaboration with the Soviet bloc has aroused the concern of King Saud, who on 24 December warned the Imam against this ""partiality for the Communist side."" Pointing out that the presence of Communist missions in Yemen would create a threat to Saudi Arabia, Saud gave veiled warning of possible punitive measures against Yemen.","The Imam's growing collaboration with the Soviet bloc has aroused the concern of King Saud, who on 24 December warned the Imam against this ""partiality for the Communist side."" Pointing out that the presence of Commu- nist missions in Yemen would create a threat to Saudi Arabia, Saud gave veiled warning of possible punitive measures against Yemen,",PASS,0.965517,0.982456,0.973913,PASS,1585,0.700398,0.086825,1.0,57,57,R3
CIA-RDP79T00975A003400490001-0:15.1.0,partial_A,final_0467_5b93c0b646,ASSIGNED_FULL,later_pdf_word_coordinates,False,"An official Dutch service has recently estimated the party and EVC membership at 18,000 and 35,000 respectively.","An official Dutch serv- ice has recently estimated the party and EVC membership at 18,000 and 35,000 respectively.",PASS,0.9,0.947368,0.923077,PASS,2046,0.824667,0.088651,1.0,18,18,R3
CIA-RDP79T00975A003500020001-0:6.0.0,partial_A,final_0468_28044c521b,ASSIGNED_FULL,later_pdf_word_coordinates,False,British security forces have taken special precautions.,British security forces have taken special precautions.\,PASS,1.0,1.0,1.0,PASS,1387,0.730384,0.096285,1.0,7,7,R1
CIA-RDP79T00975A003500020001-0:8.0.0,headline,final_0469_87a1962be5,ASSIGNED_FULL,later_pdf_word_coordinates,False,British security forces have already taken special precautions to deal with any disorders resulting from a leak concerning the secret Ankara talks.,British security forces have already taken special precau- tions to deal with any disorders resulting from a leak concern ing the secret Ankara talks.,PASS,0.833333,0.909091,0.869565,PASS,1633,0.793103,0.089205,1.0,24,24,R1
CIA-RDP79T00975A003500040001-8:14.0.0,partial_A,final_0470_3bca5f9cfb,ASSIGNED_FULL,later_pdf_word_coordinates,False,"While these statements represent the editor's own views, they confirm other reports in recent months of mounting frustration and irritation within Iran.","While these statements represent the editor's own views, they confirm other reports in recent months of mounting frustration and irritation within Iran”3",PASS,0.956522,0.956522,0.956522,PASS,1802,0.801958,0.092671,1.0,22,22,R5
CIA-RDP79T00975A003500050001-7:12.0.0,partial_A,final_0471_b5f84c8e9b,ASSIGNED_FULL,later_pdf_word_coordinates,False,Maintenance of Israeli pressure on the northern part of the Syrian border continues to suggest that the Israelis may attempt to provoke an incident with the Syrians which would give them a pretext for an action against Syrian military positions.,Maintenance of Israeli pressure on the northern part of the Syrian border continues to suggest that the Israelis may attempt to provoke an incident with the Syrians which would give them a pretext for an action against Svrian mili- tary positions.\,PASS,0.926829,0.95,0.938272,PASS,1674,0.829945,0.082245,1.0,41,41,R2
CIA-RDP79T00975A003500070001-5:11.0.0,partial_B,final_0473_acebca0967,ASSIGNED_FULL,later_pdf_word_coordinates,False,"a permanent Soviet trade delegation would probably be established in Tunis and that it was ""not beyond the bounds of possibility that before long the Soviet and Tunisian governments would exchange ambassadors.""","Z \a perma- nent Soviet trade delegation would probably be established in Tunis and that it was ""not beyond the bounds of possibility that before long the governments would exchange ambassadors.",PASS,0.903226,0.875,0.888889,PASS,2012,0.85146,0.087047,1.0,31,31,R1
CIA-RDP79T00975A003500070001-5:6.1.0,partial_A,final_0472_76946e631c,ASSIGNED_FULL,later_pdf_word_coordinates,False,Tunisia and the USSR may soon exchange ambassadors.,Tunisia arid the USSR may soon c exchange ambassadors.,PASS,0.777778,0.875,0.823529,PASS,1394,0.749462,0.087746,1.0,9,9,R2
CIA-RDP79T00975A003500110001-0:5.0.0,headline,final_0474_59218f5025,ASSIGNED_FULL,later_pdf_word_coordinates,False,", and feels the fight has just begun.",and feels the fight has just begun.,PASS,1.0,1.0,1.0,PASS,1768,0.803271,0.088424,1.0,7,7,R2
CIA-RDP79T00975A003500110001-0:6.0.0,partial_C,final_0475_2a1d04abe9,ASSIGNED_FULL,later_pdf_word_coordinates,False,"Indonesian dissidents in Central Sumatra are split over their next move. Two key figures in the dissident group, Colonels Simbolon and Lubis,","Indonesian dissidents in Central Sumatra are split over their next move. Two key figures in the dissident roup, Colonels Simbolon and Lubis,",PASS,0.954545,0.954545,0.954545,PASS,790,0.436464,0.097132,1.0,22,22,R1
CIA-RDP79T00975A003500110001-0:6.0.1,partial_B,final_0475_2a1d04abe9,ASSIGNED_FULL,later_pdf_word_coordinates,False,have little hope of pushing through their original plan to form a provisional government.,ﬁhave little hope of pushing through their original plan to form a provisional government.,PASS,0.928571,0.928571,0.928571,PASS,790,0.436464,0.097132,1.0,14,14,R1
CIA-RDP79T00975A003500110001-0:6.0.2,partial_A,final_0475_2a1d04abe9,ASSIGNED_FULL,later_pdf_word_coordinates,False,The central government in Djakarta may already be planning to exploit this disunity.,The central government in Dyakarta may alreadv be L planning to exploit this disunity.,PASS,0.785714,0.846154,0.814815,PASS,790,0.436464,0.097132,1.0,14,14,R1
CIA-RDP79T00975A003500110001-0:6.0.3,partial_B,final_0475_2a1d04abe9,ASSIGNED_FULL,later_pdf_word_coordinates,False,", Djakarta may send limited numbers of troops to areas where foreign economic interests are concentrated, to ensure continued foreign exchange remittances to Djakarta.","Djakarta may sendilimited numbers of troops to areas where foreign economic interests are concentrated, to ensure continued foreign exchange remittances to Djakarta.",PASS,0.954545,0.913043,0.933333,PASS,790,0.436464,0.097132,1.0,22,22,R1
CIA-RDP79T00975A003500110001-0:6.1.0,partial_A,final_0475_2a1d04abe9,ASSIGNED_FULL,later_pdf_word_coordinates,False,"National party leaders plan to recommend to him the formation of a new cabinet led by former Vice President Hatta. Should Sukarno refuse, they will recommend that he at least drop two leftist ministers from the cabinet.","National party leaders plan to recommend to him the formation of a new cabinet led by former Vice President Hatta. Should. Sukarno refuse, they will recom- mend that he at least drop two leftist ministers from the cabinet.",PASS,0.947368,0.972973,0.96,PASS,790,0.436464,0.097132,1.0,38,38,R2
CIA-RDP79T00975A003500110001-0:8.0.0,headline,final_0476_556e79e7ad,ASSIGNED_FULL,later_pdf_word_coordinates,False,"Prior to this formulation of Tunisian aims, UN Secretary General Hammarskjold had advised Tunisian delegate Mongi Slim to ""play for time"" before formally requesting a Security Council meeting.","Prior to this formulation of Tunisian aims, UN Secretary General Hammarskjold had advised Tunisian delegate Mongi Slim to ""play for time"" before formally requesting a Security Council meeting.",PASS,1.0,1.0,1.0,PASS,1620,0.803571,0.077114,1.0,28,28,R1
CIA-RDP79T00975A003500120001-9:12.0.0,partial_B,final_0477_cf873e1bf8,ASSIGNED_FULL,later_pdf_word_coordinates,False,the Philippine foreign secretary is now considering a statement at the SEATO meeting in March that a more neutral policy for Asian nations is desirable unless the US is willing to increase financial aid to Asian SEATO members.,the Philippine foreign secretary IS now con sidering a statement at the SEATO meeting in March that a more neutral policy for Asian nations is desirable un- less the US is willing to increase financial aid to Asian SEATO membersl,PASS,0.875,0.921053,0.897436,PASS,2222,0.858246,0.084747,1.0,40,40,R2
CIA-RDP79T00975A003500130001-8:9.0.0,partial_A,final_0478_036388b89a,ASSIGNED_FULL,later_pdf_word_coordinates,False,He has also been named repeatedly as a prominent figure in clandestine plans for the overthrow of the Jordanian Government by pro-Egyptian elements.,He has also been named repeatedly as a prominent figure in clandestine plans for the overthrow of the Jordanian Government by pro-‘Egyptian elements.,PASS,1.0,1.0,1.0,PASS,1900,0.842946,0.078943,1.0,23,23,R2
CIA-RDP79T00975A003500160001-5:11.0.0,partial_A,final_0481_eae9be653c,ASSIGNED_FULL,later_pdf_word_coordinates,False,"British security forces on Cyprus have been alerted for serious clashes. The Greek Cypriots, however, may follow a plan of EOKA-enforced passive resistance, pending clarification of British intentions.","British security forces on Cyprus have been alerted for serious clashes. The Greek Cypriots, however, may follow a plan of EOKA-enforced pass g clar- ification of British intentions.",PASS,0.862069,0.862069,0.862069,PASS,1833,0.836986,0.081437,1.0,28,28,R1
CIA-RDP79T00975A003500160001-5:4.0.0,headline,final_0479_527c6e80c2,ASSIGNED_FULL,later_pdf_word_coordinates,False,but with orders not to fire even if fired on.,but with orders not to.-fire even if fired on.,PASS,1.0,1.0,1.0,PASS,1267,0.73237,0.084454,1.0,9,9,R1
CIA-RDP79T00975A003500160001-5:9.0.0,headline,final_0480_64984aa592,ASSIGNED_FULL,later_pdf_word_coordinates,False,from Port Sudan with orders not to fire even if fired on.,from Port Sudan with orders not to fire even if fired on.,PASS,1.0,1.0,1.0,PASS,1784,0.821741,0.075122,1.0,12,12,R1
CIA-RDP79T00975A003500170001-4:10.0.0,partial_A,final_0482_4d6ea6cb84,ASSIGNED_FULL,later_pdf_word_coordinates,False,"The proposed center seems designed for testing nuclear weapons. The center's future commander is subordinate to army Brigadier General Charles Ailleret, French armed forces chief of special arms, who has aggressively pushed the French military atomic energy program. General Ailleret is a member of a French delegation now visiting the atomic test center in Nevada.","The proposed center seems designerﬁor testing nuclear we 9-P ons. The center's future commander is subordinate to army Brigadier General Charles Ailleret, French armed forces chief of special arms, who has aggressively pushed the French military atomic energy program. General Ailleret is a member of a French delegation now visiting the atomic test center in Nevada.",PASS,0.913793,0.946429,0.929825,PASS,1451,0.695256,0.09683,1.0,56,56,R1
CIA-RDP79T00975A003500200001-0:11.0.0,partial_B,final_0485_553f1add31,ASSIGNED_FULL,later_pdf_word_coordinates,False,"efforts are needed to improve army morale and discipline. Some Turkish government circles apparently believe, however, that dissatisfaction within the army goes deeper than suspected.","‘efforts are needed to improve army morale and discipline Some Turkish government circles ap- parently believe, however, that dissatisfaction within the army goes deeper than suspected.",PASS,0.923077,0.96,0.941176,PASS,1734,0.816769,0.08433,1.0,26,26,R1
CIA-RDP79T00975A003500200001-0:5.1.0,partial_A,final_0483_9a657c2420,ASSIGNED_FULL,later_pdf_word_coordinates,False,"Despite its limited military capabilities, Djakarta apparently is proceeding with preparations for land, sea, and air operations against Central Sumatra with the objective of seizing key positions in the area. The dissidents, who may not be getting the support from the surrounding areas which they had counted on, seem, nevertheless, committed to conducting guerrilla warfare against government forces should they lose their strongholds.","Despite its limited military capabilities, Djakarta apparently is proceeding with preparations for land, sea, and air operations against Central Sumatra with the objec- tive of seizing key positions in the area. The dissidents, who may not be getting the support from the surrounding areas which they had counted on, seem, nevertheless, com- Z*f\1'?\ mitted to conducting guerrilla warfare aga' forces should they lose their strongholds.",PASS,0.880597,0.936508,0.907692,PASS,790,0.559094,0.090238,0.984615,64,65,R2
CIA-RDP79T00975A003500200001-0:8.0.0,box_hid_more,final_0484_294fd73bc9,ASSIGNED_FULL,later_pdf_word_coordinates,False,"The rebels are not yet receiving the support they had expected from other areas in Sumatra, particularly Atjeh and South Sumatra. Prorebel actions, however, apparently are being planned elsewhere in Indonesia--in Java and East Indonesia. These actions reportedly will take the form of terroristic attacks against President Sukarno and members of the Djakarta cabinet.","The rebels are not yet receiving the:s‘upport‘they had ex- pected from other areas in Sumatra, particularly Atjeh and South Sumatra. Prorebel actions, however, apparently are being planned elsewhere in Indonesia--in Java and East In- donesia ""These,t,actions .rep0r.tedly ..wil1‘:take ‘the §fO.rm oi'1ter~ roristic attacks against President Sukarno and members of the Djakarta cabinet.",PASS,0.766667,0.836364,0.8,PASS,1331,0.680123,0.089019,1.0,52,52,R1
CIA-RDP79T00975A003500200001-0:8.0.1,partial_A,final_0484_294fd73bc9,ASSIGNED_FULL,later_pdf_word_coordinates,False,"Whatever the current status of the rebels' situation, negotiations in the near future are unlikely. The dissidents plan to withdraw to the highlands if they are forced away from the coasts, a development which could lead to prolonged guerrilla warfare.","Whatever the current status of the rebels‘ situation, negotiations in the near future are unlikely. The dissidents plan to withdraw to the highlands if they are forced away from the coasts, a developlment which could lead to bro- longed guerrilla warfare.",PASS,0.926829,0.95,0.938272,PASS,1331,0.680123,0.089019,1.0,41,41,R1
CIA-RDP79T00975A003500220001-8:12.0.0,partial_C,final_0488_9bb83856f5,ASSIGNED_FULL,later_pdf_word_coordinates,False,"The Tunisian Government, convinced that France plans to attempt to reoccupy the country, is planning ""resistance units"" and erection of barricades as a countermeasure,","The Tunisian Government, convinced that France plans to attempt to reoccupy the -country, is plamiing ""resistance units"" and erection of barricades as a coun- termeasure,",PASS,0.88,0.916667,0.897959,PASS,1789,0.796527,0.092334,1.0,25,25,R1
CIA-RDP79T00975A003500220001-8:5.0.1,partial_B,final_0486_bbc8e2100a,ASSIGNED_FULL,later_pdf_word_coordinates,False,"insists that his government is ""convinced"" that France plans to attempt to reoccupy the country, and ""resistance units"" are being planned by the Tunisian Government.","is ""convinced"" that France -‘$r\.. T $l¢':'\ plans to attempt to reoccupy the country, and ""resistance ‘T E235‘ Eirii un its"" are be‘ cing pl anne d by the Tunisian Government“.",PASS,0.580645,0.72,0.642857,PASS,1637,0.799707,0.083838,0.806452,25,31,R4
CIA-RDP79T00975A003500220001-8:7.1.0,headline,final_0487_256cf12cf0,ASSIGNED_FULL,later_pdf_word_coordinates,False,"The King has been warned of a new radical nationalist conspiracy among army officers, and he intends to crack down on the plotters.","The King has been warned of a new radicalnationalist conspiracy 9% r‘-\:§: among army officers, and he intends to crack down on the 7&0 plotters.",PASS,0.807692,0.913043,0.857143,PASS,1198,0.754408,0.084041,0.92,23,25,R2
CIA-RDP79T00975A003500240001-6:15.0.0,partial_C,final_0489_502a011f36,ASSIGNED_FULL,later_pdf_word_coordinates,False,"Frondizi, who has been critical of the United States, is essentially an opportunist, and","Frondizi, who has been critical of the United States, ntially an opportunist, and\",PASS,0.923077,0.857143,0.888889,PASS,1789,0.815406,0.078796,1.0,13,13,R1
CIA-RDP79T00975A003500240001-6:15.0.1,partial_B,final_0489_502a011f36,ASSIGNED_FULL,later_pdf_word_coordinates,False,"plans to conduct his dealings in a ""businesslike way"" since he considers his position analogous to that of a ""chairman of the board of a corporation with 20,000,000 stockholders.""","plans to conduct his dealings in a ""businesslike way"" since he considers his position analogous to that of a ""chair- man of the board of a corporation with 20,000,000 stockhold- ers.""",PASS,0.878788,0.935484,0.90625,PASS,1789,0.815406,0.078796,1.0,31,31,R1
CIA-RDP79T00975A003500250001-5:4.0.1,partial_B,final_0490_a22dd13842,ASSIGNED_FULL,later_pdf_word_coordinates,False,dockworkers' unions in Afro-Asian countries have started a boycott of Dutch shipping.,dockworkers' unions in Afro-Asian countries have started a boycott of Dutch shipping.,PASS,1.0,1.0,1.0,PASS,742,0.642981,0.567383,1.0,12,12,R2
CIA-RDP79T00975A003500250001-5:4.0.2,partial_B,final_0490_a22dd13842,ASSIGNED_FULL,later_pdf_word_coordinates,False,it will be accelerated by a resolution introduced at the Afro-Asian conference in Cairo calling for a boycott of all Dutch shipping carrying goods for use against Indonesia.,it will be accelerated by a resolution introduced at the Afro- Asian conference in Cairo calling for a boycott of all‘-Dutch shipping carrying goods for use against Indonesia.,PASS,1.0,1.0,1.0,PASS,742,0.642981,0.567383,1.0,28,28,R2
CIA-RDP79T00975A003500250001-5:7.1.0,headline,final_0491_3c6c5de1eb,ASSIGNED_FULL,later_pdf_word_coordinates,False,"but the prospects are ""highly promising,"" according to the company's general manager in Libya.","but the prospects are ""highly promising,"" ac- cording to the company's general manager in Libya.",PASS,0.875,0.933333,0.903226,PASS,740,0.645724,0.770267,1.0,15,15,R2
CIA-RDP79T00975A003500250001-5:7.2.0,headline,final_0491_3c6c5de1eb,ASSIGNED_FULL,later_pdf_word_coordinates,False,"Details of the depth of the strike (2,110 feet) and the petroleum layer (40 feet) are similar to French findings at Edjele.","Details of the depth of the strike (2,110 feet) and the petroleum layer (40 feet) are similar to French findings at Edjele.",PASS,1.0,1.0,1.0,PASS,740,0.645724,0.770267,1.0,22,22,R3
CIA-RDP79T00975A003500270001-3:6.1.0,partial_A,final_0492_31fc79d241,ASSIGNED_FULL,later_pdf_word_coordinates,False,The extreme sensitivity of this development is underlined by the complete news blackout in Turkey concerning the arrests.,The extreme sensitivity of this development is underlined by the complete news blackout in Turkey concern- ing the arrests.,PASS,0.894737,0.944444,0.918919,PASS,2014,0.830173,0.084596,1.0,19,19,R2
CIA-RDP79T00975A003500280001-2:6.1.1,partial_A,final_0493_a95952967a,ASSIGNED_FULL,later_pdf_word_coordinates,False,The personalities involved in an anticipated simultaneous shake-up of the top army command indicate that pro-Western influence will remain dominant.,The person- alities involved in an anticipated simul- taneous shake -up of the top army com- mand indicate that pro-Western influence will remain dominant.,PASS,0.76,0.863636,0.808511,PASS,1657,0.729956,0.095408,1.0,24,24,R1
CIA-RDP79T00975A003500290001-1:6.0.0,partial_B,final_0494_4d28d2d718,ASSIGNED_FULL,later_pdf_word_coordinates,False,"the opposition includes five of the nine politburo members, deputy premier, and the former security chief, most of whom are also fundamentally hard-line Communists.","the opposition in- cludes five of the nine politburo members, deputypre-_ mier, and the former security chief, most of whom are also fundamentally hard-l-ine Communists.",PASS,0.777778,0.84,0.807692,PASS,1764,0.803279,0.09149,1.0,25,25,R2
CIA-RDP79T00975A003500300001-9:10.1.0,partial_A,final_0496_afc5a8b34a,ASSIGNED_FULL,later_pdf_word_coordinates,False,Indonesia is preparing to reactivate former Dutch shipping which was confiscated and has been lying idle in Java.,is preparing to former Dutch shipping which was confiscated and has been lying idle in Java.,PASS,1.0,0.888889,0.941176,PASS,1061,0.611175,0.090902,1.0,16,16,R1
CIA-RDP79T00975A003500300001-9:10.1.1,partial_B,final_0496_afc5a8b34a,ASSIGNED_FULL,later_pdf_word_coordinates,False,"if such ships sailing under Indonesian command are found in international waters by Dutch warships, they will be seized and forced into a Dutch or neutral port.","such ships sailing under Indonesian command are found in interna- tional waters by Dutch warships, they will be seized and forced into a Dutch or neutral port...",PASS,0.925926,0.925926,0.925926,PASS,1061,0.611175,0.090902,1.0,27,27,R1
CIA-RDP79T00975A003500300001-9:10.2.1,partial_B,final_0496_afc5a8b34a,ASSIGNED_FULL,later_pdf_word_coordinates,False,"that continued use by Dutch warships of Singapore facilities ""would benefit neither British interests in Indonesia nor trade in Singapore.""","that con- tinued use by Dutch warships of Singapore facilities ""would benefit neither British interests in Indonesia nor trade in Singapore.""",PASS,0.904762,0.95,0.926829,PASS,1061,0.611175,0.090902,1.0,21,21,R2
CIA-RDP79T00975A003500300001-9:10.2.3,partial_B,final_0496_afc5a8b34a,ASSIGNED_FULL,later_pdf_word_coordinates,False,had unanimously protested to the British governor the Dutch use of Singapore as a base for naval operations.,unanimously pro- tested to the British governor e ch use of Singapore as a base for naval operations.,PASS,0.777778,0.777778,0.777778,PASS,1061,0.611175,0.090902,1.0,18,18,R2
CIA-RDP79T00975A003500300001-9:10.2.4,partial_A,final_0496_afc5a8b34a,ASSIGNED_FULL,later_pdf_word_coordinates,False,The Dutch naval attaché believes the Netherlands will seek to avoid embarrassing the British.,The Dutch naval attache believes the Netherlands will seek to avoid embarrassing the British.,PASS,1.0,1.0,1.0,PASS,1061,0.611175,0.090902,1.0,14,14,R2
CIA-RDP79T00975A003500300001-9:11.1.1,partial_A,final_0497_d713168c2a,ASSIGNED_FULL,later_pdf_word_coordinates,False,"Bitar has made statements suggesting that the next Baathist move will be toward closer Syrian-Egyptian unity, presumably as a counter to Soviet and Communist influence.","Bitar has made statements suggesting that the next Baathist move will be toward closer Syrian-Egyptian unity, resumabl as a counter to Soviet and Communist influ-",PASS,0.923077,0.923077,0.923077,PASS,938,0.552415,0.085292,1.0,25,25,R2
CIA-RDP79T00975A003500300001-9:13.1.0,partial_D,final_0498_4564e89410,ASSIGNED_FULL,later_pdf_word_coordinates,False,"the Soviet bloc has made several offers of economic assistance in contrast to what he termed the ""indifference"" of the United States, and","the Soviet bloc has made several offers of economic assistance in contrast to what he termed the ""indifference"" of the United States,",PASS,1.0,0.956522,0.977778,PASS,1502,0.771047,0.087331,1.0,22,22,R1
CIA-RDP79T00975A003500300001-9:13.1.1,partial_B,final_0498_4564e89410,ASSIGNED_FULL,later_pdf_word_coordinates,False,expected Uruguay to accept one or more of these offers soon.,expected Uruguay to accept one or more of t ese offers soon.,PASS,0.833333,0.909091,0.869565,PASS,1502,0.771047,0.087331,1.0,12,12,R1
CIA-RDP79T00975A003500300001-9:13.2.0,partial_C,final_0498_4564e89410,ASSIGNED_FULL,later_pdf_word_coordinates,False,American oil companies have been pressing excessively hard for overdue payments whereas,Lamerican oil com- panies have been pressin excessively hard for overdue pay- ments the,PASS,0.5,0.583333,0.538462,PASS,1502,0.771047,0.087331,1.0,14,14,R2
CIA-RDP79T00975A003500300001-9:13.2.1,partial_B,final_0498_4564e89410,ASSIGNED_FULL,later_pdf_word_coordinates,False,the Soviet Union had offered oil on a ten-year credit basis. Uruguayan officials may be making use of some new or past bloc economic offers or even inventing them to exact favorable consideration from the United States on loans and tariff policy.,the Soviet Union had offered oil on a ten-year credit basis. Uruguayan officials may be making use of some new or past bloc economic offers or even invent- ing them to exact favorable consideration from the United States on loans and tariff policy.,PASS,0.954545,0.976744,0.965517,PASS,1502,0.771047,0.087331,1.0,43,43,R2
CIA-RDP79T00975A003500300001-9:5.1.0,partial_A,final_0495_6ab1b56dbb,ASSIGNED_FULL,later_pdf_word_coordinates,False,"Chang Ching-wu, Peiping's representative in Tibet, had ""rushed back"" to Lhasa from Peiping in order to settle ""many problems."" Last week the Dalai Lama announced that Chang had brought ""important instructions"" from Chou En-lai.","Chang Ching-wu, eipings represen ative in Tibet, had ""rushed back"" to Lhasa from Peiping in order to settle ""many problems."" Last week the Dalai Lama announced that Chang had brought ""important in- structions"" from Chou En-lai.",PASS,0.868421,0.891892,0.88,PASS,809,0.540775,0.088973,1.0,36,36,R2
CIA-RDP79T00975A003500300001-9:5.1.1,box_hid_more,final_0495_6ab1b56dbb,ASSIGNED_FULL,later_pdf_word_coordinates,False,"Tibetan leaders will attempt to prevent the Dalai Lama's scheduled trip to Peiping later this month, fearing that he will be kept there and forced to make concessions. If these attempts fail, or if the Chinese begin large-scale arrests in Lhasa, Tibetan resistance leaders have decided to start a ""full-scale uprising"" and appeal to the Indians for support.","Tibetan leaders will attempt to prevent the Dalai Lama's scheduled trip to Peiping later this month, fearing that he will be kept there and forced to make conces- sions. If these attempts fail, or if the Chinese begin large- scale arrests in Lhasa, Tibetan resistance leaders have de- cided to start a ""full-scale uprising"" and appeal to the Indians for support.",PASS,0.936508,0.967213,0.951613,PASS,809,0.540775,0.088973,1.0,61,61,R3
CIA-RDP79T00975A003500320001-7:12.0.0,headline,final_0499_70b3093abe,ASSIGNED_FULL,later_pdf_word_coordinates,False,"previously ordered military vehicles continue to be delivered, and","previously ordered military vehicles continue to be de- livered, and",PASS,0.8,0.888889,0.842105,PASS,1841,0.831151,0.086746,1.0,10,10,R1
CIA-RDP79T00975A003500330001-6:12.1.0,headline,final_0502_2a8923c8e2,ASSIGNED_FULL,later_pdf_word_coordinates,False,"Earlier in the day, the government was said to have quelled an uprising among units of the navy, the only component of the armed forces not implicated in the 1-2 January revolt.","arlier in the day, the government was aid to have quelled an uprising among nits of the navy, the only component of the armed forces not implicated in the 1-2 January revolt,",PASS,0.909091,0.909091,0.909091,PASS,1609,0.795353,0.091144,1.0,32,32,R1
CIA-RDP79T00975A003500330001-6:5.1.0,partial_B,final_0500_686ab933bd,ASSIGNED_FULL,later_pdf_word_coordinates,False,"while the dissidents may be willing to await Sukarno's return before acting, they are proceeding with the organization of an ""emergency cabinet"" to take office at once if for any reason the Djuanda government is ""unable to continue functioning.""","while the dissidents may be willing to await 4. Sukarnols return before acting, they are proceeding with the, organization of an ""emergency cabinet"" to take office at once if for any reason the D'uanda overnment is ""unable to continue functioning.""",PASS,0.878049,0.9,0.888889,PASS,1383,0.78224,0.07868,1.0,40,40,R2
CIA-RDP79T00975A003500330001-6:5.1.1,partial_B,final_0500_686ab933bd,ASSIGNED_FULL,later_pdf_word_coordinates,False,"both STAN-VAC and the American Embassy can, in any event, expect to be increasingly accused by the Communists of supporting efforts to overthrow the present government.","STAN- VAC and the American Embassy can, in any event, expect to be increasingly accused by the Communists of support- ing efforts to overthrow the present government.",PASS,0.925926,0.925926,0.925926,PASS,1383,0.78224,0.07868,1.0,27,27,R2
CIA-RDP79T00975A003500330001-6:6.0.2,partial_A,final_0501_507e001914,ASSIGNED_FULL,later_pdf_word_coordinates,False,"Chiang has assigned his top Kuomintang party officials the task of settling the rift with the admonition that unspecified ""drastic changes"" will be made if they fail.","Chiang has assigned his top Kuomintang party officials the task of settling the rift with the admonition that unspecified ""drastic changes"" will be made if they fail.",PASS,1.0,1.0,1.0,PASS,1483,0.751266,0.089132,1.0,27,27,R2
CIA-RDP79T00975A003500340001-5:10.0.2,partial_B,final_0503_3276239a5e,ASSIGNED_FULL,later_pdf_word_coordinates,False,may result in an Ydigoras victory at the polls on 19 January.,may re- suit in an Ydigoras vistory afthe pOl1S on I9 January.,PASS,0.5,0.5,0.5,PASS,1257,0.686885,0.089234,1.0,12,12,R1
CIA-RDP79T00975A003500340001-5:10.0.3,partial_A,final_0503_3276239a5e,ASSIGNED_FULL,later_pdf_word_coordinates,False,"Ydigoras has promised the PR four cabinet posts, including the key Ministry of Interior which controls the police, in return for its support. The Communist minority in the PR, which can be expected to step up its efforts to gain control of the party, would find such an arrangement almost ideal for attaining its objective: the consolidation of its political position for a future bid for full power.","\Ydigoras has promised the PR four cabinet posts, including the key Min-= 3 istry of Interior which controls the police, in return for its support. The Communist minority in the PR, which can be expected to step up its efforts to gain control of the party, would find such an arrangement almost ideal for attaining its objective: the consolidation of its political position for a future bid for full power.",PASS,0.957143,0.985294,0.971014,PASS,1257,0.686885,0.089234,1.0,70,70,R1
CIA-RDP79T00975A003500350001-4:7.0.0,partial_C,final_0504_d609749746,ASSIGNED_FULL,later_pdf_word_coordinates,False,"The Finnish ambassador to the USSR also expects ""radical"" new Soviet proposals on disarmament,","The Finnish ambassador to the USSR, also expects ""radical"" new Soviet proposals on disarmament,",PASS,1.0,1.0,1.0,PASS,1826,0.807607,0.08312,1.0,14,14,R1
CIA-RDP79T00975A003500350001-4:7.1.1,partial_B,final_0504_d609749746,ASSIGNED_FULL,later_pdf_word_coordinates,False,either Nehru or Burmese Premier U Nu would be acceptable to the USSR in the event a third party were added to such discussions.,Nehru or Burmese Premier U Nu would be acceptable to the USSR in the event avthird party were added to such discussions.,PASS,0.954545,0.875,0.913043,PASS,1826,0.807607,0.08312,1.0,22,22,R2
CIA-RDP79T00975A003500360001-3:12.0.1,partial_B,final_0506_f54483827b,ASSIGNED_FULL,later_pdf_word_coordinates,False,"to be divided on the question of joint action with Spain. In any case, French hope for Moroccan mediation of the Algerian problem is likely to limit the extent of French action against the irregulars.","\to be divided on the question of joint action with Spain. In any case, French hope for Moroccan mediation of the Algerian problem is likely to limit the ex- tent of French action against the irregulars.",PASS,0.944444,0.971429,0.957746,PASS,1855,0.818262,0.081385,1.0,36,36,R1
CIA-RDP79T00975A003500360001-3:5.0.0,partial_D,final_0505_d54f479ed0,ASSIGNED_FULL,later_pdf_word_coordinates,False,a new shipment of weapons from Syria is en route across Tunisia to Algeria,\a new ship- 1 ment of weapons fromSyria is en route across Tunisia to a L) Alg eria,PASS,0.555556,0.714286,0.625,PASS,847,0.587379,0.079549,0.888889,16,18,R2
CIA-RDP79T00975A003500380001-1:10.0.0,partial_B,final_0508_9c91dff0e0,ASSIGNED_FULL,later_pdf_word_coordinates,False,"such an acquisition, even through Egypt, could be the signal for the declaration of a rival Indonesian government by the dissidents.","such an acquisition, even through Egypt, could be the signal for the decl r tion of a rival Indonesian government by the dissidents.",PASS,0.869565,0.952381,0.909091,PASS,1743,0.787263,0.08788,1.0,23,23,R1
CIA-RDP79T00975A003500380001-1:4.0.0,headline,final_0507_0f8cfae428,ASSIGNED_FULL,later_pdf_word_coordinates,False,"probably to counter arguments for a military coup advanced by the group headed by Syrian Chief of Staff Bizri, who talked to Nasir on 15 January.","probably to counter arguments for a military coup advanced by the group headed by Syrian Chief of Staff Bizri, who talked to Nasir on 15 January”",PASS,1.0,1.0,1.0,PASS,1387,0.750135,0.090088,1.0,26,26,R2
CIA-RDP79T00975A003500380001-1:4.1.0,partial_A,final_0507_0f8cfae428,ASSIGNED_FULL,later_pdf_word_coordinates,False,Syria appears to be expanding its support of the Algerian rebels. Damascus has apparently agreed to furnish military instructors and will probably agree to a rebel request for Syrian passports to facilitate the transit of Algerian scientific students to bloc countries.,"gtr1::izbzisfat:§a::u:“a::“:;§:::ni?;aa:2$12 nish military instructors and will probably agree to a ,“/b rebel request for Syrian passports to facilitate the transe it of A1 erian sciei(i1t)ific :Zt)udents to bloc .t",PASS,0.475,0.463415,0.469136,PASS,1387,0.750135,0.090088,0.965517,28,29,R3
CIA-RDP79T00975A003500390001-0:6.1.0,partial_B,final_0509_0a96035df9,ASSIGNED_FULL,later_pdf_word_coordinates,False,they are assigning their best cadres for political work and are developing a left-wing popular front.,they are assigning their best cadfes for polit- ical work and are develo P in g a left-win g P,PASS,0.52381,0.647059,0.578947,PASS,444,0.294235,0.083852,1.0,20,20,R3
CIA-RDP79T00975A003500400001-8:6.0.1,partial_B,final_0510_e7b3c96e80,ASSIGNED_FULL,later_pdf_word_coordinates,False,"told the Syrian military delegation he opposed union as not being in the interest of Syria, Egypt, or himself.","told the Syrian mil itary e ega ion e opposed union as not being in the interest of Syria, Egypt, or himself.",PASS,0.727273,0.842105,0.780488,PASS,1808,0.824066,0.08452,1.0,22,22,R1
CIA-RDP79T00975A003500410001-7:11.1.0,headline,final_0511_adf638bef9,ASSIGNED_FULL,later_pdf_word_coordinates,False,"Foreign Minister Rapacki has stated privately, that withdrawal of all troops from Europe and the concept of a neutralized, reunified Germany are utopian ideas and has indicated that he did not expect his own plan to be acceptable to the West. The Polish ambassador in Washington indicated that","_A icraiga I1ni8ter.BlpA¢£1 bps stated piiiLtg§y, that rithdrawal at all treqps frag larope and the concapt_a£ i’ i I I neutralized, rounif1ad.Gurh¢ny ere utopian ideas and hi; tadicated that he did nat.oxvaat his own pin to be neseptabie to the Iagg, The Peligg gpbaaandor in Iaahington indicated that",PASS,0.442308,0.479167,0.46,PASS,2772,0.904405,0.050309,0.916667,44,48,R8
CIA-RDP79T00975A003500420001-6:13.0.0,partial_A,final_0512_c24d72c918,ASSIGNED_FULL,later_pdf_word_coordinates,False,"Moreover, the organizers of the strike have apparently made contact with dissident military groups to win their co-operation.","Moreover, the organizers of the strike have apparently made contact with dissident military groups to win their co-operation.",PASS,1.0,1.0,1.0,PASS,1639,0.817049,0.079158,1.0,18,18,R2
CIA-RDP79T00975A003500420001-6:13.0.1,partial_B,final_0512_c24d72c918,ASSIGNED_FULL,later_pdf_word_coordinates,False,elements of varying size in all armed forces components may defect if the strike appears to be successful.,ielements of varying s1 e 1n a armeofiorces componen s may defect if the strike appears to be successful.,PASS,0.578947,0.611111,0.594595,PASS,1639,0.817049,0.079158,1.0,19,19,R2
CIA-RDP79T00975A003500430001-5:4.0.0,partial_A,final_0513_83f582f705,ASSIGNED_FULL,later_pdf_word_coordinates,False,New Soviet supersonic interceptors are probably in pre-series production and may soon appear in Soviet fighter units. These aircraft with maximum speeds ranging up to Mach 2 will be a considerable advance over the transsonic FARMER (MIG-19) which they will replace.,1) New Soviet supersonic interceptors are probably in pre-series production and may soon appear in Soviet ﬁghter units. These aircraft with maximum speeds ranging up to Mach 2 will be a considerable advance over the transsonic A/0 (MIG-19) which they will replace.,PASS,0.933333,0.976744,0.954545,PASS,1385,0.686323,0.113093,1.0,42,42,R1
CIA-RDP79T00975A003500430001-5:5.0.0,partial_A,final_0514_b50dec7090,ASSIGNED_FULL,later_pdf_word_coordinates,False,"Indonesia intends to accept a Soviet offer, made in December, to provide 60 small ships to solve its critical interisland transportation problem after current negotiations with the Japanese have broken down.","Indonesia intends to accept a Soviet offer, made in rare} \:~i xi December, to provide 60 small ships to solve its crit- '1 ical interisland transportation problem after current the Japanese have broken",PASS,0.818182,0.870968,0.84375,PASS,1430,0.767991,0.080983,0.878788,29,33,R1
CIA-RDP79T00975A003500430001-5:9.0.0,partial_A,final_0515_1656cfa596,ASSIGNED_FULL,later_pdf_word_coordinates,False,"Meanwhile, Sumatran authorities have asked an American oil company to import 5,000 tons of rice monthly, presumably against oil export earnings hitherto paid to Djakarta. This could eliminate one of the largest sources of foreign exchange still controlled by the central government.","Meanwhile, Sumatran authorities have asked an Amer- ican oil company to import 5,000 tons of rice monthly, pre- sumably against oil export earnings hitherto paid to Djakarta This could eliminate one of the largest sources of foreign exchange still controlled. by the central government.",PASS,0.911111,0.953488,0.931818,PASS,1695,0.81256,0.077469,1.0,44,44,R1
CIA-RDP79T00975A003500440001-4:11.0.0,partial_A,final_0516_b9f6e0576c,ASSIGNED_FULL,later_pdf_word_coordinates,False,Ydigoras' plurality is so large that any attempt to deny him the presidency would provoke civil war.,plurality is so large that any attempt to deny him the presidency would provoke civil war,PASS,1.0,0.941176,0.969697,PASS,1758,0.824965,0.078649,1.0,16,16,R1
CIA-RDP79T00975A003500460001-2:3.0.0,headline,final_0517_ee4bc2d9f9,ASSIGNED_FULL,later_pdf_word_coordinates,False,"At least six Soviet BULL piston medium bombers landed at Anadyr airfield in northeast Siberia on 26 January. Since it appears that these aircraft are being used in a support role, it is possible these flights may indicate that final preparations are being made for Arctic exercises by Long Range Aviation elements.","At least six Soviet BULL piston medium bombers landed at An adyr a'r 1 fieldi nn o rtheas t S i be r ia o n 26 Janu a r y. Since it ap pears that these aircraft are being used in a support role, it is possible these flights may indicate that final preparations are )3: 3.‘: being made for Arctic exercises by",PASS,0.615385,0.769231,0.683761,PASS,460,0.449658,0.363191,0.96875,62,64,R5
CIA-RDP79T00975A003500480001-0:3.1.0,partial_A,final_0518_5ac88a51eb,ASSIGNED_FULL,later_pdf_word_coordinates,False,A number of flights by Soviet VIP aircraft to and from Hungary before the National Assembly met suggest that the Soviet leadership has been actively supervising the changes.,A number of flights by Soviet VIP aircraft to and from Hun- gary before the National Assembly met suggest that the Soviet leadership has been actively supervising the changes,PASS,0.931034,0.964286,0.947368,PASS,679,0.541899,0.310715,1.0,29,29,R4
CIA-RDP79T00975A003500480001-0:7.0.0,partial_A,final_0519_753326809c,ASSIGNED_FULL,later_pdf_word_coordinates,False,G-2 chief Sarraj union would require a new agreement on Soviet arms to Syria since the Soviet-Syrian agreement provided arms would not be handed over to a third country.,G-2 chief Sarraj union would require a new agreement on-Soviet arms to Syria since the Soviet- Syrian agreement provided arms would not be handed over to a third country.,PASS,1.0,1.0,1.0,PASS,1907,0.82805,0.088096,1.0,29,29,R1
CIA-RDP79T00975A003500490001-9:3.1.0,partial_A,final_0520_52acc2219c,ASSIGNED_PARTIAL,later_pdf_word_coordinates,False,"The Egyptian military attaché in Damascus has sought to overcome Bakdash's suspicion of the union proposals with the argument that union would strengthen Egypt's and Syria's ability to work against ""the machinations of the imperialists.""","9* :*l' $7\ o&i“§_K'§*""§usp'i’cT6n""6f T_ Iiin military attache in Damascus the proposals has sought with to his g-\ ‘2 i-\$\ the ‘argument that union would strengthen Egypt's and is .\\i\\ Syria's ability to work against ""the machinations of the imperialists",PASS,0.574468,0.710526,0.635294,PASS,451,0.397707,0.364089,0.325,13,40,R3
CIA-RDP79T00975A003500490001-9:8.0.0,partial_A,final_0521_5cc647bf0f,ASSIGNED_FULL,later_pdf_word_coordinates,False,"On 28 January, he called military reservists to active duty to prepare for ""any eventuality.""","On 28 January, he called military re- servists to active duty to prepare for ""any eventuality.""",PASS,0.875,0.933333,0.903226,PASS,1893,0.826999,0.082231,1.0,16,16,R1
CIA-RDP79T00975A003500500001-7:6.0.0,headline,final_0522_d5c37b4fab,ASSIGNED_FULL,later_pdf_word_coordinates,False,as well as training for Moroccan officers in American military schools. Arrangements are now being made for Moroccan Chief of Staff Crown Prince Moulay Hassan to take an intensified short course at West Point.,as well as training for Moroccan officers in American military schools. Arrange- ments are now being made for Moroccan Chief of Staff Crown Prince Moulay Hassan to take an intensified short course at West Point.,PASS,0.942857,0.970588,0.956522,PASS,1841,0.812445,0.080048,1.0,35,35,R1
CIA-RDP79T00975A003600010001-0:16.0.0,partial_C,final_0523_91a30387f6,ASSIGNED_FULL,later_pdf_word_coordinates,False,"One of Ydigoras' party officials, the ambitious Roberto Barrios Pena, already plans to break with Ydigoras and set up his own party,","One of Ydigoras’ party officials, the ambitious Roberto Barrios Pena, already plans to break with Ydigoras and set up his own party,\",PASS,1.0,1.0,1.0,PASS,1853,0.805302,0.083206,1.0,22,22,R1
CIA-RDP79T00975A003600010001-0:16.0.1,partial_A,final_0523_91a30387f6,ASSIGNED_FULL,later_pdf_word_coordinates,False,Barrios says he doubts Ydigoras' ability to retain sufficient support to remain in power for long.,Barrios says he doubts Ydigoras‘ ability to retain sufficient support to remain in power for long.,PASS,1.0,1.0,1.0,PASS,1853,0.805302,0.083206,1.0,16,16,R1
CIA-RDP79T00975A003600120001-8:13.0.0,partial_A,final_0524_cba34e38cd,ASSIGNED_FULL,later_pdf_word_coordinates,False,An amphibious attack on the Padang area of Central Sumatra is set for 17 March.,An amphibious attack on the Padang area of Central Sumatra 1s set for l7 March,PASS,0.866667,0.866667,0.866667,PASS,1737,0.771314,0.100147,1.0,15,15,R1
CIA-RDP79T00975A003600120001-8:13.0.1,partial_A,final_0524_cba34e38cd,ASSIGNED_FULL,later_pdf_word_coordinates,False,"The attack will be launched immediately north of Pariaman, a town approximately 30 miles north of Padang.","The attack will be launched immediately north of Pariaman, a town approximately 30 miles north of Padang.",PASS,1.0,1.0,1.0,PASS,1737,0.771314,0.100147,1.0,17,17,R1
CIA-RDP79T00975A003600250001-4:9.0.0,headline,final_0525_846d1d9755,ASSIGNED_FULL,later_pdf_word_coordinates,False,"Physically, the crown prince appeared far from well, although he contended that all he lacks is stamina since there is nothing organically wrong with him.","Physical- ly, the crown prince appeared far from well, although he contended that all he lacks is stamina since the re is nothing organically wrong with him.",PASS,0.851852,0.92,0.884615,PASS,3342,0.899354,0.057008,1.0,27,27,R1
CIA-RDP79T00975A003600290001-0:7.0.0,headline,final_0526_b076d55dc4,ASSIGNED_FULL,later_pdf_word_coordinates,False,"Soviet diplomatic and propaganda tactics in West Germany are designed to encourage the opposition parties in their stand against the government's armaments policy. To this end, Soviet Ambassador Smirnov and his staff have held numerous talks with leaders of opposition parties in Bonn, hinting at a more flexible Soviet policy on unification and, in the case of the 19 March aide-memoire concerning peace treaty negotiations, leaking the text to the Free Democratic party.","Soviet diplomatic and propaganda tactics in West‘ Germany are designed to encourage the opposition parties in their stand against the government's armaments policy. To this end, So- viet Ambassador Smirnov and his staff have held numerous talks with leaders of opposition parties in Bonn, hinting at a more flexible Soviet: policy on unification and, in the case of the 119 March aide-memoire concerning peace treaty negotiam tions, leaking the text to the Free -Democratic party.",PASS,0.935065,0.96,0.947368,PASS,2231,0.834643,0.06829,1.0,75,75,R1
CIA-RDP79T00975A003600330001-5:3.1.0,partial_A,final_0527_6a56eb2e1e,ASSIGNED_FULL,later_pdf_word_coordinates,False,The UAR Air Force has flown some reconnaissance missions over Israel. This could add another point of conflict.,The UAR Air Force has flown some reconnaissance missions over Israel. This could add another point of con- rum. T,PASS,0.85,0.944444,0.894737,PASS,3167,0.893875,0.061398,1.0,20,20,R3
CIA-RDP79T00975A003600480001-9:4.0.0,partial_D,final_0528_3e51832b7f,ASSIGNED_FULL,later_pdf_word_coordinates,False,"* Indonesia: The military situation in Sumatra is essentially unchanged, with central government troops rapidly closing in from several directions on the Bukittinggi area. The Indonesian chief of staff, Nasution, has publicly demanded the unconditional surrender of the dissident leaders, possibly in response to reported dissident offers to discuss peace. Former Vice President Hatta is reported pessimistic as to the possibility of any compromise agreement between the dissidents and the central government.","I Indonesia: The military situation in Sumatra is essen# \tially unchanged, with central government troops rapidly NW closing in from several directions on the Bukittinggi area. The Indonesian chief of staff, Nasution, has publicly demanded K the unconditional surrender of the dissident leaders, possibly in response to reported dissident offers» to discuss peace. Former Vice President Hatta is reported pessimistic as to the possibility of any compromise ag sidents and the central government.",PASS,0.90411,0.929577,0.916667,PASS,1205,0.715983,0.079571,0.972603,71,73,R2
CIA-RDP79T00975A003600480001-9:4.0.1,partial_A,final_0528_3e51832b7f,ASSIGNED_FULL,later_pdf_word_coordinates,False,"The Soviet vessel Ismail, carrying the first known shipment of bloc military equipment purchased by an Indonesian arms mission, arrived at Djakarta on 22 April.","The Soviet vessel Ismail, carrying the first known ship— 9 ‘ﬂuent of bloc military equipment purchased by an Indonesian W ‘arms mission, arrived at Djakarta on 22 April.",PASS,0.857143,0.96,0.90566,PASS,1205,0.715983,0.079571,0.928571,26,28,R2
CIA-RDP79T00975A003600510001-5:9.0.0,partial_A,final_0529_c53cb02e66,ASSIGNED_FULL,later_pdf_word_coordinates,False,"Djatikusumo reportedly further stated that ""the Communists are getting too strong and we must stop them,"" and proposed that national elections--scheduled for 1959--be postponed for five years.","Djatikusumo reportedly further stated that ""the Communists are getting too strong and we must stop them,"" and proposed. that national elections-- scheduled for 1959--be postponed for five years.",PASS,1.0,1.0,1.0,PASS,1802,0.824714,0.07684,1.0,28,28,R2
CIA-RDP79T00975A003600520001-4:12.0.1,partial_B,final_0534_b39d056167,ASSIGNED_FULL,later_pdf_word_coordinates,False,"the Soviet Government had made specific offers to help Argentina, but acknowledged that this had not produced tangible results.","the Soviet Government had made specific offers to help Argentina, but acknowledged that this had not produced tangible results.",PASS,1.0,1.0,1.0,PASS,1342,0.67812,0.090386,1.0,19,19,R1
CIA-RDP79T00975A003600520001-4:12.0.2,partial_A,final_0534_b39d056167,ASSIGNED_FULL,later_pdf_word_coordinates,False,"Frondizi's decision on any Soviet bloc trade and credit offers will probably be made exclusively on economic grounds after possible alternatives have been considered. The fact that the mission sent to the Soviet bloc early in 1958 by Provisional President Aramburu negotiated purchases worth only some $27,000,000 may have little influence on Frondizi's attitude, since Aramburu had little interest in promoting such trade and since the bloc had little to gain from an outgoing administration.","Frondizi's decision on any Soviet bloc trade and credit offers will probably be made exclusively on economic grounds after possible alternatives have been considered. The fact that the mission sent to the Soviet bloc early in 1958 by Pro- visional President Aramburu negotiated purchases worth only some $27,000,000 may have little influence on Frondizi's ate titude, since Aramburu had little interest in promoting such trade and since the bloc had little to gain from an outgoing administration.",PASS,0.950617,0.974684,0.9625,PASS,1342,0.67812,0.090386,1.0,77,77,R1
CIA-RDP79T00975A003600520001-4:4.0.0,partial_B,final_0530_521ce15227,ASSIGNED_FULL,later_pdf_word_coordinates,False,"the internal political situation in Lebanon is critical and that ""American understanding"" of the need for aid would help ""immensely.""","\the internal political situation in L Lebanon is critical and that ""American understanding"" of M e needjor aid would help “immensely.'",PASS,0.809524,0.85,0.829268,PASS,1306,0.716009,0.082257,1.0,21,21,R1
CIA-RDP79T00975A003600520001-4:4.1.1,partial_A,final_0530_521ce15227,ASSIGNED_FULL,later_pdf_word_coordinates,False,Dissident air attacks have forced the Indonesian navy chief of staff to issue fresh instructions to naval vessels to be increasingly alert and to fire at suspicious aircraft.,Dissident air attacks have forced the Indonesian navy chief of staff to issue fresh instructions to naval vessels to be increasingly alert and to fire at suspicious,PASS,1.0,0.964286,0.981818,PASS,1306,0.716009,0.082257,1.0,27,27,R2
CIA-RDP79T00975A003600520001-4:5.1.0,partial_A,final_0531_40da7596fd,ASSIGNED_FULL,later_pdf_word_coordinates,False,"A high-ranking Soviet delegation, led by First Deputy Foreign Minister Kuznetsov, will attend the inauguration.","A high-ranking Soviet delegation, led by Firs epu y oreign Minister Kuznetsov, will attend the inauguration.",PASS,0.764706,0.8125,0.787879,PASS,1237,0.710511,0.085841,1.0,16,16,R3
CIA-RDP79T00975A003600520001-4:7.0.0,partial_A,final_0532_c4efe73dc0,ASSIGNED_FULL,later_pdf_word_coordinates,False,"Foreign Minister Malik emphasized the critical internal situation and the necessity for ""American understanding"" of Lebanon's need for help. He said the granting of aid would ""help immensely in improving the situation.""","Foreign Minister Malik emphasized the critical internal situation and the necessity for ""American understanding"" of Lebanon's need for help. He said the granting of aid would ""help immensely in im- proving the situation.""",PASS,0.941176,0.969697,0.955224,PASS,1783,0.81977,0.076234,1.0,33,33,R1
CIA-RDP79T00975A003600520001-4:9.0.0,partial_A,final_0533_16f90b291c,ASSIGNED_FULL,later_pdf_word_coordinates,False,"Dissident aircraft based at Menado on 28 April again attacked Djailolo on Halmahera Island, the Palu Bay area in Celebes, and Ambon Island. The aircraft which attacked Djailolo then flew north to Morotai Island.","J Dissident aircraft based at Menado on 28 April again at- tacked Djailolo on Halmahera Island, the Palu Bay area in Celebes, and Ambon Island. The aircraft which attacked Djailolo_ then flew north to Morotai Islandg",PASS,0.888889,0.941176,0.914286,PASS,802,0.49598,0.085262,1.0,36,36,R1
CIA-RDP79T00975A003600520001-4:9.0.1,partial_B,final_0533_16f90b291c,ASSIGNED_FULL,later_pdf_word_coordinates,False,"the dissident troops under Lt. Col. Sumual which landed on the morning of 28 April appeared to be in complete control of the island, including the airfield. The air attacks on Ambon and Palu, in each case carried out by a single B-26, apparently were not as successful as the initial strikes on these targets.","dissident troops under Lt. ol. Sumual which landed on the morning of 28 April appeared to be in complete control of the island, including the airfield. The air attacks on Ambon and Palu, in each case carried out by a single B-26, apparently were not as successful as the initial strikes on these targets.",PASS,0.981818,0.964286,0.972973,PASS,802,0.49598,0.085262,1.0,54,54,R1
CIA-RDP79T00975A003600520001-4:9.0.2,box_hid_more,final_0533_16f90b291c,ASSIGNED_FULL,later_pdf_word_coordinates,False,"In Central Celebes the central government combat team under the command of Lt. Col. Rukmito has occupied Parigi, on the east coast. Elements of this force apparently intend to push on toward Poso, where a sizable pocket of dissident troops is believed to be located.","In Central Celebes the central government combat team un- der the command of Lt. Col. Rukmito has occupied Parigi, on the east coast. Elements of this force apparently intend to push on toward Poso, where a sizable pocket of dissident troops is be- lieved to be located..",PASS,0.914894,0.955556,0.934783,PASS,802,0.49598,0.085262,1.0,47,47,R1
CIA-RDP79T00975A003600520001-4:9.0.3,partial_C,final_0533_16f90b291c,ASSIGNED_FULL,later_pdf_word_coordinates,False,"The leader of the Moslem insurgents in Atjeh, the northernmost part of Sumatra, will shortly declare his support for the revolutionary government,","The leader of the Moslem insurgents in Atjeh, the northern- most part of Sumatra, will shortly declare his support for the revolutionary government",PASS,0.913043,0.954545,0.933333,PASS,802,0.49598,0.085262,1.0,23,23,R1
CIA-RDP79T00975A003600520001-4:9.0.4,partial_A,final_0533_16f90b291c,ASSIGNED_FULL,later_pdf_word_coordinates,False,"The severe reverses suffered by the Central Sumatran regime, however, may cause him to reconsider or at least to limit any commitment.","The severe reverses sufferedjby the Central Su- matran regime, however, may cause him to reconsider or at least to limit any commitment.",PASS,0.863636,0.863636,0.863636,PASS,802,0.49598,0.085262,1.0,22,22,R1
CIA-RDP79T00975A003700010001-9:14.0.0,headline,final_0535_4c453237f3,ASSIGNED_FULL,later_pdf_word_coordinates,False,"Apparently with the encouragement of President Sukarno,","Apparently with the encouragement of President Sukarno,",PASS,1.0,1.0,1.0,PASS,3550,0.924238,0.050241,1.0,7,7,R1
CIA-RDP79T00975A003700010001-9:14.1.1,partial_B,final_0535_4c453237f3,ASSIGNED_FULL,later_pdf_word_coordinates,False,the area to be under Djakarta's control by the end of May.,the area to be under Djakarta's control by the end of May.,PASS,1.0,1.0,1.0,PASS,3550,0.924238,0.050241,1.0,12,12,R4
CIA-RDP79T00975A003700010001-9:15.0.1,partial_B,final_0536_e525f0f311,ASSIGNED_FULL,later_pdf_word_coordinates,False,"to have promised increased aid to the FLN delegates. The Tunisians, who have furnished substantially more assistance than the Moroccans, presumably will continue their support.","have promised increased aid to the FLN delegates. The Tunisians, who have fur-» nished substantially more assistance than the Moroccans, presumably will continue their support.",PASS,0.92,0.92,0.92,PASS,2002,0.81349,0.073092,1.0,25,25,R1
CIA-RDP79T00975A003700010001-9:15.1.0,partial_A,final_0536_e525f0f311,ASSIGNED_FULL,later_pdf_word_coordinates,False,"The chief Tunisian delegate said that his delegation and the Moroccans had persuaded the FLN delegates, who came to Tangier with ""governmental lists"" in their pockets, to postpone establishing a government. He claimed that Ferhat Abbas, well-known moderate member of the FLN's nine-member directorate and delegate to the Tangier conference, had been included on these lists as president of the proposed Algerian government.","The chief Tunisian delegate said that his delegation and the Moroccans had persuaded the FLN delegates, who came to Tangier with ""governmental lists"" in their pockets, to postpone establishing a government. He claimed that Ferhat Abbas, well-known moderate member of the FLN's nine- member directorate and delegate to the Tangier conference, had been included on these lists as president of the proposed Algerian government.\",PASS,1.0,1.0,1.0,PASS,2002,0.81349,0.073092,1.0,64,64,R2
CIA-RDP79T00975A003700050001-5:10.0.0,partial_C,final_0538_46ffe004ab,ASSIGNED_FULL,later_pdf_word_coordinates,False,"Three of the jet fighters Indonesia has purchased from Czechoslovakia are reportedly being assembled near Djakarta after having arrived by ship; the balance will arrive shortly,","Three of the jet fighters Indonesia has purchased from Czech- oslovakia are reportedly being assembled near Djakarta after hav- ing arrived by ship; the balance will arrive shortly,",PASS,0.857143,0.923077,0.888889,PASS,3042,0.901066,0.080633,1.0,28,28,R3
CIA-RDP79T00975A003700050001-5:3.0.0,partial_B,final_0537_77860d22ab,ASSIGNED_FULL,later_pdf_word_coordinates,False,"the government combat aircraft now concentrated in Sumatra will soon be transferred to East Indonesia. In addition, at least three MIG-15's are reportedly now being assembled in east Java; the first of the IL-14's will arrive in Medan, North Sumatra, on 12 May; and jet bombers are reported to have reached Cairo from Prague for later delivery to Indonesia.","lthe government combat aircraft now concentrated in Sumatra will soon be transferred to East Indonesia. In addition, at least three IVIIG-1-5's are rep ortedly now bein g asse m bled 1 ‘n ea st I ava, th e first of the IL-14's will arrive in Meda n North Sumatra, o n 12 May; and jet bombers are reported to have reached. Cairo from Prague for later delivery to Indonesia.",PASS,0.689189,0.809524,0.744526,PASS,2617,0.865124,0.092258,1.0,69,69,R2
CIA-RDP79T00975A003700060001-4:11.0.0,partial_C,final_0539_8966cefaee,ASSIGNED_FULL,later_pdf_word_coordinates,False,"A 500-man North Celebes dissident force under Lt. Col. Somba has embarked for an amphibious landing on 7 May at Toboli, just north of the government-occupied Palu area,","A 500-man North Celebes dissident force under Lt. Col. Somba has embarked for an amphibious landing on 7 May at Toboli. just north of the government-occupied Palu area,\",PASS,1.0,1.0,1.0,PASS,2785,0.856133,0.061825,1.0,28,28,R1
CIA-RDP79T00975A003700060001-4:11.0.1,partial_A,final_0539_8966cefaee,ASSIGNED_FULL,later_pdf_word_coordinates,False,"After landing, the troops will move southwest toward Palu while at the same time 400 dissident troops already south of Palu will move north in a pincer movement against government forces. The dissidents plan to use air cover both for the landing and as required during the operation.","After land- ing, the troops will move southwest toward Palu while at the same time 400 dissident troops already south of Palu will move north in a pincer movement against gov- ernment forces. The dissidents plan to use air cover both for the landing and as required during the opera- tion.",PASS,0.882353,0.9375,0.909091,PASS,2785,0.856133,0.061825,1.0,51,51,R1
CIA-RDP79T00975A003700090001-1:12.0.0,headline,final_0540_93f56f5931,ASSIGNED_FULL,later_pdf_word_coordinates,False,and this attitude was fostered by the French ambassador.,and this attitude was fostered by the French ambassador,PASS,1.0,1.0,1.0,PASS,3687,0.927547,0.054679,1.0,9,9,R1
CIA-RDP79T00975A003700110001-8:16.0.0,partial_A,final_0541_a9d358787e,ASSIGNED_FULL,later_pdf_word_coordinates,False,"The resignation of the Mysore state government occurred one day after a top party official arrived from New Delhi with the intention of reconciling sharp intraparty differences. A compromise apparently proved impossible, and elections were held for a new party leader, who now is consulting in New Delhi prior to forming a new government.","The resignation of the Mysore state government oc- curred one day after a top party official arrived from New Delhi with the intention of reconciling sharp intraparty dif- ferences. A compromise apparently proved impossible, and elections were held for a new party leader, who now is consulting in New Delhi prior to forming %EGRE-7;",PASS,0.890909,0.907407,0.899083,PASS,2607,0.857566,0.066222,1.0,54,54,R1
CIA-RDP79T00975A003700120001-7:11.0.0,partial_B,final_0543_49c55b7a93,ASSIGNED_FULL,later_pdf_word_coordinates,False,rebel leaders want time to evaluate the latest developments and have decided to defer temporarily an offensive planned for next month.,leaders want time to evaluate the latest de- velopments an have decided to defer temporarily an offensive planned for next month.,PASS,0.857143,0.857143,0.857143,PASS,2545,0.878192,0.063296,1.0,21,21,R1
CIA-RDP79T00975A003700120001-7:6.0.0,partial_B,final_0542_126527a34e,ASSIGNED_PARTIAL,later_pdf_word_coordinates,False,the rebels were not planning any military action to exploit the present situation.,the rebels were not planning any military action to --:~:<~1<\ _:;—*i<. 2 exploit the,PASS,0.785714,0.846154,0.814815,PASS,2114,0.80472,0.06603,0.785714,11,14,R1
CIA-RDP79T00975A003700130001-6:12.0.0,partial_B,final_0544_5bb6937b45,ASSIGNED_FULL,later_pdf_word_coordinates,False,the Paris prefect is uncertain whether the entire police force will be reliable in the face of rightist pressures.,\the Paris prefect is uncertain whether the entire police force will be reliable in the face of rightist pressures.,PASS,1.0,1.0,1.0,PASS,3524,0.917231,0.06049,1.0,19,19,R1;R2
CIA-RDP79T00975A003700150001-4:11.0.1,partial_B,final_0546_172885e4ca,ASSIGNED_FULL,later_pdf_word_coordinates,False,"the Communist demonstrations which are planned for 17 May will be supported by the Socialists and Radical Socialists. The Communist ""save the Republic"" campaign has made it difficult for the other leftist parties--particularly as represented in the Socialist and Catholic labor unions--to differentiate between their own approach and that of the Communist-led General Workers Confederation.","the Communist demonstrations which are planned for 1'7 May will be sup- ported by the Socialists and Radical Socialists. The Commu- nist ""save the Republic"" campaign has made it difficult for the other leftist parties--particularly as represented in the Socialist and Catholic labor unions--to differentiate between their own approach and that of the Communist=1ed General Workers Confederation.",PASS,0.885246,0.931034,0.907563,PASS,1191,0.587858,0.1176,1.0,57,57,R1
CIA-RDP79T00975A003700150001-4:9.0.0,headline,final_0545_d32646e176,ASSIGNED_FULL,later_pdf_word_coordinates,False,The decree complements provisions of an unpublished supplement to Saud's decree of 22 March which detailed the authority relinquished to Faysal. The interval of nearly two months between the two decrees reflects the caution with which Faysal has moved in his effort to modernize the Saudi Government--a field in which the Saudis have little direct experience.,The decree complements provisions of an unpub- lished supplement to Saud's decree of 22 March which detailed the authority relinquished to Faysal. The in- terval of nearly two months between the two decrees reflects the caution with which Faysal has moved in his effort to modernize the Saudi Government--a field in which the Saudis have little direct expe riencet,PASS,0.901639,0.948276,0.92437,PASS,2454,0.841275,0.088231,1.0,59,59,R1
CIA-RDP79T00975A003700170001-1:14.0.0,partial_B,final_0549_4ee7175212,ASSIGNED_FULL,later_pdf_word_coordinates,False,"an ""expedition"" to mop up Algerian rebel units in western Tunisia might occur should the Algerians launch an attack from Tunisia.","an ""expedition"" to mop up Algerian rebel units in western ""lu- nisia might occur should the Algerians launch an attack from Tunisia.",PASS,0.909091,0.952381,0.930233,PASS,3706,0.925574,0.051569,1.0,22,22,R1
CIA-RDP79T00975A003700170001-1:5.0.0,partial_A,final_0547_a8a54aa97a,ASSIGNED_FULL,later_pdf_word_coordinates,False,"American involvement may lead in turn to Soviet intervention. Nevertheless, continued UAR action can be expected.","American involvement may lead in turn to Soviet interven- 'J:'¢§ tion. Nevertheless, continued UAR action can be expected.",PASS,0.833333,0.9375,0.882353,PASS,3007,0.884932,0.046272,0.944444,17,18,R1
CIA-RDP79T00975A003700170001-1:5.1.0,partial_B,final_0547_a8a54aa97a,ASSIGNED_FULL,later_pdf_word_coordinates,False,aircraft flying from Egypt to Syria carry enough fuel for the round trip in view of the situation in Lebanon and the fact that the air force in Syria has small reserves of 100-octane gasoline.,‘aircraft flying from Egypt to Syria carry enough fuel for the round trip in view of the situation in Lebanon and the fact that the air force in S ria has small reserves of 100-octane gaso- I\,PASS,0.894737,0.944444,0.918919,PASS,3007,0.884932,0.046272,0.972973,36,37,R2
CIA-RDP79T00975A003700170001-1:5.2.0,partial_B,final_0547_a8a54aa97a,ASSIGNED_FULL,later_pdf_word_coordinates,False,"one American and one Menadonese were captured when a B-26, which the government claimed to have shot down on 18 May, ditched in the sea north of Ambon.","\one American and one Menadonese :g:;;;\g were captured when a B-26, which the government claimed to -?l‘{§:§ h ay, ditched in the sea north of Ambon.",PASS,0.821429,0.793103,0.807018,PASS,3007,0.884932,0.046272,0.923077,24,26,R4
CIA-RDP79T00975A003700170001-1:7.0.0,partial_D,final_0548_163ebd2d08,ASSIGNED_FULL,later_pdf_word_coordinates,False,from the defense minister and the chief of the general staff.,fr om the defense minister and the chief of the general staff.,PASS,0.833333,0.909091,0.869565,PASS,3759,0.938811,0.060501,1.0,12,12,R2
CIA-RDP79T00975A003700190001-0:3.0.0,partial_A,final_0550_5a1c31eb0f,ASSIGNED_FULL,later_pdf_word_coordinates,False,"Nasir's request for MIG-19 aircraft was turned down on the grounds that Egypt already was ""over-equipped"" despite Nasir's assertion that MIG-19's were needed to match latest model Western jets now in Israeli hands. The USSR agreed to sell the UAR several TU-104 jet passenger air transports, but refused to cut the asking price of approximately $3,000,000, well above what the UAR is offering.","Nasir‘s request for MIG-I9 aircraft was turned down on the grounds that Egypt already was ""over- equipped"" despite Nasir’s assertion that MIG-1'9‘s were needed to match latest model Western jets now in Israeli hands. The USSR agreed to sell the UAR several TU-104 jet passenger air transports, but refused to cut the asking price of approximately $3,000,000, ;.well above what the UAR is offering.",PASS,0.928571,0.902778,0.915493,PASS,3295,0.896843,0.049331,1.0,64,64,R1
CIA-RDP79T00975A003700190001-0:6.0.0,headline,final_0551_e09719cf00,ASSIGNED_FULL,later_pdf_word_coordinates,False,"While the Algerians probably have larger supplies of arms, other sources recently estimated FLN strength in Tunisia at some 3,000 armed men. Tunisian security forces now number 6,600.","While the Algerians probably have larger supplies of arms, other sources recently estimated. FLN strength in Tunisia at some 3,000 armed men. Tunisian security forces now number 6,600.",PASS,1.0,1.0,1.0,PASS,3645,0.925362,0.052954,1.0,28,28,R1
CIA-RDP79T00975A003700190001-0:9.0.0,partial_A,final_0552_e5258a836c,ASSIGNED_FULL,later_pdf_word_coordinates,False,"The Pflimlin government is especially worried over reports that rebellious field-grade officers in Algeria are in communication with their opposite numbers in France and Germany, particularly among armored and air units there.","The Pflimlin government is especially worried over reports that rebellious ﬁeld-grade officers in Algeria are in communication with their opposite numbers in France and Germany, particularly among armored and air imits thyre.\",PASS,0.939394,0.939394,0.939394,PASS,1338,0.729553,0.077105,1.0,32,32,R1
CIA-RDP79T00975A003700200001-8:12.0.0,headline,final_0553_a9edd59c48,ASSIGNED_FULL,later_pdf_word_coordinates,False,"Laotian military circles are considering a coup d'etat to prevent Laos from falling under Communist domination. Most of the army's top officers are reportedly involved in preliminary planning under the direction of Defense Minister Ngon Sananikone. The army chief of staff claims that he has ""bluntly"" warned conservative political leaders to unite against the threat posed by the Communist Neo Lao Hak Zat (NLHZ) or face an army ""take-over.""","Laotian military circles are considering a coup d'etat to prevent Laos from falling under Communist domination. Most of the army's top officers are reportedly involved in preliminary plamiing under the direction of Defense Minis- ter Ngon. Sananikone. The army chief of staff claims that he has ""bluntly"" warned conservative political leaders to unite against the threat posed by the Communist Neo Lao Hak Zat (NLHZ) or face an army ""take-over.""",PASS,0.958904,0.972222,0.965517,PASS,2980,0.87467,0.062663,1.0,70,70,R1
CIA-RDP79T00975A003700200001-8:13.0.0,partial_B,final_0554_ed21b27472,ASSIGNED_FULL,later_pdf_word_coordinates,False,the plan was inspired by extensive reports in the Mogadiscio press of the destruction of installations in Lebanon.,plan was inspired by extensive reports in the Mogadiscio press of the destruction of installations in Lebanon.,PASS,1.0,0.944444,0.971429,PASS,3453,0.916888,0.058596,1.0,17,17,R1
CIA-RDP79T00975A003700210001-7:5.0.0,headline,final_0555_00a9244b38,ASSIGNED_FULL,later_pdf_word_coordinates,False,"The Saudi Arabian ambassador in Khartoum stated on 20 May that he had ""incontestable proof"" that the UAR Embassy was ""buying"" members of the Sudanese Parliament and will make some move against the government within two weeks. The speaker of the Sudan's house of representatives has informed the US Embassy of the ""gloomy"" state of mind of many of his colleagues and of his fear that the Sudan might be next if Nasir wins out in Lebanon.","The Saudi Arabian ambassador in Khartoum stated on 20 May that he had ""incontestable proof"" that the UAR Embassy was ""buying"" members of the Sudanese Parliament and willpmake some move against the government within two weeks. The speaker of the Su- dan's house of representatives has informed the US Embassy of the ""gloomy"" state of mind of many of his colleagues and of his fear that the Sudan might be next if Nasir wins out in Lebanon.",PASS,0.961538,0.961538,0.961538,PASS,3030,0.888824,0.053881,1.0,77,77,R1
CIA-RDP79T00975A003700210001-7:5.1.0,headline,final_0555_00a9244b38,ASSIGNED_FULL,later_pdf_word_coordinates,False,"Subversive activities have not slackened, and bribery may well have increased.","Subversive activities have not slackened, and bribery may well have increased.",PASS,1.0,1.0,1.0,PASS,3030,0.888824,0.053881,1.0,11,11,R2
CIA-RDP79T00975A003700220001-6:10.0.0,partial_A,final_0557_1e523df720,ASSIGNED_FULL,later_pdf_word_coordinates,False,The Indonesian Army is making final plans for its assault on the dissident capital of Menado.,The Indonesian Army is making final plans for its assault on the dissident capital of Menado.,PASS,1.0,1.0,1.0,PASS,3501,0.927172,0.052341,1.0,16,16,R1
CIA-RDP79T00975A003700220001-6:10.0.1,partial_B,final_0557_1e523df720,ASSIGNED_FULL,later_pdf_word_coordinates,False,both paratroops and amphibious forces will be used and that small marine detachments and intelligence agents have already infiltrated the area to prepare for the landings.,both paratroops and amphibious forces will be used and‘ that small marine detachments and intelligence agents have l e d i iltr ted the area to prepare for the land- ings. to,PASS,0.71875,0.884615,0.793103,PASS,3501,0.927172,0.052341,1.0,32,32,R1
CIA-RDP79T00975A003700220001-6:10.0.2,partial_A,final_0557_1e523df720,ASSIGNED_FULL,later_pdf_word_coordinates,False,Menado to fall within three days of the attack.,to fall within three days of the attack.,PASS,1.0,0.888889,0.941176,PASS,3501,0.927172,0.052341,1.0,8,8,R1
CIA-RDP79T00975A003700220001-6:9.0.0,headline,final_0556_ca8778373e,ASSIGNED_FULL,later_pdf_word_coordinates,False,"Nasir has said that he became ""increasingly hostile"" toward Hawrani during their recent trip to the USSR, according to a usually reliable source.","Nasir has said that he became ""increasingly hostile"" toward Hawrani during their recent trip to the USSR, according to a usually re- liable source.",PASS,0.916667,0.956522,0.93617,PASS,3066,0.910603,0.055197,1.0,24,24,R1
CIA-RDP79T00975A003700230001-5:11.0.0,partial_C,final_0558_4fb8d6ab1d,ASSIGNED_FULL,later_pdf_word_coordinates,False,Discouragement on the part of a key anti-Gaullist leader was reported on 24 May,Discouragement on the part of a key anti- Gaullist leader was reported on 24 Mayln,PASS,0.933333,0.933333,0.933333,PASS,2735,0.871852,0.054193,1.0,15,15,R1
CIA-RDP79T00975A003700230001-5:11.2.0,partial_B,final_0558_4fb8d6ab1d,ASSIGNED_FULL,later_pdf_word_coordinates,False,"the Republican Security Company flown to the island from mainland France joined the rebels ""after two minutes.""","the Republican Security Company f own to the island from mainland France joined. the reb- els ""after two minutes.""",PASS,0.789474,0.882353,0.833333,PASS,2735,0.871852,0.054193,1.0,19,19,R3
CIA-RDP79T00975A003700240001-4:5.1.0,headline,final_0559_5b4987f44f,ASSIGNED_FULL,later_pdf_word_coordinates,False,"Drop zones are reported to have been prepared in France by advance paratroop elements and an invasion by air-borne troops may take place on 28 or 29 May, depending on the weather.","Drop zones are reported to have been prepared in France by advance paratroop ele- ments and an invasion by air-borne troops may take place on 28 or 29 May, depending on the weather.",PASS,0.941176,0.969697,0.955224,PASS,1719,0.731801,0.063811,1.0,33,33,R2
CIA-RDP79T00975A003700250001-3:12.0.0,partial_A,final_0561_0e76d8b305,ASSIGNED_FULL,later_pdf_word_coordinates,False,The reporting officer expects the unanimous decision of 22 May to be used to exert pressure on the United States for increased aid on more favorable terms.,The reporting officer expects the unanimous decision of 22 May to be used to exert pressure on the United States for increased aid on more favorable terms.,PASS,1.0,1.0,1.0,PASS,3789,0.936944,0.055139,1.0,27,27,R1
CIA-RDP79T00975A003700250001-3:13.0.0,partial_C,final_0562_ed09ca18c4,ASSIGNED_FULL,later_pdf_word_coordinates,False,"The Swiss Government is so concerned over what it considers the ""strong possibility"" of civil war in France that,","The Swiss Government is so concerned over what it considers the ""strong possibility"" of civil war in France that,",PASS,1.0,1.0,1.0,PASS,2517,0.861396,0.07804,1.0,19,19,R1
CIA-RDP79T00975A003700250001-3:6.0.1,partial_B,final_0560_1402e6744a,ASSIGNED_FULL,later_pdf_word_coordinates,False,"the general wants to maintain legal procedures, but extralegal methods have not been ruled out.",gene ra 1 wants to maintain legal procedures but extralegal methods have not been ruled out.,PASS,0.8125,0.866667,0.83871,PASS,3042,0.916817,0.055564,1.0,16,16,R1
CIA-RDP79T00975A003700270001-1:7.0.0,partial_D,final_0563_6134fc3b7a,ASSIGNED_FULL,later_pdf_word_coordinates,False,"after the first clash at Remada, there was danger that Tunisian civilians would attack French military establishments, but","‘after the first clash at Remada, there was danger tnafTunisian civilians would attack French mil- itary establishments but",PASS,0.833333,0.833333,0.833333,PASS,2338,0.841916,0.072344,1.0,18,18,R1
CIA-RDP79T00975A003700270001-1:7.0.2,partial_B,final_0563_6134fc3b7a,ASSIGNED_FULL,later_pdf_word_coordinates,False,the Neo-Destour party was carefully organizing well-policed demonstrations as outlets for the public's emotions.,e eo- estour party was carefully organizing we -po iced demonstrations as outlets for the public's emotions.,PASS,0.666667,0.705882,0.685714,PASS,2338,0.841916,0.072344,1.0,17,17,R1
CIA-RDP79T00975A003700300001-7:11.0.0,partial_A,final_0564_d60f4d0c22,ASSIGNED_FULL,later_pdf_word_coordinates,False,"Syria has recruited several hundred unemployed Lebanese Moslem seasonal workers in Kuwait, who were flown to Damascus, armed, and sent into Lebanon as ""peoples' fighters"" against the Chamoun government.","ﬁSyria has recruited several hundred unemployed Lebanese Mos- lem seasonal workers in Kuwait, who were flown to Da- mascus, armed, and sent into Lebanon as ""peoples' fight- ers"" against the Chamoun government.",PASS,0.78125,0.862069,0.819672,PASS,3735,0.929104,0.051647,1.0,32,32,R1
CIA-RDP79T00975A003700310001-6:8.0.0,headline,final_0565_c7ad562023,ASSIGNED_FULL,later_pdf_word_coordinates,False,", where army forces have reinforced hard-pressed progovernment irregulars, and in southern Lebanon. In","where army forces have reinforced hard-pressed progovernment irregulars, and in southern Lebanon. In",PASS,1.0,1.0,1.0,PASS,1572,0.717808,0.074127,1.0,13,13,R1
CIA-RDP79T00975A003700310001-6:8.1.1,partial_B,final_0565_c7ad562023,ASSIGNED_FULL,later_pdf_word_coordinates,False,"the success of the rebellion might well hinge on the struggle for Beirut. The message added that additional arms were urgently needed by opposition groups in Beirut, because reported government arming of Christian nationals might foreshadow an attack on Moslem sections of the city.","Tfhe _succ§\.Ss of the rebellion might well hinge on the struggle for Beirut. The message added that additional arms were urgently needed by opposition groups in Beirut, because reported government arming of Christian nationals mi ht foreshadow n‘ attack on Moslem sections of",PASS,0.863636,0.863636,0.863636,PASS,1572,0.717808,0.074127,1.0,43,43,R3
CIA-RDP79T00975A003700310001-6:8.3.1,partial_D,final_0565_c7ad562023,ASSIGNED_FULL,later_pdf_word_coordinates,False,the large influx of reinforcements from Syria appeared to have abated for the moment. Never-,\the large influx of reinforcements rom Syria appeared to have abated for the moment. Never-,PASS,0.933333,0.933333,0.933333,PASS,1572,0.717808,0.074127,1.0,15,15,R5;R6
CIA-RDP79T00975A003700320001-5:13.0.0,headline,final_0566_b03ff3c1a9,ASSIGNED_FULL,later_pdf_word_coordinates,False,"Kyaw Nyein, who fears his faction would be defeated, has warned U Nu that he will appeal to the army to intervene if elections are called.","Kyaw Nyein, who fears his faction would be defeated, has warned U Nu that he will appeal to the army to intervene if elections are called.",PASS,1.0,1.0,1.0,PASS,3807,0.935381,0.050627,1.0,26,26,R1
CIA-RDP79T00975A003700320001-5:15.0.0,partial_C,final_0567_4ef3aa10ca,ASSIGNED_FULL,later_pdf_word_coordinates,False,"Rightist regrouping in France to block any of De Gaulle's policies which are considered too liberal, particularly on Algeria, is indicated","Rightist regrouping in France to block any of De Gaulle's policies which are considered too liberal, particularly on Algeria, is",PASS,1.0,0.954545,0.976744,PASS,1647,0.713605,0.088442,1.0,20,20,R1
CIA-RDP79T00975A003700320001-5:15.0.1,partial_A,final_0567_4ef3aa10ca,ASSIGNED_FULL,later_pdf_word_coordinates,False,"Independent party leader Roger Duchet plans later this month to seize control of party machinery, oust his rival, Finance Minister Antoine Pinay, and reorganize the Independents along more ""nationalist"" lines. Duchet is said to believe now that De Gaulle has embarked on an ""irrevocably dictatorial"" course, and that the proposed constitutional revisions will completely change the French political situation.","Independent party lead- er Roger Duchet plans ater this month to seize control of party machinery, oust his rival, Finance Minister Antoine Pinay, and reorganize the Independents along more ""nation- alist"" lines. Duchet is said to believe now that De Gaulle has embarked on an ""irrevocably dictatorial"" course, and that the proposed constitutional revisions will completely czliyge the French political situation.",PASS,0.901639,0.932203,0.916667,PASS,1647,0.713605,0.088442,1.0,61,61,R1
CIA-RDP79T00975A003700330001-4:12.0.0,headline,final_0569_ce7dd61a62,ASSIGNED_FULL,later_pdf_word_coordinates,False,who participated in plotting for last month's take-over and who share the present disappointments of local extremists.,who participated in plottingior last month's take-over and who share the present disappoint- ments of local extremists.,PASS,0.842105,0.842105,0.842105,PASS,2542,0.865509,0.081329,1.0,17,17,R1
CIA-RDP79T00975A003700330001-4:9.0.0,headline,final_0568_6ef4af815e,ASSIGNED_FULL,later_pdf_word_coordinates,False,"At a recent meeting Prime Minister Nuri Said told American and British representatives of IPC that they might see a repetition in Iraq of the events which led to the nationalization of Iranian oil concessions if the company ""failed to assess the needs of the moment.""","At a recent meeting Prime Minis- ter Nuri Said told American and British representatives of IPC that they might see a repetition in Iraq of the events which led to the nationalization of Iranian oil concessions if the company ""failed to assess the needs of the moment.""",PASS,0.957447,0.978261,0.967742,PASS,2302,0.841374,0.072967,1.0,47,47,R1
CIA-RDP79T00975A003700340001-3:5.0.0,partial_A,final_0570_709833d183,ASSIGNED_FULL,later_pdf_word_coordinates,False,"Although the French Communists are preparing for clandestine activity, their principal aim is to make the party the rallying point of all anti-Gaullist forces for opposition by legal means.","Although the French Communists 0 K are preparing for clandestine activity, their principal aim is to make theparty the rallying point of all anti- Gaullist forces for opposition by legal means.",PASS,0.903226,0.933333,0.918033,PASS,2576,0.847926,0.053986,1.0,31,31,R1
CIA-RDP79T00975A003700340001-3:6.0.0,partial_A,final_0571_843674d939,ASSIGNED_FULL,later_pdf_word_coordinates,False,"President Chamoun, after a meeting with Lebanese Army Commander Shihab on 7 June, described him as elated over limited army success in the Tripoli area that day and apparently willing to take more forceful action against the insurgents.","President Chamoun, after a meeting with Lebanese Army Com- mander Shihab on 7 June, described him as elated over limited army success in the Tripoli area that day and apparently will- ing to take more forceful action against the insurgents.",PASS,0.9,0.947368,0.923077,PASS,2565,0.865385,0.065166,1.0,40,40,R1
CIA-RDP79T00975A003700340001-3:9.0.0,headline,final_0572_c786939f99,ASSIGNED_FULL,later_pdf_word_coordinates,False,"According to one report De Gaulle even felt it necessary to summon General Massu and rebuke him for the manner in which he had presented the ""wishes of the committee.""","According to one report De Gaulle even felt it necessary to summon Gen- eral Massu and rebuke him for the manner in which he had presented the ""wishes of the committee.""",PASS,0.935484,0.966667,0.95082,PASS,2866,0.885935,0.050416,1.0,31,31,R1
CIA-RDP79T00975A003700340001-3:9.1.0,partial_B,final_0572_c786939f99,ASSIGNED_FULL,later_pdf_word_coordinates,False,"the ""prudence and selectivity"" of current Communist party tactics has aroused active rank-and-file support and enhances the possibility of unity of action with other anti-Gaullist elements. The party stepped up preparations for clandestine activity last week, but will pursue mainly a nonviolent, legal course of action, at least until De Gaulle's program is made clear. Nevertheless, there is a widespread attitude, inside as well as outside the party, that De Gaulle should be given a chance.","the ""prudence and selectivity"" of current Communistpar A y tactics has aroused active rank-and-file support and enhances the pos- sibility of unity of action with other anti- Gaullist elements. The party stepped up preparations for clandestine activity last week, but will pursue mainly a nonviolent, legal course of action, at least until De Gaulle's program is made clear. Nevertheless, there is a widespread attitude, inside as well as outside the party, that De Gaulle should be given a chance.",PASS,0.939024,0.9625,0.950617,PASS,2866,0.885935,0.050416,1.0,79,79,R3
CIA-RDP79T00975A003700350001-2:7.0.0,partial_B,final_0573_72ccce39b2,ASSIGNED_FULL,later_pdf_word_coordinates,False,the bomb may have been thrown by Turks in full knowledge that violence would follow.,\the bomb may have been thrown by Turks in full knowledge v that vio- lence would follow.,PASS,0.823529,0.933333,0.875,PASS,2859,0.887888,0.06664,1.0,17,17,R1
CIA-RDP79T00975A003700360001-1:5.0.0,partial_A,final_0574_ac6c36c438,ASSIGNED_FULL,later_pdf_word_coordinates,False,"Druze forces estimated at 400 men led by Kamal Jumblatt have attacked gendarmerie and pro-government partisans in the Mount Lebanon sector and are proceeding northward in a move to cut the main Beirut-Damascus highway. The harassment of rebel bands by the Lebanese Air Force brought about a night attack on the Riyaq air base by rebels on the night of 9-10 June, which was repulsed.","Druze forces estimated at 400 men led by Kamal Iumblatt have attacked gendarmerie and pro- government partisans in the Mount Lebanon sector and are proceeding northward in a move to cut the main Beirut- Damascus highway. The harassment of rebel bands by the Lebanese Air Force brought about a night attack on the Riyaq air base by rebels on the night of 9-10 June, which was re- pulsed.",PASS,0.956522,0.970588,0.963504,PASS,1202,0.602506,0.078427,1.0,68,68,R1
CIA-RDP79T00975A003700360001-1:5.0.1,partial_B,final_0574_ac6c36c438,ASSIGNED_FULL,later_pdf_word_coordinates,False,it is beyond the army's capability to prevent increasing infiltration of armed bands from Syria and that policing of the Lebanese frontier by a UN-type police force would not be effective.,lit is beyond the ar- mys capabiiity to prevent increasing infiltration of armed bands from Syria and that policing of the Lebanese frontier F by a UN-type police force would not be effective.,PASS,0.852941,0.878788,0.865672,PASS,1202,0.602506,0.078427,1.0,33,33,R1
CIA-RDP79T00975A003700360001-1:5.0.2,partial_B,final_0574_ac6c36c438,ASSIGNED_FULL,later_pdf_word_coordinates,False,"the possibility of a call for foreign intervention is becoming more imminent, then predicted that foreign troops could not be withdrawn ""for 25 years."" On the other hand, the gendarmerie commandant has stated that the general will prolong the Lebanese Army's vacillating posture until the political situation has deteriorated to the point where Shihab, ""a la General de Gaulle,"" would be summoned unanimously to take control of the country.","possibility of a call for foreign interven- ion 1S ecoming more imminent, then predicted that foreign troops could not be withdrawn ""for 25 years."" On the other hand, the gendarmerie commandant has stated that the gen- eral will prolong the Lebanese“ Army's_vacillatingLpos.ture until the political situation has deteriorated to the point where Shihab, ""a la General de Gaulle,'_' would be sum- moned unanimously fto take control of the country.",PASS,0.847222,0.871429,0.859155,PASS,1202,0.602506,0.078427,1.0,69,69,R1
CIA-RDP79T00975A003700360001-1:5.0.3,partial_C,final_0574_ac6c36c438,ASSIGNED_FULL,later_pdf_word_coordinates,False,"Britain's forthcoming new Cyprus policy would probably tie up forces ""earmarked for possible deployment in Lebanon."" However,","‘Britain's forthcoming new Cyprus policy would probably tie up forces ""earmarked for possi- ment in Lebanon"" However,l",PASS,0.842105,0.888889,0.864865,PASS,1202,0.602506,0.078427,1.0,17,17,R2
CIA-RDP79T00975A003700360001-1:5.0.4,partial_B,final_0574_ac6c36c438,ASSIGNED_FULL,later_pdf_word_coordinates,False,"the British Mediterranean fleet could provide about 2,000 troops for such a venture.","the British Mediterranean fleet could provide about 2,000 troops for such a venture.",PASS,1.0,1.0,1.0,PASS,1202,0.602506,0.078427,1.0,13,13,R2
CIA-RDP79T00975A003700360001-1:6.0.0,partial_A,final_0575_5f2a1b5a92,ASSIGNED_FULL,later_pdf_word_coordinates,False,"The Christian Maronite community meanwhile is having second thoughts concerning the pro-opposition attitude of its Patriarch, who has openly criticized the government and praised the opposition during a recent press conference. His statement that many of his bishops had been bribed by the government has aroused the ire of the higher clergy, who are reported to have petitioned the Vatican against the Patriarch's stand. A majority of the Maronites are said to be furious at the Patriarch.","The Christian Maronite community meanwhile is hav- ing second thoughts concerning the pro-opposition attitude of its Patriarch, who has openly criticized the government and praised the opposition during a recent press conferenc 6 the His government statement that has many aroused of his the-"" bishops ire of the had higher been bribed clergy, by who are reported to have petitioned the Vatican against the Patri- arch's stand. A majority of the to be hi/r';a-us at the Patriarch.",PASS,0.768293,0.797468,0.782609,PASS,2224,0.820664,0.082303,1.0,77,77,R1
CIA-RDP79T00975A003700360001-1:7.0.0,headline,final_0576_fecfcf855d,ASSIGNED_FULL,later_pdf_word_coordinates,False,"He is reported to have told King Faysal that he would insist that the question of Kuwait's joining the AU also be resolved at once. Faysal has not accepted the resignation, however, and Nuri probably does not expect him to do so.","He is reported to have told King Faysal that he would insist that the question of Kuwait's joining the AU also be resolved at once. Faysal has not ac- cepted the resignation, however, and Nuri probably does not expect him to do so.",PASS,0.954545,0.976744,0.965517,PASS,1903,0.774837,0.075255,1.0,43,43,R1
CIA-RDP79T00975A003700360001-1:7.2.0,partial_A,final_0576_fecfcf855d,ASSIGNED_FULL,later_pdf_word_coordinates,False,"Since Britain probably cannot bring Kuwait to accept either of these courses, Nuri can be expected to make even stronger appeals for direct American and British assistance.","Since Britain probably cannot bring Kuwait to accept either of these courses, Nuri can be ex- pected to make even stronger appeals for direct American British assistance.",PASS,0.925926,0.925926,0.925926,PASS,1903,0.774837,0.075255,1.0,27,27,R3
CIA-RDP79T00975A003700360001-1:8.0.0,headline,final_0577_709dab4389,ASSIGNED_FULL,later_pdf_word_coordinates,False,", and there have been several reports that he is concerned about the situation in Syria and has intended to take action since his return from Moscow.",and there have been several re- ports that he is concerned about the situation in Syria and has intended to take action since his return from Mos- cow.,PASS,0.857143,0.923077,0.888889,PASS,3229,0.907022,0.055976,1.0,28,28,R1
CIA-RDP79T00975A003700370001-0:11.0.0,headline,final_0580_b4f3394a1c,ASSIGNED_FULL,later_pdf_word_coordinates,False,"According to their reported plans, once such a ""government"" is set up, the opposition would attempt to consolidate its hold on the countryside and then capture all the main towns. The seizure of Beirut would be the ultimate objective. A ""free"" government would adhere to Nasir's United Arab Republic, possibly retaining autonomy in local affairs as Yemen has. Such a scheme might provide for a certain measure of autonomy for the Christian areas within Lebanon.","According to their reported plans, once such a ""government"" is set up, the op- position would attempt to consolidate its hold on the country- side and then capture all the main towns. The seizure of Beirut would be the ultimate objective. A ""free"" government would adhere to Nasir's United Arab Republic, possibly re- taining autonomy in local affairs as Yemen has. Such a scheme might provide for a certain measure of autonomy for the Christian areas within Lebanon.",PASS,0.924051,0.960526,0.941935,PASS,2322,0.843137,0.07553,1.0,78,78,R1
CIA-RDP79T00975A003700370001-0:15.1.0,headline,final_0581_b6ce5d7766,ASSIGNED_FULL,later_pdf_word_coordinates,False,possibly at the direction of Ankara--,Cypriots§--pos- sibly at the direction of Ankara--are,PASS,0.555556,0.833333,0.666667,PASS,3354,0.91966,0.051767,0.857143,6,7,R2
CIA-RDP79T00975A003700370001-0:15.2.0,headline,final_0581_b6ce5d7766,ASSIGNED_FULL,later_pdf_word_coordinates,False,and both the Cypriot Ethnarchy and the Greek Government have secretly appealed to EOKA leader Grivas to take no retaliatory action against the Turks.,and both the Cypriot Ethnarchy and the Greek Government have secretly appealed to EOKA -leader Grivas to take no retaliatory action against the Turks.,PASS,1.0,1.0,1.0,PASS,3354,0.91966,0.051767,1.0,24,24,R3
CIA-RDP79T00975A003700370001-0:6.0.0,partial_C,final_0578_0e3a8ca602,ASSIGNED_FULL,later_pdf_word_coordinates,False,"Saburov, Suslov, Pospelov, Molotov, and Kuusinen among the ""dogmatist"" group, and","\Saburov, Suslov, Pospelov Molotov WW and Kuusinen among the ""d0gmatist"" group, and",PASS,0.833333,0.909091,0.869565,PASS,2621,0.845211,0.060587,0.916667,11,12,R2
CIA-RDP79T00975A003700370001-0:6.0.1,partial_B,final_0578_0e3a8ca602,ASSIGNED_FULL,later_pdf_word_coordinates,False,"rigidly inflexible, Stalin-trained advocates of a hard-fist policy. Khrushchev himself is said to head a more flexible group which continues to advocate a softer policy and is genuinely interested in summit negotiations.","inflexible, himself Stalin-trained is said advocates to head a more of a hard- flexible group which continues to advocate a softer policy and is genuinely interested in summit negotiations.",PASS,0.833333,0.735294,0.78125,PASS,2621,0.845211,0.060587,1.0,29,29,R2
CIA-RDP79T00975A003700370001-0:7.0.0,headline,final_0579_17db61ee15,ASSIGNED_FULL,later_pdf_word_coordinates,False,"However, at least 200 EMW of additional generating capacity based on the use of plutonium production reactors for by-product power will also be installed.","However, at least 200 EMW of additional generating capacity based on the use of pluto- nium production reactors for by-product power will also be installed.",PASS,0.923077,0.96,0.941176,PASS,3703,0.916357,0.053033,1.0,25,25,R1
CIA-RDP79T00975A003700380001-9:10.0.0,partial_A,final_0582_0ea0782eff,ASSIGNED_FULL,later_pdf_word_coordinates,False,"""some"" Syrians are volunteering for action in Lebanon and that while not helping infiltrators, the UAR is ""doing nothing to prevent"" them from assisting their Lebanese brothers. Meanwhile, the Danish consul general in Damascus has stated that on 9 June Syrian authorities commandeered a Danish mission hospital near the Lebanese border for the treatment of ""Lebanese wounded.""","\""some"" Syrians are voll- unteering for action in Lebanon and that while not helping in- filtrators, the UAR is ""doing nothing to prevent"" them from assisting their Lebanese brothers. Meanwhile, the Danish consul general in Damascus has stated that on 9 June Syrian authorities commandeered a Danish mission hospital near for the treatment of ""Lebanese wounded.""",PASS,0.928571,0.912281,0.920354,PASS,1994,0.783189,0.083161,1.0,56,56,R1
CIA-RDP79T00975A003700390001-8:14.0.0,headline,final_0585_4abc0562cd,ASSIGNED_FULL,later_pdf_word_coordinates,False,"Chassin is characterized as a very energetic, impulsive individual; a Ministry of Interior official stated in late May that his following was mainly composed of scattered small groups.","Chassin is characterized as a very energetic, impulsive individual; a Ministry of Interior official stated in late May that his following was mainly composed of scattered small groups.",PASS,1.0,1.0,1.0,PASS,3032,0.886291,0.087565,1.0,28,28,R1
CIA-RDP79T00975A003700390001-8:3.1.0,partial_A,final_0583_13eb37a1bd,ASSIGNED_FULL,later_pdf_word_coordinates,False,Some army officers are advocating that General Shihab take over as president and are considering a coup d'etat as a means to this end.,v\ Some army officers are advocating that General Shihabtake over as president and are considering a coup d'etat as a means to this end.,PASS,0.92,0.92,0.92,PASS,2712,0.862595,0.094169,0.958333,23,24,R2
CIA-RDP79T00975A003700390001-8:8.0.0,box_hid_more,final_0584_8d76563db6,ASSIGNED_FULL,later_pdf_word_coordinates,False,"A number of senior Lebanese Army officers and relatives of army commander General Shihab are considering a coup d'etat which would bring the general to power as chief of state. Realizing that Chamoun would spurn any ultimatum to resign, the group envisages his arrest. Abd al-Aziz Shihab, recently resigned secretary general of interior and a party to the coup, has stated that Chamoun's arrest could be easily arranged, since the group controls the presidential guards.","A number of senior Lebanese Army officers and rela- tives of army commander General Shihab are considering a coup d'etat which would bring the general to power as chief of state. Realizing that Chamoun would spurn any ultimatum to resign, the group envisages his arrest. Ahd al-Aziz Shihab, recently resigned secretary general of interior and a_ party to the coup, has stated that ChamounTs arrest could. be easily arranged, since the group controls the presidential guards.",PASS,0.948718,0.948718,0.948718,PASS,2234,0.821324,0.077995,1.0,76,76,R1
CIA-RDP79T00975A003700390001-8:8.0.1,box_hid_more,final_0584_8d76563db6,ASSIGNED_FULL,later_pdf_word_coordinates,False,"As for General Shihab, he now admits that he has the ""presidential bug."" While he is not inclined to run for the presidency constitutionally or to attempt a coup himself, he would not try to prevent one on his behalf. Meanwhile, he has been negotiating with certain tribes in the al Harmal region, apparently in an attempt to wean the tribesmen away from their alliance with pro-Chamoun partisans.","As for General Shihab, he now admits that he has the ""presidential bug."" While he is not inclined to run for the presidency constitutionally or to attempt a coup himself, he would not try to prevent one on his behalf. Meanwhile, he has been negotiating with certain tribes in theal Harmal region, apparently in an attempt to wean the tribesmen away from their alliance with pro-Chamoun partisans.",PASS,0.985294,0.971014,0.978102,PASS,2234,0.821324,0.077995,1.0,67,67,R1
CIA-RDP79T00975A003700400001-6:4.0.1,partial_A,final_0586_7f81c5b2be,ASSIGNED_FULL,later_pdf_word_coordinates,False,Egypt continues to be interested in supplying tactical advice to the rebels.,Lebanon is interested in concluding a military pact with the Arab,PARTIAL_OCR_MATCH,0.272727,0.25,0.26087,PASS,2059,0.775518,0.05597,1.0,11,11,R2
CIA-RDP79T00975A003700400001-6:4.0.2,partial_A,final_0586_7f81c5b2be,ASSIGNED_FULL,later_pdf_word_coordinates,False,Lebanon is interested in concluding a military pact with the Arab Union.,Lebanon is interested in concluding a military pact with the Arab Union.,PASS,1.0,1.0,1.0,PASS,2059,0.775518,0.05597,1.0,12,12,R2
CIA-RDP79T00975A003700400001-6:6.0.0,headline,final_0587_b12d70fe03,ASSIGNED_FULL,later_pdf_word_coordinates,False,Greek security officials warn that demonstrations could develop into expressions of anti-Americanism.,Greek. security officials warn that demonstra- tions could develop into expressions of anti-Americanism.,PASS,0.857143,0.923077,0.888889,PASS,4004,0.941011,0.052015,1.0,13,13,R1
CIA-RDP79T00975A003700410001-5:7.0.0,partial_A,final_0588_864ff8ba56,ASSIGNED_FULL,later_pdf_word_coordinates,False,Salam to have his men stop firing temporarily in one sector to permit clearing rubble from a government supporter's house.,‘Salam to have his men stop firing temporarily in one sector to permit clearing ‘rubble. from a government supporters house.,PASS,0.95,0.904762,0.926829,PASS,3841,0.938661,0.053289,1.0,20,20,R1
CIA-RDP79T00975A003700420001-4:6.0.0,headline,final_0589_a196531ddd,ASSIGNED_FULL,later_pdf_word_coordinates,False,Chamoun stated that interrogation of members of the Syrian armed forces captured in Tripoli by the Lebanese Army revealed that over 25 Syrian military personnel were in the Beirut Moslem quarter working with opposition leader Saib Salam.,"Chamoun stated that interrogation of members of the Syrian armed forces captured in Tripoli by the Lebanese Army revealedithat over 25.Syria.n .militar""y'.person.nel w.ere"".in:.the Beirut Moslem quarter working with opposition leader Saib Salam.",PASS,0.775,0.837838,0.805195,PASS,1988,0.753601,0.055415,1.0,32,32,R1
CIA-RDP79T00975A003700420001-4:6.1.0,box_hid_more,final_0589_a196531ddd,ASSIGNED_FULL,later_pdf_word_coordinates,False,"A group of anti-Chamoun officers has decided to carry out a coup against the president regardless of Western support or opposition. On the night of 17 June the group was distributing articles to the local press which would give a favorable propaganda background for a coup. The timing of the coup has not been set. While the success of a coup is possible, it would depend on secrecy and many variable factors which could disrupt the plan.","A group of anti-Chamoun officers"" has decided to carry out a coup against the president regardless of Western sup- port or opposition. On the night of 17 June the group was distributing articles to the local press which would give a favorable propaganda background for a coup. The timing of the coup has not been set. While the success of a coup is possible, it would depend on secrecy and many variable factors which could disrupt the plan.-",PASS,0.974684,0.987179,0.980892,PASS,1988,0.753601,0.055415,1.0,78,78,R2
CIA-RDP79T00975A003700420001-4:6.1.1,box_hid_more,final_0589_a196531ddd,ASSIGNED_FULL,later_pdf_word_coordinates,False,Some indication that the coup plans may already be known outside the group of plotters can be inferred from the expressed attitudes of some supporters of Chamoun who hint that they would prefer a military coup to foreign intervention. They have intimated that they would give the coup tacit approval by standing aside in the event it is carried out.,Some indication that the coup plans may already be known outside the group of plotters can be inferred from the expressed attitudes of s.ome supporters of Chamoun who hint that they would prefer a military coup to foreign intervention. They have intimated that they would give the coup tacit approval by standing aside in the event it is carried out. —'F9P—S-E-GR-E-'F,PASS,0.893939,0.983333,0.936508,PASS,1988,0.753601,0.055415,1.0,61,61,R2
CIA-RDP79T00975A003800010001-8:11.0.0,partial_C,final_0591_7b6823f198,ASSIGNED_FULL,later_pdf_word_coordinates,False,Recent indications that the President may be planning to dispense with parliamentary government altogether and take over himself,Recent indications that the President may be planning to dispense with parliamentary government altogether and take over himself,PASS,1.0,1.0,1.0,PASS,3240,0.897756,0.054981,1.0,18,18,R1
CIA-RDP79T00975A003800010001-8:11.0.1,partial_B,final_0591_7b6823f198,ASSIGNED_FULL,later_pdf_word_coordinates,False,"he is summoning all Pakistani army general officers to a conference within the next week to discuss the possibility of proclaiming a state of emergency under which the President would assume all governmental powers. Action would be taken on 14 August, Pakistan's independence day, if the army officers concurred in Mirza's plan.",is summoning all Pakistani army general officers She to a conference within the next week to discuss the possibil- ity of proclaiming a state of emergency under which the President would assume all governmental powers. Action would be taken on 14 Au 8 ust Pakistan's inde P endence da if the army officers concurrsed in Mirza's plan.,PASS,0.813559,0.888889,0.849558,PASS,3240,0.897756,0.054981,1.0,57,57,R1
CIA-RDP79T00975A003800010001-8:3.1.0,headline,final_0590_18c261c035,ASSIGNED_FULL,later_pdf_word_coordinates,False,"There is evidence of continuing covert intervention by UAR irregulars and of the infiltration of considerable quantities of UAR arms. There is, however, no evidence of UAR intention to intervene with regular military forces.","of continuing covert intervention by UAR irregulars and of the 1 'nfilt ra ti on of co n s id era ble qua ntit' ies of UAR arms. There is, however, no evidence of UAR intention to intervene with regular military forces.",PASS,0.666667,0.823529,0.736842,PASS,1716,0.718292,0.083923,1.0,42,42,R3
CIA-RDP79T00975A003800030001-6:13.0.2,partial_B,final_0592_ac2e136e14,ASSIGNED_FULL,later_pdf_word_coordinates,False,"his displeasure that an agreement had been reached with Tunisia first. He commented that Morocco had been more reasonable than Tunisia in seeking evacuation of French troops, with ""only the result of being less successful.""","displeasure that an agreement ha een reac e with Tunisia first. He commented that Morocco had been more reasonable than Tunisia in seeking evacuation of French troops, with ""only the result of being less successful.""",PASS,0.885714,0.885714,0.885714,PASS,2329,0.853739,0.064194,1.0,35,35,R1
CIA-RDP79T00975A003800050001-4:11.0.1,partial_B,final_0594_200cf1a899,ASSIGNED_FULL,later_pdf_word_coordinates,False,"has offered 34 jet fighters and suitable training facilities for an ""unlimited"" number of pilots in the Soviet Union. Earlier in 1958 the Czech Legation offered an unspecified number of MIG-15's, servicing facilities, and training for pilots and ground crews.","has offered 34. jet fighters and suitalile train- ing facilities for an ""unlimited"" number of pilots in the Soviet Union. Earlier in 1958 the Czech Legation offered an unspecified number of MIG-15's, servicing facilities, and training for pilots and ground crews.",PASS,0.930233,0.952381,0.941176,PASS,2318,0.819661,0.083572,1.0,41,41,R1
CIA-RDP79T00975A003800050001-4:8.0.0,headline,final_0593_4b3282e6bf,ASSIGNED_FULL,later_pdf_word_coordinates,False,"Amid heightened tension over Cyprus, Greek Air Force officers are discussing possible operations against Turkey. There is evidence that the air force has tightened its alert status in recent days but is not yet on a full alert. Despite increased belligerency toward the Turks, many Greek Air Force officers regard hostilities as unlikely unless initiated by Turkey. Offensive action by Greece could not be ruled out, however, if attacks take place on the Greek minority in Turkey.","Amid heightened tension over Cyprus, Greek Air Force officers are discussing possible operations against Turkey. There is evidence that the air force has tightened its alert status in recent days but is not yet on a full alert. Despite increased belligerency toward the Turks, many Greek Air Force officers regard hostilities as unlikely unless initiated by Turkey. Offensive action by Greece could not be ruled out, however, if attacks take place on the Greek minority in Turkey. On",PASS,0.987179,1.0,0.993548,PASS,2841,0.85779,0.060909,0.987179,77,78,R1
CIA-RDP79T00975A003800060001-3:9.0.0,partial_C,final_0595_3a15999ac3,ASSIGNED_FULL,later_pdf_word_coordinates,False,"Archbishop Makarios does not want EOKA to renew violence ""for the moment,""",Archbishop th e momen I; M '3 karios does not want EOKA to renew violence,PASS,0.533333,0.666667,0.592593,PASS,3763,0.941221,0.051113,1.0,15,15,R1
CIA-RDP79T00975A003800060001-3:9.0.1,partial_B,final_0595_3a15999ac3,ASSIGNED_FULL,later_pdf_word_coordinates,False,as he fears such violence would throw the British and Turks together to fight the Greeks.,S he fears such violence would throw the Brftisn anqﬁurxwrngether to fight the Greeks.,PASS,0.785714,0.6875,0.733333,PASS,3763,0.941221,0.051113,1.0,14,14,R1
CIA-RDP79T00975A003800080001-1:4.0.0,partial_A,final_0596_01a5780386,ASSIGNED_FULL,later_pdf_word_coordinates,False,"Prime Minister Daud apparently agreed, before his departure for the United States, to commit $18,000,000 for the Naghlu hydroelectric project. This would make a total of about $43,000,000 committed thus far.","Prime Minister Daud Tf\:~s apparently agreed, before his departure for the United States, to commit $18,000,000 for the Naghlu hydroelectric project. ;e:&\\ This would make a total of about $43,000,000 committed thus far.",PASS,0.921053,1.0,0.958904,PASS,3303,0.909166,0.061062,0.939394,31,33,R3
CIA-RDP79T00975A003800080001-1:8.0.0,headline,final_0597_ce3484fb8e,ASSIGNED_FULL,later_pdf_word_coordinates,False,"Just before his departure for the United States, Prime Minister Daud is reported to have agreed to commit, on his return about 10 July, $18,000,000 of this credit for the Naghlu hydroelectric project.","Just before his de- parture for the United States, Prime Minister Daud is re- ported to have agreed to commit, on his return about 10 July, $18,000,000 of this credit for the Naghlu hydroelec- tric project.",PASS,0.842105,0.914286,0.876712,PASS,2302,0.812853,0.082636,1.0,36,36,R1
CIA-RDP79T00975A003800080001-1:8.1.0,headline,final_0597_ce3484fb8e,ASSIGNED_FULL,later_pdf_word_coordinates,False,"About $8,000,000 of the $18,000,000 for the Naghlu project is to consist of Soviet goods for generating local funds.","About $8,000,000 of the $18,000,000 for the Naghlu project is to consist of Soviet goods for generating local funds.",PASS,1.0,1.0,1.0,PASS,2302,0.812853,0.082636,1.0,19,19,R2
CIA-RDP79T00975A003800100001-8:14.0.0,partial_A,final_0599_30c4c59ad3,ASSIGNED_FULL,later_pdf_word_coordinates,False,"Yui's resignation will be followed by some other cabinet changes, but there will not be a large-scale reorganization.","Yurs resignation wilfbe followed by some other ca met c’ anges, but there will not be a large-scale reorgani- zation",PASS,0.619048,0.65,0.634146,PASS,3104,0.906277,0.089418,1.0,20,20,R1
CIA-RDP79T00975A003800100001-8:8.0.0,box_hid_more,final_0598_7357c8a12f,ASSIGNED_FULL,later_pdf_word_coordinates,False,"Basically, the arrangement is to bribe the tribes.","Basically, the arrangement is to bribe the tribes.",PASS,1.0,1.0,1.0,PASS,2861,0.887682,0.08107,1.0,8,8,R2
CIA-RDP79T00975A003800100001-8:8.0.1,partial_A,final_0598_7357c8a12f,ASSIGNED_FULL,later_pdf_word_coordinates,False,"Prisoners interrogated by the UN observation group have stated that Syrian military personnel have been actively engaged in operations against Lebanese security forces, as well as carrying out demolition activities.",to bribe the tribes. Prisoners interrogated by the UN observation group have stated that Syrian military personnel have been actively.en- gaged in operations against Lebanese security forces. as well as carrying out demolition activities.,PASS,0.828571,0.966667,0.892308,PASS,2861,0.887682,0.08107,1.0,34,34,R2
CIA-RDP79T00975A003800100001-8:8.0.3,partial_B,final_0598_7357c8a12f,ASSIGNED_FULL,later_pdf_word_coordinates,False,"they had received word they could ""no longer depend on any assistance from the outside.""","they had received word they could ""no longer depen on any assistance from the outside.""",PASS,0.933333,0.933333,0.933333,PASS,2861,0.887682,0.08107,1.0,15,15,R2
CIA-RDP79T00975A003800110001-7:12.0.0,partial_B,final_0600_23b7f5e338,ASSIGNED_FULL,later_pdf_word_coordinates,False,"the armed forces may move to take over the government. While the majority of the military still has a ""wait-and-see"" attitude, the small minority which tried to prevent Frondizi's election has resumed plotting and might be able to exploit further aggravation of military discontent.","armed forces may move to take over the government. While the majority of the military still has a ""wait-and-see"" attitude, the small minority which tried to prevent Frondizi‘s election has resumed plotting and might be able to exploit further aggravation of military discontent.",PASS,0.977778,0.93617,0.956522,PASS,3488,0.915486,0.055958,1.0,43,43,R1
CIA-RDP79T00975A003800140001-4:3.1.0,headline,final_0601_fc18328403,ASSIGNED_FULL,later_pdf_word_coordinates,False,There are some indications that the covert intervention by the UAR may diminish.,There I) are some indications that the covert intervention by the UAR may diminish.,PASS,0.928571,1.0,0.962963,PASS,1893,0.762077,0.082167,0.928571,13,14,R3
CIA-RDP79T00975A003800140001-4:9.0.0,partial_A,final_0602_08a3bb2975,ASSIGNED_FULL,later_pdf_word_coordinates,False,"The Hague will probably ""keep waters riled"" until the US promises to protect New Guinea with its Seventh Fleet.","The Hague will probably ""keep waters riled? until the US rom- ises to pi-eteet New Guinea with its Seventh Fleet.",PASS,0.809524,0.894737,0.85,PASS,2772,0.876938,0.071451,1.0,20,20,R1
CIA-RDP79T00975A003800140001-4:9.0.1,partial_B,final_0602_08a3bb2975,ASSIGNED_FULL,later_pdf_word_coordinates,False,reflecting Dutch fears that Indonesia will obtain US arms and will use them to attack New Guinea.,Fleet. Dutch fears that Indonesia will 0 n US arms an will use them to attack New Guinea.,PASS,0.777778,0.823529,0.8,PASS,2772,0.876938,0.071451,1.0,18,18,R1
CIA-RDP79T00975A003800150001-3:12.0.0,headline,final_0603_446c6a5f1d,ASSIGNED_FULL,later_pdf_word_coordinates,False,"De Gaulle is reported to have told the former president of the Algerian assembly, Abderrahmane Fares, that he had not yet decided on a solution, but would try to find it jointly with Algerian Arabs. He offered Fares a ministerial post, but Fares reserved his decision and advised negotiations with the FLN. Fares is reported to have sent an intermediary to see Ferhat Abbas.","De Gaulle is reported to have told the former president of the Algerian assembly, Abderrahmane Fares, that he had not yet decided on a solution, but would try to find it jointly with Algerian Arabs. He offered Fares a ministerial post, but Fares reserved his decision and advised negotiations with the FLN. Fares is reported to have sent an intermediary to see Ferhat Abbas.",PASS,1.0,1.0,1.0,PASS,3453,0.909163,0.051732,1.0,64,64,R2
CIA-RDP79T00975A003800160001-2:11.0.0,headline,final_0604_94fb394681,ASSIGNED_FULL,later_pdf_word_coordinates,False,"Sarit is said to have lectured NSP members for two hours on 2 July concerning criticism of Thanom, warning them that if they wanted a strong, ruthless premier rather than Thanom, they could have one but that they would be ""sorry."" This was presumably a veiled threat that he would personally use strong-arm tactics if they did not fall into line voluntarily under Thanom.","Sarit is said to have lectured NSP members for two hours on 2 July concerning criticism of Thanom, warning them that if they wanted a strong, ruthless premier rather than Thanom, they could have one but that they would be ""sorry."" This was presumably a veiled threat that he would personally use strong- arm tactics if they did not fall into line voluntarily under Thanom",PASS,1.0,1.0,1.0,PASS,3208,0.902645,0.05685,1.0,65,65,R1
CIA-RDP79T00975A003800190001-9:10.0.0,headline,final_0607_4749c7192c,ASSIGNED_FULL,later_pdf_word_coordinates,False,"Istiqlal leader Allal el-Fassi, who demands the evacuation of all foreign troops, and at least two Moroccan officials believe that such a declaration by the United States might facilitate agreement and forestall the possibility of the United States being asked to evacuate. The Moroccan minister of defense is reported considering refusing entry to American military personnel--a measure occasionally used against French military personnel--unless a base agreement is soon reached with the United States.","Istiqlal leader Allal e1-Fassi, who demands the evacuation of all foreign troops, and at least two Moroccan officials be- lieve that such a declaration by the United States might facili- tate agreement and forestall the possibility of the United States being asked to evacuate. The Moroccan minister of defense is reported considering refusing entry to American military person- nel--a measure occasionally used against French military person- nel--unless a base agreement is soon reached with the United States.",PASS,0.8875,0.934211,0.910256,PASS,2868,0.866204,0.058569,1.0,77,77,R1
CIA-RDP79T00975A003800190001-9:4.2.0,headline,final_0605_9480638338,ASSIGNED_FULL,later_pdf_word_coordinates,False,There are indications that covert intervention by the UAR has diminished somewhat.,There are indications that c o v ert in te rven on b y the,PASS,0.333333,0.416667,0.37037,PASS,790,0.473905,0.078148,1.0,15,15,R3
CIA-RDP79T00975A003800190001-9:5.1.0,partial_B,final_0606_4f205fd1b7,ASSIGNED_FULL,later_pdf_word_coordinates,False,"anti-Americanism is rising in Morocco, and that such a declaration would facilitate the negotiations begun in May 1957 for a base agreement.","anti-Americanism s rising in Morocco, and that such a declaration would facili- tate the negotiations begun in May 1957 for a base agreement.",PASS,0.875,0.913043,0.893617,PASS,1902,0.765084,0.051631,1.0,23,23,R2
CIA-RDP79T00975A003800230001-4:5.0.0,partial_A,final_0608_f9d5438abe,ASSIGNED_FULL,later_pdf_word_coordinates,False,There is no indication of Soviet air activity which might be directly related to the Middle East situation. Elements of the 50th Long Range Air Army based in the European USSR have been engaged in a probable deployment exercise to the Far East since approximately 10 July.,There is no indication of Soviet air activity which might be directly related to the Middle East situation. Elements of the 50th Long Range Air Army based in the European USSR have been engaged in a probable deployment ‘exercise to the Fa-rt East since approximately 10 Ju1y.\,PASS,0.9375,0.957447,0.947368,PASS,2493,0.799038,0.054238,1.0,47,47,R1
CIA-RDP79T00975A003800230001-4:5.0.1,partial_A,final_0608_f9d5438abe,ASSIGNED_FULL,later_pdf_word_coordinates,False,"As of early 15 July, Black Sea naval units appeared to be engaged in routine operations.","As of early 15 July, Black Sea; naval units appeared to be engaged in routine ope rations.",PASS,0.882353,0.9375,0.909091,PASS,2493,0.799038,0.054238,1.0,17,17,R1
CIA-RDP79T00975A003800240001-3:14.0.0,partial_C,final_0610_3f1b6d3596,ASSIGNED_FULL,later_pdf_word_coordinates,False,"Combat missions by a Chinese Nationalist B-26 based on Taiwan are being flown at approximately three-day intervals and,","Combat missions by a Chinese Nationalist B-26 based on Taiwan arelbeing flown at approximately three-day inter- vals and,\",PASS,0.85,0.85,0.85,PASS,2239,0.836072,0.097477,1.0,18,18,R1
CIA-RDP79T00975A003800240001-3:14.0.1,partial_B,final_0610_3f1b6d3596,ASSIGNED_FULL,later_pdf_word_coordinates,False,the aircraft refuels at Sanga Sanga airfield in the southern Philippines.,\the air- craft refuels at Sanga Sanga airfield in the southern Philip- pines”,PASS,0.692308,0.818182,0.75,PASS,2239,0.836072,0.097477,1.0,13,13,R1
CIA-RDP79T00975A003800240001-3:9.0.0,partial_A,final_0609_6668969b14,ASSIGNED_FULL,later_pdf_word_coordinates,False,Iranian Airways Company pilots have been alerted to be prepared to evacuate the firm's aircraft and families should revolution occur in Iran.,Iranian Airways Company pilots have been alerted to be prepared to evacuate the firm's aircraft and families should revolution occur in Iran.,PASS,1.0,1.0,1.0,PASS,2778,0.884995,0.085831,1.0,22,22,R1
CIA-RDP79T00975A003800240001-3:9.0.1,partial_B,final_0609_6668969b14,ASSIGNED_FULL,later_pdf_word_coordinates,False,"the junior officers in the Iranian Army are not loyal to the Shah or to the top military leaders. While the validity of this report cannot be determined, US officials who recently returned from duty in Iran agree that there is discontent among junior officers.","officers in the Iranian Army are not loyafto the ah or to the top military leaders. While the validity of this report cannot be determined, US officials who recently returned from duty in Iran agree that there is discontent among junior officers.",PASS,0.952381,0.888889,0.91954,PASS,2778,0.884995,0.085831,1.0,42,42,R1
CIA-RDP79T00975A003800260001-1:9.0.0,partial_A,final_0611_f991a43d7d,ASSIGNED_FULL,later_pdf_word_coordinates,False,The Indian leader may propose negotiations as he did during the Suez crisis.,The Indian leader may propose. negotiations as he did dur- ing the Suez crisis.,PASS,0.857143,0.923077,0.888889,PASS,3114,0.87991,0.068036,1.0,14,14,R1
CIA-RDP79T00975A003800260001-1:9.1.0,headline,final_0611_f991a43d7d,ASSIGNED_FULL,later_pdf_word_coordinates,False,"Since Nehru was met in New Delhi on his return from a provincial tour by both the Soviet and UAR envoys, who reportedly delivered messages from their leaders, the appeal to Nehru may have been coordinated during Nasir's visit to Moscow on 17 July.","Since Nehru was met in New Delhi on his return from a provincial tour by both the Soviet and UAR envoys, who reportedly delivered messages from their leaders, the ap- peal to Nehru may have been coordinated during Nasir's visit to Moscow on 17 July.",PASS,0.956522,0.977778,0.967033,PASS,3114,0.87991,0.068036,1.0,45,45,R2
CIA-RDP79T00975A003800280001-9:9.0.0,box_hid_more,final_0612_0dad458289,ASSIGNED_FULL,later_pdf_word_coordinates,False,"Nehru and senior Indian officials were reported pleased with President Eisenhower's letter explaining the US position. They liked the letter's personal tone and the careful explanation of American motives. Nehru especially appreciated the long rundown on background events. Nehru is ""absolutely convinced,"" however, that Nasir will not violate the Lebanese border while it is being patrolled by a UN group, and that US troops are accordingly serving no useful purpose.","Nehru and senior Indian officials were reported pleased with President Eisenhower's letter explaining the US position. They liked the letter's personal tone and the careful explana- tion of American motives. Nehru especially appreciated. the long rundown on background events. Nehru is ""abso1utely con- vinced,"" however, that Nasir will not violate the Lebanese bor- der while it is being patrolled by a UN group, and that US troops are accordingly serving no useful purpose.",PASS,0.906667,0.944444,0.92517,PASS,2227,0.779216,0.051575,1.0,73,73,R1
CIA-RDP79T00975A003800280001-9:9.0.1,box_hid_more,final_0612_0dad458289,ASSIGNED_FULL,later_pdf_word_coordinates,False,"In Pakistan, responsible opinion is ranging itself behind the US-UK action. Foreign Minister Baig stated that nothing would be done with respect to King Husayn's appeal for help to oust the new Iraqi regime without consultation with President Mirza, whose return from Tehran is expected on 22 July.","In Pakistan, responsible opinion is ranging itself behind the US- UK action. Foreign Minister Baig.stat""e.d that nothing wouldbe done with respectto King Husayn's appeal for help to oust the new Iraqi regime without consultation with President Mirza, whose return from Tehran is expected on 22 July.",PASS,0.9,0.9,0.9,PASS,2227,0.779216,0.051575,1.0,46,46,R1
CIA-RDP79T00975A003800280001-9:9.0.3,partial_D,final_0612_0dad458289,ASSIGNED_FULL,later_pdf_word_coordinates,False,"he has long believed that the US had either to make a friend of Nasir or destroy him. He believes that Western success in the present venture is fundamental to the free world's security and that vacillation or retreat would only increase the danger of a world conflict. Meanwhile, other","has long believecffhafthe US11ad. either to make a friend of Nasir or destroy him. He believes that Western success in the present venture is fundamental to the free world's security and that vacillation or retreat would only increase the danger of a world conflict. Meanwhile, other",PASS,0.957447,0.882353,0.918367,PASS,2227,0.779216,0.051575,1.0,46,46,R1
CIA-RDP79T00975A003800310001-5:6.0.0,headline,final_0613_f7dfcf6400,ASSIGNED_FULL,later_pdf_word_coordinates,False,"Turkey has expressed eagerness to intervene in Iraq and Syria and has vigorously sought US support for such a move. While a unilateral Turkish move is unlikely, the possibility cannot be dismissed.","Turkey has expressed eagerness to intervene in Iraq and ria and has vigorously sought US support for such a move. While a unilateral Turkish move is unlikely, the possibility g cannot be dismissed.",PASS,0.939394,0.96875,0.953846,PASS,3478,0.919376,0.050765,1.0,33,33,R2
CIA-RDP79T00975A003800340001-2:10.0.0,partial_A,final_0614_065ae3d162,ASSIGNED_FULL,later_pdf_word_coordinates,False,"The Tunisians, moreover, are probably aware that France is attempting to disrupt North African unity. French officials in Tunis, who claimed on 25 July that the Tunisian defense secretary had accepted proffered French arms, were obviously pleased with the prospect of using French arms to accentuate the growing tensions between the Tunisian Government and the FLN.","The Tunisians, moreover, are probably aware that France is attempting to disrupt North African unity. French offi- cials in Tunis, who claimed on 25 July that.the.Tunisian;dei5ens1e secretary had accepted proffered French arms, were ob- viously pleased with the prospect of using French arms to accentuate the growing tensions between the Tunisian Gov- ernment and the FLN.",PASS,0.881356,0.928571,0.904348,PASS,2278,0.83535,0.075491,1.0,56,56,R1
CIA-RDP79T00975A003900010001-7:9.0.0,headline,final_0615_41e95a0695,ASSIGNED_FULL,later_pdf_word_coordinates,False,"The investigation of Iranian officers by Savak, the Iranian national intelligence organ, at the Shah's direction, is aimed at uncovering any ""Qasim-type"" officers or other potentially dangerous elements.","The in- vestigation of Iranian officers by Savak, the Iranian national intelligence organ, at the Shah's direction, is aimed at un- covering any ""Qasim-.-type"" officers or other potentially dan- gerous elements.",PASS,0.818182,0.9,0.857143,PASS,1647,0.76569,0.084657,1.0,31,31,R1
CIA-RDP79T00975A003900010001-7:9.1.0,headline,final_0615_41e95a0695,ASSIGNED_FULL,later_pdf_word_coordinates,False,"and an unconfirmed report of a Soviet-sponsored plot to kidnap him and organize a new government,","and an unconfirmed re- port of a Soviet-sponsored plot to kidnap him and organize a new government,",PASS,0.888889,0.941176,0.914286,PASS,1647,0.76569,0.084657,1.0,17,17,R2;R3
CIA-RDP79T00975A003900020001-6:6.0.0,headline,final_0616_64f918d62b,ASSIGNED_FULL,later_pdf_word_coordinates,False,that Israel has had very confidential and high-level contacts with the other four countries during the past year or more and that it is encouraged at the interest they have shown in possibilities for mutual cooperation.,that Israel has had very confidential and high-level contacts with the other four coun- tries during the past year or more and that it is encouraged at the interest they have shown in possibilities for mutual co- operation.,PASS,0.897436,0.945946,0.921053,PASS,1891,0.809503,0.077706,1.0,38,38,R1
CIA-RDP79T00975A003900040001-4:9.0.0,partial_A,final_0617_bfcd9ca17e,ASSIGNED_FULL,later_pdf_word_coordinates,False,Nationalist military officials now regard strategic control of the straits as lost and fear the ultimate loss of the offshore islands.,Nationalist military officials now regard strategic control of the straits as lost and fear the ultimate loss of the offshore islands.,PASS,1.0,1.0,1.0,PASS,1843,0.844251,0.10711,1.0,21,21,R1
CIA-RDP79T00975A003900120001-5:6.0.0,headline,final_0618_046ae21786,ASSIGNED_FULL,later_pdf_word_coordinates,False,"Although King Saud has indicated that Faysal will not enter into any agreement with Egypt at this time, Faysal is known to favor much closer relations with Nasir than does the King and could act on his own initiative.","Although King Saud has indicated that Faysal will not enter into any agreement with Egypt at this time, Faysal is known to favor much closer relations with Nasir than does the King and could act on his own initiative.",PASS,1.0,1.0,1.0,PASS,1731,0.761549,0.086811,1.0,39,39,R1
CIA-RDP79T00975A003900150001-2:8.1.0,headline,final_0619_eb759f359f,ASSIGNED_FULL,later_pdf_word_coordinates,False,"His leading role associates the new government with the corruption of its predecessor and,","His lead- ing role associates the new government with the corruption of its predecessor and,",PASS,0.866667,0.928571,0.896552,PASS,1955,0.832624,0.070229,1.0,15,15,R2
CIA-RDP79T00975A003900160001-1:4.0.0,box_hid_more,final_0620_8cf02740d7,ASSIGNED_FULL,later_pdf_word_coordinates,False,"Although the Soviet delegation originally suggested 100 to 110 control posts, it now has agreed to the Western recommendation of 160 to 170 posts throughout the world in addition to a few ships. These posts would include 6 in Europe, 37 in Asia, 24 in North America, 7 in Australia, 16 each in South America and Africa, 4 in Antarctica, and 60 on islands; there has been no breakdown by individual countries.","Although the Soviet delegation originally suggested 100 to 110 control posts, it now has agreed to the Western recom- mendation of 160 to 1'70 posts throughout the world in addition to a few ships. These posts would include 6 in Europe, 37 in Asia, 24 in North America, 7 in Australia, 16 each in South America and Africa, 4 in Antarctica, and 60 on islands; there has been no breakdoum by individual countries.",PASS,0.932432,0.958333,0.945205,PASS,1024,0.60413,0.075677,1.0,73,73,R1
CIA-RDP79T00975A003900170001-0:5.1.0,partial_A,final_0621_9c42bdc0e9,ASSIGNED_FULL,later_pdf_word_coordinates,False,The King requested American help in evacuating the royal family by 27 August.,The QC) King requested merican help in evacuating the royal family by 2'7 August.,PASS,0.733333,0.846154,0.785714,PASS,1376,0.771733,0.081692,0.928571,13,14,R3
CIA-RDP79T00975A003900170001-0:7.0.0,headline,final_0622_5f6c414fc3,ASSIGNED_FULL,later_pdf_word_coordinates,False,"Recently, however, Dr. E. Maung, minister of justice and president of the National United Front, reportedly has informed Nu that he can no longer guarantee that the whole Front will vote for the government, and extreme left-wing factions of the Front have secretly switched their support to the ""stable"" AFPFL.","Recently, however, Dr. E. Maung, minister of justice and pres- ident of the National United Front, reportedly has informed Nu that he can no longer guarantee that the whole Front will vote for the government, and extreme left-wing factions of the Front have secretly switched their support to the ""stable"" AFPFL.",PASS,0.961538,0.980392,0.970874,PASS,1611,0.800298,0.082151,1.0,51,51,R1
CIA-RDP79T00975A003900180001-9:7.0.0,partial_B,final_0623_f34ed09e59,ASSIGNED_FULL,later_pdf_word_coordinates,False,"a ""Board of Revolution"" is to be established, from which leftists will be barred. Presumably this board would be modeled along the lines of the Revolutionary Command Council, which emerged after the 1952 coup in Egypt.","‘a ""Board of Revolution"" is to be es- tablished, from which leftists will be barred. Presumably this board would be modeled along the lines of the Revolutionary Command Council, which emerged after the 1952 coup in Egypt.",PASS,0.945946,0.972222,0.958904,PASS,1897,0.851436,0.071728,1.0,37,37,R1
CIA-RDP79T00975A003900200001-6:5.0.0,headline,final_0624_788fb1dd32,ASSIGNED_FULL,later_pdf_word_coordinates,False,Husayn indicated that he did not expect his tenure to outlast by long that of Rifai's government. He plans to evacuate his family from Jordan in a British aircraft sometime this week.,"Husayn indicated that he did not expect his tenure to outlast by long that of Rifai's gove rnment, He plans to evacute his family from Jordan in a British aircraft sometime this week.",PASS,0.911765,0.939394,0.925373,PASS,1701,0.795231,0.070192,1.0,33,33,R1
CIA-RDP79T00975A003900210001-5:4.0.0,partial_B,final_0625_7bebaeb310,ASSIGNED_FULL,later_pdf_word_coordinates,False,"*Taiwan Strait Situation (as of 0100 EDT, 26 August): The Chinese Communists continued their artillery bombardment of the Chinmen (Quemoy) Islands on 26 August.","“T f§f;,z»,,'a»: *Ta1wan Strait S1tuation:(as of 0100 EDT, 26 August) Tne Chinese Communists continued their artillery bombardment of the Chinmen.(Qusm0.y)_Is1ands on 26 August.",PASS,0.655172,0.791667,0.716981,PASS,903,0.641791,0.084861,0.956522,22,23,R1
CIA-RDP79T00975A003900210001-5:4.0.1,partial_A,final_0625_7bebaeb310,ASSIGNED_FULL,later_pdf_word_coordinates,False,Chinese Communist naval vessels continue to move into the Santu Bay area immediately to the north of the Matsu Islands.,Chinese Communist naval vessels continu Santu Bay area immediately to the north of the Matsu Islands.,PASS,0.9375,0.75,0.833333,PASS,903,0.641791,0.084861,1.0,16,16,R1
CIA-RDP79T00975A003900220001-4:9.0.0,partial_A,final_0626_1aded2ccb4,ASSIGNED_FULL,later_pdf_word_coordinates,False,Forty-five junior officers have been reported to have formed a secret organization to support any movement to establish a republic.,Forty-five junior office rs have been reported to have formed a secret organization to support any movement to establish a re- public»,PASS,0.826087,0.904762,0.863636,PASS,2058,0.851469,0.075627,1.0,22,22,R1
CIA-RDP79T00975A003900230001-3:5.1.0,partial_A,final_0627_20c3603e9c,ASSIGNED_FULL,later_pdf_word_coordinates,False,Two party factions are reported to be trying to obtain arms as rapidly as possible.,Two party factions are reported to be trying to obtain arms as rapidly as possible.,PASS,1.0,1.0,1.0,PASS,1483,0.774817,0.083754,1.0,15,15,R2
CIA-RDP79T00975A003900230001-3:7.0.0,box_hid_more,final_0628_039bbd04fb,ASSIGNED_FULL,later_pdf_word_coordinates,False,"A resistance group headed by Basri and another controlled by party demagogue Allal el-Fassi, who is reported to be attempting to obtain arms as rapidly as possible, are the factions which may clash.","A resistance group headed by Basri and another controlled by party demagogue Allal el-Fassi, who is reported to be attempting to obtain arms as rapidly as pos- sible, are the factions which may clash.",PASS,0.942857,0.970588,0.956522,PASS,1833,0.800786,0.083461,1.0,34,34,R1
CIA-RDP79T00975A003900230001-3:7.0.1,partial_A,final_0628_039bbd04fb,ASSIGNED_FULL,later_pdf_word_coordinates,False,Moderates within the party and government plan to reorganize the Moroccan labor union to weaken Ben Seddik's position. Earlier reports stated that Ben Seddik and former Minister of Labor Abdullah Ibrahim were about to form a labor party which they hope would attract the Istiqlal left wing.,Moderates within the party and government plan to re- organize the Moroccan labor union to weaken Ben Seddik's pos- ition. Earlier reports stated that Ben Seddik and former Min- ister of Labor Abdullah Ibrahim were about to form a labor arty which they hope would attract the Istiqlal left wing.,PASS,0.862745,0.916667,0.888889,PASS,1833,0.800786,0.083461,1.0,50,50,R1
CIA-RDP79T00975A003900250001-1:12.0.0,partial_A,final_0630_54b6176cd2,ASSIGNED_FULL,later_pdf_word_coordinates,False,"According to the most recent report, the FLN organization in France is estimated at 50,000 militants, including 7,000 terrorists in highly mobile ""shock groups,"" some of which are located in the countries bordering on France. The apparatus has its own bankers, arms passers, documentation shops, buildings, and vehicles.","According to the most recent report, the FLN organ- ization in France is estimated at 50,000 militants, includ- ing 7,000 terrorists in highly mobile ""shock groups,"" some of which are located in the countries bordering on France. The apparatus has its own bankers, arms mentation shops, buildings, and —S-EGR-E-T—",PASS,0.833333,0.9,0.865385,PASS,1767,0.806113,0.084875,1.0,49,49,R1
CIA-RDP79T00975A003900250001-1:3.0.0,partial_D,final_0629_28cf910630,ASSIGNED_FULL,later_pdf_word_coordinates,False,"*Taiwan Strait situation (as of 0100 EDT, 30 August): There is an indication that the Chinese Communist Navy may be preparing fishing boats for amphibious operations and that naval air units are planning joint operations with surface units. There is further evidence that additional Chinese Communist troops have been brought into the Amoy area. On 29 August a Soviet TU-104 which has been used by VIP's left Moscow on a nonscheduled trip to Peiping.","*Taiwan Strait situatiIbn;(as of 0100 EDT, 30 August): i There is an indicationthat the Chinese Communist Navy may be preparing fishing boats for amphibious operations and that naval air units are planning joint operations with surface units. There is further evidence that additional Chinese Communist troops have been brought into the Amoy area. On 29 August a Soviet TU-104 which has been used by VIP's left Moscow on a nonscheduled trip to Peiping.",PASS,0.960526,0.960526,0.960526,PASS,1115,0.616022,0.093436,1.0,73,73,R1
CIA-RDP79T00975A003900250001-1:3.0.1,partial_A,final_0629_28cf910630,ASSIGNED_FULL,later_pdf_word_coordinates,False,The Chinese Communists have stepped up their propaganda campaign designed to encourage defection of Nationalist personnel on Chinmen and have now extended this tactic to the Matsus.,The Chinese Communists have stepped up their prop- aganda campaign designed to encourage defection of Nation- alist personnel on hinmen and have now extended this tactic to the Matsus.,PASS,0.827586,0.888889,0.857143,PASS,1115,0.616022,0.093436,1.0,29,29,R1
CIA-RDP79T00975A003900280001-8:10.0.0,headline,final_0631_820d61c04e,ASSIGNED_FULL,later_pdf_word_coordinates,False,and it is reliably reported that he stopped last week's riots only by making new concessions to the agitators.,and it is reliably reported that he stopped last week's riots only by making new concessions to the agitators.,PASS,1.0,1.0,1.0,PASS,1945,0.840899,0.069384,1.0,19,19,R1
CIA-RDP79T00975A003900310001-4:3.0.0,partial_D,final_0632_daf7b769b3,ASSIGNED_PARTIAL,later_pdf_word_coordinates,False,"*Taiwan Strait situation (as of 0100 EDT, 5 September): There was a minimum of military activity on 4 September, since Typhoon Grace, which has now moved inland, has inhibited sea and air operations. Pravda has printed another tough comment which emphasizes the now general Communist propaganda theme that American ""belligerence"" is responsible for the crisis.","'-.//’/Q3 i 1 ;=-L *Taiwan can Strait situation (as of 0100""EDT, 5 September): '1/'5:l»2://s P: ,'v/ There was minimum of military activity on 4 September, since Typhoon Grace, which has now moved inland, has .'-'.v.~>;—2 '5,’ I it?//Z14 i V I 2 c7!:?:';iZ ::.:»;ﬁ§ 714/; :54,/4//.5 34¢//,4 ,1 ,1,» ,1, 1 other Communist ence",PARTIAL_OCR_MATCH,0.4375,0.509091,0.470588,PASS,1198,0.703464,0.112565,0.555556,30,54,R1
CIA-RDP79T00975A003900330001-2:10.0.0,headline,final_0633_25b97fdce2,ASSIGNED_FULL,later_pdf_word_coordinates,False,reportedly planned by former Defense Minister Castro Leon on 22 and 23 July.,reportedly planned by former Defense Minister Castro Leon on 22 and 23 July.,PASS,1.0,1.0,1.0,PASS,2127,0.855591,0.073479,1.0,13,13,R1
CIA-RDP79T00975A003900350001-0:8.0.1,partial_B,final_0634_5eb3e9d1b3,ASSIGNED_FULL,later_pdf_word_coordinates,False,"intended to request Western assistance in constructing the high dam at Aswan, provided the present UK-Egyptian financial talks in Rome end ""satisfactorily."" He feels that these talks are going well, and it appears that settlement of the claims arising out of the 1956 Suez conflict may be reached soon.","to request Western assistance in con- structing e high dam at Aswan, provided the present UK- Egyptian financial talks in Rome end ""satisfactorily."" He feels that these talks are going well, and it appears that set- tlement of the claims arising out of the 1956 Suez conflict may be reached soon.",PASS,0.901961,0.92,0.910891,PASS,1761,0.771353,0.083147,1.0,51,51,R1
CIA-RDP79T00975A003900360001-9:9.0.0,headline,final_0635_d93ac631c8,ASSIGNED_FULL,later_pdf_word_coordinates,False,"who is reported to have offered to step aside ""if the people wish,""","who is reported to have offered to step aside ""if the people wish,""",PASS,1.0,1.0,1.0,PASS,1901,0.821166,0.081249,1.0,13,13,R1
CIA-RDP79T00975A004000020001-4:5.0.0,partial_A,final_0636_db6468595d,ASSIGNED_FULL,later_pdf_word_coordinates,False,"Arif was planning a coup against Prime Minister Qasim, who may have learned of Arif's plans and moved first.","\Arif was planning a coup against Prime Minister Qasim, who may have learned of Arif's plans and moved first“",PASS,1.0,1.0,1.0,PASS,2011,0.836175,0.089205,1.0,19,19,R1
CIA-RDP79T00975A004000080001-8:3.0.0,partial_B,final_0637_0c7d00e127,ASSIGNED_FULL,later_pdf_word_coordinates,False,"*Taiwan Strait Situation (information as of 0100 EDT): The Chinese Nationalists initiated the most recent air battle, apparently with the intention of increasing tensions. They continue to seek to obtain further US involvement.","Pa s e 1 4' *Taiwan Strait Situation (information as of 0100 EDT): The Chinese Nationalists initiated the most recent air battle, ap- parently with the intention of increasing tensions. They continue 44/////////, to seek to obtain further US involvement.",PASS,0.8,0.969697,0.876712,PASS,672,0.431599,0.11514,0.95,38,40,R1
CIA-RDP79T00975A004000090001-7:10.0.0,partial_B,final_0638_ea1c69ede6,ASSIGNED_FULL,later_pdf_word_coordinates,False,at least three high-ranking Jordanian diplomatic officials abroad have recently received promises of financial reward if they defect to the UAR.,‘at least three high-rank- ing L ordanian diplomatic officials abroad have recently re- ceived. romises of financi 1 reward if they defect to the,PASS,0.64,0.727273,0.680851,PASS,1475,0.736028,0.106524,1.0,24,24,R1
CIA-RDP79T00975A004000100001-5:9.0.0,partial_B,final_0639_fae6c776db,ASSIGNED_FULL,later_pdf_word_coordinates,False,"the army intends further action against the Chinese community, including Communists.","Lfhe army intends further action againsfthe Chinese community, including Communists.",PASS,0.8,0.727273,0.761905,PASS,2043,0.89331,0.085689,1.0,10,10,R1
CIA-RDP79T00975A004000100001-5:9.0.1,partial_B,final_0639_fae6c776db,ASSIGNED_FULL,later_pdf_word_coordinates,False,the present Indonesian political climate makes it necessary to take action against Nationalist sympathizers before moving against Chinese Communist elements.,present Indonesian political climate makes it necessary to take action against Na- tionalist sympathizersbefore moving against Chinese‘ Commu- nist elements.,PASS,0.75,0.75,0.75,PASS,2043,0.89331,0.085689,1.0,20,20,R1
CIA-RDP79T00975A004000110001-4:6.0.0,headline,final_0640_cfc9aa21b6,ASSIGNED_FULL,later_pdf_word_coordinates,False,Egyptian Marshal Amir is reported attempting to bring about a reconciliation.,Egyp- tian Marshal Amir is reported attempting to bring about a rec- 4. cmciliatio11_,PASS,0.642857,0.818182,0.72,PASS,2031,0.842739,0.080867,1.0,14,14,R1
CIA-RDP79T00975A004000120001-3:3.1.0,headline,final_0641_78cb90ef0b,ASSIGNED_FULL,later_pdf_word_coordinates,False,"Indications suggest that the Chinese Nationalists, fearing US concessions in Warsaw talks, and increasingly concerned over the resupply of the Kinmens, might undertake independent provocative action probably calculated to embroil the US in hostilities. Individual pilots or flight leaders might also take independent provocative action. In any event, air clashes between Chinese Nationalist and Chinese Communist forces are likely to continue and could involve US forces.","Indications suggest that the Chinese Nationalists, fear- ing US concessions in Warsaw talks, ‘and increasingly con- cerned over the resu p pl y of th e Ki nmens, mig ht _un d e rtake independent provocative action probably calculated to em- broil the US in hostilities‘. Individual pilots or flight lead- ers might a1 so take independent provocative action. In an y event, air clashes between Chinese Nationalist and Chinese Communistforces are likelyto continue and could involve US‘forces..",PASS,0.628205,0.742424,0.680556,PASS,1046,0.661607,0.086948,1.0,78,78,R2
CIA-RDP79T00975A004000170001-8:4.1.0,partial_B,final_0642_c026586feb,ASSIGNED_FULL,later_pdf_word_coordinates,False,a rightist army coup against Diem is being planned to take place soon.,rightist army La oup against Diem is being plannecfto ta e place soon.,PASS,0.615385,0.615385,0.615385,PASS,1263,0.727954,0.09262,1.0,13,13,R2
CIA-RDP79T00975A004000170001-8:6.0.0,partial_C,final_0643_73c48c3b95,ASSIGNED_FULL,later_pdf_word_coordinates,False,"In this context of dissatisfaction, plans for an early rightist coup by the army--possibly involving Diem's assassination--have been twice reported in some detail","In this context of dissatisfaction, plans for an early rightist coup by the army--possibly involving Diem's as- Fsassination--have been twice reported in some detail",PASS,0.925926,0.961538,0.943396,PASS,1750,0.802752,0.078406,1.0,24,24,R1
CIA-RDP79T00975A004000170001-8:6.0.1,partial_A,final_0643_73c48c3b95,ASSIGNED_FULL,later_pdf_word_coordinates,False,"While the army is considered loyal, there is bitterness among some officers over political interference and favoritism.","the army is considered loyal, there is 1 erness a ng some officers over political interference and favoritism.",PASS,0.777778,0.823529,0.8,PASS,1750,0.802752,0.078406,1.0,18,18,R1
CIA-RDP79T00975A004000180001-7:8.0.0,headline,final_0644_2bbf244b51,ASSIGNED_FULL,later_pdf_word_coordinates,False,"Ambitious leaders within the RLP, led by ex-Premier Souvanna Phouma, are exploring the prospects for toppling Phoui on this issue.","Ambitious leaders within the RLP, led by ex-Premier Souvanna Phouma, are exploring the prospects for toppling Phoui on. this issue.",PASS,1.0,1.0,1.0,PASS,2116,0.837357,0.086474,1.0,20,20,R1
CIA-RDP79T00975A004000220001-2:7.0.0,headline,final_0645_5e3da4c177,ASSIGNED_FULL,later_pdf_word_coordinates,False,"One ranking Nationalist leader told an American official on 6 October that his government views the move as a threefold attempt to divide Taipei and Washington, to weaken the morale of the troops on Chinmen, and to provide a means to charge the United States with forcing hostilities, possibly as a prelude to a major assault.","One ranking Nationalist leader told an American official on 6 Octo- ber that his government views the move as a threefold attempt to divide Taipei and Washington, to weaken the morale of the troops on Chinmen, and to provide a means to charge the United. States with forcing hostilities, possibly as a prelude to a major assault.",PASS,0.964912,0.982143,0.973451,PASS,1792,0.797508,0.078745,1.0,57,57,R1
CIA-RDP79T00975A004000230001-1:10.0.0,headline,final_0646_82a4a27277,ASSIGNED_FULL,later_pdf_word_coordinates,False,He reportedly returned to Damascus on 5 October.,He reportedly returned. to Damascus on 5 October.,PASS,1.0,1.0,1.0,PASS,1856,0.781145,0.081305,1.0,8,8,R1
CIA-RDP79T00975A004000230001-1:10.1.0,headline,final_0646_82a4a27277,ASSIGNED_FULL,later_pdf_word_coordinates,False,Nasir is reported recently to have expressed fear of such sabotage to Soviet presidium member Mukhitdinov.,Nasir is reported recently to have expressed fear of such sabotage to Soviet presidium member Mukhitdinov.,PASS,1.0,1.0,1.0,PASS,1856,0.781145,0.081305,1.0,16,16,R2;R3
CIA-RDP79T00975A004000230001-1:12.0.0,headline,final_0647_48b79fb803,ASSIGNED_FULL,later_pdf_word_coordinates,False,"from unstable rule by Pakistan's ineffectual politicians,","from unstable rule by Pakistan's ineffectual politicians,",PASS,1.0,1.0,1.0,PASS,1602,0.825773,0.072762,1.0,7,7,R1
CIA-RDP79T00975A004000240001-0:8.0.0,headline,final_0648_b390a478eb,ASSIGNED_FULL,later_pdf_word_coordinates,False,Reports continue to indicate that rightist elements backed by the army would launch a coup if faced with the creation of such a government.,Reports continue to indicate that rightist elements backed by the army would launch a coup if faced with the creation of such a government.,PASS,1.0,1.0,1.0,PASS,1910,0.827198,0.078564,1.0,24,24,R1
CIA-RDP79T00975A004000260001-8:6.0.0,headline,final_0649_fb5b2b8414,ASSIGNED_FULL,later_pdf_word_coordinates,False,"As an indication of his desire to reach a settlement, Karamanlis is reported to be willing to break publicly with the intransigent Archbishop Makarios.","As an indication of his desire to reach a settlement, Karamanlis is reported to be willing to break publicly with the intransigent Archbishop Makarios.",PASS,1.0,1.0,1.0,PASS,1778,0.809285,0.084739,1.0,24,24,R1
CIA-RDP79T00975A004000270001-7:6.0.0,headline,final_0650_2e642e8896,ASSIGNED_FULL,later_pdf_word_coordinates,False,"Bourguiba's tactics, flouting the proprieties of Arab politics, which call for fervent lip service to the ""mystique"" of Arab unity on all official public occasions, appear to have left him, at least initially, without overt support from other Arab states and may have weakened his heretofore relatively strong domestic position.","Bourguiba's tactics, flouting the proprieties of Arab politics, which call for fervent lip service to the ""mystique"" of Arab unity on all official public occasions, appear to have left him, at least initially, without overt support from other Arab states and may have weakened. his heretofore relatively strong domestic position.",PASS,1.0,1.0,1.0,PASS,1920,0.828658,0.063378,1.0,50,50,R1
CIA-RDP79T00975A004000320001-1:10.1.0,headline,final_0651_129449f5b9,ASSIGNED_FULL,later_pdf_word_coordinates,False,"Any drive to limit corruption would be aimed primarily at Prapat, since he and some of his followers are among the worst offenders.","Any drive to limit corruption would be aimed primarily at Prapat, since he and some of his followers are among the worst offenders.",PASS,1.0,1.0,1.0,PASS,1827,0.832726,0.077628,1.0,23,23,R3
CIA-RDP79T00975A004000330001-0:4.1.1,partial_B,final_0652_a3867a88fc,ASSIGNED_FULL,later_pdf_word_coordinates,False,have at least one bomber and possibly other planes which they are readying for action.,\have at least one bomber and possibly other planes which they are readying for action.,PASS,1.0,1.0,1.0,PASS,1105,0.674192,0.087265,1.0,15,15,R4
CIA-RDP79T00975A004000330001-0:6.1.0,headline,final_0653_94576ccfba,ASSIGNED_FULL,later_pdf_word_coordinates,False,One report states that a decision to resign was actually reached by the government on 18 October and that the resignation will be announced on 20 October.,One re‘- port states that a decision to resign was actually reached by the government on 18 October and that the resignation will be announced on 20 October.,PASS,0.928571,0.962963,0.945455,PASS,1644,0.811051,0.0847,1.0,28,28,R2
CIA-RDP79T00975A004000330001-0:8.0.0,partial_A,final_0654_c658568924,ASSIGNED_FULL,later_pdf_word_coordinates,False,"Cuban rebel pilots at Ixtepec in southern Mexico are readying at least one bomber and possibly other planes for action in the near future. They may, as was reported in July, plan to bomb the presidential palace in Havana, but the supplying of men and equipment to rebel forces seems more likely.","Lluban rebel pilots a epec in southern Mexico are readying at least one bomber and possibly other planes for action in the near future. They may, as was reported in July, plan to bomb the presidential palace in Havana, but the supplying of men and equipment to rebel forces seems more likely.",PASS,0.942308,0.942308,0.942308,PASS,1750,0.822755,0.07606,1.0,52,52,R1
CIA-RDP79T00975A004000370001-6:7.0.0,partial_C,final_0655_c29a0c83b7,ASSIGNED_FULL,later_pdf_word_coordinates,False,The order stated that these are independent countries whose armed forces now are staffed by reliable,The order stated that these are independent countries whose armed forces now are staffed by reliable,PASS,1.0,1.0,1.0,PASS,1937,0.839255,0.081361,1.0,16,16,R1
CIA-RDP79T00975A004200020001-2:11.0.0,headline,final_0658_ec93106279,ASSIGNED_FULL,later_pdf_word_coordinates,False,"El-Fassi is reported to have included several left-wing leaders in his proposed cabinet without clearing the list with the present moderate premier, Ahmed Balafrej, who thereupon refused to participate in the El-Fassi government. As a result, El-Fassi is reported to be aligning himself with the left wing, and the party may eventually split into two or more political organizations.","El- Fassi is reported to have included several left-wing leaders in his proposed cabinet without clearing the list with the present moderate premier, Ahmed Balafrej, who thereupon refused to participate in the El-Fassi government, As a result, El-Fassi is reported to be aligning himself with the left wing,and the party may eventually split into two or more political organizations,",PASS,1.0,1.0,1.0,PASS,1477,0.72473,0.079627,1.0,59,59,R1
CIA-RDP79T00975A004200020001-2:11.1.0,headline,final_0658_ec93106279,ASSIGNED_FULL,later_pdf_word_coordinates,False,"who has maneuvered behind the scenes in an effort to create a political party in competition with Istiqlal,","who has maneuvered behind the scenes in an effort to create a political party in competition with Istiqlal,",PASS,1.0,1.0,1.0,PASS,1477,0.72473,0.079627,1.0,18,18,R2
CIA-RDP79T00975A004200020001-2:14.1.0,partial_B,final_0659_573ba6e87c,ASSIGNED_FULL,later_pdf_word_coordinates,False,"asserted that, beginning in January, they intend to place more personnel in key executive, legislative, and diplomatic posts, including all ambassadorships in Southeast Asia.","asserted that, beginning in January, they intend to place more personnel in key executive, legislative, and diplomatic posts, including all ambassadorships in Southeast Asia.",PASS,1.0,1.0,1.0,PASS,1711,0.804419,0.076701,1.0,24,24,R3
CIA-RDP79T00975A004200020001-2:6.0.0,partial_A,final_0656_2148e7843c,ASSIGNED_FULL,later_pdf_word_coordinates,False,Army chief Nasution is pressing Sukarno to support the extension of martial law and to approve recommended changes expanding the army's role in the cabinet and diplomatic fields.,"Army chief Nasution is pressing Sukarno to support the extension g"" of martial law and to ap- prove recom me nded chan e s e xp a n di. ng th e armys ro le in",PASS,0.472222,0.586207,0.523077,PASS,1790,0.847939,0.091434,1.0,36,36,R1
CIA-RDP79T00975A004200020001-2:7.0.0,headline,final_0657_f869024f3c,ASSIGNED_FULL,later_pdf_word_coordinates,False,"In recent talks with Chairman Ollenhauer of the Social Democratic party and Erich Mende of the Free Democrats, Soviet Ambassador Smirnov tried to convey an impression of Soviet flexibility, hinting that the recent notes on Berlin would not be Moscow's last word if Western counterproposals offered a basis for relaxing tensions in Europe.","In recent talks with Chairman Ollenhauer of the Social Democratic party and Erich Mende of the Free Dem- ocrats, Soviet Ambassador Smirnov tried. to convey an impres- sion of Soviet flexibility, hinting that the recent notes on Ber- lin would not be Moscow's last word if Western counterproposals offered a basis for relaxing tensions in Europe.",PASS,0.894737,0.944444,0.918919,PASS,1394,0.726042,0.073184,1.0,56,56,R1
CIA-RDP79T00975A004200040001-0:10.0.0,headline,final_0660_85bb35842f,ASSIGNED_FULL,later_pdf_word_coordinates,False,by British naval units at Malta.,by British naval units at Malta.,PASS,1.0,1.0,1.0,PASS,2084,0.852352,0.078802,1.0,6,6,R1
CIA-RDP79T00975A004200050001-9:11.0.0,headline,final_0662_4eb9720170,ASSIGNED_FULL,later_pdf_word_coordinates,False,"One of those arrested furnished the information upon which the Glezos arrest was made. News of these arrests, which actually took place in October and early November, had been suppressed pending the outcome of the Cyprus debate in the United Nations.","One of those arrested furnished the information upon which the Glezos arrest was‘ made. News of these arrests, which actually took place in October and early November, had been suppressed pending the outcome of the Cyprus debate in the United Nations.",PASS,1.0,1.0,1.0,PASS,1787,0.825786,0.088638,1.0,41,41,R2
CIA-RDP79T00975A004200050001-9:4.1.0,headline,final_0661_60df4532c8,ASSIGNED_FULL,later_pdf_word_coordinates,False,-the arrests actually having taken place more than a month ago--,the arrests ac tually having taken place more than a month ago--indicates,PASS,0.769231,0.909091,0.833333,PASS,777,0.579418,0.089199,0.916667,11,12,R2
CIA-RDP79T00975A004200080001-6:5.0.0,partial_C,final_0663_9e1b37949e,TARGET_LOCALIZATION_UNCERTAIN,later_pdf_word_coordinates,False,"However, plotting at this time is not believed to be in an advanced stage",effective political machine Ia he is believed to retain the backin g,PARTIAL_OCR_MATCH,0.25,0.214286,0.230769,PASS,1739,0.837669,0.099596,0.0,0,12,
CIA-RDP79T00975A004200090001-5:6.0.0,box_hid_more,final_0664_11f173f28c,ASSIGNED_FULL,later_pdf_word_coordinates,False,"Newspaper and political circles in Bonn claim such stories have been emanating from the Soviet Embassy recently, and Mayor Brandt asserts that he heard similar reports from friends in the Scandinavian diplomatic services who were in contact with Soviet and bloc diplomats.","Newspaper and political circles in Bonn claim such stories have been emanating from the Soviet Em- bassy recently, and Mayor Brandt asserts that he heard similar re- ports from friends in the Scandinavian diplomatic services who; were i in contact with Soviet and bloc diplomats.",PASS,0.888889,0.952381,0.91954,PASS,1490,0.777662,0.074291,1.0,45,45,R1
CIA-RDP79T00975A004200090001-5:6.0.1,partial_A,final_0664_11f173f28c,ASSIGNED_FULL,later_pdf_word_coordinates,False,"Moscow has also been probing for Western reactions to its proposals on Berlin. Most recently, a TASS official in Bonn tried to elicit indications of Western plans from an American correspondent. He asserted that future Soviet steps would be determined by the nature of the Western reaction and hinted that the 27 November note was intended to raise issues far broader than the Berlin question.","Moscow has also been probing for Western reactions to its pro- posals on Berlin. Most recently, a TASS official in Bonn tried to elicit indications of Western plans from an American correspondent. He asserted that future Soviet steps would be determined by the na- ture of the Western reaction and hinted that the 27 November note was intended to raise issues far broader than the Berlin question.",PASS,0.940299,0.969231,0.954545,PASS,1490,0.777662,0.074291,1.0,67,67,R1
CIA-RDP79T00975A004200100001-3:10.0.0,partial_A,final_0666_3acdf86e51,ASSIGNED_FULL,later_pdf_word_coordinates,False,"The American Embassy doubts that the President appreciates the seriousness of the situation. By 11 December, three days after being handed the military ultimatum, he had not yet approached either opposition party about participating in the government.","The American Embassy doubts that the President appre- ciates the seriousness of the situation. By 11 December, three days after being handed the military ultimatum, he had not yet approached either 0 osition party about participat- fihg in the government.",PASS,0.85,0.918919,0.883117,PASS,1887,0.842035,0.08393,1.0,40,40,R1
CIA-RDP79T00975A004200100001-3:11.1.0,partial_A,final_0667_56b9dd570e,ASSIGNED_FULL,later_pdf_word_coordinates,False,"It has been reported, meanwhile, that a special Czech trade mission may visit Brazil in January to discuss a five-year $400,000,000 barter deal involving a variety of industrial installations for Brazil's economic development program and an undetermined number of small aircraft, possibly Super Aero-45s of the type sold to Argentina in 1956.","It has been reported, meanwhile, that a special Czech trade mission may visit Brazil in January to discuss. a five- year $400,000,000 barter deal involving a variety of industrial installations for Brazil's economic development program and an undetermined number of small aircraft, possibly Super Aero-45s of the type sold to Argentina in 1956.",PASS,1.0,1.0,1.0,PASS,1571,0.762992,0.082841,1.0,53,53,R2
CIA-RDP79T00975A004200100001-3:7.0.0,headline,final_0665_5aae41ffeb,ASSIGNED_FULL,later_pdf_word_coordinates,False,as they already have close working relations with the Israelis in military and intelligence matters.,as they already have close working relations with the Israelis in military and in- telligence matters.,PASS,0.875,0.933333,0.903226,PASS,2059,0.855422,0.090163,1.0,16,16,R2
CIA-RDP79T00975A004200130001-0:8.0.0,headline,final_0668_7310ecba27,ASSIGNED_FULL,later_pdf_word_coordinates,False,"He has been asked by anti-Communist elements in Iraq to refrain from an overt attack on the Qasim regime pending the outcome of an army-supported coup attempt in Baghdad, of which he was reportedly advised by Iraqi Ambassador Sammarai on 11 December.","He has been asked by anti-Communist elements in Iraq to refrain from an overt attack on the Qasim regime pending the outcome of an army-supported coup at- tempt in Baghdad, of which he was reportedly advised by Iraqi Ambassador Sammarai on 11 December.",PASS,0.955556,0.977273,0.966292,PASS,2082,0.839516,0.075095,1.0,43,43,R2
CIA-RDP79T00975A004200140001-9:11.0.0,headline,final_0669_db8e443767,ASSIGNED_FULL,later_pdf_word_coordinates,False,Shia Moslem tribesmen employed in coastal areas left abruptly for the Biqa around 12 December on the orders of their leader. This move may be connected with the prevailing Shia-Sunni tension and could lead to further clashes.,Shia Moslem tribesmen employed in coastal areas left abruptly for the Biqa around 12 December on the orders of their leader. This move may be connected with the prevailing Shia-Sunni tension and could lead to further clashes.,PASS,1.0,1.0,1.0,PASS,2015,0.838535,0.07893,1.0,37,37,R2
CIA-RDP79T00975A004200150001-8:13.0.0,headline,final_0670_4502898ced,ASSIGNED_FULL,later_pdf_word_coordinates,False,Secret police are keeping Iraqis in Iran under surveillance and may soon arrest some of their Iranian contacts.,Secret police are keeping Iraqis in Iran under surveil- lance and may soon arrest some of their Iranian contacts.,PASS,0.894737,0.944444,0.918919,PASS,1754,0.810162,0.091139,1.0,19,19,R2
CIA-RDP79T00975A004200160001-7:14.0.0,partial_A,final_0672_18061f5c97,ASSIGNED_FULL,later_pdf_word_coordinates,False,ENI contracted for the crude because it was quoted a price lower than the standard offering.,ENI contracted for the cru e because it was quoted a price lower than the standard offering.,PASS,0.882353,0.9375,0.909091,PASS,2201,0.845888,0.073951,1.0,17,17,R1
CIA-RDP79T00975A004200160001-7:15.0.0,headline,final_0673_4436c54592,ASSIGNED_FULL,later_pdf_word_coordinates,False,"However, forthcoming moves by Britain in implementation of its interim ""partnership"" plan for Cyprus, including publication of a commission report recommending that the Turks be granted their own municipal council in five major cities, will probably spark a serious outbreak of violence.","However, forthcoming moves by Britain in implementa- tion of its interim ""partnership"" plan for Cyprus, including publication of a commission report recomm end.ing that the Turks be granted their own municipal council in five major citiess, will probably spark a serious outbreak of violence.",PASS,0.866667,0.928571,0.896552,PASS,1949,0.829362,0.074152,1.0,44,44,R1
CIA-RDP79T00975A004200160001-7:6.0.1,partial_B,final_0671_de2d4dec2c,ASSIGNED_FULL,later_pdf_word_coordinates,False,"to have been impressed by Chen Yi's ""defensive"" attitude in his 16 December briefing. Chen denied that Mao's decision was impelled by the failure of any of Mao's policies, or by any kind of dissatisfaction with Mao on the part of other party leaders. Chen noted that Mao had mentioned to several visitors his interest in resigning, and that Khrushchev had approved.","in Peiping to have been impressed by Chen Yi's ""defensive"" attitude in his 16 December briefing, Chen denied that Mao's decision was impelled by the failure of any of Mao's policies, or by any kind of dissatisfaction with Mao on the part of other par- ty leaders. Chen noted that Mao had mentioned to several visitors his interest in resigning, and that Khrushchev had approved.",PASS,0.941176,0.984615,0.962406,PASS,1156,0.645089,0.082312,1.0,65,65,R1
CIA-RDP79T00975A004200160001-7:6.0.2,box_hid_more,final_0671_de2d4dec2c,ASSIGNED_FULL,later_pdf_word_coordinates,False,"The ambassador is reported to have heard ""rumblings of dissatisfaction"" with Mao. He also cited a rumor that Chou En-lai might resign as premier, on the ground that he had been criticized in some party quarters as a ""rightist"" and for being shielded by Mao. The ambassador forecast that Liu Shao-chi would succeed Mao as government chairman.","The ambassador is reported to have heard ""rumblings of dissatisfaction"" with Mao, He also cited a rumor that Chou En-lai might resign as premier, on the -ground that he had been criticized in some party quarters as a ""rightist"" and for being shielded by Mao, The ambassador forecast that Liu Shao-chi would succeed Mao as government chair- man.",PASS,0.966667,0.983051,0.97479,PASS,1156,0.645089,0.082312,1.0,58,58,R1
CIA-RDP79T00975A004200160001-7:6.0.3,box_hid_more,final_0671_de2d4dec2c,ASSIGNED_FULL,later_pdf_word_coordinates,False,"Although Chen Yi's briefing, like the central committee communiqué the following day, was defensive in tone, his account of Mao's personal position seems essentially accurate.","Although Chen Yi's briefing, like the central committee communique the following day, was defensive in tone, his ac- count of Mao's personal position seems essentially accurate.",PASS,0.928571,0.962963,0.945455,PASS,1156,0.645089,0.082312,1.0,26,26,R1
CIA-RDP79T00975A004200210001-1:15.0.0,headline,final_0675_1e9371f6a1,ASSIGNED_FULL,later_pdf_word_coordinates,False,"On the same day, a priest just returned from rebel territory is reported to have given Cantillo a letter from rebel leader Fidel Castro requesting him to surrender the city and offering honorable terms.","On the same day, a priest just returned from rebel ter- ritory is reported to have given Cantillo a letter from reb- el leader Fidel Castro requesting him to surrender the city and offering honorable terms.",PASS,0.888889,0.941176,0.914286,PASS,2002,0.836957,0.084875,1.0,36,36,R2
CIA-RDP79T00975A004200210001-1:17.0.1,partial_B,final_0676_97d380379e,ASSIGNED_FULL,later_pdf_word_coordinates,False,"to have promised Jonsson their support on a number of immediate measures for combating inflation. This reported agreement also includes an understanding to revise the electoral law, which now favors the largely rural Progressive party.","to have promised Jonsson their sup- port on a number of immediate measures for combatting in- flation. This reported agreement also includes an under- standing to revise the electoral law, which now favors the largely rural Progressive party.",PASS,0.815789,0.885714,0.849315,PASS,1878,0.841398,0.079171,1.0,38,38,R2
CIA-RDP79T00975A004200210001-1:6.0.0,headline,final_0674_c8636f3324,ASSIGNED_FULL,later_pdf_word_coordinates,False,"The new government is said to have an agreement with the Conservatives on immediate anti-inflation measures, but may encounter serious difficulties in making these measures effective because of opposition from the","The new government is said to have an agree- ment with the Conservatives on immediate anti-inflation measures, but may encounter serious difficulties in mak- [L ing these measures effective because of opposition from the",PASS,0.857143,0.9375,0.895522,PASS,1643,0.810158,0.082319,0.970588,33,34,R3
CIA-RDP79T00975A004200260001-6:16.0.1,partial_B,final_0677_bb74db2441,ASSIGNED_FULL,later_pdf_word_coordinates,False,"calls for armed groups to cross from Argentina, a revolt by some military units controlled by junior officers favoring Mendez Fleitas, the assassination of Stroessner, and a popular uprising in Asuncion with strong student participation. The government, aware of the plot, has taken strong security precautions. An invasion attempt last October was discovered and prevented by Argentine police.","\calls for armed groups to cross from Argentina, a revolt by some mili- tary units controlled by junior officers favoring Mendez Fleitas, the assassination of Stroessner, and a popular uprising in Asuncion with strong student participation. The government, aware of the plot, has taken strong security precautions. An invasion attempt last October was discovered and prevented by Argentine police.",PASS,0.966102,0.982759,0.974359,PASS,1684,0.783256,0.091537,1.0,59,59,R2
CIA-RDP79T00975A004200270001-5:5.0.0,headline,final_0678_b3985758c6,ASSIGNED_FULL,later_pdf_word_coordinates,False,"The King, however, appears to have been fully aware of Lyoussi's complicity in the affair and, moreover, to have deliberately permitted him to leave Rabat following his resignation and to take refuge among his tribal followers in the Middle Atlas region. This action, coupled with the King's apparent protection of two other anti-Istiqlal leaders implicated in the present Berber dissidence, may hasten a reckoning between Mohamed V and republic-minded Istiqlal extremists.","The King, however, appears to have been fully aware of Lyoussis complicity in the affair and, moreover, to have deliberately permitted him to leave Rabat following his resignation and to take refuge among his tribal followers in the Middle Atlas region. This action, coupled with the King's apparent protection of two other anti-Istiqlal leaders implicated in the present Berber dissidence, may hasten a reckoning between Mohamed V and republic-minded Istiqlal emremistfg",PASS,0.972973,0.96,0.966443,PASS,1724,0.830443,0.080817,1.0,71,71,R4
CIA-RDP79T00975A004200290001-3:3.0.0,headline,final_0679_335e92da1b,ASSIGNED_FULL,later_pdf_word_coordinates,False,"$170,000,000 arms","170,000,-",PARTIAL_OCR_MATCH,1.0,0.5,0.666667,PASS,908,0.555012,0.10126,1.0,1,1,R1
CIA-RDP79T00975A004200300001-1:11.0.0,partial_C,final_0683_4d49c962fd,ASSIGNED_FULL,later_pdf_word_coordinates,False,The PSP is also represented on a self-constituted employee committee whose actions,The PSP is also represented on a self-constituted employee,PASS,1.0,0.769231,0.869565,PASS,1754,0.819243,0.078001,1.0,9,9,R2
CIA-RDP79T00975A004200300001-1:3.0.0,partial_D,final_0680_bad9ae4c77,ASSIGNED_FULL,later_pdf_word_coordinates,False,"* Taiwan Strait: The Chinese Communist shelling of the Chinmen Islands on 7 January, reported by the Nationalists, at about 33,000 rounds, is the heaviest since 3 November. The pretext for this bombardment is the alleged damage to the nursery of a peoples' commune near Amoy by Nationalist shelling on 3 January.",Taiwan Strait: The Chinese Communist shelling of the UL‘ Chinmen T Islands on 7 Januaryﬂeportetd by the Ivlationalis-ts_. at about j 33 000 roun ds 1s th e h eavie st si nce 3 November. The pretext for this bombardment is the alleged damage to the nurser y of a peop 1es' commune near A mo _by National ist shelling on 3 January.,PASS,0.625,0.769231,0.689655,PASS,1310,0.714286,0.084073,1.0,63,63,R1
CIA-RDP79T00975A004200300001-1:7.1.0,partial_A,final_0681_9db92073ef,ASSIGNED_FULL,later_pdf_word_coordinates,False,"Nasir intends to follow up with a general purge of the press and a cleanup of the Egyptian State Broadcasting System and department of information. The arrests have not been publicized in the UAR, allegedly in order to avoid forewarning the Communists of the government's intentions. However, the regime has nearly always been reluctant to give local publicity to the existence of any organized opposition.","Nasir""iT1tends'to follow up with a general purge of the press. and a cleanup of the Egyptian State Broadcasting System and depart» ment of information. The arrests have not been publicized in the UAR, allegedly in order to avoid forewarning the Commu-= nists of the government's intentions. However, the regime has nearly always been reluctant to give local publicity to the exist- ence of any organized opposition?‘",PASS,0.898551,0.939394,0.918519,PASS,1696,0.783734,0.083426,1.0,66,66,R4
CIA-RDP79T00975A004200300001-1:8.1.0,partial_A,final_0682_e2add6b9fb,ASSIGNED_FULL,later_pdf_word_coordinates,False,"The firm policy of Pakistan's military regime toward its Pathan, or Pushtoon, tribes may also heighten Afghan fears that Karachi intends to incite the tribes living in Afghanistan to revolt against Kabul.","The firm policy of Pakistan's military regime toward its Pathan, or Push- toon, tribes may also heighten Afghan fears that Karachi intends/ ving in Afghanistan to revolt against Kabul",PASS,0.9,0.818182,0.857143,PASS,1049,0.609884,0.08339,1.0,29,29,R4
CIA-RDP79T00975A004200320001-9:8.0.1,partial_B,final_0684_8c0070fd66,ASSIGNED_FULL,later_pdf_word_coordinates,False,", would be permitted to station military forces in Berlin after all Allied military and civilian personnel had been withdrawn and Western and Soviet forces in both German states had been reduced. Reports of this nature probably are designed to strengthen West German dissatisfaction with Adenauer's opposition to any negotiations or arrangements which would imply recognition of the East German regime, but undoubtedly do not reflect serious Soviet policy intentions.","would be permitted to station military forces 1'n Ber in a ter all Allied. military and civilian personnel had been withdrawn and Western and Soviet forces in both German states had been reduced. Reports of this nature probably are designed to strengthen West German dissatisfaction with Adenauer's opposition to any negotiations or arrangements which would imply recognition of the East German regime, but undoubtedly do not reflect serious Soviet policy intention_s_.j",PASS,0.893333,0.957143,0.924138,PASS,1106,0.612742,0.092754,1.0,71,71,R2
CIA-RDP79T00975A004200320001-9:8.1.1,partial_B,final_0684_8c0070fd66,ASSIGNED_FULL,later_pdf_word_coordinates,False,that the six-month time limit was proposed because without such a limit no progress in negotiations was in sight.,that the six-month time limit was proposed because without such a limit no progress in negotiations was in sight.,PASS,1.0,1.0,1.0,PASS,1106,0.612742,0.092754,1.0,19,19,R3
CIA-RDP79T00975A004200340001-7:10.0.0,headline,final_0685_c99644537f,ASSIGNED_FULL,later_pdf_word_coordinates,False,"An influential member of the cabinet has indicated that the government's policy is to rely on either the World Bank or the United States for external financial assistance for a development program. However,",An influential member of the cabinet has indicated that the government's policy is to rely on either the World Bank or the United States for ex- ternal financial assistance for a development program. Howeer v,PASS,0.888889,0.941176,0.914286,PASS,908,0.666178,0.125129,1.0,35,35,R1
CIA-RDP79T00975A004200350001-6:10.0.1,partial_B,final_0686_b23d0d7de9,ASSIGNED_FULL,later_pdf_word_coordinates,False,"reported to have stressed to top government and military leaders on 7 January the importance of Algeria and the Sahara to NATO and the ""inadequacy"" of present NATO naval command arrangements for north-south communications between France and Africa.","to. have stressed to top government and military leaders on 7 January the im- portance of Algeria and the Sahara to NATO and the ""inade- quacy"" of present NATO naval command arrangements for north-south communications between France and Africa.",PASS,0.9,0.923077,0.911392,PASS,1949,0.831485,0.080515,1.0,39,39,R2
CIA-RDP79T00975A004300030001-0:6.0.0,headline,final_0687_682050e355,ASSIGNED_FULL,later_pdf_word_coordinates,False,"While Fujiyama did not suggest specific changes, presumably they involve those provisions which, in effect, give the US extraterritorial rights in Japan. These provisions cover criminal jurisdiction, control over US bases and their access, air traffic controls, and importation by the US of equipment and materiel, including nuclear weapons.","[\ly_hile Fujiyama did not suggest specific changes, presum- ably they involve those provisions which, in effect, give the US extraterritorial rights in Japan. These provisions cover crim- inal jurisdiction, control over US bases and their access? air traffic controls, and importation by the US of equipment and materiel, including nuclear weapons;",PASS,0.884615,0.938776,0.910891,PASS,2965,0.89903,0.081617,1.0,51,51,R2
CIA-RDP79T00975A004300060001-7:7.0.0,headline,final_0688_ce7a1b02bc,ASSIGNED_FULL,later_pdf_word_coordinates,False,"egged on by agents of the Syrian Deuxieme Bureau,","egged on by agents of the Syrian Deuxieme Bureau,",PASS,1.0,1.0,1.0,PASS,3722,0.928874,0.051649,1.0,9,9,R2
CIA-RDP79T00975A004300070001-6:15.0.0,partial_C,final_0690_1da05c8b7e,ASSIGNED_FULL,later_pdf_word_coordinates,False,"De Gaulle's recent adoption of high-pressure tactics toward his allies, particularly his demand for backing in North Africa, may stem partly from the lack of results thus far from numerous reported secret French contacts with the rebels. Such contacts have been frequently reported and,","Gau1le's recent adoption of high-pressure tactics toward his allies, particularly his demand for backing in North Africa, may stem partly from the lack of results thus far from numer- ous reported secret French contacts with the rebels. Such con- tacts have been frequently reported and,\",PASS,0.893617,0.913043,0.903226,PASS,2845,0.873503,0.081495,1.0,45,45,R2
CIA-RDP79T00975A004300070001-6:7.0.0,partial_B,final_0689_05f0dd2d41,ASSIGNED_FULL,later_pdf_word_coordinates,False,"the Soviet leaders during the talks with Macmillan appeared determined to proceed with a separate peace treaty which they insisted would end all Allied rights in Berlin. They went out of their way to make clear that, except for minor details on timing, their intentions regarding Berlin were fixed.","the S(4>v“1'et leaders during the talks with Macmillan appeared de- termined to proceed with a separate peace treaty which they in— sisted would end all Allied rights in Berlin. They went out of their way to make clear that, except for minor details on tim- in their intentions regarding Berlin were fixed‘,",PASS,0.818182,0.918367,0.865385,PASS,2104,0.825422,0.091768,1.0,52,52,R3
CIA-RDP79T00975A004300070001-6:7.0.1,partial_B,final_0689_05f0dd2d41,ASSIGNED_FULL,later_pdf_word_coordinates,False,the Russians desire summit talks in order to avoid an international crisis and prefer to carry out the transfer of controls quietly and with Western consent.,Russians desire summit talks in order to avoid an ﬁfths international crisis andipprefer to carry out the transfer of con-- trols quietly and with Western consent),PASS,0.846154,0.846154,0.846154,PASS,2104,0.825422,0.091768,1.0,26,26,R3
CIA-RDP79T00975A004300110001-1:10.1.0,headline,final_0693_f91207b677,ASSIGNED_FULL,later_pdf_word_coordinates,False,"in ""full vigor."" The Chief of the Greek General Staff, has counseled Karamanlis against such an approach to Tito, in the belief that the military relations between the two countries should not be stressed now and that a gradual evolution beginning in economic and cultural spheres would be more fruitful.","in ""full vigor."" The Chief of the Greek General Staff, has counseled Karamanlis against such an approach to Tito, in the belief that the military relations between the two countries should not be stressed now and that a gradual evolution beginning in economic and cultural spheres would be more fruitful]",PASS,1.0,1.0,1.0,PASS,2103,0.832212,0.102154,1.0,50,50,R2
CIA-RDP79T00975A004300110001-1:3.0.0,headline,final_0691_112a5f48dd,ASSIGNED_FULL,later_pdf_word_coordinates,False,"who has been used in the past to plant information,",who has been used in the past to,PASS,1.0,0.8,0.888889,PASS,1955,0.815263,0.097455,1.0,8,8,R1
CIA-RDP79T00975A004300110001-1:6.0.0,headline,final_0692_f8c16f5a94,ASSIGNED_FULL,later_pdf_word_coordinates,False,"an official who is sometimes used to plant information,","an official who is some- times used to plant information,",PASS,0.8,0.888889,0.842105,PASS,2420,0.848527,0.103634,1.0,10,10,R1
CIA-RDP79T00975A004300140001-8:11.0.0,headline,final_0694_e705c8f612,ASSIGNED_FULL,later_pdf_word_coordinates,False,"An SPA party functionary recently told a US official that the party does not intend to set up branch organizations, but only working committees in districts in which it intends to compete.","An SPA party functionary recently told a US official that the party d.oes not intend to set up branch organizations, but only working committees in districts in which it intends to compete.",PASS,0.939394,0.96875,0.953846,PASS,3657,0.917922,0.054199,1.0,32,32,R1
CIA-RDP79T00975A004300160001-6:11.0.0,headline,final_0695_7cb81097de,ASSIGNED_FULL,later_pdf_word_coordinates,False,"Torres is reported to have demanded as his price for cooperation with the right wing a free hand in northern Morocco, early convocation of the postponed Istiqlal party congress, and adoption of a positive program. Should these conditions not be met, he probably would reconstitute the Islah party, which would further fragmentize Istiqlal and encourage a multiplicity of parties.","Torres is reported to have demanded as his price for cooperation with the right wing a free hand in northern Morocco, early convocation of the postponed Istiqlal party congress, and adoption of 'a pos- itive program, Should these conditions not be met, he probably would. reconstitute the Islah party, which would further fragmen- tize Istiqlal and encourage a multiplicity of parties.",PASS,0.934426,0.966102,0.95,PASS,3365,0.919399,0.050041,1.0,61,61,R2
CIA-RDP79T00975A004300180001-4:10.1.0,partial_A,final_0698_6e959afb60,ASSIGNED_FULL,later_pdf_word_coordinates,False,"If the bloc accepts the Katz-Suchy recommendation, Poland, as the bloc member most likely to be acceptable to the Indian Government, may be designated as the bloc agent to aid Kerala.","If the bloc ac- cepts the Katz-Suchy recommendation, Poland, as the bloc mem- ber most likely to be acceptable to the Indian Government, may be designated as the bloc agent to aid Keralaj",PASS,0.852941,0.90625,0.878788,PASS,2536,0.856178,0.061069,1.0,33,33,R2
CIA-RDP79T00975A004300180001-4:11.0.0,headline,final_0699_751d874b48,ASSIGNED_FULL,later_pdf_word_coordinates,False,"There are reports, however, that certain groups may seize the opportunity to create unrest elsewhere in the island and to extend the length of the strike.","There are reports, however, that certain groups may seize the opportunity to create unrest elsewhere in the island and to extend the length of the strike.",PASS,1.0,1.0,1.0,PASS,3508,0.921218,0.056983,1.0,26,26,R2
CIA-RDP79T00975A004300180001-4:4.0.0,partial_B,final_0696_db0be34a57,ASSIGNED_FULL,later_pdf_word_coordinates,False,"army chief Nasution recently stated in effect that the army, in order to promote its role as a buffer between extremists of both left and right, must risk criticism as an ""American pawn.""","‘arm y c hief N as ut' ion recently mostﬁ stated in eﬁ'ecFthaFfhe army, in order to promote its role as a buffer between extremists of both left and right. must risk criticism as an Amei ican pawn '5“",PASS,0.65,0.787879,0.712329,PASS,2066,0.822452,0.055521,1.0,39,39,R3
CIA-RDP79T00975A004300180001-4:9.0.0,partial_A,final_0697_4731e8296c,ASSIGNED_FULL,later_pdf_word_coordinates,False,Key military leaders reportedly discussed Phoui's maneuvering on 18 February and agreed that the army would launch a coup if Phoui attempted to include discredited former ministers in the cabinet.,(Key military leaders reportedly discussed Phoui's maneu— vering on 18 February and agreed. that the army would launch a coup if Phoui attempted to include discredited former min- isters in the cabinet},PASS,0.878788,0.935484,0.90625,PASS,3540,0.914965,0.057466,1.0,32,32,R2
CIA-RDP79T00975A004300190001-3:5.0.0,headline,final_0700_5acc808659,ASSIGNED_FULL,later_pdf_word_coordinates,False,Plotting against Ydigoras has recently increased.,Plotting against Ydigoras has recently increased.,PASS,1.0,1.0,1.0,PASS,3422,0.915708,0.062027,1.0,6,6,R1
CIA-RDP79T00975A004300190001-3:9.0.0,headline,final_0701_3e890cabeb,ASSIGNED_FULL,later_pdf_word_coordinates,False,"The extreme venality among President Ydigoras' closest advisers, including members of his family, is receiving increasing public attention.","The extreme venality among Presid.ent Ydigoras’ closest advisers including members of his family, is receiving increasing public attention.",PASS,0.894737,0.944444,0.918919,PASS,2938,0.872069,0.055082,1.0,18,18,R2
CIA-RDP79T00975A004300190001-3:9.1.0,headline,final_0701_3e890cabeb,ASSIGNED_FULL,later_pdf_word_coordinates,False,Plotting to oust him is increasing among several groups ranging from the extreme right to the moderate left and now appears more widespread than at any time since he assumed office last March.,Plotting to oust him is increasing among several groups ranging from the extreme right to the moderate left and now ap- pears more widespread than at any time since he assumed office last March],PASS,0.941176,0.969697,0.955224,PASS,2938,0.872069,0.055082,1.0,34,34,R3
CIA-RDP79T00975A004300200001-1:10.0.1,partial_B,final_0703_3c4a9ed8f1,ASSIGNED_FULL,later_pdf_word_coordinates,False,"hopes De Gaulle will invite him to stop in Paris on his return from Madagascar. Such an invitation, in the King's view, would provide an excellent opportunity for the two leaders, together with President Bourguiba of Tunisia who has publicly expressed a wish for consultations with De Gaulle, to discuss a solution of the Algerian rebellion.","‘hopes De Gaulle wil invite him to stop in Paris on his return from Madagascar. Such an invitation, in the King's view, would pro- vide an excellent opportunity for the two leaders, together with President Bourguiba of Tunisia who has publicly expressed a wish for consultations with De Gaulle, to discuss a solution of the Algerian rebellionll",PASS,0.931034,0.947368,0.93913,PASS,3345,0.893907,0.051837,1.0,57,57,R2
CIA-RDP79T00975A004300200001-1:9.0.0,headline,final_0702_ee1efc821a,ASSIGNED_FULL,later_pdf_word_coordinates,False,"Karamanlis recently stated that regardless of the results in London, Greece intends to maintain cordial relations with Turkey, will order the return of the Greek NATO contingent withdrawn from Izmir last June, and will announce withdrawal of further support for the Greek Cypriot cause.","Karamanlis recently stated that regardless of the results in London, Greece intends to maintain cordial rela- tions with Turkey, will order the return of the Greek NATO contin- gent, withdrawn from Izmir last June, and will announce withdrawal of further support for the Greek Cypriot cause}",PASS,0.913043,0.954545,0.933333,PASS,3624,0.936918,0.048357,1.0,46,46,R1
CIA-RDP79T00975A004300220001-9:7.2.1,partial_B,final_0704_48d6fbc1c0,ASSIGNED_FULL,later_pdf_word_coordinates,False,"delegation apparently learned nothing about the present state of the Soviet ICBM program, except that ICBMs were referred to in the present tense. It was stated that intermediate-range ballistic missiles now cover Western bases in Europe.","delegation apparently learned. nothing about the present ﬁnd: state of the Soviet ICBM program, except that ICBMS were referred to in the present tense. It was stated that inter- mediate-range ballistic missiles now cover Western bases in Europe.)",PASS,0.923077,0.972973,0.947368,PASS,3128,0.898592,0.053021,1.0,38,38,R5
CIA-RDP79T00975A004300220001-9:7.2.2,partial_A,final_0704_48d6fbc1c0,ASSIGNED_FULL,later_pdf_word_coordinates,False,"A tactical exercise observed by the Swedes was in line with known Soviet tactical nuclear warfare, including the assignment of nuclear weapons to ground division commanders.","tactical exercise observed by the Swedes was in line with known Soviet tactical nuclear warfare, including the t of nuclear weapons to ground division —S-EGR-E—T—",PASS,0.851852,0.884615,0.867925,PASS,3128,0.898592,0.053021,1.0,25,25,R5
CIA-RDP79T00975A004300230001-8:3.1.0,partial_A,final_0705_797093ba8e,ASSIGNED_FULL,later_pdf_word_coordinates,False,Chu's candidacy has been discussed by the local citizens' organizations which would normally prepare public opinion for the change.,\Chu's candidacy has been discussed by the local citizens‘ organizations which would normally prepare public opinion for the change.,PASS,1.0,1.0,1.0,PASS,1272,0.659067,0.090442,1.0,19,19,R2
CIA-RDP79T00975A004300230001-8:4.0.0,partial_A,final_0706_33619d7f1d,ASSIGNED_FULL,later_pdf_word_coordinates,False,"Chu Teh's candidacy for the chairmanship of the Chinese People's Republic was being discussed as early as mid-January by ""street committees""--the local citizens' organizations which would normally prepare public opinion for such changes.","Chu Teh candidacy for the chairmanship of the Chinese People's \Chu Teh's Republic was being discussed as early as mid-January by ""street com- mittees""--the local citizens’ organizations which would normally prepare public opinion for such changes.",PASS,0.875,0.945946,0.909091,PASS,2502,0.865744,0.07575,0.944444,34,36,R1
CIA-RDP79T00975A004300230001-8:5.0.0,partial_A,final_0707_6137e742bd,ASSIGNED_FULL,later_pdf_word_coordinates,False,Phoui is reported tired and discouraged and anxious to avoid decisive action.,Phoui is reported tired and discouraged and -anxious’ to- avoid decisive action.:g,PASS,0.923077,1.0,0.96,PASS,3795,0.935882,0.056995,1.0,12,12,R2
CIA-RDP79T00975A004300240001-7:7.1.0,headline,final_0708_8856940d76,ASSIGNED_FULL,later_pdf_word_coordinates,False,The counselor of the Soviet Embassy in Paris has expressed doubts that Britain would participate in any Western military action to maintain land access to Berlin.,The counselor of the Soviet Embassy in Paris has expressed doubts that Britain would par- ticipate in any Western military action to maintain land access to Berlin],PASS,0.925926,0.961538,0.943396,PASS,3668,0.93002,0.049048,1.0,27,27,R4
CIA-RDP79T00975A004300250001-6:10.0.0,partial_A,final_0710_8d45740c81,ASSIGNED_FULL,later_pdf_word_coordinates,False,"Paris reportedly intends to present this proposal initially to the United States and Britain, and then to the North Atlantic Council sometime after the 2-4 April meeting of NATO foreign ministers.","Paris reportedly intends to present this proposal initially to e United States and Britain, and then to the North Atlantic Council sometime after the 2-4 April meeting of NATO foreign ministers@",PASS,0.96875,0.96875,0.96875,PASS,2592,0.865154,0.071424,1.0,31,31,R2
CIA-RDP79T00975A004300250001-6:6.0.0,partial_A,final_0709_4913c5a9cf,ASSIGNED_FULL,later_pdf_word_coordinates,False,The Indian Government has cautioned him particularly against accepting projects which require the extended presence of Soviet technicians.,"lndian Governmenfhas cautioned him par 1cu arly against accepting Projects which require the extended pr e sence o fS ovie 't""tth'i""",PASS,0.391304,0.5,0.439024,PASS,2678,0.882082,0.080746,1.0,21,21,R1
CIA-RDP79T00975A004300260001-5:11.0.0,headline,final_0711_d77a8a7818,ASSIGNED_FULL,later_pdf_word_coordinates,False,Sources close to Betancourt are particularly concerned over the presence in Caracas of defeated presidential candidate Admiral Larrazabal and doubt that his backers--who include the Communists--have fully accepted his defeat.,Sources close to Betancourt are particularly concerned over the presence in Caracas of defeated presidential candidate Admiral Larrazabal and doubt that his backers--who include the Communists-- have fully accepted his defeat.,PASS,1.0,1.0,1.0,PASS,3363,0.905737,0.04972,1.0,31,31,R1
CIA-RDP79T00975A004300260001-5:11.1.0,headline,final_0711_d77a8a7818,ASSIGNED_FULL,later_pdf_word_coordinates,False,and are not known to be plotting against the inauguration of the new government.,and are not known to be plotting against the inauguration of the new government.,PASS,1.0,1.0,1.0,PASS,3363,0.905737,0.04972,1.0,14,14,R2
CIA-RDP79T00975A004300280001-3:5.0.0,headline,final_0712_a1477f28be,ASSIGNED_FULL,later_pdf_word_coordinates,False,"no longer in firm control of the government,","no longer in firm control of the gov- ernment,",PASS,0.777778,0.875,0.823529,PASS,3736,0.932834,0.058381,1.0,9,9,R1
CIA-RDP79T00975A004300290001-2:12.0.0,partial_B,final_0713_0a43cb602f,ASSIGNED_FULL,later_pdf_word_coordinates,False,"only Minister of Education Drimmel favored a ban on the festival when it was discussed at a cabinet meeting on 3 February, and further government consideration is unlikely.","lonly Minister of Education Drimmel favored a ban on the festival when it was discussed at a cabinet meeting on 3 February, and further government consideration is unlikely.",PASS,0.964286,0.964286,0.964286,PASS,2616,0.857705,0.073173,1.0,28,28,R1
CIA-RDP79T00975A004300300001-0:8.0.0,headline,final_0714_6e0e81a448,ASSIGNED_FULL,later_pdf_word_coordinates,False,by reducing allotments to the royal family,by reducing allotments to the royal family,PASS,1.0,1.0,1.0,PASS,3708,0.930957,0.049965,1.0,7,7,R2
CIA-RDP79T00975A004300310001-9:13.0.0,partial_B,final_0715_b96a2ee0d7,ASSIGNED_FULL,later_pdf_word_coordinates,False,"if URD-Communist riots during the inauguration period get out of control, the army may take over the government.","\if URD-Communist riots during the inauguration period get out of control, the army may take over the government.",PASS,1.0,1.0,1.0,PASS,3149,0.903328,0.068089,1.0,18,18,R1
CIA-RDP79T00975A004300330001-7:10.0.0,partial_A,final_0716_95cf5855df,ASSIGNED_FULL,later_pdf_word_coordinates,False,"In an audience given to British Minister of Defense Duncan Sandys on 1 February, the Shah gave the impression that he did not expect negotiations with the Soviet Union to be successful, but wished to retain temporarily the threat of agreement as a bargaining point with the West.","In an audience given to British Minister of Defense Duncan Sandys on 1 February, the Shah gave the impression that he did not expect negotiations with the Soviet Union to be successful, but wished. to retain temporarily the threat of agree- ment as a bargaining point with the Westi",PASS,0.938776,0.958333,0.948454,PASS,3534,0.921512,0.052246,1.0,49,49,R2
CIA-RDP79T00975A004300330001-7:15.0.0,headline,final_0717_efc0dfb1fa,ASSIGNED_FULL,later_pdf_word_coordinates,False,She lacks both the experience and the political leadership necessary for such a big job.,She lacks both the experience and the po- litical leadership necessary for such a big job.,PASS,0.875,0.933333,0.903226,PASS,3484,0.914196,0.054951,1.0,16,16,R1
CIA-RDP79T00975A004300340001-6:14.0.0,partial_B,final_0718_84915b0385,ASSIGNED_FULL,later_pdf_word_coordinates,False,"the security authorities are worried about how to handle demonstrations by Barcelona University students reportedly scheduled for early February. Failure to scotch them will encourage their spread, but forceful action may worsen the situation. The official adds that many of the police are trying to devise ways of avoiding rough tactics, since they do not want to be identified with the regime's strong-arm methods.","security authorities are worried abouFh0w to handle Zthe demonstrations by Barcelona University students reportedly sched- uled for early February. Failure to scotch them will encourage their spread, but forceful action may worsen the situation. The official adds that many of the police are trying to devise ways of avoiding rough tactics, since they do not want to be identified with the regime's strong-arm methodsl",PASS,0.924242,0.924242,0.924242,PASS,3134,0.905257,0.062281,1.0,64,64,R1
CIA-RDP79T00975A004300370001-3:6.0.0,headline,final_0719_ab08bdf08b,ASSIGNED_FULL,later_pdf_word_coordinates,False,"There are also reports of ""intensive"" telephone traffic between the Iranian Foreign Ministry and the Soviet Embassy in Tehran during the past few days, as well as of numerous meetings between Pegov and Iranian Ambassador-designate to Moscow Masud Ansuri.","There are also reports 0 ""intensive""Etelephone traffic between the Iranian Foreign biinistry and the Soviet Embassy in Tehran during the past f w days, as well as of numerous meetings between Pegov and Iranian Ambassador-designate to Moscow Masud Ansurg I-Embassador",PASS,0.813953,0.875,0.843373,PASS,2647,0.867016,0.07728,0.975,39,40,R2
CIA-RDP79T00975A004300390001-1:12.0.0,partial_A,final_0722_bfb81e2942,ASSIGNED_FULL,later_pdf_word_coordinates,False,"The Portuguese official insisted, however, that no open revolt of Angolan Africans was in sight.","The Por- tuguese official insisted, howevef. th8.LIl0 ooen revolt of Angolan Africans was in sight",PASS,0.625,0.666667,0.645161,PASS,1335,0.814024,0.075325,1.0,15,15,R2
CIA-RDP79T00975A004300390001-1:3.0.0,partial_A,final_0720_5c49bb8782,ASSIGNED_FULL,later_pdf_word_coordinates,False,"In Tehran, meanwhile, the Shah is reported to have instructed Foreign Minister Hekmat to prepare a draft Iranian-Soviet nonaggression pact for discussion with Soviet authorities.","In 4 Tehran, meanwhile, the Shah is reported to have instructed Foreign Minister Hekmat to prepare a draft Iranian-Soviet nonaggression..pact';for* discussion with Soviet authorities;",PASS,0.962963,1.0,0.981132,PASS,3564,0.923795,0.061235,0.958333,23,24,R3
CIA-RDP79T00975A004300390001-1:8.0.0,partial_A,final_0721_af10ae4458,ASSIGNED_FULL,later_pdf_word_coordinates,False,Reports continue to emanate from Tehran that Iran is seriously considering a nonaggression pact with the USSR.,Eieports continue to emanate from Tehran that Iran is seri- ously considering a nonaggression pact with the USSR.,PASS,0.833333,0.882353,0.857143,PASS,2194,0.811691,0.066887,1.0,18,18,R2
CIA-RDP79T00975A004300390001-1:8.0.1,partial_A,final_0721_af10ae4458,ASSIGNED_FULL,later_pdf_word_coordinates,False,Foreign Minister Hekmat has been instructed by the Shah to prepare a draft agreement to discuss with the USSR. Iran would not sign the bilateral defense agreement with the US until a decision is reached on such a Soviet-Iranian pact.,"‘Foreign Minister Hekmat has been instructed by the Shah to prepare a draft agreement to dis- cuss with the USSR. Iran would not sign the bilateral defense such-a"" ragreement with. the US until a decis.ion is reached on Soviet-Iranian",PASS,0.833333,0.853659,0.843373,PASS,2194,0.811691,0.066887,1.0,39,39,R2
CIA-RDP79T00975A004300410001-8:4.0.0,headline,final_0723_b7d4040748,ASSIGNED_FULL,later_pdf_word_coordinates,False,"who is reportedly being encouraged by Cairo to expand his contacts with certain of the satellites,","rt e dly b eing encourage d by C ai ro to expand his contacts with certain of the satellites,",PASS,0.5,0.625,0.555556,PASS,1006,0.595266,0.078147,1.0,20,20,R1
CIA-RDP79T00975A004300410001-8:8.0.1,partial_B,final_0724_74d39dbf0b,ASSIGNED_FULL,later_pdf_word_coordinates,False,encouraged by Nasir to establish diplomatic relations with certain satellite countries.,\enc0uragecYby Nasir to estaﬁlish di lo- matic relations with certain satellite countries‘.,PASS,0.583333,0.636364,0.608696,PASS,1360,0.85213,0.079521,1.0,12,12,R1
CIA-RDP79T00975A004300420001-7:10.1.0,headline,final_0726_fc45282ae8,ASSIGNED_FULL,later_pdf_word_coordinates,False,"They may, however, feel forced to move against Sarit in self-defense. Recently he is reported to have drawn up orders for the arrest of Thanom and Prapat, only to tear them up a few minutes later.","They may, however, feel forced to move against Sarit in self=-defense. Recently he is reported to have drawn up orders for the arrest of Thanom and Prapat, only to tear them up a few minutes later.",PASS,1.0,1.0,1.0,PASS,2501,0.841804,0.082211,1.0,36,36,R3
CIA-RDP79T00975A004300420001-7:11.0.0,partial_A,final_0727_e8b804a17d,ASSIGNED_FULL,later_pdf_word_coordinates,False,"Nasir told Fanfani he had no objection to a solution which would give Algeria membership in the French Community, a suggestion said to have been advanced in recent French soundings of rebel leaders.","asir told Fanfani he had no objection to a solution which would give Algeria membership in the French Community, a suggestion said to have been advanced in re- cent French soundings of rebel leaders.",PASS,0.911765,0.939394,0.925373,PASS,2942,0.887214,0.05805,1.0,34,34,R2
CIA-RDP79T00975A004300420001-7:7.0.0,partial_A,final_0725_22f4dfb7f1,ASSIGNED_FULL,later_pdf_word_coordinates,False,"Kissilev is also reported to have told Nasir aide Ali Sabry that the presence of an anti-Communist editor as one of two UAR newsmen attending the signing of the Aswan Dam agreement is a ""bad omen"" for the agreement.","Kissilev is also reported UAR,\ to have told Nasir aide Ali Sabry that the presence of an anti- Communist editor as one of two UAR newsmen attending the signing of the Aswan Dam agreement is a ""bad omen"" for the agreement?)",PASS,0.97561,1.0,0.987654,PASS,3455,0.921579,0.050688,0.97561,40,41,R4
CIA-RDP79T00975A004300430001-6:4.0.0,headline,final_0728_06dec4517e,ASSIGNED_FULL,later_pdf_word_coordinates,False,has halted the power struggle temporarily and,has halted the power struggle temporarily and,PASS,1.0,1.0,1.0,PASS,3644,0.934359,0.055113,1.0,7,7,R3
CIA-RDP79T00975A004300450001-4:6.0.0,partial_C,final_0729_c32e5a7251,ASSIGNED_FULL,later_pdf_word_coordinates,False,"In the past few days, Israeli officials in Paris are reported to have met with Iranian and Turkish officials and attempted to persuade them of this thesis. However, General Bakhtiar, chief of Iranian intelligence, contended that Nasr is a lesser threat to Iranian interests than a Communist-dominated regime in Iraq would be. The Israelis undoubtedly will reiterate their views on the Iraqi situation","past few days, Israeli officials in Paris are reported @the to have met with Iranian and Turkish officials and attempted to persuade them of this thesis‘, However, General Bakhtiar, chief of Iranian intelligence, contended that Nasir is a lesser threat to Iranian interests than a Communist-dominated regime in Iraq would be. 'I‘he.Israelis undoubtedly will reiterate their views on I the Iraqi situation\",PASS,0.9375,0.9375,0.9375,PASS,2536,0.859079,0.097476,1.0,62,62,R3
CIA-RDP79T00975A004300450001-4:9.0.0,partial_A,final_0730_fe23801f29,ASSIGNED_FULL,later_pdf_word_coordinates,False,"""intense Spanish activity"" throughout northern Morocco and the return to that area of many former Spanish native-affairs officers. Some of these officers may be considering--as they did during the French-imposed exile of the present King--the idea of establishing an autonomous northern Morocco.","""intense Spanish activity"" throughout northern Morocco and the return to that area of many former Spanish native-affairs officers. Some of these officers may be considering--as they did during the French-imposed ex- ile of the present King--the idea of establishing an autonomous northern Morocco]",PASS,0.957447,0.978261,0.967742,PASS,2573,0.876064,0.086303,1.0,43,43,R3
CIA-RDP79T00975A004300450001-4:9.1.0,partial_B,final_0730_fe23801f29,ASSIGNED_FULL,later_pdf_word_coordinates,False,", is supporting tribal dissidence as a means of forcing Morocco to commit itself to recognizing Spain's sovereignty over its present enclaves.",is supporting tribal dissidence as a means of forcing Morocco to commit itself to recognizing Spain's sovereignty over its present enclaves;,PASS,1.0,1.0,1.0,PASS,2573,0.876064,0.086303,1.0,21,21,R4
CIA-RDP79T00975A004300490001-0:5.1.1,partial_B,final_0731_13343a39d7,ASSIGNED_FULL,later_pdf_word_coordinates,False,to have been offered arms by the new Cuban Government. Castro also appears to be lining up with the foes of Haitian President Duvalier.,have been offered arms by the new Cuban Government. Castro also appears to be lining up with the foes of Haitian President Duvalier.,PASS,1.0,0.958333,0.978723,PASS,2503,0.834612,0.058307,1.0,23,23,R3
CIA-RDP79T00975A004400040001-8:4.0.1,partial_B,final_0732_3ea07899b4,ASSIGNED_FULL,later_pdf_word_coordinates,False,"putting forward a disengagement plan designed, however, to be unacceptable to Moscow.","putting forward. a disengagement -plan designed however, to I be unacce table to Moscowj",PASS,0.714286,0.833333,0.769231,PASS,1797,0.842475,0.084238,1.0,14,14,R1
CIA-RDP79T00975A004400040001-8:8.0.0,partial_A,final_0733_5204b144fd,ASSIGNED_FULL,later_pdf_word_coordinates,False,"Adenauer is reported to have shown ""rigid"" resistance to any departure from established positions in the direction of disengagement.","Aﬂenauer 1s reporteoﬁo have shown ""r1g1oF' resistance to any departure from established positions in the direction of disengagementfj",PASS,0.722222,0.684211,0.702703,PASS,2027,0.845993,0.083716,1.0,18,18,R1
CIA-RDP79T00975A004400040001-8:8.1.0,partial_A,final_0733_5204b144fd,ASSIGNED_FULL,later_pdf_word_coordinates,False,"Adenauer, however, is opposed to such a plan, even if it is deliberately designed to be unacceptable to Moscow.","Adenauer, however, is opposed to such a plan, even if it is deliberately designedl to be unacceptable to MoscowQ",PASS,0.894737,0.894737,0.894737,PASS,2027,0.845993,0.083716,1.0,19,19,R2
CIA-RDP79T00975A004400050001-7:12.0.0,headline,final_0735_603661be4a,ASSIGNED_FULL,later_pdf_word_coordinates,False,"Air Force Chief of Staff General Jouhaud, who was born in Algeria and played a leading role in the revolt, is reported to have made more visits to Algeria recently than his position warrants.","Air Force Chief of Staff Gen- eral Jouhaud, who was born in Algeria and played a leading role in the revolt, is reported to have made more visits to Al- geria recently than his position warrants,",PASS,0.888889,0.941176,0.914286,PASS,1956,0.839845,0.074142,1.0,36,36,R2
CIA-RDP79T00975A004400050001-7:12.1.0,headline,final_0735_603661be4a,ASSIGNED_FULL,later_pdf_word_coordinates,False,Rumors of secret French-rebel contacts also have upset these military and rightist circles.,Rumors of secret French- rebel contacts also have upset these military and rightist cirrcl<f},PASS,0.866667,0.928571,0.896552,PASS,1956,0.839845,0.074142,1.0,14,14,R3
CIA-RDP79T00975A004400050001-7:4.1.0,partial_D,final_0734_c8342ef296,ASSIGNED_FULL,later_pdf_word_coordinates,False,"and with reports of an imminent attempt by Bedouin army officers to seize control of the Jordanian Government, possibly abetted by the UAR. The Israelis, who presumably are aware of these developments, might react to an upheaval in Amman by moving into the Jordanian sector of Jerusalem and possibly West Jordan.","Jordan[_E'_ind 0 with ‘,2 reports of an imminent attempt by, Bedouin army officers to seize control of the Jordanian Government, possibly abetted ‘ﬁgs “*3- y the UARZ] The Israelis, who presumably are aware of th ese developments might react to an upheaval in Amman by mov'ng 1 into th e Jordanian sector of Jerusalem and p ossibly West Jordan. (Page 3)",PASS,0.6875,0.862745,0.765217,PASS,1409,0.753073,0.086936,0.967213,59,61,R2
CIA-RDP79T00975A004400080001-4:3.2.0,partial_A,final_0736_6a9d0ecbac,ASSIGNED_FULL,later_pdf_word_coordinates,False,"The French also are conducting a smear campaign against South Vietnamese President Diem, whom they regard as an obstacle to French influence in the area.","The French also are conducting a smear campaign against South Vietnamese President Diem, who regard its an obstacle to French u nce in the ar",PASS,0.8,0.8,0.8,PASS,1201,0.741358,0.080971,1.0,25,25,R3
CIA-RDP79T00975A004400080001-4:5.0.0,partial_A,final_0737_ee78e4ebe2,ASSIGNED_FULL,later_pdf_word_coordinates,False,"French policy differs both tactically and strategically from US policy; France seeks the establishment of avowedly neutral regimes in Laos and Cambodia with good covert ties to the West, rather than of strong, openly anti-Communist and pro-Western regimes.","Jrencn policy diners both tacticany and strategicany from S policy; France seeks the establish- ment of avowedly neutral regimes in Laos and Cambodia with good covert ties to the West, rather than of strong, openly anti- Communist and pro-Western regimes.",PASS,0.829268,0.85,0.839506,PASS,1398,0.788494,0.079655,1.0,40,40,R2
CIA-RDP79T00975A004400080001-4:5.0.1,partial_A,final_0737_ee78e4ebe2,ASSIGNED_FULL,later_pdf_word_coordinates,False,"France intended to step up its efforts in Indochina, and he said he had heard that additional intelligence personnel were being sent there.","intended to step up its effdfts in Indochina, and he said he had heard that additional intelligence personnel were being sent ther_e3",PASS,0.869565,0.869565,0.869565,PASS,1398,0.788494,0.079655,1.0,22,22,R2
CIA-RDP79T00975A004400080001-4:5.2.0,headline,final_0737_ee78e4ebe2,ASSIGNED_FULL,later_pdf_word_coordinates,False,"The French also appear to have embarked on a smear campaign against South Vietnam's President Diem, whose influence they feel runs counter to French aspirations in the area.","Elie French also appear to have embarked on a smear cam- paign against South Vietnam's President Diem, whose influence they feel runs. counter to French _aspiratio1.1$. in the are.a-",PASS,0.78125,0.862069,0.819672,PASS,1398,0.788494,0.079655,1.0,29,29,R4
CIA-RDP79T00975A004400100001-1:9.0.0,box_hid_more,final_0738_c6a0a47608,ASSIGNED_FULL,later_pdf_word_coordinates,False,"In preparing Law Yone for his mission, Ne Win said that once the Sino-Burma border dispute is settled, Burma will ""mince no words"" about Communism and Communist China. The prime minister indicated that he planned to press for an early decision on the question by giving Peiping a month in which to answer Burma's ""final"" offer, after which negotiations would be broken off.","pre- paring Law Yone for his mission, Ne Win said that once the Sino-Burma border dispute is settled, Burma will ""mince no words"" about Communism and Communist Chinat The prime minister indicated that he planned to press for an early decision on the question by giving Peiping a. month in which to answer Burma's ""final"" offer, after which negotiations would be broken",PASS,0.953125,0.938462,0.945736,PASS,1319,0.704971,0.079474,1.0,62,62,R5
CIA-RDP79T00975A004400100001-1:9.0.1,box_hid_more,final_0738_c6a0a47608,ASSIGNED_FULL,later_pdf_word_coordinates,False,"Ne Win told Law Yone Burma cannot commit itself to adhering to SEATO at this time, although he personally is glad that there is such an organization.","Win told Law Yone Burma cannot commit itself to adher- ing to SEATO at this time, although he personally is glad that there is such an organization;",PASS,0.925926,0.925926,0.925926,PASS,1319,0.704971,0.079474,1.0,27,27,R5
CIA-RDP79T00975A004400110001-0:7.0.0,headline,final_0739_a91dde3e68,ASSIGNED_FULL,later_pdf_word_coordinates,False,--900 tons of light arms and ammunition--,materiel—-900 tons of light arms and ammunition--,PASS,0.875,1.0,0.933333,PASS,1932,0.849231,0.070367,0.857143,6,7,R2
CIA-RDP79T00975A004400110001-0:8.0.0,headline,final_0740_f4f0c9669e,ASSIGNED_FULL,later_pdf_word_coordinates,False,"Brigadier Shannan, leader of the junior dissident officers' movement, postponed and modified his plan to seize complete control of the government late last week, reportedly because he feared a violent reaction that might lead to civil war. However, he and the two other troop commanders who forced their inclusion in the government on 5 March are expected to make some attempt in the near future to improve their position.","llgrigadier Shannan, leader of the junior dissident officers"" movement, postponed and modified his plan to seize complete control of the government late last week, reportedly because he feared a violent reaction that might lead to civil war. However, he and the two other troop commanders who forced their inclu- sion in the government on 5 March are expected to make some attempt in the near future to improve their positionj",PASS,0.942857,0.956522,0.94964,PASS,1663,0.798751,0.081024,1.0,70,70,R2
CIA-RDP79T00975A004400120001-9:8.0.0,headline,final_0741_f1cdd32d64,ASSIGNED_FULL,later_pdf_word_coordinates,False,Figueres reportedly had hoped to convince Castro he should withdraw his support of those Nicaraguan and Dominican revolutionary exile groups which are Communist influenced.,"si""’Figueres report- edly had hoped to convince Castro he shougd withdraw his sup- port of those Nicaraguan and Dominican revolutionary exile groups which are Communist influenced.",PASS,0.777778,0.875,0.823529,PASS,1823,0.823397,0.083002,1.0,26,26,R1
CIA-RDP79T00975A004400140001-7:7.0.1,partial_B,final_0742_b9e385ef2e,ASSIGNED_FULL,later_pdf_word_coordinates,False,"consider the internal situation grave and believe the government is ""nowhere near the bottom of the situation"" that gave rise to the abortive coup attempt of 12 March.","‘consider the in- terna situation grave and believe the government is ""nowhere nearte h b otomqo t f th es it uaion t’ th a t av e r ise to the abortive coup attempt",PASS,0.428571,0.535714,0.47619,PASS,1766,0.817971,0.084017,1.0,35,35,R3
CIA-RDP79T00975A004400150001-6:10.0.0,headline,final_0743_e9f26c842c,ASSIGNED_FULL,later_pdf_word_coordinates,False,"Venizelos, whose hatred of the government combined with his political opportunism make him a likely collaborator with the Communists, apparently has agreed to cooperate secretly with EDA in several municipalities.","Venizelos, whose hatred. of the government co:m- bined. with his political opportunism make him a likely collab- orator with the Communists, apparently has agreed to coop- erate secretly with EDA in several municipalitiesm",PASS,0.764706,0.866667,0.8125,PASS,1668,0.820059,0.076793,1.0,33,33,R2
CIA-RDP79T00975A004400170001-4:5.0.0,partial_C,final_0744_ddfb17114a,ASSIGNED_FULL,later_pdf_word_coordinates,False,"The junior officers' movement, led by Brigadier Abd al-Rahim Shannan, has been holding nightly meetings since 24 March,","The junior officers’ movement, led by Brigadier Abd al-Rahim Shan- nan, has been holding nightly meetings since 24 March,",PASS,0.9,0.947368,0.923077,PASS,1235,0.689174,0.071924,1.0,19,19,R1
CIA-RDP79T00975A004400170001-4:5.0.1,partial_B,final_0744_ddfb17114a,ASSIGNED_FULL,later_pdf_word_coordinates,False,"and is planning an attempt to seize power by arresting most of the senior members of the Supreme Military Council. Brigadier Muhyi al-Din Abdullah, who participated with Shannan in leading the early March coup, is now being excluded from the group's secret plans, apparently because he opposes further drastic action.","and is plan- ning an attempt to seize power by arresting most of the senior members of the Supreme Military Council. Briga- dier Muhyi al-Din Abdullah, who participated with Shannan in leading the early March coup, is now being excluded from the group's secret lans, apparently because opposes fur- ther drastic actions",PASS,0.851852,0.884615,0.867925,PASS,1235,0.689174,0.071924,1.0,52,52,R1
CIA-RDP79T00975A004400170001-4:5.0.2,box_hid_more,final_0744_ddfb17114a,ASSIGNED_FULL,later_pdf_word_coordinates,False,"The senior council members are acutely aware of the threat posed by Shannan's group, which reportedly contains pro-Communist and pro-Egyptian elements as well as other dissident officers; they are therefore attempting to build up a counter-movement within the army. They also have to contend with political and religious leaders who want a number of military members of the cabinet replaced by civilians.","éhe senior council members are acutely aware of the threat posed by Shannan's group, which reportedly contains pro-Communist and pro-Egyptian elements as well as other dissident officers; they are therefore attempting to build up a counter-movement within the army“ They also have to con-- tend with political and religious leaders who want a n mber of military members of the cabinet replaced by civilians'5",PASS,0.913043,0.954545,0.933333,PASS,1235,0.689174,0.071924,1.0,64,64,R1
CIA-RDP79T00975A004400180001-3:6.0.0,headline,final_0745_d03130767c,ASSIGNED_FULL,later_pdf_word_coordinates,False,A reliable report confirms the Dalai Lama’s entry into India on 31 March.,reliable report confirms the Dalai Lama's entry into India on 31 March.,PASS,0.846154,0.846154,0.846154,PASS,2084,0.845779,0.087429,1.0,12,12,R2;R3
CIA-RDP79T00975A004400210001-9:11.1.1,partial_B,final_0747_4bad5faae4,ASSIGNED_FULL,later_pdf_word_coordinates,False,has shown his irritation with Peiping since the Tibetan crisis began by refusing to see the Chinese ambassador.,has shown his irritation with Peiping since the betan crisis began by refusing to see the Chinese ambas- sador.,PASS,0.842105,0.888889,0.864865,PASS,1552,0.764909,0.094562,1.0,19,19,R3
CIA-RDP79T00975A004400210001-9:7.1.0,headline,final_0746_42ac76f8b4,ASSIGNED_FULL,later_pdf_word_coordinates,False,"Schirdewan, who lost his party position following a split with First Secretary Ulbricht early in 1958, reached these conclusions following a recent survey of party members employed as workers and administrators in major East German industrial centers. This survey was made at Schirdewan's request by friendly party members.","Schirdewan, who lost his party position following a split with Fir st Secr'etary.~Ulbricht early in 1958 reached these conclusions following a recent survey of party members employed as workers and administrators in major East German industrial centers. This survey w s made at Schirdewan's request by friendly party members;",PASS,0.884615,0.938776,0.910891,PASS,1156,0.663605,0.088311,1.0,49,49,R4
CIA-RDP79T00975A004400210001-9:7.2.0,partial_A,final_0746_42ac76f8b4,ASSIGNED_FULL,later_pdf_word_coordinates,False,"Disagreement over the pace of socialization in East Germany, especially intensified drives for greater industrial production and faster collectivization of agriculture, was the major factor in Schirdewan's split with Ulbricht. Schirdewan obviously sees the present situation in East Germany as a vindication of his views.","éisagreement over the pace of socialization in East Germany, especially intensified drives for greater industrial production and faster collectivization of agriculture, was the major factor in Schirdewan's split with Ulbricht. Schirdewan obviously sees t present situation in East Germany as a vindication of his viewlslﬁ",PASS,0.934783,0.934783,0.934783,PASS,1156,0.663605,0.088311,1.0,45,45,R5
CIA-RDP79T00975A004400220001-8:6.0.0,partial_B,final_0748_0621f3457c,ASSIGNED_FULL,later_pdf_word_coordinates,False,continuing strikes had weakened confidence in the government to the point where a small determined force could topple it.,izontinuing strikes had weakened confidence in the government to the point where a small determined force could topple it..,PASS,0.947368,0.947368,0.947368,PASS,1496,0.775531,0.109941,1.0,19,19,R1
CIA-RDP79T00975A004400220001-8:6.0.1,partial_B,final_0748_0621f3457c,ASSIGNED_FULL,later_pdf_word_coordinates,False,"one military group had channeled through the army secretary a demand that President Frondizi rid the government of Communists, fellow travelers, and corrupt elements within 30 days.","lone military group had channeled through the army secretary a de- mand that President Frondizi rid the government of Commu-- nists, fellow travelers, and corrupt elements within 30 daysi)",PASS,0.793103,0.851852,0.821429,PASS,1496,0.775531,0.109941,1.0,29,29,R1
CIA-RDP79T00975A004400220001-8:6.1.0,partial_A,final_0748_0621f3457c,ASSIGNED_FULL,later_pdf_word_coordinates,False,"Argentine Communist leaders told local meetings in late March that the USSR was supplying them with dollars to fight the Yankees and that the ""protest meeting"" on 3 April was just the ""beginning of a thrust"" to end Yankee rule in Latin America.","Argentine Commu- nis it (1, leaders toﬁiﬂocal meetings in late Ml arch that the USSR was supplying them withdollars to fight the Yankees and that the ""protest meeting"" on 3 April was just the a Yankee rule in Latin Americal",PASS,0.775,0.72093,0.746988,PASS,1496,0.775531,0.109941,1.0,40,40,R2
CIA-RDP79T00975A004400240001-6:10.0.0,partial_A,final_0749_39872cbe95,ASSIGNED_FULL,later_pdf_word_coordinates,False,Pazos reportedly expressed pessimism concerning Cuba's future under the Castro regime.,\Pazos reportedly expressed pes- simism concerning Cuba's future under the Castro regime?,PASS,0.846154,0.916667,0.88,PASS,1629,0.816132,0.07955,1.0,12,12,R2
CIA-RDP79T00975A004400240001-6:10.0.1,partial_A,final_0749_39872cbe95,ASSIGNED_FULL,later_pdf_word_coordinates,False,"Several other observers of Cuban developments have recently voiced similar pessimism. Serafino Romualdi, AFL-CIO representative to the Inter-American Regional Labor Organization (ORIT), reported on 8 April that ORIT has concluded that the Castro government is opening the doors to Communism in Cuba.","ggeveral other observers of Cuban developments have re- cent voiced similar pessimism. Serafino Romualdi, AFL-C110 representative to the Inter-American Regional Labor Organiza- tion (ORIT), reported on 8 April that ORIT has concluded that the Castro government is opening the doors to Communism in Cuba)",PASS,0.869565,0.909091,0.888889,PASS,1629,0.816132,0.07955,1.0,44,44,R2
CIA-RDP79T00975A004400250001-5:11.0.0,partial_A,final_0750_6c88616493,ASSIGNED_FULL,later_pdf_word_coordinates,False,"Councilor Nardone had introduced the proposal and had accused the country's Communists of fomenting a strike to gain a political advantage. Another councilor, he said, called attention to the recent expulsions of Soviet diplomats from Argentina and Mexico and suggested that the council reconsider the question of Uruguay's own relations with the USSR.","Councilor Nardone Ln aﬁntroduced the proposal and had accused the country’s Communists of fomenting a strike to gain a political advan- tage. Another councilor, he said, called attention to the re- cent expulsions of Soviet diplomats from Argentina and Mexico and suggested that the council reconsider the ques- tion of Uruguay's own relations with the USSR.",PASS,0.842105,0.872727,0.857143,PASS,1647,0.763561,0.090466,1.0,56,56,R1
CIA-RDP79T00975A004400260001-4:10.0.0,partial_D,final_0752_1e01e4ec2c,ASSIGNED_FULL,later_pdf_word_coordinates,False,"apparently with the continued clandestine support of Vietnam and Thailand. ""Radio Free Cambodia,"" presumably located in the Thai-Cambodian border region, has been heard almost daily during the past month, and anti-Sihanouk tracts have been distributed in Cambodia.","apparently with the continued clandestine support of Vietnam and Thailand"" ""Radio Free Cambodia,"" pre- sumably located in the Thai=-Cambodian border region, has l been heard almost daily during the past i~ have been distributed in Cambodia»",PASS,0.891892,0.846154,0.868421,PASS,2123,0.856739,0.083136,1.0,36,36,R2
CIA-RDP79T00975A004400260001-4:12.0.0,headline,final_0753_d4184a4acc,ASSIGNED_FULL,later_pdf_word_coordinates,False,"Manuel Gomez Flores, former Nicaraguan colonel and persistent revolutionary plotter for the past 12 years, apparently regards himself as qualified to lead the military phase of the movement. Now in Cuba, he claims he has already tentatively chosen the Man of War Keys--a few miles off the Nicaraguan Caribbean coast--as the rendezvous point for the invasion and the nearby Rio Grande estuary as the mainland landing area.","Manuel Gomez“ Flores, former Nicaraguan colonel and per- sistent revolutionary plotter for the past 12 years, apparently regards himself as qualified to lead the military phase of the movement. Now in Cuba, he claims he has already tentatively chosen the Man of War Keys--a few miles off the Nicaraguan Caribbean coast--as the rendezvous point for the invasion and the nearby Rio Grande estuary as the mainland landing area,",PASS,0.971429,0.985507,0.978417,PASS,1971,0.836232,0.078,1.0,68,68,R1
CIA-RDP79T00975A004400260001-4:8.0.0,partial_D,final_0751_1939ff5151,ASSIGNED_FULL,later_pdf_word_coordinates,False,"attacks by Nasir on Soviet policy have scared Soviet officials and technicians now in the UAR,","t- tacks by Nasir on Soviet policy have scared Soviet officiafi and technicians now in the UAR,",PASS,0.823529,0.875,0.848485,PASS,1805,0.813063,0.087135,1.0,17,17,R3
CIA-RDP79T00975A004400260001-4:8.0.1,partial_A,final_0751_1939ff5151,ASSIGNED_FULL,later_pdf_word_coordinates,False,"If Soviet-UAR tensions and the hostility allegedly being displayed by Egyptians toward Soviet personnel continue, Soviet dependents reportedly will be returned to the USSR. The same Soviet official is reported to have advised the captain of the Argun--a Russian ship calling at Alexandria in early April--not to permit shore leave for crew members because of possible hostile actions by Egyptians.","If Soviet—UAR tensions and t L e hostility allegedly being displayed by Egyptians toward Soviet personnel continue, Soviet depend- ents reportedly will be returned to the USSR. The same Soviet official is reported to have advised the captain of the Argun--a Russian ship calling at Alexandria in early April--not to permit shore leave for crew members because of possible hostile ac- tions by",PASS,0.876923,0.904762,0.890625,PASS,1805,0.813063,0.087135,1.0,63,63,R3
CIA-RDP79T00975A004400280001-2:3.1.0,partial_A,final_0754_d176939222,ASSIGNED_FULL,later_pdf_word_coordinates,False,"Peiping recently instructed the managing editor of two Hong Kong Communist newspapers to ""make no attacks on India.""","Peiping recently instructed the managing editor is of two Kong Communist newspapers to ""make no attacks Honf",PASS,0.882353,0.833333,0.857143,PASS,1166,0.692399,0.118783,0.941176,16,17,R4
CIA-RDP79T00975A004400300001-9:8.0.1,partial_B,final_0755_c7ac02c73d,ASSIGNED_FULL,later_pdf_word_coordinates,False,"four additional infantry battalions on Cyprus could be airlifted to Kuwait if needed, and that there are sufficient aircraft and supplies in Kenya and Cyprus to support such an operation.","ifour additional infantry battalions on LC yprus coulfﬂne airﬁftecﬁo Kuwait if needed, and that there are sufficient aircraft and supplies in Kenya and Cyprus to support such an operatio19",PASS,0.793103,0.766667,0.779661,PASS,1436,0.779587,0.080291,1.0,29,29,R1
CIA-RDP79T00975A004400310001-8:4.0.1,partial_A,final_0756_b2f31dc3f9,ASSIGNED_FULL,later_pdf_word_coordinates,False,"There has been plotting by dissident Panamanians in Cuba, but there is no confirmation that any ships have actually left for Panama. Panamanian Communists have not been active in the plotting in Cuba but would take advantage of disorders in Panama caused by an invasion attempt.","There has been plotting by dissident Panamanians in Cuba, but there is no confirmation that any ships have actually left for Panama. Panamanian Communists A have not been active in the plotting in Cuba but would take antage of disorders in Panama caused bv an invasion attempt",PASS,0.93617,0.956522,0.946237,PASS,1062,0.683838,0.079129,1.0,47,47,R2
CIA-RDP79T00975A004400320001-7:10.0.0,partial_C,final_0758_0b301e36dd,ASSIGNED_FULL,later_pdf_word_coordinates,False,"The rightists appear to have some strength within the police and probably within the army. The director of the Bolivian Police and Carabineros, for example, recently told a group of rightist revolutionaries that if they were against the Communists they could count on him,","Qrhe rightists appear to have some strength within the police and probably within the army. The director of the Bolivian Po- lice and Carabineros, for example, recently told a group of right-- ist revolutionaries that if they were against the Communists they could count on him,",PASS,0.891304,0.931818,0.911111,PASS,1771,0.828344,0.080826,1.0,46,46,R1
CIA-RDP79T00975A004400320001-7:5.0.0,partial_A,final_0757_56cc30a905,ASSIGNED_FULL,later_pdf_word_coordinates,False,"The Imam arrived in Rome on 18 April and was reported by one of his doctors to be in serious but not critical condition, although his drug addiction has severely impaired his mental capabilities. He is expected to remain in Rome at least two months.","The Imam ar- r“ rived in Rome on 18 April and was reported by one of his doc- tors to be in serious but not critical condition, although his drug addiction has severely impaired his mental capabilities. He is expected to remain in Rome at least two months?",PASS,0.895833,0.955556,0.924731,PASS,1794,0.845827,0.088871,1.0,48,48,R2
CIA-RDP79T00975A004400350001-4:11.0.0,headline,final_0759_eec71b4f2d,ASSIGNED_FULL,later_pdf_word_coordinates,False,"It was reliably reported to include 8,000 rifles, 3,000 revolvers, 30 machine guns, 12 antitank guns, two armored cars, up to 60,000 grenades and 50 bazookas, 42 field radio sets, and approximately 150 tons of ammunition.","It was reliably reported to include 8,000 rifles, 3,000 revolvers, 30 machine guns, 12 antitank guns, two armored cars, up to 60,000 grenades and 50 bazookas, 42 field radio sets, and ap- proximately 150 tons of ammunition,",PASS,0.95,0.974359,0.962025,PASS,1877,0.826508,0.076129,1.0,37,37,R2
CIA-RDP79T00975A004400360001-3:4.0.0,partial_A,final_0760_d81f5801d7,ASSIGNED_FULL,later_pdf_word_coordinates,False,"The USSR may want Finland to use part of a commodity credit offered in May 1958 for arms purchases. Until now, the Finnish military leadership has consistently opposed such purchases.","The USSR may want Finland to use part of a com- modity credit offered in May 1958 for arms purchases. Until now, the Finnish military leadership has consistently opposed such purchases.",PASS,0.935484,0.966667,0.95082,PASS,1747,0.815974,0.08662,1.0,31,31,R1
CIA-RDP79T00975A004400360001-3:5.0.0,headline,final_0761_767db0b05c,ASSIGNED_FULL,later_pdf_word_coordinates,False,"Ponomarenko informed the Indian Government on 20 April that such a move was pending and that the USSR had responded to ""Nepali overtures""--an apparent effort to minimize New Delhi's reaction.","éonomarenko informed the Indian Government on 20 April that such a move was pending and that the USSR had responded to ""Nepali overtures""--an apparent effort to minimize New Delhi's reaction)",PASS,0.96875,0.96875,0.96875,PASS,1941,0.856954,0.079591,1.0,30,30,R1
CIA-RDP79T00975A004400380001-1:11.1.0,headline,final_0762_bc0e3d1679,ASSIGNED_FULL,later_pdf_word_coordinates,False,The revolutionary plans appear to call for its dispersal to various remote areas by scattered uprisings and reports of landings.,The revolutionary plans appear to call for its dispersal to various re-- mote areas by scattered uprisings and reports of landings.,PASS,0.904762,0.95,0.926829,PASS,1851,0.846365,0.069546,1.0,21,21,R2
CIA-RDP79T00975A004400390001-0:5.0.0,box_hid_more,final_0763_a68b1c3661,ASSIGNED_FULL,later_pdf_word_coordinates,False,"The present crisis was brought to a head when Bank of England officials, before Cairo was officially informed, tipped off Georges-Picot, head of the Suez Company, of their intention to release the Egyptian account. Armed with this information, Georges-Picot, in a letter to the UAR, demanded an accelerated payment of $22,960,000.","éhe present crisis was brought to a head when Bank of England officials, before Cairo was officially informed, tipped off Georges-Picot, head of the Suez Company, of their intention to release the Egyptian account. Armed with this information, Georges-Picot, in a le er to the UAR, demanded an accelerated payment of $22,960,006",PASS,0.928571,0.945455,0.936937,PASS,1512,0.77459,0.115314,1.0,52,52,R2
CIA-RDP79T00975A004400390001-0:5.0.1,box_hid_more,final_0763_a68b1c3661,ASSIGNED_FULL,later_pdf_word_coordinates,False,UAR officials are reported enraged over these maneuvers.,officials are reported enraged over these maneuvers.,PASS,1.0,0.875,0.933333,PASS,1512,0.77459,0.115314,1.0,7,7,R2
CIA-RDP79T00975A004400400001-8:11.0.0,headline,final_0765_785a903ba2,ASSIGNED_FULL,later_pdf_word_coordinates,False,"Some students and other anti-US extremists in Panama reportedly have plans, however, to incite disorders to commemorate the serious student-guard riots of May 1958. These may take the form of harassing outbreaks against the unpopular National Guard, a politically dominated urban police force which has been disconcerted by the scattered small revolts and landings of the past month.","students and other anti-US extremists in Panama re- @me portedly have plans, however, to incite disorders to commem- orate the serious student-guard riots of May 1958. These may take the form of harassing outbreaks against the unpopular Na- tional Guard, a politically dominated urban police force which has been disconcerted by the scattered small revolts and land- ings of the past montl9",PASS,0.84375,0.9,0.870968,PASS,1590,0.792622,0.076529,1.0,62,62,R1
CIA-RDP79T00975A004400400001-8:5.0.0,partial_B,final_0764_acc73d68b1,ASSIGNED_FULL,later_pdf_word_coordinates,False,"*An invasion ship carrying 100 men, was reported to have left Cuba on 28 April for Panama or Nicaragua. Such force probably would be spotted by search planes being made available to the OAS investigating committee now in Panama.",*An invasion ship car ryi ng 100 men was reported to have X left Cuba on 28 April for Panama or Nicaragua. Such force “M probably would be spotted by search planes being made avail- able to the OAb investigating committee now in Panama.,PASS,0.818182,0.923077,0.86747,PASS,1564,0.795119,0.081173,1.0,44,44,R1
CIA-RDP79T00975A004400410001-7:10.0.0,partial_D,final_0768_66d629950b,ASSIGNED_FULL,later_pdf_word_coordinates,False,"this coalition is to be followed by a merger of the two parties by June of 1960 at the latest,","‘this coalition is to be followed by a merger of the two parties by June of 1960 at the latest,\",PASS,1.0,1.0,1.0,PASS,1317,0.705788,0.103176,1.0,20,20,R2
CIA-RDP79T00975A004400410001-7:3.0.0,partial_A,final_0766_b4b9390073,ASSIGNED_FULL,later_pdf_word_coordinates,False,"The principal Qashqai chief, currently in Switzerland, claims he recently received renewed Soviet offers of support, including arms.","principal Qashqai chief, currently in Switzerla nd, c1a'ms 1 he rec ently re cc‘ 1v ed r e new ed Soviet",PASS,0.318182,0.388889,0.35,PASS,1642,0.821822,0.106835,1.0,21,21,R2
CIA-RDP79T00975A004400410001-7:6.0.0,partial_C,final_0767_b89d9c94ae,ASSIGNED_FULL,later_pdf_word_coordinates,False,"The principal tribal chief, Nasr Khan, who is now in Switzerland, claimed on 20 April that he recently received renewed Soviet offers for support, including arms,","The principal tribal chief, Nasr Khan, who is now in Switzer- lan ""claimed on 20 April that he recently received renewed tioviet offers for support, including arms,",PASS,0.888889,0.923077,0.90566,PASS,1455,0.773936,0.105419,1.0,27,27,R1
CIA-RDP79T00975A004400420001-6:10.0.0,headline,final_0770_a2087480f6,ASSIGNED_FULL,later_pdf_word_coordinates,False,"Following a series of such incidents last month--including one in which a sizable number of French troops penetrated Tunisian territory to a depth of about 25 miles--Tunisian Foreign Secretary Mokaddem expressed fear on 27 April that the French military might be building up to a ""concentration of hostility"" against Tunisia.","Following a series of such incidents last month--including one in which a sizableinumber Of French troops penetrated Tunisian territory to a depth of about 25 miles--Tunisian Foreign Secretary Mokaddem expressed fear on 27 April that the French military might be building up to a ""concentration of hostility"" against Tunisiti]",PASS,0.960784,0.942308,0.951456,PASS,1781,0.806978,0.074614,1.0,49,49,R2
CIA-RDP79T00975A004400420001-6:12.0.0,headline,final_0771_0f12390278,ASSIGNED_FULL,later_pdf_word_coordinates,False,"The changes were apparently initiated prior to Raul's hurried trip to meet Fidel in Houston on 28 April. An American newsman in close contact with the Cuban situation believes that the armed forces were discussed at the Houston meeting and that Fidel may have informed his brother that on his return to Havana he plans to crack down on Communists in Cuba, especially in the military.","[fhe changes were apparently initiated prior to Raul’s hurried trip to meet Fidel in Houston on 28 April“ An American newsman in '-close -contact;,'wi.'th--.'.‘.the. /Cuban... situationi believes that the armed forces were discussed at the Houston meeting and that Fidel may have informed his brother that on his return to Hav he plans to crack down on Communists in Cuba, especiall.y in the military}",PASS,0.882353,0.895522,0.888889,PASS,1712,0.807166,0.078725,1.0,64,64,R1
CIA-RDP79T00975A004400420001-6:4.2.0,partial_A,final_0769_0d4c45f9e4,ASSIGNED_FULL,later_pdf_word_coordinates,False,"There is as yet no confirmation of these rumors, but South Vietnamese security authorities are taking additional precautions.","There is as yet no confirmation of these rumors, but South Viet namese security authorities are taking additional precautic>nsJ_",PASS,0.8,0.888889,0.842105,PASS,1117,0.723914,0.077258,1.0,19,19,R2
CIA-RDP79T00975A004400460001-2:11.0.1,partial_B,final_0773_c8b8bcb900,ASSIGNED_FULL,later_pdf_word_coordinates,False,"estimates it has a production potential in excess of 10,000 barrels per day.","es-- timates it has a production potential in excess of 10,000 barrels per day.",PASS,0.866667,0.928571,0.896552,PASS,1942,0.846925,0.078097,1.0,14,14,R1
CIA-RDP79T00975A004400460001-2:4.0.0,partial_B,final_0772_8df995b410,ASSIGNED_FULL,later_pdf_word_coordinates,False,"estimates a production potential for this well in excess of 10,000 barrels a day.",a production potential for this well in excess O o 0 barrels a day.,PASS,0.785714,0.733333,0.758621,PASS,1147,0.685595,0.080236,1.0,14,14,R2
CIA-RDP79T00975A004500010001-0:7.0.0,partial_B,final_0774_815f9821bf,ASSIGNED_FULL,later_pdf_word_coordinates,False,the only hope for the ruling Democratic party (DP) is to make radical changes in top-level government personnel and to adopt more liberal policies.,\the only hope for the. ruling Democratic party (DP) is to make radical changes in top-level government personnel and to adopt more liberal policies.,PASS,1.0,1.0,1.0,PASS,1426,0.739243,0.081177,1.0,24,24,R2;R3
CIA-RDP79T00975A004500010001-0:7.0.1,partial_A,final_0774_815f9821bf,ASSIGNED_FULL,later_pdf_word_coordinates,False,"Etem Menderes' views are favored by a large number of the party's legislators who have shown their dissatisfaction particularly with the prime minister's restrictions on the press. A DP caucus, however, reportedly has decided to tighten restrictions on the press. Among other restrictions, only newspapermen working for the progovernment news service would be permitted to accompany political figures around the country.","Etem Menderes' views are favored by a large number of the party's legislators who have shown their dissatisfaction par- ticularly with the prime minister's restrictions on the press. A DP caucus, however, reportedly has decided to tighten restrictions on the press. Among other restrictions, only news- papermen working for the progovernment news service would be permitted to accompany political figures around the country.",PASS,0.938462,0.968254,0.953125,PASS,1426,0.739243,0.081177,1.0,63,63,R2;R3
CIA-RDP79T00975A004500020001-9:7.0.0,partial_B,final_0775_17c95ce70c,ASSIGNED_FULL,later_pdf_word_coordinates,False,"he is not worried that a war might begin over Berlin as a result of a deliberate decision, but that he is concerned that an incident might precipitate hostilities. He declared that England and France could be effectively destroyed with only five rockets each and West Germany with four. In an interview with West German Socialist editors on 5 May, he said the Soviet Union has ""enough rockets for America too.""","he 1s not woLrreaTnat a war migHFbegin over Berlin as a result of a erate decision, but that he is concerned that an incident might precipitate hostilities. He declared that England and France could be effectively destroyed with only five rockets each and West Germany with foul] In an interview with West German Socialist editors on 5 May, he said the Soviet Union has ""enough rockets for Americaitoo."" [l:{hrushchev's",PASS,0.873239,0.873239,0.873239,PASS,2045,0.847844,0.07424,0.985507,68,69,R1
CIA-RDP79T00975A004500050001-6:11.0.0,headline,final_0776_4a47372fb0,ASSIGNED_FULL,later_pdf_word_coordinates,False,"Even though this information was probably designed to reach US officials,","[Even though this information was probably designed to reach US officials,",PASS,1.0,1.0,1.0,PASS,2096,0.858313,0.08102,1.0,11,11,R3
CIA-RDP79T00975A004500060001-5:9.0.0,partial_B,final_0777_916011716c,ASSIGNED_FULL,later_pdf_word_coordinates,False,members of Bandaranaike's Sri Lanka Freedom party who sympathize with Gunawardena contains their threat to resign if Bandaranaike stands firm in his decision.,\members of Bandaranaike’s Sri Lanka Freedom party who sympathize with Gunawardena con- tainsthéir threat to resign if Bandaranaike stands firm in his de- cision.,PASS,0.791667,0.791667,0.791667,PASS,3398,0.925633,0.058287,1.0,24,24,R1
CIA-RDP79T00975A004500060001-5:9.1.1,partial_A,final_0777_916011716c,ASSIGNED_FULL,later_pdf_word_coordinates,False,Senanayake seemed agreeable to joint operations against the leftists although he felt it premature to discuss a specific election agreement.,"Senanayake seemed agreeable to joint operations against the leftists although he felt it premature to discuss a specific elec- tion agreement,",PASS,0.904762,0.95,0.926829,PASS,3398,0.925633,0.058287,1.0,21,21,R2
CIA-RDP79T00975A004500120001-8:7.0.0,partial_A,final_0778_c799be5a08,ASSIGNED_FULL,later_pdf_word_coordinates,False,"The USSR's notes of 23 May to the United States and West Germany protesting the alleged acceleration of the nuclear rearmament of West German forces probably were timed to support Gromyko's conference line that if progress is to be made, the West must abandon its package plan and agree to discuss the urgent issues of a peace treaty and Berlin.","ﬁhe USSR's notes of 23 May to the United States and West Germany protesting the alleged acceleration of the nuclear re- armament of West German forces probably were timed to sup- port Gromyko‘s conference line that if progress is to be made, the West must abandon its package plan and agree to discuss the urgent issues of a peace treaty and Berlinfj",PASS,0.888889,0.903226,0.896,PASS,1049,0.591319,0.104602,1.0,62,62,R2
CIA-RDP79T00975A004500130001-7:7.0.0,headline,final_0779_d2d7afef65,ASSIGNED_FULL,later_pdf_word_coordinates,False,A high-ranking Lao Army officer says he has advised Premier Phoui Sananikone to require former Pathet Lao chief Souphannouvong to appeal to the unit in person. He also said that Crown Prince Savang told Phoui on 23 May that the government should take immediate and drastic repressive measures against the Neo Lao Hak Zat--the Communist-dominated legal political successor to the Pathet Lao. Phoui reportedly replied he was not yet prepared to do so.,Qghigh-ranking Lao Army officer says he has advised Premier Phoui Sananikone to require former Pathet Lao chief Souphannouvong to appeal to-the unit in person. ‘He also said that Crolum Prince Savang told Phoui on 23 May that the government should. take immediate and drastic re- pressive measures against the Neo Lao Hak Zat--the Com- munist-dominated. legal political successor to the Pathet Lao. Phoui reportedly replied he was not yet prepared to do s_cQ,PASS,0.897436,0.921053,0.909091,PASS,1536,0.773025,0.080657,1.0,73,73,R2
CIA-RDP79T00975A004500130001-7:7.1.0,headline,final_0779_d2d7afef65,ASSIGNED_FULL,later_pdf_word_coordinates,False,"and embarrass the British, who have been actively seeking to avoid a reconvening.","and embarrass the British, who have been active- ly seeking to avoid a reconveningg",PASS,0.785714,0.846154,0.814815,PASS,1536,0.773025,0.080657,1.0,14,14,R3
CIA-RDP79T00975A004500140001-6:3.0.0,partial_A,final_0780_5a9c3db768,ASSIGNED_FULL,later_pdf_word_coordinates,False,The principal difficulty is reported to be Chinese refusal to allow India continued special privileges in trade with Tibet.,Qhe p-rincipall difficulty reported to be Chinese refusal to allow India continued s ecial r1v11e esfin trade with Tibetijl,PASS,0.6,0.631579,0.615385,PASS,1709,0.822821,0.092562,1.0,19,19,R4
CIA-RDP79T00975A004500140001-6:4.0.0,partial_A,final_0781_16418a0278,ASSIGNED_FULL,later_pdf_word_coordinates,False,The foreign minister on 25 May requested US financial and material support for a military operation to bring the Pathet unit under control. The US Army attaché thinks that the Laotian Army has not yet developed a sound clean-up plan. Escape of the unit or dispersal into small guerrilla bands is thus a strong possibility.,The foreign minister on 25 May requested US financial and material support for a military opera- tion to bring the Pathet unit under control. The US Army attache thinks that the Laotian Army has not yet developed a sound clean- up plan. Escape of the unit ordispersal into small guerrilla bands III.,PASS,0.923077,0.857143,0.888889,PASS,1139,0.680406,0.083788,1.0,52,52,R2
CIA-RDP79T00975A004500140001-6:6.0.0,partial_A,final_0782_429d8e20c2,ASSIGNED_FULL,later_pdf_word_coordinates,False,"Kozlov impresses most observers as a forceful and extremely capable administrator and a man of ideas, which he expresses clearly and with great vigor. He is known to have been outside the bloc on two occasions--to the Finnish Communist party congress in 1957 and the Brussels Fair in 1958. He apparently does not speak English.","[Kozlov impresses. most observers as a forceful and extremely capable administrator and a man of ideas, which he -expresses clearly and with great vigor. He is known to have been outside the bloc on two occasions--to the Finnish Communist party congress in 1957 and. the Brussels Fair in 1958 He a parently does not speak Englishz]",PASS,0.947368,0.964286,0.955752,PASS,1882,0.836816,0.073258,1.0,56,56,R1
CIA-RDP79T00975A004500140001-6:7.0.0,box_hid_more,final_0783_dee98d62d7,ASSIGNED_FULL,later_pdf_word_coordinates,False,"Negotiations for a new three-year trade pact, in progress since the old agreement expired last December, are reportedly deadlocked because the Chinese refuse to reaffirm special privileges which the Indians claim in trading with Tibet.","[llegotiations for a new three-year trade pact, in progress since the old agreement expired last December are re P ortedl .Y'~~' dea¢'locke‘dbecause;the Chinese re- fuse to reaffirm special privileges which the Indians claim in trading with Tibeg",PASS,0.75,0.833333,0.789474,PASS,365,0.26259,0.089479,1.0,37,37,R1
CIA-RDP79T00975A004500140001-6:7.0.2,box_hid_more,final_0783_dee98d62d7,ASSIGNED_FULL,later_pdf_word_coordinates,False,"Total Chinese trade with India amounted to about $17,000,000 in 1958, somewhat less than in 1957. This figure includes Indian trade with Tibet, the volume of which has varied widely from year to year because of the changing nature of Chinese controls. The recent revolt and the resulting exchange of recriminations with India have served to sharpen Peiping's efforts to curtail outside influences in Tibet.","Total Chinese trade with India amounted to about $17,000,- 000 in 1958, somewhat less than in 1957.. This figure includes Indian trade with Tibet, the volume of which has varied widely from year to year because of the changing nature of Chinese con- trols. The recent revolt and the resulting exchange of recrimina-» tions"" with India have served to sharpen Peiping's efforts to curtail outside influences in Tibet.",PASS,0.942857,0.970588,0.956522,PASS,365,0.26259,0.089479,1.0,68,68,R1
CIA-RDP79T00975A004500140001-6:7.0.3,partial_A,final_0783_dee98d62d7,ASSIGNED_FULL,later_pdf_word_coordinates,False,"Communist China may step up its harassment of Indian traders dealing with Tibet, but its other economic activities with India are not likely to be affected. The extension of the old agreement assures the continuation of present trade relations, and China can be expected to continue its efforts to capture an increasing share of the Indian market.","Communist China may step up its harassment of Indian trad- ers dealing with Tibet, but its other economic activities with India are not likely to be affected. The extension of the old agreement assures the continuation of present trade relations, and China can be expected to continue its efforts to capture an increasing share of the Indian market.",PASS,0.965517,0.982456,0.973913,PASS,365,0.26259,0.089479,1.0,58,58,R1
CIA-RDP79T00975A004500140001-6:8.1.0,headline,final_0784_31cc27965d,ASSIGNED_FULL,later_pdf_word_coordinates,False,"The uprising allegedly would be similar to the recent Nyasaland revolt and Mau Mau terrorism in Kenya. Police have a lengthy list of suspects but are unable to identify anyone as a likely instigator, despite an extensive canvass.","The uprising allegedly would be similar to the recent Nyasaland revolt and Ma_u Mau terrorism in Kenya. Police have a lengthy list of suspects but are unable to identify anyone as a likely instigator, despite an extensive canvas\s_Q",PASS,0.878049,0.947368,0.911392,PASS,1794,0.819178,0.077691,1.0,38,38,R2
CIA-RDP79T00975A004500150001-5:9.0.0,headline,final_0785_1b7cb119dc,ASSIGNED_FULL,later_pdf_word_coordinates,False,but a medical specialist has been called in from the United States.,but a medical specialist has been called in from the United States.,PASS,1.0,1.0,1.0,PASS,1991,0.859301,0.082434,1.0,12,12,R1
CIA-RDP79T00975A004500160001-4:4.2.0,headline,final_0786_82887572f3,ASSIGNED_FULL,later_pdf_word_coordinates,False,"As the seriousness of Duvalier's illness becomes known, however,","the seriousness of Duvalier‘s illness be- //V////4 57% comes known, however,",PASS,0.5,0.6,0.545455,PASS,888,0.606143,0.083855,0.818182,9,11,R3
CIA-RDP79T00975A004500160001-4:7.0.0,headline,final_0787_2a4386261f,ASSIGNED_FULL,later_pdf_word_coordinates,False,"In addition to Djuanda's statement, army leaders have hinted throughout the period of debate that if necessary they would take action to impose the constitution.","In addition to Djuandafs statement, army leaders have hinted throughout the period of debate that if necessary they would take action to impose the constitution.",PASS,0.96,0.923077,0.941176,PASS,1955,0.837259,0.080495,1.0,25,25,R2
CIA-RDP79T00975A004500160001-4:9.0.0,headline,final_0788_e3a50e007c,ASSIGNED_FULL,later_pdf_word_coordinates,False,"The gravity of the 51-year-old President's condition, now known only to a limited number of high government officials, is likely to touch off a sharp power struggle when it becomes general knowledge, and there is little chance for an orderly or constitutional transfer of power.","[The gravity of the 51-year-old President's condition, now known only to a limited number of high government officials, is likely to touch off a sharp power struggle when it becomes gen- eral knowledge, and there is little chance for an orderly or con- stitutional transfer of power.",PASS,0.92,0.958333,0.938776,PASS,1778,0.815971,0.080291,1.0,47,47,R3
CIA-RDP79T00975A004500190001-1:8.0.0,partial_C,final_0789_9b16def4eb,ASSIGNED_FULL,later_pdf_word_coordinates,False,"Revolutionary action was reportedly being planned at the same time by non-Communist groups,","Revolutionary action was reportedly bein planned at the same time by non- Communist groups,",PASS,0.928571,0.928571,0.928571,PASS,1361,0.726642,0.080326,1.0,14,14,R1
CIA-RDP79T00975A004500200001-9:3.0.0,headline,final_0790_3c0e8776c2,ASSIGNED_FULL,later_pdf_word_coordinates,False,"The Soviet member of the movement's permanent secretariat is reported to have charged that a 27 May meeting of the ""Anti-Colonial Conference"" in Cairo was arranged by the UAR ""to attack Russia.""","The Soviet member of the movement's permanent secretariat is reported to have charged that a 27 May meeting of the ""Anti-Colonial Conference"" in Cairo was arranged by the UAR ""to attack Russia.""",PASS,1.0,1.0,1.0,PASS,1189,0.685698,0.083933,1.0,32,32,R1
CIA-RDP79T00975A004500200001-9:6.0.1,partial_B,final_0791_8567d47957,ASSIGNED_FULL,later_pdf_word_coordinates,False,"that the meeting on 27 May in Cairo of the ""Anti-Colonial Conference"" had been arranged by the UAR ""to attack Russia."" Earlier, the Soviet and Chinese Communist members of the secretariat were reliably reported to have frustrated UAR efforts to enlist Afro-Asian support for Nasir's campaign against Iraq.","that the meetin 8 on 27 Ma Y in Cairo of the ""Anti- Colonial Conference"" had been arranged by the UAR ""to attack Russian Earlier, the Soviet and Chinese Communist members of the secretariat were reliably reported to have frustrated UAR efforts to enlist Afro-Asian support for Nasir's campaign against Iraq.",PASS,0.90566,0.941176,0.923077,PASS,1650,0.812808,0.075832,1.0,51,51,R2
CIA-RDP79T00975A004500240001-5:12.0.1,box_hid_more,final_0793_1a7acf8de1,ASSIGNED_FULL,later_pdf_word_coordinates,False,Frondizi plans to release to the press copies of monitored Bulgarian telegraph messages which presumably will link the legation to domestic disorders.,"(grondizi plans to release to the press copies of monitored Bulg rian telegraph messages which presumably will link the legation to domestic disorders,",PASS,0.869565,0.909091,0.888889,PASS,1296,0.728909,0.076073,1.0,23,23,R1
CIA-RDP79T00975A004500240001-5:5.1.0,headline,final_0792_836c4cce21,ASSIGNED_FULL,later_pdf_word_coordinates,False,"Meanwhile, certain disgruntled military officers and retired officers are plotting a revolution to take place during June and July.","Meanwhile, certain disgruntled military officers and G ﬁt retired of icers are plotting a revolution to take place during l’1:;?;'3;’-é June and",PASS,0.708333,0.894737,0.790698,PASS,1206,0.727382,0.089512,0.954545,21,22,R2
CIA-RDP79T00975A004500250001-4:8.0.0,headline,final_0794_44381c636c,ASSIGNED_FULL,later_pdf_word_coordinates,False,"The national leadership of the Congress party has instructed the Kerala branch not to participate officially in the school demonstrations, but has consented to the opposition front's political agitation on condition that it remain nonviolent.","@he national leadership of the Congress party has instructed the Kerala branch not to participate officially in the school demonstrations, but has consented to the opposition front's po- litical agitation on condition that it remain nonviolent,",PASS,0.918919,0.944444,0.931507,PASS,1642,0.792854,0.077538,1.0,36,36,R1
CIA-RDP79T00975A004500250001-4:8.1.0,headline,final_0794_44381c636c,ASSIGNED_FULL,later_pdf_word_coordinates,False,"A section of the national Communist leadership reportedly argued at a recent party conclave in Kerala in favor of resignation of the Communist government, on grounds that its conduct had already had a detrimental effect on the party in the rest of India and that the forceful measures needed to contain the coming agitation would further damage Communist prestige.","A section of the national Communist leadership reportedly argued at a recent party concla.ve in Kerala in favor of resignation of the Communist government, on 5 grounds that its conduct had already had a detrimental effect on the party in the rest of India and that the forceful measures needed to contain the coming agitation would further -damage Communist prestige§",PASS,0.95082,0.983051,0.966667,PASS,1642,0.792854,0.077538,1.0,60,60,R2
CIA-RDP79T00975A004500260001-3:3.1.0,headline,final_0795_c9e1792177,ASSIGNED_FULL,later_pdf_word_coordinates,False,"according to American oil company officials. This estimate covers only one field, although oil has been discovered in five other areas.","ff‘ ici “al s Th‘ is e sti m at e covers only one fi ‘e1 d, although oil has been discovered in five other areas.",PASS,0.461538,0.571429,0.510638,PASS,502,0.374069,0.101486,1.0,26,26,R2
CIA-RDP79T00975A004500270001-2:6.0.0,headline,final_0796_3a34cc27e2,ASSIGNED_FULL,later_pdf_word_coordinates,False,"confusion and bitterness in West German politics resulting from Adenauer's decision to remain as chancellor,","confusion and bitterness in West German politics resulting from Adenauer's decision to remain as chancel- lor,",PASS,0.882353,0.9375,0.909091,PASS,1707,0.825435,0.071224,1.0,16,16,R1
CIA-RDP79T00975A004500290001-0:5.0.1,partial_B,final_0797_dd568664aa,ASSIGNED_FULL,later_pdf_word_coordinates,False,noted this was the first time the USSR had even mentioned a continuation of Western occupation rights in West Berlin. He said Moscow definitely has no intention of breaking off the talks.,noted this wasifhe first—time the USSR had even mentioned a continuation of Western occupation rights in West Berlin. He said Moscow def- initely has no intention of breaking off the talks.,PASS,0.870968,0.84375,0.857143,PASS,1775,0.82712,0.073308,1.0,31,31,R2
CIA-RDP79T00975A004500290001-0:5.0.2,partial_B,final_0797_dd568664aa,ASSIGNED_FULL,later_pdf_word_coordinates,False,the Soviet leaders want the conference to continue and are opposed to any recess.,\t.he Soviet ea ers wan the conference to continue and are opposed to any recess.,PASS,0.6875,0.785714,0.733333,PASS,1775,0.82712,0.073308,1.0,15,15,R2
CIA-RDP79T00975A004500290001-0:5.0.3,partial_A,final_0797_dd568664aa,ASSIGNED_FULL,later_pdf_word_coordinates,False,Moscow might agree to double or even triple the one-year time limit.,\Moscow might agree to double or even triple the one-year time limit.,PASS,1.0,1.0,1.0,PASS,1775,0.82712,0.073308,1.0,12,12,R2
CIA-RDP79T00975A004500300001-8:6.1.0,partial_A,final_0798_94e5ede531,ASSIGNED_FULL,later_pdf_word_coordinates,False,Portuguese security authorities in mid-May suggested to the government the establishment of prison facilities in the Azores to house natives from the overseas African provinces who engage in subversive activities.,‘Portuguese secu- rity authorities in mid- May suggested to the government the establishment of prison facilities in the.Azores to house natives from the overseas African provinces who engage in subversive activitie§,PASS,0.90625,0.935484,0.920635,PASS,1121,0.714468,0.084464,1.0,31,31,R3
CIA-RDP79T00975A004500330001-5:5.0.0,partial_A,final_0799_1eb6c636f3,ASSIGNED_FULL,later_pdf_word_coordinates,False,"The group of five generals reportedly also demanded that Frondizi alter his labor policies to relieve the army of strike-breaking duties and other tasks that ""place the military in a bad light."" They may attempt to force demobilization of the country's railway workers and will probably press for evacuation of army forces from strike-threatened power plants in the interior.","The group of five generals reportedly l also demanded that Frondizi alter his labor policies to relieve the army of strike-breaking duties and other tasks that ""place the m il1t ary in a b a d l1 'gh t‘ Th ey may attempt to force demobiliza- tion of the country's railway workers and will probably press for evacuation of ar e-thneatenednoower plants in the interior,",PASS,0.75,0.822581,0.784615,PASS,1310,0.714675,0.091713,1.0,65,65,R1
CIA-RDP79T00975A004500330001-5:8.0.0,partial_C,final_0800_aebb9e6f94,ASSIGNED_FULL,later_pdf_word_coordinates,False,"Enrique Jimenez, a Dominican who served as an officer in Castro's guerrilla army during the Cuban civil war and has since been in charge of training Dominican exiles in Cuba with the backing of a Communist-controlled Dominican exile union (UPD), is in the Dominican Republic with a small armed group,","Enrique Jimenez, a Dominican who served as an officer in Castro's guerrilla army during the Cuban civil war and has since been in charge of training Dominican exiles in Cuba. with the backing of a Communist-controlled Dominican exile union (UPD),' is in the Dominican Republic with a small armed group,",PASS,1.0,1.0,1.0,PASS,1830,0.814782,0.084484,1.0,50,50,R1
CIA-RDP79T00975A004500330001-5:9.0.0,headline,final_0801_cb8d3a2d60,ASSIGNED_FULL,later_pdf_word_coordinates,False,"a rash and unstable man,","a rash and unstable man,",PASS,1.0,1.0,1.0,PASS,1938,0.848883,0.085424,1.0,5,5,R1
CIA-RDP79T00975A004500340001-4:4.0.0,partial_A,final_0802_960b563b8d,ASSIGNED_FULL,later_pdf_word_coordinates,False,Castro promised financial assistance and Cuban troops to fight in Nicaragua.,Castro promised financial assistance and Cuban troops to ﬁszht in Nicaraguaq,PASS,0.818182,0.818182,0.818182,PASS,1869,0.830298,0.10086,1.0,11,11,R2
CIA-RDP79T00975A004500340001-4:8.0.0,headline,final_0803_e3c1a7a738,ASSIGNED_FULL,later_pdf_word_coordinates,False,"Two opposition factions in Haiti are planning to step up terrorist activities against the shaky Duvalier regime. The two groups, followers of exiled political leaders Daniel Fignolé and Louis Dejoie, in recent weeks have staged bombings and other public disorders which aggravated the already unstable political situation.","Two opposition factions in Haiti are planning to step up terrorist activities against the shaky Duvalier regime. The two groups, followers of exiled political leaders Daniel Fignolé and Louis Dejoie, in recent weeks have staged bomb- ings and other public disorders which aggravated the already un- stable political situation.",PASS,0.918367,0.957447,0.9375,PASS,1828,0.820835,0.088695,1.0,49,49,R1
CIA-RDP79T00975A004500340001-4:9.0.0,partial_A,final_0804_9dde47e412,ASSIGNED_FULL,later_pdf_word_coordinates,False,"Castro has promised $100,000 to $150,000 and ""a large number of Cuban troops to fight in Nicaragua,"" according to a rebel emissary who returned to Costa Rica on 15 June from a hurried trip to Cuba.","Castro has promised $100,000 to $150,000 and ""a large number of Cuban troops to fight in Nicaragua,"" according to a rebel emissary who returned to Costa Rica on 15 June from a hurried trip to Cuba.",PASS,1.0,1.0,1.0,PASS,998,0.608908,0.079404,1.0,36,36,R1
CIA-RDP79T00975A004500340001-4:9.0.1,partial_B,final_0804_9dde47e412,ASSIGNED_FULL,later_pdf_word_coordinates,False,"the Nicaraguan rebel leader who apparently sent the emissary to seek Castro's aid, had earlier told the Costa Rican foreign minister that he had launched the invasions without Cuban help since he felt Castro's terms would have made him a mere puppet.","Nicaraguan rebel leader who apparently sen e emissary 0 seek Castro's aid, had earlier told the Costa Rican foreign minister that he had launched the invasions without Cuban help since he felt Castro's terms would have made him a mere puppet.",PASS,0.930233,0.909091,0.91954,PASS,998,0.608908,0.079404,1.0,41,41,R1
CIA-RDP79T00975A004500340001-4:9.1.0,partial_B,final_0804_9dde47e412,ASSIGNED_FULL,later_pdf_word_coordinates,False,appears inclined also to accept support from Communists and from pro-Communist revolutionary groups throughout the Caribbean.,‘appears inclined also to accept support from Communists and from pro-Communist revolutionary groups throu hout the Caribbean.,PASS,0.888889,0.941176,0.914286,PASS,998,0.608908,0.079404,1.0,17,17,R2
CIA-RDP79T00975A004500340001-4:9.1.1,partial_D,final_0804_9dde47e412,ASSIGNED_FULL,later_pdf_word_coordinates,False,asked Costa Rican Communist leader Manuel Mora to draft a document on the policies of a post-revolutionary Nicaraguan government. The Costa Rican Communist party resolved on 6 June to fully support the Nicaraguan revolution. Nicaraguan university students in Costa Rica,Costatftican Communisﬁeader Manuel Mora to draft a document on the policies of a post-revolutionary Nicara- guan government. The Costa. Rican Communist party resolved on 6 June to fully support the Nicara an revolution. Nicaraguan university students in Costa Rica?“,PASS,0.85,0.829268,0.839506,PASS,998,0.608908,0.079404,1.0,39,39,R2
CIA-RDP79T00975A004500340001-4:9.1.2,partial_B,final_0804_9dde47e412,ASSIGNED_FULL,later_pdf_word_coordinates,False,"to be expecting a new revolutionary offensive in Nicaragua, this time with considerable Communist participation.","to be expecting a new revolutionary of fensive in Nicaragua, this time with considerable Communist participation.",PASS,0.875,0.933333,0.903226,PASS,998,0.608908,0.079404,1.0,16,16,R2
CIA-RDP79T00975A004500340001-4:9.2.0,partial_A,final_0804_9dde47e412,ASSIGNED_FULL,later_pdf_word_coordinates,False,"On 18 June, Costa Rican units were preparing an attempt to compel this group to surrender.","18 June, Costa Rican units were reparing an attempt to compel this group to surrender.",PASS,0.933333,0.875,0.903226,PASS,998,0.608908,0.079404,1.0,15,15,R3
CIA-RDP79T00975A004500360001-2:11.0.0,headline,final_0806_1599916779,ASSIGNED_FULL,later_pdf_word_coordinates,False,Diaz Lanz' half brother approached the US Embassy on 1 June for an opinion as to whether anti-Communist Cuban officers should go into exile or remain to resist Raul Castro's policies favoring the Communists.,Diaz Lanz' half brother approached the US Embassy on 1 June for an opinion as to whether anti-Communist Cuban officers should go into exile or remain to resist Raul Castro's policies fa- voring the Communists.,PASS,0.945946,0.972222,0.958904,PASS,1761,0.80854,0.074645,1.0,35,35,R2
CIA-RDP79T00975A004500360001-2:3.0.0,partial_C,final_0805_02c27c8de6,ASSIGNED_FULL,later_pdf_word_coordinates,False,"The field, the largest in Western Europe, ""closely resembles the great fields of California and Venezuela,""","The field, the largest in Western Europe, ""closely resembles the great fields of California and Venezuela,""",PASS,1.0,1.0,1.0,PASS,2044,0.849543,0.08322,1.0,16,16,R2
CIA-RDP79T00975A004500370001-1:10.0.0,headline,final_0807_1536034aac,ASSIGNED_FULL,later_pdf_word_coordinates,False,"He privately acknowledges, however, that Britain would not have to make good on its offer since France is unlikely to accept such a proposal.","He privately acknowledges, y however, that Britain would not have to make goo on its offer since France is unlikely to accept such a proposals",PASS,0.88,0.916667,0.897959,PASS,1705,0.833333,0.088673,1.0,25,25,R1
CIA-RDP79T00975A004500380001-0:10.0.0,partial_B,final_0808_db660850d7,ASSIGNED_FULL,later_pdf_word_coordinates,False,"the armed forces have generally lacked interest in a coup and supported the announced policies of the government, but have been dissatisfied with their execution and with certain government functionaries.","‘the armed forces‘have generally lacked interest in a coup and supported the announced policies of the government, but have been dissatisfied with their execution and with certain government functionaries.",PASS,0.965517,0.933333,0.949153,PASS,1559,0.786976,0.108885,1.0,29,29,R1
CIA-RDP79T00975A004500380001-0:10.0.1,partial_B,final_0808_db660850d7,ASSIGNED_FULL,later_pdf_word_coordinates,False,"failure to satisfy the military on these two points, combined with factionalism and weakened discipline, could cause the overthrow of Frondizi.","to satisfy the military on these two points, com- bined with factionalism and weakened discipline, could cause the 2 overthrow of Frondizi.) I",PASS,0.826087,0.904762,0.863636,PASS,1559,0.786976,0.108885,1.0,23,23,R1
CIA-RDP79T00975A004500380001-0:11.0.0,headline,final_0809_f04835ebe8,ASSIGNED_FULL,later_pdf_word_coordinates,False,"They told an American newsman that the government is planning new talks with the IMF, but that it does not plan any substantial revision of the exchange-reform program rejected by the IMF in late May.","They told an American newsman that the government is planning new talks with the IMF, but that it does not plan any substantial re- vision of the exchange-reform program rejected by the IMF in late May}",PASS,0.945946,0.972222,0.958904,PASS,1673,0.824951,0.093598,1.0,36,36,R1
CIA-RDP79T00975A004500410001-6:10.1.0,headline,final_0812_c153be7790,ASSIGNED_FULL,later_pdf_word_coordinates,False,"Former Costa Rican President Figueres, who backed the abortive early June attack on Nicaragua led by anti-Communists, now feels that ""all is lost to Communism"" in Nicaragua as the anti-Somoza forces turn to Cuba for support and accept Communist backing.","Former Costa Rican President Figueres, who backed the abortive early June attack on Nicaragua led by anti-Communists, nowfeels that ""all is lost to Communism"" in Nicaragua as the anti-Somoza forces turn to Cuba for support and accept Communist backing.",PASS,0.97561,0.952381,0.963855,PASS,1684,0.809615,0.070226,1.0,39,39,R2
CIA-RDP79T00975A004500410001-6:11.0.0,partial_A,final_0813_8b4b1c15ba,ASSIGNED_FULL,later_pdf_word_coordinates,False,"The Venezuelan coalition of President Betancourt, implacable enemy of Trujillo, has also shown signs of strain. Rumors of armed forces plotting and dissension have been renewed recently.","The Venezuelan coalition of President Betancourt, implacable enemy of Trujillo, has also shown signs of strain, Rumors of armed forces plotting and dissension have been renewed recently.",PASS,1.0,1.0,1.0,PASS,2033,0.846026,0.072487,1.0,27,27,R1
CIA-RDP79T00975A004500410001-6:4.0.0,headline,final_0810_b2ef6dd5d9,ASSIGNED_FULL,later_pdf_word_coordinates,False,and President Betancourt of Venezuela,and Pres- ident Betancourt of Venezuela,PASS,0.666667,0.8,0.727273,PASS,1657,0.84584,0.08244,1.0,6,6,R3
CIA-RDP79T00975A004500410001-6:6.0.0,partial_C,final_0811_1811f199c3,ASSIGNED_FULL,later_pdf_word_coordinates,False,"Soviet Ambassador Karavaev told high Ethiopian officials early in June that a broad selection of proposals for educational, economic, agricultural, and military assistance would be presented during Emperor Haile Selassie's official visit to the USSR scheduled to begin on 29 June,","Soviet Ambassador Karavaev told high Ethiopian officials early in June that a broad selection of proposals for educa- tional, economic, agricultural, and military assistance would be presented during Emperor Haile Selassie's official visit to the USSR scheduled to begin on 29 June,\",PASS,0.953488,0.97619,0.964706,PASS,1670,0.763603,0.082399,1.0,42,42,R1
CIA-RDP79T00975A004500410001-6:6.0.1,partial_A,final_0811_1811f199c3,ASSIGNED_FULL,later_pdf_word_coordinates,False,Moscow was particularly interested in undercutting US military assistance and eliminating the US military installation at Kagnew near Asmara.,Moscow was particularly inter- ested in undercutting US military assistance and eliminating the US military installation at Kagnew near Asmara.,PASS,0.9,0.947368,0.923077,PASS,1670,0.763603,0.082399,1.0,20,20,R1
CIA-RDP79T00975A004500430001-4:6.0.0,headline,final_0814_b97998ce3b,ASSIGNED_FULL,later_pdf_word_coordinates,False,but recent reports suggest some improvement.,"but recent reports suggest some improvement,",PASS,1.0,1.0,1.0,PASS,2588,0.864973,0.080294,1.0,6,6,R3
CIA-RDP79T00975A004600070001-3:10.0.0,partial_A,final_0815_a0fc4518ae,ASSIGNED_FULL,later_pdf_word_coordinates,False,"Souphannouvong charged that over 300 of his followers had been systematically executed. He claimed that his party was strong, popular, and had solid foreign support.","Souphannouvong charged that over 300 of his followers had been systematically executed. He claimed that his party was strong, popular, and had solid foreign support?",PASS,1.0,1.0,1.0,PASS,3803,0.941803,0.055882,1.0,25,25,R2
CIA-RDP79T00975A004600080001-2:12.0.1,box_hid_more,final_0816_6925aab1fb,ASSIGNED_FULL,later_pdf_word_coordinates,False,"Although a high British official in Trinidad has stated that Williams is paranoiac,","(Although a high British official in Trinidad has stated that Williams is paranoiac,",PASS,1.0,1.0,1.0,PASS,3490,0.930667,0.056473,1.0,13,13,R1
CIA-RDP79T00975A004600140001-5:6.0.0,partial_A,final_0817_3e2c4455cb,ASSIGNED_FULL,later_pdf_word_coordinates,False,Western rights would be maintained during renewed negotiations in the event the all-German committee failed to reach agreement. Deputy Foreign Minister Zorin has given similar assurances to the West German ambassador.,\Western rights would be maintained during renewed negotiations in the event the all- German committee failed to reach agreement. Deputy Foreign Minister Zorin has given similar assurances to the West German ambassador},PASS,1.0,1.0,1.0,PASS,3332,0.918159,0.054322,1.0,32,32,R4
CIA-RDP79T00975A004600190001-0:7.0.0,headline,final_0818_fbd518b76d,ASSIGNED_FULL,later_pdf_word_coordinates,False,was reported to suspect that Pakistan had a hand in this incident.,Eas reported to suspect that Pakistan had a hand in this incident.,PASS,0.916667,0.916667,0.916667,PASS,3763,0.929825,0.054617,1.0,12,12,R1
CIA-RDP79T00975A004600270001-1:11.0.0,partial_A,final_0819_b24396d9af,ASSIGNED_FULL,later_pdf_word_coordinates,False,The regional military commander has reported he is unable to send even small numbers of troops at present to help Sam Neua.,The regional military commander has reported he is unable to send even small numbers of troops at present to help Sam Neua;,PASS,1.0,1.0,1.0,PASS,2662,0.83737,0.069499,1.0,22,22,R1
CIA-RDP79T00975A004600300001-7:10.0.0,partial_A,final_0820_f14c1a9889,ASSIGNED_FULL,later_pdf_word_coordinates,False,"A group of military and police officers which had been actively considering some form of coup action reportedly suspended its planning in mid-July, despite its estimate that the government would survive the budget vote. With the wave of leftist-led strikes virtually settled, the conservative leaders apparently felt there was no longer sufficient justification for action.","llgroup of military and police officers which had been ac- tively considering some form of coup action reportedly suspended its planning in mid-July, despite its estimate that the government would survive the budget vote. With the wave of leftist-led strikes virtually settled, the conservative leaders apparently fe..t there was no longer sufficient justification for action.J",PASS,0.898305,0.929825,0.913793,PASS,3557,0.923896,0.058265,1.0,55,55,R1
CIA-RDP79T00975A004600330001-4:6.0.1,partial_B,final_0821_fcf32a32a1,ASSIGNED_FULL,later_pdf_word_coordinates,False,to be considering plans to oust Ydigoras if the President does not take sufficiently strong measures against the PR.,\to be considering plans to oust Ydigoras if the President does not take sufficiently strong meas- ures against the PR.,PASS,0.9,0.947368,0.923077,PASS,2459,0.853227,0.070435,1.0,20,20,R2
CIA-RDP79T00975A004600370001-0:6.0.1,partial_B,final_0822_70c30e0dec,ASSIGNED_FULL,later_pdf_word_coordinates,False,"ficial of the Spanish Embassy in Ciudad Trujillo to have left the Dominican Republic for Cuba on 9 August. There is no confirmation of this report, and the source did not know the points of departure and destination or the number of men involved.","ficial of the Spanish Embassy in Ciudad Trujillo to have left the Dominican Republic for Cuba on 9 August. There is no confirma- tion of this report, and the source did not know the points of de- parture and destination or the number of men involved.",PASS,0.913043,0.954545,0.933333,PASS,3430,0.923284,0.057236,1.0,46,46,R1
CIA-RDP79T00975A004600380001-9:9.0.0,partial_A,final_0823_bbcfc8352e,ASSIGNED_FULL,later_pdf_word_coordinates,False,"Fear of a Communist takeover in Cambodia was behind covert participation by South Vietnam and Thailand in Dap Chhuon's abortive effort last spring to oust Sihanouk from leadership, and will continue to be a disruptive factor in regional relations.","Fear of a Communist take- over in Cambodia was behind covert participation by South Vietnam and Thailand in Dap Chhuon's abortive effort last spring to oust, Sihanouk from leadership, and will continue to be a disruptive fac- tor in regional relations]",PASS,0.904762,0.95,0.926829,PASS,2650,0.88157,0.05893,1.0,41,41,R3
CIA-RDP79T00975A004600400001-6:9.0.0,headline,final_0824_f8e393a0e8,ASSIGNED_FULL,later_pdf_word_coordinates,False,Communist cadres in Xieng Khouang Province are reliably reported to have marked top provincial officials for assassination and formulated plans for guerrilla operations.,Cgtommunist cadres in Xieng Iﬂiouang Province are reliably repor ed to have marked top provincial officials for tion and formulated plans for guerrilla operations.,PASS,0.791667,0.826087,0.808511,PASS,2952,0.86747,0.047077,1.0,24,24,R1
CIA-RDP79T00975A004600400001-6:9.1.0,headline,final_0824_f8e393a0e8,ASSIGNED_FULL,later_pdf_word_coordinates,False,"British officials profess to be ""flabbergasted"" over India's ""reasonableness"" on Laos and on the status of the Cambodian International Control Commission since the beginning of the current crisis. New Delhi, apparently following British suggestions that it improve relations with the Royal Laotian Government, has been less critical of US efforts to strengthen the Laotian Army than had been anticipated.","British officials profess to be ""flabbergasted"" over India's ""reasonable- ness"" on Laos and on the status of the Cambodian International Control Commission since the beginning of the current crisis. New Delhi, apparently following British suggestions that it im- prove relations with the Royal Laotian Government, has been less critical of US efforts to strengthen the Laotian Army than had been anticipated.",PASS,0.935484,0.966667,0.95082,PASS,2952,0.86747,0.047077,1.0,61,61,R2
CIA-RDP79T00975A004600410001-5:6.0.0,partial_B,final_0825_51ac513bc0,ASSIGNED_FULL,later_pdf_word_coordinates,False,"if Khrushchev's current policy of ""detente"" with the US is not successfully challenged by those members of the Soviet hierarchy who favor a harder line, and if the Khrushchev-Eisenhower talks result in an apparent easing of international tension, the present leadership in Sofia cannot continue in power.","if Khrushchev's current policy of ""detente"" with the US is not successfully challenged by those members of the Soviet hierarchy who favor a harder line, and if the Khrushchev-Eisenhower talks result in an apparent easing of international tension, the present leader- ship in Sofia cannot continue in power]",PASS,0.96,0.979592,0.969697,PASS,2318,0.816197,0.064609,1.0,48,48,R4
CIA-RDP79T00975A004600430001-3:6.0.0,partial_A,final_0826_be1d38b827,ASSIGNED_FULL,later_pdf_word_coordinates,False,"The Japanese reportedly are pleased that the negotiations have been resumed but are skeptical that they will succeed. While Tokyo hopes to achieve the limited objective of an exchange of detainees, it would not be likely to cancel the repatriation to North Korea in order to accomplish this.","The Japanese reportedly are pleased that the negotiations have been resumed but are skeptical that they will succeed. While Tokyo hopes to achieve the limited objective of an ex- change of detainees, it would not be likely to cancel the re- patriation to North Korea in order to accomplish this.",PASS,0.92,0.958333,0.938776,PASS,2609,0.858789,0.071229,1.0,50,50,R1
CIA-RDP79T00975A004600440001-2:10.1.0,headline,final_0828_5b4da35296,ASSIGNED_FULL,later_pdf_word_coordinates,False,"During recent weeks he has reportedly considered several courses of action, including rearresting Lim, or sending him to Europe to study trade-union activities.","During recent weeks he has reportedly considered several courses of action, including rearresting Lim, or sending him to Europe to study trade-union activitiesi]",PASS,0.958333,0.958333,0.958333,PASS,2396,0.859397,0.084602,1.0,23,23,R3
CIA-RDP79T00975A004600440001-2:3.0.0,partial_A,final_0827_adbdf4c619,ASSIGNED_FULL,later_pdf_word_coordinates,False,This report is considered probably true both as regards the raid and the subject under Communist discussion.,This report is considered probably true both as regards the raid and the subject under Communist discussion.‘,PASS,1.0,1.0,1.0,PASS,3448,0.914589,0.055344,1.0,17,17,R4
CIA-RDP79T00975A004600460001-0:10.0.0,headline,final_0830_d696248bd3,ASSIGNED_FULL,later_pdf_word_coordinates,False,"In early August some officials, impressed with the difficulties of dealing with Williams, seemed intent on undermining him. Since then,","In early August some of- ficials, impressed with the difficulties of dealing with Williams, seemed intent on undermining him. Since then,",PASS,0.904762,0.95,0.926829,PASS,3367,0.910246,0.057359,1.0,21,21,R2
CIA-RDP79T00975A004600460001-0:7.0.0,partial_C,final_0829_8fdfea93c9,ASSIGNED_FULL,later_pdf_word_coordinates,False,"Representatives of foreign Communist parties are reported to have arrived in Djakarta for the meeting, but","Representatives of foreign Com- munist parties are reported to have arrived in Djakarta for the meeting, but",PASS,0.882353,0.9375,0.909091,PASS,2538,0.864441,0.076744,1.0,17,17,R1
CIA-RDP79T00975A004600470001-9:6.0.0,partial_A,final_0831_ad468a80fa,ASSIGNED_FULL,later_pdf_word_coordinates,False,"As a VIP flight left Hanoi for Peiping on 18 August, and as Dong has not been reported attending any public function during the last week, the report may be true.","As a VIP flight left Hanoi for Peiping on 18 August, and as Dong as not been reported attending any public function during the last ween, the report may be true.",PASS,0.935484,0.935484,0.935484,PASS,4126,0.948506,0.044553,1.0,31,31,R2
CIA-RDP79T00975A004600470001-9:8.0.0,headline,final_0832_c5cfb5a4e5,ASSIGNED_FULL,later_pdf_word_coordinates,False,"Socialist leader Mollet told an American official on 20 August that De Gaulle has a ""liberal and farsighted outlook"" on Algeria and is only seeking the means of putting his point of view over to his cabinet, the army, the people, and the UN.","Socialist leader Mollet told an American official on 20 August that De Gaulle has a ""liberal and farsighted outlook"" on Algeria and is only seeking the me ans of putting his point of view over to his cabinet, the army, the people, and the",PASS,0.954545,0.954545,0.954545,PASS,2701,0.87411,0.064191,1.0,44,44,R2
CIA-RDP79T00975A004600510001-4:10.0.0,partial_A,final_0833_a27b7ed7fc,ASSIGNED_FULL,later_pdf_word_coordinates,False,This activity has been accompanied by South Korean clandestine activities in Japan designed to obstruct repatriation plans.,"This activity has been accompanied by South Korean clandestine activities in Japan designed to obstruct repatriation pla£TJ\ _S‘E'€REi1""—",PASS,0.842105,0.941176,0.888889,PASS,2467,0.86744,0.07081,1.0,18,18,R2;R3
CIA-RDP79T00975A004600520001-3:10.3.0,partial_A,final_0834_f45ad4d9bc,ASSIGNED_FULL,later_pdf_word_coordinates,False,"The diplomat's remarks suggest a blunderbuss attempt to intimidate the West, rather than an actual delineation of Peiping's intentions.","Elie diplomat's remarks suggest a blunderbuss attempt to intimidate the West, rather than an actual delineation of Peiping's intentions.",PASS,0.952381,0.952381,0.952381,PASS,3315,0.903024,0.059437,1.0,19,19,R4
CIA-RDP79T00975A004700160001-2:9.0.0,headline,final_0835_a1be63f388,ASSIGNED_FULL,later_pdf_word_coordinates,False,"He is reported to have told Saud he wanted ""to extend the depth of Jordanian-UAR friendship and cooperation beyond the mere exchange of ambassadors.""","He is reported to have told Saud he wanted ""to extend the depth of Jordanian-UAR friendship and cooperation beyond the mere exchange of ambassadors.""",PASS,1.0,1.0,1.0,PASS,1717,0.816065,0.072225,1.0,24,24,R2;R3
CIA-RDP79T00975A004700180001-0:10.0.1,partial_B,final_0837_3dcc1e8bd3,ASSIGNED_FULL,later_pdf_word_coordinates,False,that he will make it clear that resolution of the South Tirol problem is essential to peace and tranquillity in that part of Europe.,"to have he will make it clear that resolution of the South iro problem‘ is essential to peace and tranquillity in that part of Europe,",PASS,0.88,0.916667,0.897959,PASS,1624,0.803165,0.073392,1.0,25,25,R1
CIA-RDP79T00975A004700180001-0:10.1.0,partial_A,final_0837_3dcc1e8bd3,ASSIGNED_FULL,later_pdf_word_coordinates,False,"Kreisky expects no results from these talks, and, in the event of failure, will attempt to inscribe the issue on the agenda for the UN General Assembly's 1960 session.","Kreisky expects no r ese talks, and, in the event of failure, will attempt to inscribe the issue o 1960 3 ‘SE-GRE-T-",PASS,0.708333,0.566667,0.62963,PASS,1624,0.803165,0.073392,1.0,22,22,R2
CIA-RDP79T00975A004700180001-0:5.0.1,partial_B,final_0836_1f894a9bb2,ASSIGNED_FULL,later_pdf_word_coordinates,False,stated he will make it clear that resolution of the South Tirol problem is essential to the peace of this area of Europe.,he will make it clear that resolution of hasstated the South Tirol problem is essential to the peace of this area of Europe.,PASS,0.956522,0.956522,0.956522,PASS,1170,0.616763,0.105815,1.0,23,23,R1
CIA-RDP79T00975A004700200001-7:10.0.0,partial_A,final_0839_898dd6fe01,ASSIGNED_FULL,later_pdf_word_coordinates,False,"An irregular force known as the ""Black Army"" consisting of some civilian police components and members of the Liberal party is reported being briefed on tactics to be used if conditions worsen.","An irregular force known as the ""Black Army"" consisting of some civilian police components and members of the Liberal party is reported being briefed on tactics to be used if conditions worsen.",PASS,1.0,1.0,1.0,PASS,2007,0.828996,0.077719,1.0,32,32,R2
CIA-RDP79T00975A004700200001-7:7.0.0,headline,final_0838_d8e4ab1b45,ASSIGNED_FULL,later_pdf_word_coordinates,False,British pilots working with the embryo Sudanese Air Force have reportedly been ordered to be ready to fly the few light Sudanese military aircraft if that becomes necessary. The Sudan has only one or two qualified military pilots of its own.,2l3ritish pilots working with the embryo Sudanese Air Forcehave reportedly been ordered to be ready to fly the few light Sudanese military aircraft if that becomes necessary. The Sudan has only one or two qual- ified military pilots of its ow-n.\,PASS,0.857143,0.878049,0.86747,PASS,1999,0.831185,0.076668,1.0,41,41,R1
CIA-RDP79T00975A004700210001-6:10.0.1,partial_A,final_0840_aa09c725a1,ASSIGNED_FULL,later_pdf_word_coordinates,False,"Communist party members were making bomb casings and other weapons in railway shops in the provinces of Entre Rios and Corrientes for later shipment to other large cities.) Considerably before the present 48-hour strike was scheduled, Peronista exiles in Bolivia talked about the joint Peronista strike plans, saying an armed attack against the Frondizi government would follow in October.","\C0mmunist party members were mak- ing bomb casings and other weapons in railway shops in the inces of Entre Rios and Corrientes for later shipment to other large cities) Considerably before the present 48-hour strike was scheduled, Peronista exiles in ‘Bolivia talked about the joint Peronista strike plans, saying an armed attack against the Fron- dizi government would follow in October.",PASS,0.903226,0.933333,0.918033,PASS,1716,0.810581,0.084972,0.983607,60,61,R2;R3
CIA-RDP79T00975A004700220001-5:3.0.1,partial_B,final_0841_e05a241d88,ASSIGNED_FULL,later_pdf_word_coordinates,False,planning to remain in Conakry as TASS correspondent to establish an office for news-gathering throughout West Africa.,is to remain in Conakry as TASS correspondent to es- ﬁplanning a ish an office for news-gathering throughout West Africag,PASS,0.714286,0.833333,0.769231,PASS,1427,0.788398,0.082844,1.0,20,20,R2
CIA-RDP79T00975A004700220001-5:7.0.0,partial_B,final_0842_acbf4d005d,ASSIGNED_FULL,later_pdf_word_coordinates,False,one Soviet delegate will remain in Conakry to establish a TASS office for news-gathering throughout West Africa. Pravda's correspondent and Peiping's NCNA representative in Accra are both accredited to Guinea.,one Soviet delegate will re- main in Conakry to establish a TASS office for news-gathering throughout West Africa. Pravda's correspondent and Peiping's NQNA representative in Accra are both accredited to Guineas,PASS,0.882353,0.909091,0.895522,PASS,1793,0.820971,0.080614,1.0,31,31,R1
CIA-RDP79T00975A004700220001-5:8.0.1,partial_D,final_0843_840fbecc45,ASSIGNED_FULL,later_pdf_word_coordinates,False,"there has been no real foreign military intervention in Laos and that Laos' appeal to the UN was possibly inspired by the policy aims of ""a certain large power""--presumably a reference to the United States","Ffhere has been no real foreign military intervention in Laos and that Laos’ appeal to the UN was possibly inspired by the policy aims of ""a certain lar e ower""-- ﬁihe US,",PASS,0.8125,0.722222,0.764706,PASS,1476,0.769953,0.076662,1.0,32,32,R1
CIA-RDP79T00975A004700220001-5:8.0.2,partial_B,final_0843_840fbecc45,ASSIGNED_FULL,later_pdf_word_coordinates,False,"the US, France, and Britain should do their utmost to maintain a united front and avoid giving conflicting opinions to subcommittee members.","US, France, ancFBritain should do eir utmost to maintain a united front a ing opinions to subcommittee members.",PASS,0.777778,0.636364,0.7,PASS,1476,0.769953,0.076662,1.0,18,18,R1
CIA-RDP79T00975A004700220001-5:8.0.3,partial_B,final_0843_840fbecc45,ASSIGNED_FULL,later_pdf_word_coordinates,False,action runs counter to assurances of French Embassy members that they would do everything possible to help the Laotian Government present its case to the subcommittee.,action runs counter to assuranc members that they would do everything possible to help the Lao- tian Government present its case to the subcommittee},PASS,0.875,0.807692,0.84,PASS,1476,0.769953,0.076662,1.0,24,24,R1
CIA-RDP79T00975A004700230001-4:4.1.0,headline,final_0844_c891409291,ASSIGNED_FULL,later_pdf_word_coordinates,False,He has suggested that Army Commander General Ouane take charge of the police.,He has suggested that Army Commander General Ouane take charge of the police.,PASS,1.0,1.0,1.0,PASS,1450,0.810056,0.07076,1.0,13,13,R3
CIA-RDP79T00975A004700270001-0:10.0.0,partial_B,final_0846_faad0a004b,ASSIGNED_FULL,later_pdf_word_coordinates,False,"tested source reports that the Cuban Government will economize by reducing the army from its present 30,000-35,000 to 15,000 ""select and trusted"" troops. Discharges already made are causing much discontent because unemployment is unusually high.","tested source reports that the Cuban Government will econo- mize by-reducirxsthe armyfrom its present 30,000-35,000 to 15,000 '1’select and trusted"" troops. Discharges already made are causing much discontent because unemployment is unusual- 1y",PASS,0.815789,0.794872,0.805195,PASS,1915,0.841019,0.072201,1.0,33,33,R1
CIA-RDP79T00975A004700270001-0:5.0.0,partial_A,final_0845_f1b847abf8,ASSIGNED_FULL,later_pdf_word_coordinates,False,"Chinese Communist tenth anniversary celebration, attacked the UAR's anti-Communist policies. Peiping has repeatedly shown its irritation with Cairo's anti-Communist campaign and with UAR criticism of Chinese action in Tibet. The UAR press has reprimanded the Chinese Communist Government for allowing Bakdash's attack, and the UAR Foreign Ministry has delivered a formal protest to the Chinese ambassador in Cairo.","Chinese Communist tenth anniversary celebration, attacked the UAR‘s anti-Communist policies. Peiping has repeatedly shown its irritation with Cairo’s anti-Communist campaign and with §§§§§§§§§§§§§§§§§§§§§§s UAR criticism of Chinese action in Tibet. The UAR press has reprimanded. the Chinese Communist Government for allowing Bakdash's attack, and the UAR Foreign Ministry has a formal rotest to the Chinese ambassador in Cairo",PASS,0.934426,0.904762,0.919355,PASS,1342,0.728556,0.086074,0.982759,57,58,R1
CIA-RDP79T00975A004700280001-9:4.0.0,partial_D,final_0847_04d04d9867,ASSIGNED_FULL,later_pdf_word_coordinates,False,"the UAR ambassador in Rabat has told Premier Abdallah Ibrahim that Nasir advised the Moroccan Government to enter into closer relations with the United States, saying that Nasir would have no objection to a new agreement for retaining American bases in Morocco. This is an abrupt change in Nasir's past policy of opposing American interests","the UAR ambassador in Rabat has told Premier Abdallah Ibrahim that Nasir advised the Moroccan Govern- ment to enter into closer relations with the United States, saying that Nasir would have no objection to a new agreement for retaining American bases in Morocco. This is an abrupt change in Nasir's past policy of opposing American interests",PASS,0.964912,0.982143,0.973451,PASS,1546,0.789985,0.085492,1.0,56,56,R3
CIA-RDP79T00975A004700280001-9:7.1.0,headline,final_0848_7fd12db855,ASSIGNED_FULL,later_pdf_word_coordinates,False,"Ambassador Mahassin pointed out to Premier Ibrahim that the UAR believes France is the ""real enemy"" of North Africa, and added some critical remarks on the UAR's experience with the USSR and Communist China. Similarly,","Ambassador Mahassin pointed out to Premier Ibrahim that the UAR believes France is the ""real enemy"" of North Africa, and added some critical remarks on the UAR’s experience with the USSR and Communist China. Similarly,",PASS,0.971429,0.944444,0.957746,PASS,1490,0.757884,0.07753,1.0,35,35,R4
CIA-RDP79T00975A004700290001-8:11.0.1,partial_D,final_0849_35c2a61096,ASSIGNED_FULL,later_pdf_word_coordinates,False,"to have offered financial aid to Arevalo. This offer apparently was temporarily declined but,",offered financial aid to Arevalo. This offer aQpar- ﬁtoahave en was temporarily declined. but},PASS,0.785714,0.785714,0.785714,PASS,2028,0.83767,0.078643,1.0,14,14,R2
CIA-RDP79T00975A004700290001-8:11.0.2,partial_B,final_0849_35c2a61096,ASSIGNED_FULL,later_pdf_word_coordinates,False,"a pro-Arevalo politician visiting Cuba in September was given a first installment on a reported $200,000 for his party's ""peaceful civic growth"" and for armed resistance if necessary.","pro-Arevalo politician visiting Cuba in September was given a irst installment on a reported $200,000 for his party's ila and for armed resistance if necessary“)",PASS,0.928571,0.83871,0.881356,PASS,2028,0.83767,0.078643,1.0,25,25,R2
CIA-RDP79T00975A004700300001-6:3.1.1,partial_B,final_0850_0f9ccd841e,ASSIGNED_FULL,later_pdf_word_coordinates,False,"the USSR feels anxiety over Peiping's recent behavior, particularly in the Sino-Indian border dispute, and would like somehow to hold China in check.","li ne I I the USSR feels anxiety over Peiping's recent behavior, particularly in the Sino-Indi in check.",PASS,0.75,0.6,0.666667,PASS,991,0.577506,0.084356,1.0,18,18,R4
CIA-RDP79T00975A004700300001-6:4.0.0,partial_A,final_0851_84c4528190,ASSIGNED_FULL,later_pdf_word_coordinates,False,Dissident threats to commit sabotage unless the oil companies support the rebels have been periodically reported for months.,Dissident threats to commit sabotage unless the oil companies su orilhe rebels [have been periodically reported for monthsafp,PASS,0.833333,0.833333,0.833333,PASS,1459,0.776477,0.083545,1.0,18,18,R1
CIA-RDP79T00975A004700300001-6:6.0.0,partial_B,final_0852_5579a88022,ASSIGNED_FULL,later_pdf_word_coordinates,False,"the Soviet delegation to a summit conference will present an ""unusual"" appearance in that it will include scientists, economists, and writers as well as political leaders and diplomats.","the Soviet delegation to a summit con- fer LN: e present an ""unusual"" appearance in that it will include Wm scientists, economists, and writers as well as political leaders and diplomatsg",PASS,0.806452,0.892857,0.847458,PASS,1773,0.832785,0.074707,1.0,31,31,R4
CIA-RDP79T00975A004700320001-4:4.0.0,partial_B,final_0853_0b01700fde,ASSIGNED_FULL,later_pdf_word_coordinates,False,"expect widespread disturbances if President Ponce attends the 9 October independence celebration in Guayaquil, where rioting occurred on 1 and 4 October.","kxpect widespread disturbances if President Ponce attends the 9 October independence celebration in Gu ayaquil, w h ere rio ti 'ng occurred on 1 and 4 October.",PASS,0.666667,0.818182,0.734694,PASS,1651,0.827984,0.079347,1.0,27,27,R4
CIA-RDP79T00975A004700320001-4:7.0.0,partial_B,final_0854_88b5ca9c6c,ASSIGNED_FULL,later_pdf_word_coordinates,False,"expect widespread disturbances if President Ponce attends the 9 October independence celebrations in Guayaquil, where rioting occurred on 1 and 4 October. However, Ponce is not likely to risk touching off serious violence, particularly since the armed forces and other advisers reportedly are opposed to his attendance.","‘expect widespread disturbances if Pres- ident Ponce attends the 9 October independence celebrations in 4». Guayaquil, where rioting occurred on 1 and October. lfowever, Ponce is not likely to risk touching off serious violence, particu- larly since the armed forces and other advisers reportedly are opposed to his attendance.",PASS,0.877551,0.914894,0.895833,PASS,1961,0.829526,0.082273,1.0,49,49,R2
CIA-RDP79T00975A004700320001-4:8.0.0,partial_A,final_0855_6da36b43f3,ASSIGNED_FULL,later_pdf_word_coordinates,False,"The government's candidate, Ricardo Arias, is regarded as the epitome of the corrupt oligarchy which has been in power in Panama for 55 years.","The government's candidate, Ricardo Arias, is regarded as the epitome of the corrupt oligarch which has been in power in Panama for 55 years.",PASS,0.96,0.96,0.96,PASS,1904,0.845095,0.075118,1.0,24,24,R1
CIA-RDP79T00975A004700330001-3:5.0.0,partial_A,final_0856_32a47c3a62,ASSIGNED_FULL,later_pdf_word_coordinates,False,"Communists have rallied to Qasim's support, and crowds are reported to have chanted ""Long live Qasim; death to Nasir""--a sign that the Iraqi people suspect the UAR was behind the attack. An intensive roundup of opposition elements, especially pro-Nasir sympathizers, will very likely ensue.","Communists have rallied to Qasi.m's support, and crowds are re- ported. to have chanted ""Long live Qasim; death to Nasir""--a sign that the Iraqi people suspect the UAR was behind the attack. An intensive roundup of opposition elements. especially pro- Nasir sympathizers, will very likely ensue.”",PASS,0.918367,0.957447,0.9375,PASS,1503,0.772751,0.096446,1.0,46,46,R1
CIA-RDP79T00975A004700360001-0:4.0.1,partial_B,final_0857_9929061a63,ASSIGNED_FULL,later_pdf_word_coordinates,False,"if the Dahanayake government failed to survive in Parliament, he would take over the government himself in order to avoid early elections.","the Dahanayake governme n t failed to survive in Parliament, he would take over the government himself in order to avoid early elections.",PASS,0.869565,0.909091,0.888889,PASS,1157,0.727673,0.078748,1.0,23,23,R2
CIA-RDP79T00975A004700360001-0:8.0.0,partial_B,final_0858_d214780248,ASSIGNED_FULL,later_pdf_word_coordinates,False,"if Dahanayake failed to survive in Parliament, he would take over the government himself--probably by making maximum use of his constitutional powers--in order to avoid elections in the near future.","if Dahana- yake failed to survive in Parliament, he wouldtake over the gov- ernment himself--probably by making maximum use of his con- stitutional powers--in order to avoid. elections in the near future?",PASS,0.794118,0.84375,0.818182,PASS,1527,0.801575,0.075381,1.0,32,32,R3
CIA-RDP79T00975A004700360001-0:8.1.0,headline,final_0858_d214780248,ASSIGNED_FULL,later_pdf_word_coordinates,False,"The Communist party, which has taken the stand that the government is now completely controlled by ""reactionaries,"" is instructing its branch organizations to spread such rumors so as to undermine public confidence in the new leadership.","The Communist party, which has taken the stand that the government is now completely controlled by ""reactionar- ies,"" is instructing its branch organizations to. spread such rumors so as to undermine public confidence in the new leadership“",PASS,0.945946,0.972222,0.958904,PASS,1527,0.801575,0.075381,1.0,37,37,R4
CIA-RDP79T00975A004700370001-9:8.0.0,partial_A,final_0859_a077d9d2c6,ASSIGNED_FULL,later_pdf_word_coordinates,False,Makarios apparently made no significant concession to Grivas.,made no significant concession to Grivas.,PASS,1.0,0.75,0.857143,PASS,1250,0.707814,0.074587,1.0,6,6,R1
CIA-RDP79T00975A004700370001-9:8.0.1,partial_B,final_0859_a077d9d2c6,ASSIGNED_FULL,later_pdf_word_coordinates,False,the former underground leader had asked Makarios to acknowledge publicly that Grivas had not participated in the much-publicized planning for a coup against the Archbishop's leadership and had not been fully informed of the text of the London-Zurich Agreements before they were signed. The final communiqué does not mention these issues.,to Grivas. the former underground leader had askecTlVIakarios to acknowledge publicly that Grivas had not par- ticipated in the much-publicized planning for a coup against the Archbishop's leadership and had not been fully informed of the text of the London-Zurich Agreements before they were signed. The final communique does not mention these issues],PASS,0.910714,0.944444,0.927273,PASS,1250,0.707814,0.074587,1.0,53,53,R1
CIA-RDP79T00975A004700370001-9:8.0.2,box_hid_more,final_0859_a077d9d2c6,ASSIGNED_FULL,later_pdf_word_coordinates,False,"At the conclusion of the talks, Grivas publicly pledged to work for the implementation of the agreements and expressed his ""unreserved support"" for Makarios. Makarios assured the general that he will continue to oppose any British attempts to expand the size of military bases on Cyprus and any Turkish efforts to establish a republic with equality of power between a Greek Cypriot president and Turkish Cypriot vice president--positions which Makarios has consistently advocated.","At the conclusion of the talks, Grivas publicly pledged to work for the implementation of the agreements and expressed his ""unreserved support"" for Makarios. @akarios assured the gen- eral that he will continue to oppose any British attempts to expand the size of military bases on Cyprus and any Turkish efforts to es tablish a republic with equality of power between a Greek Cypriot president and Turkish Cypriot vice president--positions which Makarios has consistently advocated;",PASS,0.934211,0.959459,0.946667,PASS,1250,0.707814,0.074587,1.0,75,75,R1
CIA-RDP79T00975A004700380001-8:8.0.0,headline,final_0860_74e82ad6ac,ASSIGNED_FULL,later_pdf_word_coordinates,False,"Karachi is annoyed over Kabul's stepped-up attacks on its ""suppression"" of the tribes of Pushtoonistan.","Karachi is annoyed over Kabul's stepped-up attacks on its ""suppression"" of the tribes of Pushtoon- istam]",PASS,0.888889,0.941176,0.914286,PASS,1825,0.842178,0.074829,1.0,16,16,R2
CIA-RDP79T00975A004700460001-9:4.0.0,partial_C,final_0861_5d775b64db,ASSIGNED_FULL,later_pdf_word_coordinates,False,"Attacks by extremist members of the Union of the Cameroons Population (UPC) on British and American consular installations in Douala and Yaoundé--originally slated for 15 and 19 October--are now scheduled for 1 November,","Attacks by extremist members of the Union of the Cameroons Pop- ulation (UPC) on British and American consular installations in Douala and Youandé-—originally slated» for 15 and 19 October-- \L are now scheduled for 1 November,\",PASS,0.891892,0.942857,0.916667,PASS,1455,0.787338,0.079752,0.972222,35,36,R4
CIA-RDP79T00975A004700470001-8:10.0.0,headline,final_0862_067bb9aeaf,ASSIGNED_FULL,later_pdf_word_coordinates,False,"Mao Tse-tung recently assured Indian Communists that Communist China had no intention of committing ""aggression"" against India and that the border dispute ""is going to be settled.""","[:ﬂ_.lao Tse-tung re- cently assured Indian Communists that Communist China had no intention of committing ""aggressi.on"" against India and that the bor der dispute ""is going to be settled.""",PASS,0.75,0.857143,0.8,PASS,1599,0.738909,0.100681,1.0,29,29,R2
CIA-RDP79T00975A004800010001-7:3.0.0,partial_A,final_0863_9ccbcdd596,ASSIGNED_FULL,later_pdf_word_coordinates,False,Ulbricht has made his views known to Khrushchev and will soon go to Moscow for discussions.,Ulbricht has made his views known to rushchev and will soon go to Moscow for discussions§JSE,PASS,0.875,0.875,0.875,PASS,1695,0.832106,0.084347,1.0,16,16,R4
CIA-RDP79T00975A004800060001-2:7.1.0,headline,final_0864_8608c29453,ASSIGNED_FULL,later_pdf_word_coordinates,False,"The rebels have concluded a meeting in Tunis of their Revolutionary Council, at which army commanders reportedly empowered the rebel provisional government to seek a cease-fire based on the De Gaulle program.","The rebels have concluded a meeting in Tunis of their Revolutionary Council, at which army commanders reportedly empowered the rebel provisional government to seek a cease-fire based -on the; De Gaulle program.",PASS,1.0,1.0,1.0,PASS,1659,0.781441,0.090047,1.0,32,32,R2
CIA-RDP79T00975A004800060001-2:8.0.0,headline,final_0865_3b2a65845a,ASSIGNED_FULL,later_pdf_word_coordinates,False,who have been plotting a coup.,who have been plotting a coup.,PASS,1.0,1.0,1.0,PASS,1851,0.842129,0.077849,1.0,6,6,R1
CIA-RDP79T00975A004800070001-1:4.1.0,partial_A,final_0866_5358e4f1bd,ASSIGNED_FULL,later_pdf_word_coordinates,False,Growing unrest among the Pushtu border tribes is likely to add to the difficulties of achieving a rapprochement between Afghanistan and Pakistan and a settlement of the Pushtoonistan dispute.,Growing unrest among the Pushtu border tribes is likely to add to the diff ic u1t1 ‘es of achieving a rapprochement bet ween Af ghani st an and Pakistan and a settlement of the Pushtoonistan dispute.,PASS,0.722222,0.896552,0.8,PASS,1035,0.695097,0.088634,1.0,36,36,R2
CIA-RDP79T00975A004800070001-1:8.0.0,headline,final_0867_ebc6cc08a1,ASSIGNED_FULL,later_pdf_word_coordinates,False,Pakistan may be encouraging the tribesmen to challenge Kabul.,Pakistan may be encour- aging the tribesmen to challenge Kabul.,PASS,0.8,0.888889,0.842105,PASS,1860,0.84392,0.074512,1.0,10,10,R3
CIA-RDP79T00975A004800080001-0:4.0.0,headline,final_0868_4cd46556ca,ASSIGNED_FULL,later_pdf_word_coordinates,False,"Nehru reportedly told Congress party leaders on 9 November that while ""the spirit of the Chinese letter is not bad,"" the demilitarization proposal would benefit China, not India.","Nehru reportedly told Congress party -leaders on 9 Novem- ber that while ""the spirit of the Chinese letter is not bad,"" the demilitarization proposal would benefit China, not India.",PASS,0.931034,0.964286,0.947368,PASS,1622,0.827129,0.086999,1.0,29,29,R1
CIA-RDP79T00975A004800080001-0:5.0.0,headline,final_0869_b5ea15658a,ASSIGNED_FULL,later_pdf_word_coordinates,False,The group's supporters in the Eastern and Central commands apparently did not commit themselves.,The group's sup- porters in the Eastern and Central commands apparently did no comm it th em selves,PASS,0.578947,0.733333,0.647059,PASS,1629,0.799313,0.093901,1.0,18,18,R2
CIA-RDP79T00975A004800080001-0:6.0.0,headline,final_0870_78ca9e9817,ASSIGNED_FULL,later_pdf_word_coordinates,False,"Nehru, following intensive consultation with his cabinet on Chou's letter, reportedly told Congress party leaders on 9 November that while ""the spirit of the Chinese letter is not bad,"" the demilitarization proposal would benefit China, not India.","Nehru, following intensive consultation with his cabinet on Chou's letter, reportedly told Congress party leaders on 9 Novem- ber that while ""the spirit of the Chinese letter is not bad,"" the de- militarization proposal would benefit China, not India.",PASS,0.9,0.947368,0.923077,PASS,1867,0.839856,0.078855,1.0,39,39,R1
CIA-RDP79T00975A004800080001-0:8.0.0,partial_B,final_0871_20b874b5a1,ASSIGNED_FULL,later_pdf_word_coordinates,False,the Panamanian National Guard headquarters instructing troops not to interfere in fighting near Zone borders.,t e Panamanian National uardiieadquarters instructing troops not to interfere in fighting near Zone borders.,PASS,0.8,0.8,0.8,PASS,1988,0.869261,0.08104,1.0,15,15,R1
CIA-RDP79T00975A004800080001-0:9.0.0,headline,final_0872_0aebdf94a4,ASSIGNED_FULL,later_pdf_word_coordinates,False,"Its plans had called for the arrest of government leaders, after which supporters of the conspiracy were to lead troops to the capital from the Eastern and Central regional commands. The disgruntled officers outside the Khartoum area apparently did not commit themselves, however, and as yet there has been no indication of government action against them.","its plans had called. for the V. arrest of government leaders, after which supporters of-the conspiracy were to lead troops to t-he capital from -the Eastern and Centralregional commands. -The disgruntled officers out side the Khartoum area apparently did not commit themselves, however, and as yet there has been no indication of government action against themD",PASS,0.87931,0.910714,0.894737,PASS,1501,0.785864,0.088793,1.0,56,56,R1
CIA-RDP79T00975A004800080001-0:9.1.0,partial_B,final_0872_0aebdf94a4,ASSIGNED_FULL,later_pdf_word_coordinates,False,plans for a general strike on or before the 17 November celebrations planned by the government to commemorate the anniversary of its assumption of power.,\plans for a general strike on or before the 17 November celebrations planned by the government ‘E0 commemorate the anniversary of its as>sumption of power.,PASS,0.884615,0.92,0.901961,PASS,1501,0.785864,0.088793,1.0,25,25,R2
CIA-RDP79T00975A004800130001-4:3.0.0,partial_A,final_0873_3870d5fec7,ASSIGNED_FULL,later_pdf_word_coordinates,False,"The Chinese Communist Embassy has reportedly instructed Chinese to resist resettlement and protested to President Sukarno against the establishment of ""concentration camps"" to house uprooted Chinese.","@‘he Chinese Communist Embassy has reportedly instructed Chinese to resist resettlement and protested to President Su karno against the establishment of ""concentration camps"" to house uprooted Chinese (Page",PASS,0.857143,0.923077,0.888889,PASS,1129,0.740328,0.080724,1.0,28,28,R1
CIA-RDP79T00975A004800130001-4:3.1.0,partial_B,final_0873_3870d5fec7,ASSIGNED_FULL,later_pdf_word_coordinates,False,"dissident tribal sheikhs are seeking encouragement from British authorities in Aden for a plan to overthrow the Yemeni monarch. Resentment of the Imam's economy measures probably is widespread throughout the army as well, but there is as yet no evidence of military plotting against him.","dissident tribal shei s are see ing en- couragement from British authorities in Aden for a plan to over- )0 F’ th row th e Y emeni m onarch. Re s entment of the Imam's econom y measures probably is widespread throughout the army as well, but there is as yet no evidence of military plotting against",PASS,0.62069,0.782609,0.692308,PASS,1129,0.740328,0.080724,1.0,57,57,R2
CIA-RDP79T00975A004800130001-4:3.2.0,partial_A,final_0873_3870d5fec7,ASSIGNED_FULL,later_pdf_word_coordinates,False,An influential Panamanian businessman has said privately that in the event of another emergency no decisive action can be expected from President Ernesto de la Guardia.,An influential Panamanian businessman has said pri- vately that in the event of another emergency no decisive action can be ezmected from President Ernesto ole la Guardia,PASS,0.851852,0.884615,0.867925,PASS,1129,0.740328,0.080724,1.0,27,27,R3
CIA-RDP79T00975A004800130001-4:5.0.0,partial_A,final_0874_98db544da3,ASSIGNED_FULL,later_pdf_word_coordinates,False,"The Chinese Embassy in Djakarta, which has exerted very strong pressure for the repeal of the Indonesian orders, reportedly has instructed rural Chinese to resist resettlement. The Chinese ambassador is said to have sent a letter of protest directly to President Sukarno accusing the Indonesian Government of establishing ""concentration camps"" in West Java to house uprooted Chinese. Sukarno, angered by the term ""concentration camps,"" has directed that resettlement continue.","Cljhe Chinese Embassy in Djakarta, which has exerted very strong pressure for the repeal of the Indonesian orders, report- edly has instructed rural Chinese to resist resettlement. The Chinese ambassador is said to have sent a letter of protest di- rectly to President Sukarno accusing the Indonesian Government of establishing ""concentration camps"" in West Java to house up- rooted Chinese. Sukarno, angered by the term ""concentration camps,"" has directed that resettlement continue)",PASS,0.902778,0.942029,0.921986,PASS,1434,0.783607,0.077861,1.0,72,72,R1
CIA-RDP79T00975A004800130001-4:5.0.1,partial_A,final_0874_98db544da3,ASSIGNED_FULL,later_pdf_word_coordinates,False,Peiping has instructed the Hong Kong Communist press to mount a series of strong attacks on Djakarta's treatment of Overseas Chinese.,Peiping has instructed the La ong lsong Communist press to mount a series of strong at- tacks on Djakarta's treatment of Overseas Chinesﬁe) I,PASS,0.72,0.818182,0.765957,PASS,1434,0.783607,0.077861,1.0,24,24,R1
CIA-RDP79T00975A004800130001-4:6.0.0,partial_A,final_0875_fe37efbcb0,ASSIGNED_FULL,later_pdf_word_coordinates,False,"A group of Yemeni tribesmen, alienated by the Imam's efforts to take back subsidies given them by Crown Prince Badr, plans to send a delegation to the Aden protectorate in search of British support to overthrow the Yemeni monarch.","A group of Yemeni tribesmen, alienated by the Imam's efforts t oae t k b ac k susi b di esgiven th emy b Cro wn Prince Badr ,p lans to send a delegation to the Aden protectorate in search of British Yemeni monarch",PASS,0.6,0.675,0.635294,PASS,879,0.564185,0.078246,1.0,44,44,R1
CIA-RDP79T00975A004800130001-4:6.0.1,partial_B,final_0875_fe37efbcb0,ASSIGNED_FULL,later_pdf_word_coordinates,False,preliminary contact in Aden was made on 3 November when a prominent Yemeni sheikh delivered a note and outlined the plans of the dissident tribesmen.,preliminary contac L in Aden was made on Fﬂovember when a prominent Yemeni sheikh delivered a note and outlined the plans of the dissident tr1besmen,PASS,0.84,0.84,0.84,PASS,879,0.564185,0.078246,1.0,25,25,R1
CIA-RDP79T00975A004800130001-4:6.0.2,partial_B,final_0875_fe37efbcb0,ASSIGNED_FULL,later_pdf_word_coordinates,False,", there is wide support in Yemen for a movement to establish a ""democratic republic."" The plotters allegedly have plans for destroying the government radio station and military aircraft and arousing other tribes.","there is wide support in Yemen for a movement to es a ish a ""democratic republic."" The plotters allegedly have plans for destroying the government radio station and military air- craft and arousing other tribes.",PASS,0.857143,0.9375,0.895522,PASS,879,0.564185,0.078246,1.0,35,35,R1
CIA-RDP79T00975A004800130001-4:7.0.0,partial_B,final_0876_4244ca0d57,ASSIGNED_FULL,later_pdf_word_coordinates,False,"a Cuban mission--which had just concluded the purchase of jet aircraft and artillery pieces in Italy--was planning to go on to Czechoslovakia, which he alleged offered Cuba a $20,000,000 credit.","ta Cuban mission--which had just concludecﬁhe purchase of jet aircraft and artillery pieces in Ita1y-- was planning to go on to Czechoslovakia, which he alleged had of- fered Cuba a $20,000,000 credit.",PASS,0.828571,0.852941,0.84058,PASS,1834,0.803329,0.089552,1.0,32,32,R1
CIA-RDP79T00975A004800140001-3:3.1.1,partial_B,final_0877_25b697484b,ASSIGNED_FULL,later_pdf_word_coordinates,False,the mixed insurgent force which took the post contained Chinese Communist elements.,the mixed insurgent force which took the post contained Chinese Communist elements.,PASS,1.0,1.0,1.0,PASS,1197,0.699182,0.095358,1.0,12,12,R3
CIA-RDP79T00975A004800140001-3:5.0.1,partial_B,final_0878_2e71e9fcd8,ASSIGNED_FULL,later_pdf_word_coordinates,False,"the insurgent force which took Long Nai included Lao Communists, elements of tribes which straddle the Laotian-Chinese frontier, and an unspecified but presumably small number of Chinese Communist ""cadres."" This would be the first known instance of Chinese Communist personnel support for the Lao Communist dissidents.","the insurgent force which took ong Nai included Lao Communists, elements of tribes which straddle the Laotian-Chinese frontier, and an unspeci- fied but presumably small number of Chinese Communist ""cadres."" This would be the first known instance of Chinese Communist personnel support for the Lao Communist dissi- dents.",PASS,0.897959,0.93617,0.916667,PASS,1893,0.815948,0.082504,1.0,48,48,R1
CIA-RDP79T00975A004800150001-2:3.2.0,partial_A,final_0879_fed3806adb,ASSIGNED_FULL,later_pdf_word_coordinates,False,Communist China will break off diplomatic relations if Indonesia persists in carrying out its program of removing Overseas Chinese from rural areas.,Klommunist China will break off diplomatic relations if Indonesia persists in carryin out its program of removing Overseas Chinese from rural O K areas.,PASS,0.833333,0.909091,0.869565,PASS,467,0.336698,0.093033,0.916667,22,24,R6
CIA-RDP79T00975A004800150001-2:6.0.0,partial_A,final_0880_ba040b1414,ASSIGNED_FULL,later_pdf_word_coordinates,False,Communist China will break off diplomatic relations if Indonesia persists in removing Overseas Chinese from rural areas.,"""Communist China will break off diplomatic relations if Indonesia persists in re- moving""-Overseas Chinese from rural areas.",PASS,0.888889,0.941176,0.914286,PASS,1456,0.78916,0.085789,1.0,17,17,R1
CIA-RDP79T00975A004800150001-2:6.1.0,partial_A,final_0880_ba040b1414,ASSIGNED_FULL,later_pdf_word_coordinates,False,"During the first week of November, the Indonesian Government was considering the expulsion of a Chinese Embassy official who had been active among Chinese merchants in West Java. In view of the suggestions of compromise in Subandrio's 17 November statement, however, Indonesia may change its plans and not insist that the official leave.","During the first week of November; the Indonesian Gov- ernment was considering the expulsion of a Chinese Embassy official who had been active among Chinese merchants in West Java. In view of the wsuggestions of compromise in Subandrio's 17 November statement, ‘however, Indonesia may change-its plans and not _insistT-that the) official leave"".",PASS,0.927273,0.944444,0.93578,PASS,1456,0.78916,0.085789,1.0,52,52,R3
CIA-RDP79T00975A004800170001-0:3.0.0,partial_A,final_0881_3ccf2ab677,ASSIGNED_FULL,later_pdf_word_coordinates,False,"When pressed, however, on how his government had exerted itself, Efimov stated, ""I would not say we have directly intervened, but we have made them more aware of real Indian feelings.""","When pressed, however, on how his government had exerted itself, Efimov stated, ""I would not say we have directly intervened, but we have made them more aware of real Indian feelings,""",PASS,1.0,1.0,1.0,PASS,1616,0.777297,0.084715,1.0,31,31,R2
CIA-RDP79T00975A004800170001-0:3.1.0,partial_A,final_0881_3ccf2ab677,ASSIGNED_FULL,later_pdf_word_coordinates,False,The USSR has apparently succeeded in confirming Nehru's view that it is sympathetic with his stand and that it is making every effort to bring the Chinese to a reasonable position.,The USSR has apparently succeeded in confirming Nehru's view that it is sympathetic with his stand and that it is making every effort to brin the Chinese to a reasonable,PASS,0.967742,0.9375,0.952381,PASS,1616,0.777297,0.084715,1.0,30,30,R3
CIA-RDP79T00975A004800170001-0:4.1.0,partial_C,final_0882_31d25fe463,ASSIGNED_FULL,later_pdf_word_coordinates,False,"Another factor which may have played a part in these developments is Gomulka's health, which is said to be deteriorating;","Another factor which may have played a part in these developments is Gomu1ka‘s health, which is said to be deterioratingil",PASS,0.9,0.857143,0.878049,PASS,1632,0.815592,0.080746,1.0,20,20,R5
CIA-RDP79T00975A004800170001-0:5.1.0,box_hid_more,final_0883_f839df30d2,ASSIGNED_FULL,later_pdf_word_coordinates,False,"He remains aware of the risks involved in UAR intervention in Iraq, but still thinks circumstances might make it necessary.","He remains aware of the risks involved in UAR intervention in Iraq, but still thinks circumstances might make it necessary.",PASS,1.0,1.0,1.0,PASS,455,0.310792,0.092958,1.0,20,20,R2
CIA-RDP79T00975A004800170001-0:5.1.2,partial_A,final_0883_f839df30d2,ASSIGNED_FULL,later_pdf_word_coordinates,False,"Nasir went on to say that he planned to resume official cultural and commercial relations with France before Christmas, despite continued French assistance to Israel. De Gaulle, according to Nasir, seems to be making an effort to keep him informed of French policy. The UAR will not resume diplomatic relations with Britain, however, on the ground that an alleged British propaganda effort to injure Nasir's position in Syria proves London is not in ""the right frame of mind.""","suggested. Nasir went on to say that he planned to resume official cultural and commercial relations with France before Christ- mas, despite continued French assistance to Israelt De Gaulle, according to Nasir, seems to be making an effort to keep him informed of French policy. The UAR will not resume diplo- matic relations with Britain, however, on the ground that an alleged British propaganda effort to injure Nasir's posit'0n in Syria proves London is not in ""the right frame of mind.""S",PASS,0.892857,0.949367,0.920245,PASS,455,0.310792,0.092958,1.0,81,81,R2
CIA-RDP79T00975A004800170001-0:6.0.1,box_hid_more,final_0884_bf9301668f,ASSIGNED_FULL,later_pdf_word_coordinates,False,"The assassin's statement, which reportedly has been leaked to a leading Ceylonese editor, will intensify the campaign to remove both the finance minister and a second brother--a high police official charged with obstructing the current investigations and associated with a rumored coup plot exposed in late 1958. The reported statement by police officials that a third arrest is planned may refer to either of the two, although the finance minister is presently absent from Ceylon.","The assassin's statement, which reportedly has been leaked to a leading Ceylonese editor, will intensify the cam- paign to remove both the lfinance ‘minister and a second brother--a high police official charged with obstructing the current investigations and associated with a rumored coup plot exposed in late 1958. The reported statement by police officials that a third arrest is planned may refer to either of the two, although the finance minister is presently absent from Ceylon.",PASS,0.961538,0.974026,0.967742,PASS,443,0.342349,0.082199,1.0,76,76,R1
CIA-RDP79T00975A004800170001-0:6.0.2,box_hid_more,final_0884_bf9301668f,ASSIGNED_FULL,later_pdf_word_coordinates,False,"The government until now appeared likely to defeat by a narrow margin the no-confidence motions to be introduced against several cabinet ministers on 27 November, but the new charges against the de Zoysas may reverse the position of Tamil opposition members who reportedly are loyal to the finance minister. Prime Minister Dahanayake has warned dissident government members spearheading the campaign against de Zoysa that he will resign if the minister is ousted by Parliament.","The government until now appeared likely to defeat by a narrow margin the no-confidence motions to be introduced against several cabinet ministers on 27 November, but the new charges against the de Zoysas may reverse the position of Tamil opposition members who reportedly are loyal to the finance minister. Prime Minister Dahanayake has warned dis- sident government members spearheading the campaign against de Zoysa that he will resign if the minister is ousted, by Par- liament.",PASS,0.948052,0.973333,0.960526,PASS,443,0.342349,0.082199,1.0,76,76,R1
CIA-RDP79T00975A004800170001-0:6.0.3,partial_A,final_0884_bf9301668f,ASSIGNED_FULL,later_pdf_word_coordinates,False,"Governor General Goonetilleke appears increasingly worried over this possibility, and has tried to sound out United National party leader Senanayake on forming an interim government.","Governor General Goonetilleke appears increasingly wor- ried over this possibility, and has tried to sound out United National part leader ke on forming an interim gov- ernment.)",PASS,0.777778,0.84,0.807692,PASS,443,0.342349,0.082199,1.0,27,27,R1
CIA-RDP79T00975A004800220001-4:4.0.0,partial_C,final_0885_e2c162a3f3,ASSIGNED_FULL,later_pdf_word_coordinates,False,Mikoyan on 19 November said he had no plans to go to Havana;,Mikoyan on 19 Novem- ber said he had no plans to go to Havana;\,PASS,0.857143,0.923077,0.888889,PASS,1613,0.833592,0.084165,1.0,14,14,R2
CIA-RDP79T00975A004800250001-1:6.0.0,headline,final_0886_b7df8b6e30,ASSIGNED_FULL,later_pdf_word_coordinates,False,"Phoui remains hopeful that he can ultimately persuade these elements to accept his formula, but has hinted that he will resign if this proves impossible, probably out of a belief that his role would be reduced to that of a figurehead if the assembly were allowed to expire. An influential CDNI leader has reportedly warned that Phoui's resignation would precipitate a crisis which might lead to force.","[Phoui remains hopeful that he can ultimately persuade these elements to accept his formula, but has hinted that he will resign if this proves impossible, probably out of ""abelief that his role would be reduced to that of a figurehead if the assembly were al- lowed to expire. An influential CDNI leader has reportedly warned that Phoui's~resignation would precipitate a crisis which might lead to forceI)",PASS,0.941176,0.941176,0.941176,PASS,1645,0.811144,0.084661,1.0,66,66,R1
CIA-RDP79T00975A004800340001-1:3.1.1,partial_A,final_0887_c9ee2cd900,ASSIGNED_FULL,later_pdf_word_coordinates,False,"Peiping is preparing what he considers a ""large-scale political offensive.""",Peiping 1S pre etv o1it'c scae ensiveJ',PARTIAL_OCR_MATCH,0.125,0.090909,0.105263,PASS,1356,0.754171,0.077862,1.0,7,7,R3
CIA-RDP79T00975A004800340001-1:7.0.1,partial_B,final_0888_5e710abc35,ASSIGNED_FULL,later_pdf_word_coordinates,False,"he regarded the release of the Nationalist prisoners as an ""extremely significant"" move which foreshadowed a ""large-scale political offensive"" against Taiwan.","1 he re g arded Lm€1‘eTea5e oftne Nationalist prisoners as an ""extremely sig- nificant"" 2 move which foreshadowed a ""lar e-scale political offensive against Taiwan.",PASS,0.576923,0.681818,0.625,PASS,1028,0.679894,0.075779,1.0,25,25,R2
CIA-RDP79T00975A004800340001-1:7.0.2,partial_B,final_0888_5e710abc35,ASSIGNED_FULL,later_pdf_word_coordinates,False,"he had received intelligence reports, said to be from ""very reliable"" agents, which supported his belief. One of these referred to a renewed Communist attempt to hold negotiations in Hong Kong with Wu Chung-hsin, a senior Nationalist statesman and adviser to President Chiang Kai-shek.","he a ce' -intelligence reports, said to Ijiiiifi be from ""very reliable"" has agents, we which supported his belief-Z. One of these referred to a renewed Communist attempt to hold negotiations in Hong Kong with Wu Chung-hsin, a senior Nationalist statesman and adviser to Pres- ident Chiang Kai-shekq",PASS,0.823529,0.913043,0.865979,PASS,1028,0.679894,0.075779,1.0,48,48,R2
CIA-RDP79T00975A004800340001-1:7.0.3,box_hid_more,final_0888_5e710abc35,ASSIGNED_FULL,later_pdf_word_coordinates,False,"Periodic Communist attempts to arrange negotiations through Hong Kong intermediaries with high-level Nationalist officials and to bring about their defection have been unsuccessful. Nevertheless, Chiang felt that the release of the prisoners was a ""cunning"" move on the part of the Communists which contained many traps for Taiwan. Steps have already been taken to watch the activities of the relatives of the released prisoners.","[1__5eriodic Communist attempts to arrange negotiations through Hong Kong intermediaries with high—leve1 Nationalist officials and to bring about their defection have been unsuccessful. Never- theless, Chiang felt that the release of the prisoners was a ""cun- ning"" move on the part of the Communists which contained many traps for Taiwan. Steps have already been taken to watch the ac- tivities of the relatives of the released prisoner_sQ {Chiang also",PASS,0.816901,0.892308,0.852941,PASS,1028,0.679894,0.075779,1.0,69,69,R2;R3
CIA-RDP79T00975A004800380001-7:6.0.0,partial_B,final_0889_3a7edae66a,ASSIGNED_FULL,later_pdf_word_coordinates,False,temporary entry at one point of Chinese troops in search of Khambas in late November.,temporary entry at one point of Chinese troops in search of Khambas in late November.,PASS,1.0,1.0,1.0,PASS,1844,0.843164,0.076031,1.0,15,15,R3;R4
CIA-RDP79T00975A004900010001-6:4.0.0,partial_A,final_0890_544583267e,ASSIGNED_FULL,later_pdf_word_coordinates,False,UAR President Nasir recently summoned the Iranian ambassador in Cairo to complain about the visit to Tehran of the chief of the Israeli intelligence service and the freedom with which Iranian Jews are allowed to travel to and from Israel.,::f§1a\\:a~ Nasir recently summoned the Iranian am- *4resident b assa d or in Cairo to complain ‘g about the visit to Tehran of the chief of the Israeli intelli ence service and the freedom with I which Irani re allowed to travel I to and from Israel?,PASS,0.6875,0.825,0.75,PASS,2491,0.877731,0.07466,0.93617,44,47,R5
CIA-RDP79T00975A004900010001-6:7.0.0,partial_A,final_0891_5e26d3602e,ASSIGNED_FULL,later_pdf_word_coordinates,False,The consulate will simplify Iranian-Israeli intelligence-exchange arrangements which have been under discussion between Tehran and Tel Aviv since last July.,The consulate will simplify Iranian-Israeli intelligence-exchange arrangements which have been unde cussion between Tehran and Tel intelligence regards Aviv since last July.,PASS,0.833333,0.909091,0.869565,PASS,2176,0.817124,0.076725,1.0,22,22,R3
CIA-RDP79T00975A004900010001-6:7.1.1,partial_B,final_0891_5e26d3602e,ASSIGNED_FULL,later_pdf_word_coordinates,False,about the visit to Tehran of the chief of the Israeli intelligence service and the freedom with which Iranian Jews are allowed to travel to and from Israel.,bout the visit to Tehran of the chief o the Israeli inteﬂigence service and the freedom with which Iranian Jews are allowed to travel to and from Israel;,PASS,0.892857,0.892857,0.892857,PASS,2176,0.817124,0.076725,1.0,28,28,R4
CIA-RDP79T00975A004900010001-6:8.0.0,partial_A,final_0892_97e7750cad,ASSIGNED_FULL,later_pdf_word_coordinates,False,"If one of several assassination plots reportedly to be tried soon against Castro were to succeed, mob violence--some of it directed against Americans in Havana--would probably result.",If one of several assassination plots report- edly to be tried soon against Castro were to succeeds mob vio- lence--some of it directed against Americans in Havana--would probably result.,PASS,0.83871,0.896552,0.866667,PASS,2554,0.861964,0.071463,1.0,29,29,R1
CIA-RDP79T00975A004900040001-3:3.0.0,partial_A,final_0893_57cc0da290,ASSIGNED_FULL,later_pdf_word_coordinates,False,"The British ambassador also feels that a formal announcement of troop cuts is possible, but doubts that any troop withdrawals from Hungary or East Germany are likely.","The British ambassador also feels that a formal am1ounce- ment of troop cuts is possible, but doubts that any troo withdrawals from Hungary or East Germany are likelyﬁ",PASS,0.857143,0.888889,0.872727,PASS,3697,0.935003,0.05564,1.0,28,28,R1
CIA-RDP79T00975A004900070001-0:4.0.0,partial_A,final_0894_4795cfdc4c,ASSIGNED_FULL,later_pdf_word_coordinates,False,"Although Nicaraguans based in Costa Rica are planning further incursions into Nicaragua later this month, Somoza is aware of their plans and seems capable of suppressing them.","Although Nicaraguans based in Costa Rica are planning further incur- sions into Nicaragua later this month, Somoza i are of their plans and seems capable of suppressing them.",PASS,0.857143,0.888889,0.872727,PASS,3678,0.915837,0.052545,1.0,28,28,R2
CIA-RDP79T00975A004900070001-0:7.0.0,partial_A,final_0895_f831b9fdeb,ASSIGNED_FULL,later_pdf_word_coordinates,False,"Nicaraguans based in Costa Rica are planning further invasions into Nicaragua later this month and are receiving guidance and support from Costa Rican revolutionary veterans and, reportedly, from Cubans.","Nicaraguans based in Costa Rica are planning further in- vasions into Nicaragua later this month and are receiving guid- ance and support from Costa Rican revolutionary veterans and, reportedly, from Cubans.",PASS,0.870968,0.931034,0.9,PASS,2919,0.869267,0.059744,1.0,31,31,R1
CIA-RDP79T00975A004900070001-0:7.0.1,partial_B,final_0895_f831b9fdeb,ASSIGNED_FULL,later_pdf_word_coordinates,False,"action may begin on or about 19 January by three or more separate groups. The Somoza government, however, is aware of their plans and seems capable of suppressing them.","action may begin on or about 19 January by three I -or more separate groups. The Somoza government, however, is aware of their plans and seems capable of suppressing them.",PASS,0.966667,1.0,0.983051,PASS,2919,0.869267,0.059744,1.0,30,30,R1
CIA-RDP79T00975A004900080001-9:9.0.0,headline,final_0896_d5288b88d6,ASSIGNED_FULL,later_pdf_word_coordinates,False,and reportedly regarded by the USSR as one of the most potentially fruitful targets for penetration in Ghana.,and reportedly regarded by the USSR as one of the most potentially fruitful targets for penetration in Ghana.,PASS,1.0,1.0,1.0,PASS,2540,0.850921,0.06617,1.0,18,18,R2
CIA-RDP79T00975A004900160001-0:4.0.0,headline,final_0897_765718dbe6,ASSIGNED_FULL,later_pdf_word_coordinates,False,"Medical examinations by American doctors have revealed that Cho has a serious tumor, and may not live longer than five months.","Medical exam- inations by American doctors have revealed that Cho has a serious t umor, an d may n ot 1' 1V e 10 nger than",PASS,0.5,0.619048,0.553191,PASS,1825,0.737672,0.056706,1.0,26,26,R1
CIA-RDP79T00975A004900160001-0:8.0.0,headline,final_0898_0516319229,ASSIGNED_FULL,later_pdf_word_coordinates,False,American army doctors have discovered that Chou has a tumor and warn that he may die within five months.,American army doctors have discovered that Chou has atumor. and warn that he may die within ﬁve months.,PASS,0.944444,0.894737,0.918919,PASS,2466,0.881659,0.070683,1.0,18,18,R2
CIA-RDP79T00975A004900160001-0:8.1.0,headline,final_0898_0516319229,ASSIGNED_FULL,later_pdf_word_coordinates,False,"While Cho's death probably would resolve the factional struggle for control of the Democratic party in favor of Chang Myon, it is questionable whether such an event would strengthen the opposition.","Eltlhile Cho’s death probably would resolve the factional struggle for control of the Democratic party in favor of Chang Myon, it is questionable whether such an event would strengthen the opposition.",PASS,0.935484,0.90625,0.920635,PASS,2466,0.881659,0.070683,1.0,31,31,R3
CIA-RDP79T00975A004900210001-4:7.0.0,partial_A,final_0899_39ba98b673,ASSIGNED_FULL,later_pdf_word_coordinates,False,"Premier Debré and Minister of the Armed Forces Guillaumat, following their visit to Algiers on 26 January, reportedly told De Gaulle that the army in Algeria was no longer reliable and would not use force against the settler insurgents.","K_5_remier Debre and Minister of the Armed Forces Guil- laumat, following their visit to Algiers on 26 January, re- portedly told De Gaulle that the army in Algeria was no longer the premier",PASS,0.771429,0.692308,0.72973,PASS,3235,0.907433,0.053224,1.0,33,33,R1
CIA-RDP79T00975A004900210001-4:7.0.1,partial_B,final_0899_39ba98b673,ASSIGNED_FULL,later_pdf_word_coordinates,False,"the premier told General Challe that he had orders to fly in security companies from France to clear out the insurgent-occupied areas of Algiers; a paratroop general warned Debré, however, that the army would not permit these companies to use force against the insurgents.","the premier told General Challe that he had orders to fly in‘ security companies from France to clear out the insurgent- occupied areas of Algiers a paratroop general warned Debré, however, that the army would not permit these companies to use force against the insurgentsl]",PASS,0.977778,0.977778,0.977778,PASS,3235,0.907433,0.053224,1.0,45,45,R1
CIA-RDP79T00975A004900230001-2:15.0.0,partial_A,final_0900_38c50ced1e,ASSIGNED_FULL,later_pdf_word_coordinates,False,"De Gaulle told the cabinet that perhaps he should have been more explicit in his 16 September speech announcing his self-determination policy for Algeria, and perhaps should have stated at the time that he expected a ""French"" solution.","De Gaulle told t e C3.b1I18t—ﬁ13.I; perhaps he shoulfsﬁiave been more explicit in his 16 September speech amiotmcing his self-""determi- nation policy for Algeria, and perhaps should have stated at the time that he expected a ""French"" solutionfl",PASS,0.756098,0.794872,0.775,PASS,3462,0.92815,0.054151,1.0,38,38,R1
CIA-RDP79T00975A004900250001-0:13.0.0,headline,final_0903_ac9182f238,ASSIGNED_FULL,later_pdf_word_coordinates,False,suggesting that he is prepared to give substantial clandestine support to opponents of the dictator. Two senior Foreign Ministry officials have hinted to the American Embassy that Venezuela would even undertake direct armed action as a last recourse.,suggesting that he is prepared to give substantial clandestine support to opponents of the dictator. Two senior Foreign Min- istry officials have hinted to the American Embassy that Ven- ezuela would even undertake direct armed action as a last re- coursel],PASS,0.853659,0.921053,0.886076,PASS,3412,0.91401,0.056937,1.0,41,41,R2
CIA-RDP79T00975A004900250001-0:5.0.0,partial_A,final_0901_cd393de4c8,ASSIGNED_FULL,later_pdf_word_coordinates,False,"Venezuelan President Betancourt, a long-standing enemy of the Dominican dictator, is probably prepared to give substantial clandestine support to the movements against him. Senior Venezuelan Foreign Ministry officials have even hinted at eventual direct action.","Venezuelan President Betancourt, a long-standing enemy of the Dominican dictator, is probably prepared to give substantial clandestine support to 4/ the movements against him. Senior Venezuelan; Foreign Minis- try officials have even hinted at eventual direct acticng",PASS,0.894737,0.944444,0.918919,PASS,2156,0.851501,0.068291,0.972973,36,37,R5
CIA-RDP79T00975A004900250001-0:7.0.0,partial_C,final_0902_2e55531509,ASSIGNED_FULL,later_pdf_word_coordinates,False,"Khrushchev might take the opportunity to discuss a reduction in the satellites' military forces and his plans,","Khrushchev might take the opporttmity to discuss a reduction in the satellites’ I I military forces land his plans,",PASS,0.789474,0.882353,0.833333,PASS,2461,0.863812,0.07284,1.0,19,19,R1
CIA-RDP79T00975A004900250001-0:7.0.1,partial_B,final_0902_2e55531509,ASSIGNED_FULL,later_pdf_word_coordinates,False,", to make a ""proportionate"" reduction of Soviet troops in Eastern Europe.","t make a ""proportionate"" reduction of Sovieﬂroops in Eastlern Europe]",PASS,0.7,0.636364,0.666667,PASS,2461,0.863812,0.07284,1.0,10,10,R1
CIA-RDP79T00975A004900290001-6:4.1.0,headline,final_0904_4b2fe767a8,ASSIGNED_FULL,later_pdf_word_coordinates,False,but intends to continue to exercise influence over the government from behind the scenes.,but intends to continue to exercise influence over the government from behind the scenes.,PASS,1.0,1.0,1.0,PASS,1007,0.543737,0.060115,1.0,14,14,R2
CIA-RDP79T00975A004900340001-0:4.1.0,partial_B,final_0905_02b86fed6c,ASSIGNED_FULL,later_pdf_word_coordinates,False,three Cubans arrived in Prague on 7 February to buy munitions--one of several such missions reported in Prague during the past six months.,three Cubans arrived in Prague on i 7 February to buy munitions--one of several such missions re- T ported in Prague during the past six months.,PASS,0.851852,0.958333,0.901961,PASS,2247,0.836249,0.075411,0.961538,25,26,R4
CIA-RDP79T00975A004900360001-8:5.0.0,headline,final_0906_6f231ed1bf,ASSIGNED_FULL,later_pdf_word_coordinates,False,British security forces based in neighboring British Cameroons are to support the new offensive by tightening border controls.,B r- it’ 1S h C ameroons are to suppo rt th e new 0 ff ensive by tight ening border controls;,PASS,0.272727,0.333333,0.3,PASS,3246,0.905945,0.060655,1.0,22,22,R1
CIA-RDP79T00975A004900360001-8:8.0.0,headline,final_0907_4f3ff477d5,ASSIGNED_FULL,later_pdf_word_coordinates,False,"which British officials in the area have agreed to support by tightening controls on their side of Cameroun's frontier with British Cameroons,",[which British officials in the area have agreed to support by tightening con- trols on their side of Cameroun's frontier with British Camer- oonxsﬂ,PASS,0.84,0.913043,0.875,PASS,2610,0.865959,0.07067,1.0,24,24,R1
CIA-RDP79T00975A004900370001-7:4.1.0,headline,final_0908_c1abe2e4e4,ASSIGNED_FULL,later_pdf_word_coordinates,False,"alleging that the Afghan royal family ""sucked the blood of Pushtuns""","alleging that the Afghan royal family ""sucked the N blood of Pushtuns""",PASS,0.916667,1.0,0.956522,PASS,930,0.550296,0.07743,0.916667,11,12,R2
CIA-RDP79T00975A004900370001-7:8.0.0,headline,final_0909_7b9cc4a434,ASSIGNED_FULL,later_pdf_word_coordinates,False,"accusing the Afghan royal family of ""sucking the blood of Pushtuns"" and of ""flattering their Communist masters,""","accusing the Afghan royal family of ""sucking the blood of Pushtuns"" and of ""flattering their Communist masters,""",PASS,1.0,1.0,1.0,PASS,3624,0.915152,0.055675,1.0,17,17,R3
CIA-RDP79T00975A004900380001-6:8.0.1,partial_B,final_0910_9ae35f6942,ASSIGNED_FULL,later_pdf_word_coordinates,False,"that Peiping would not permit Indonesia's enforcement of Sukarnos idea that Chinese, having come to Indonesia with nothing, would leave with nothing.","that Peiping would not permit Indonesia's en- forcement of Sukarnos idea that Chinese, having come to Indo- nesia with nothing, would leave with nothing.",PASS,0.84,0.913043,0.875,PASS,2335,0.865135,0.063205,1.0,24,24,R3
CIA-RDP79T00975A004900390001-5:6.0.0,headline,final_0911_45b42adb3e,ASSIGNED_FULL,later_pdf_word_coordinates,False,"Khrushchev took this approach in his talks with Italian President Gronchi. In defending his proposal for creating a free city in West Berlin, Khrushchev termed his agreement to an interim settlement a ""real concession"" to facilitate all-German talks. He reaffirmed his intention to sign a separate peace treaty with East Germany if the West did not agree to begin negotiations on a treaty.","llihrushchev took this approach in his talks with Italian Pres- ident Gronchi. In defending his proposal for creating a free city in West Berlin, Khrushchev termed his agreement to an interim settlement a ""real concession"" to facilitate all-German talks. He reaffirmed his intention to sign a separate peace treaty with East Germany if the West did not agree to begin negotiations on a treaty]",PASS,0.953846,0.96875,0.96124,PASS,3177,0.895686,0.051875,1.0,64,64,R4
CIA-RDP79T00975A004900400001-3:9.0.0,partial_C,final_0912_a544276fb8,ASSIGNED_FULL,later_pdf_word_coordinates,False,"The rebel plan is to isolate Asuncion by gaining control of the Paraguayan cities of Encarnacion, Concepcion, and Pilar. The first step would be an invasion south of Pilar,","The rebel plan is to isolate Asuncion by gaining control of the Paraguayan cities of Encarnacion, Concepcion, and Pilar. e an 1Il'iL3.S10I‘l south of Pilar",PASS,0.851852,0.793103,0.821429,PASS,2311,0.835201,0.072803,1.0,25,25,R2
CIA-RDP79T00975A004900400001-3:9.0.1,partial_B,final_0912_a544276fb8,ASSIGNED_FULL,later_pdf_word_coordinates,False,"rebel paramilitary organizations in Argentine border cities comprise an estimated 1,000 men in the Resistencia-Corrientes area and between 1,500 and 2,000 men in Formosa. New probing attacks by the rebels in several areas have been rumored in the press.","trebel para military organizations in Argentine border cities comprise an estimated 1,000 men in the Resistencia-Corrientes area and between 1,500 and 2,000 men in Formosa. New probing attacks by the rebels in several areas have been rumored in the press.",PASS,0.931818,0.953488,0.942529,PASS,2311,0.835201,0.072803,1.0,40,40,R2
CIA-RDP79T00975A004900410001-2:5.0.0,headline,final_0913_0e2e5c6274,ASSIGNED_FULL,later_pdf_word_coordinates,False,"One example of plans to raise the Cuban issue is an urgent request from Cuba's Prensa Latina office in Buenos Aires to its Havana office to send a recorded message by Fidel Castro to use as the final number on the program of a meeting called by the left-wing Socialists in Buenos Aires on 22 February ""in repudiation of Eisenhower's visit"" and ""in support of revolutionary Cuba.""","One example of plans to raise the Cuban issue V is an urgent request from Cuba's Prensa Latina office in Buenos Aires to its Havana office to sen cl a recor d e d message by Fidel Castro to use as the final number on the program of a meeting called by the left-wing Socialists in Buenos Aires on 22 February so ""in repudiation of Eisenhower's visit"" and ""in support of revolu- Y tionary Cuba.""",PASS,0.858974,0.957143,0.905405,PASS,2713,0.863188,0.059942,0.986667,74,75,R2;R6
CIA-RDP79T00975A004900460001-7:7.0.0,partial_A,final_0914_6b1a0c41a8,ASSIGNED_FULL,later_pdf_word_coordinates,False,"Public disclosure on 22 February of these negotiations has so far brought denials by Bonn and Madrid, but Britain and other Allied nations have expressed strong opposition to any plan for German bases in Spain. Members of the British Labor party have attacked the Bonn move as ""ham-handed,"" citing the former Nazi collaboration with Franco. A pro-government British paper sees evidence of West German ""untrustworthiness"" less than three months before the summit.","[éublic disclosure on 22 February of these negotiations has so far brought denials by Bonn and Madrid, but Britain and other Allied nations have expressed strong opposition to any plan for German bases in Spain. Members of the British Labor party have attacked the Bonn move as ""ham-handed,"" citing the former Nazi collaboration with Franco. A pro- government British paper sees evidence of West German ""un- trustworthiness"" less than three months before the summit]",PASS,0.96,0.972973,0.966443,PASS,2388,0.842031,0.071435,1.0,74,74,R3
CIA-RDP79T00975A005000010001-4:5.0.0,headline,final_0915_98e749a26c,ASSIGNED_FULL,later_pdf_word_coordinates,False,as a result of Seoul's duplicity in negotiations for the return of Japanese fishermen.,as a result of Seoul’s duplicity in negotiations for the V return of Japanese fishermen.,PASS,0.866667,0.866667,0.866667,PASS,1554,0.81962,0.082966,0.933333,14,15,R1
CIA-RDP79T00975A005000060001-9:10.0.1,partial_B,final_0920_4aadaf0089,ASSIGNED_FULL,later_pdf_word_coordinates,False,"that he could not agree to withdraw the army from Algeria, as this would mean that elections would be held under rebel pressure.","that he could not agree to withdraw the army from Algeria, as this would mean that elections would be held under rebel pressure",PASS,1.0,1.0,1.0,PASS,1534,0.814225,0.082501,1.0,23,23,R2
CIA-RDP79T00975A005000060001-9:4.0.1,partial_A,final_0916_8e3a4357a9,ASSIGNED_FULL,later_pdf_word_coordinates,False,"Moscow's ""regrets"" over US failure to ""realize"" that Adenauer is trying to sabotage any improvement in East-West relations by exaggerating minor points of friction.","Moscows ""regre s ove; ailure to ""realizewthat Adenauer is trying to sabotage an improvement in East-West relations by exaggerating minor points of friction] T(Page",PASS,0.692308,0.692308,0.692308,PASS,1522,0.820485,0.08721,1.0,24,24,R1
CIA-RDP79T00975A005000060001-9:5.0.1,partial_B,final_0917_4b75f77f91,ASSIGNED_FULL,later_pdf_word_coordinates,False,that forthcoming local elections would be a step toward an eventual Algerian assembly which he expects to opt for autonomy.,"that forthcoming lo 2, 21/ cal elections wouliﬁie a step toward an eventual A erian assembl w hich h e expe cts to o pt",PASS,0.36,0.45,0.4,PASS,1296,0.784979,0.084661,0.92,23,25,R4
CIA-RDP79T00975A005000060001-9:5.0.2,partial_B,final_0917_4b75f77f91,ASSIGNED_FULL,later_pdf_word_coordinates,False,he envisages partition only in the unlikely and most undesirable eventuality that the Algerians would vote for secession.,e envisages partition only in the unlikely and most un the Al erians would vote for sec ession,PASS,0.666667,0.666667,0.666667,PASS,1296,0.784979,0.084661,1.0,18,18,R4
CIA-RDP79T00975A005000060001-9:7.0.0,partial_C,final_0918_2cea67711b,ASSIGNED_FULL,later_pdf_word_coordinates,False,"In his talks with Nehru, Khrushchev is reliably reported to have accused Adenauer of forcing an ""unaccommodating"" position on the West. More recently,","his talks with Nehru, Khrushchev is reliably reported to have accused Adenauer of forcing an ""un accommodating"" position on the West. More",PASS,0.909091,0.869565,0.888889,PASS,1684,0.829148,0.079555,1.0,22,22,R2
CIA-RDP79T00975A005000060001-9:7.0.2,partial_B,final_0918_2cea67711b,ASSIGNED_FULL,later_pdf_word_coordinates,False,"the Soviet Government ""regrets"" that the United States does not ""realize"" Adenauer is trying to sabotage any improvement in East-West relations by exaggerating the importance of minor points of friction.","‘the Soviet Government ""regrets"" that the Unitecfstates does not ""realize"" Adenauer is trying to sabotage any improvement in East-West relations by exaggerating the im- portance of minor points of friction]",PASS,0.903226,0.903226,0.903226,PASS,1684,0.829148,0.079555,1.0,30,30,R2
CIA-RDP79T00975A005000060001-9:9.0.0,headline,final_0919_e5fa354bb6,ASSIGNED_FULL,later_pdf_word_coordinates,False,"In the latest stage of this cycle, Pakistan is now countering with a campaign of its own against the two Afghan consulates in Pakistan and it intends to begin harassing the Afghan Embassy in Karachi shortly unless Kabul calls off its own campaign.","In the latest stage of this cycle, Pakistan is now countering with a campaign of its own against the two Afghan consulates in Pakistan and it intends to begin harassing the Afghan Eimbassy in. Karachi shortly unless Kabul calls off its own campaign.",PASS,0.976744,0.976744,0.976744,PASS,1661,0.824318,0.084204,1.0,43,43,R2
CIA-RDP79T00975A005000080001-7:4.0.0,partial_A,final_0921_4084f95ff8,ASSIGNED_FULL,later_pdf_word_coordinates,False,"Bakhtiar has, in fact, informed the US that he has made ""contingency plans"" in event the Shah loses control; another group, allegedly with Bakhtiar's support, is also reported to be making ""plans.""","I/J/P”, @_akhtiar has, in fact, informed the [IS that he has made Q ""contingency plans"" in event the Shah loses control; another group, allegedly with Bakhtiar's support, is also reported to L be king ""plansiilt",PASS,0.763158,0.878788,0.816901,PASS,1882,0.845843,0.085598,1.0,35,35,R2;R5
CIA-RDP79T00975A005000080001-7:5.0.0,headline,final_0922_0d9e07e9fd,ASSIGNED_FULL,later_pdf_word_coordinates,False,contribute to its campaign to undermine the Afghan royal family.,contribute to its campaign to undermine the Afghan royal L 0 family.,PASS,0.833333,1.0,0.909091,PASS,1801,0.806177,0.104635,0.833333,10,12,R3;R4
CIA-RDP79T00975A005000080001-7:6.0.0,headline,final_0923_ebea401d99,ASSIGNED_FULL,later_pdf_word_coordinates,False,"Bakhtiar is vulnerable as he has engaged in ""contingency planning"" in the event the Shah should lose control of the government. Another group, probably including some military figures, is also making ""plans,"" allegedly with the support of Bakhtiar. An investigation would probably provide the Shah with evidence of Bakhtiar's activities--evidence which could be supplied, for example, by General Kia, chief of Iran's military intelligence, whom the Shah maintains as a counterbalance to Bakhtiar.","Bakhtiar is vulnerable as he has engaged in ""contingency planning"" in the event the Shah should lose control of the government. Another group, probably in- eluding some military figures, is also making ""plans,"" alleged- ly with the support of Bakhtiar, An investigation would probably provide the Shah with evidence of Bakhtiar's activities---evi- dence which could be supplied, for example, by General Kia, chief of Iran's military intelligence, whom the Shah maintains as a counterbalance to Bakhtia_.:rJ",PASS,0.9,0.947368,0.923077,PASS,1742,0.809104,0.078794,1.0,76,76,R1;R2
CIA-RDP79T00975A005000090001-6:3.1.0,partial_D,final_0924_a8e26b5f32,ASSIGNED_FULL,later_pdf_word_coordinates,False,border talks must be kept going until a solution is reached and therefore,order talks must be kept going until a solution 1S reached and therefore,PASS,0.846154,0.846154,0.846154,PASS,1086,0.643365,0.093121,1.0,13,13,R2
CIA-RDP79T00975A005000090001-6:6.0.1,partial_B,final_0925_2d6af4779c,ASSIGNED_FULL,later_pdf_word_coordinates,False,strongly suggests an attempt to gauge Indian reaction and its probable influence on Nehru.,strong- ly suggests an attem t to a e Indian reaction and its probable influence .on Nehru.,PASS,0.647059,0.785714,0.709677,PASS,1371,0.714435,0.085571,1.0,17,17,R4
CIA-RDP79T00975A005000090001-6:6.0.2,partial_B,final_0925_2d6af4779c,ASSIGNED_FULL,later_pdf_word_coordinates,False,"comments also seem intended to broaden Peiping's effort to convince New Delhi the Chinese will be cooperative in border talks. He said China ""might"" agree to demilitarizing ""certain portions"" of the disputed territory if India accepts the fact that China has a claim to such territory. The Chinese may hope this remark will be interpreted as a veiled hint that some accommodation can be reached on ""neutralizing"" portions of Ladakh.","also seem intended to broaden Peiping's e ort to convince New Delhi the Chinese will be cooperative in border talks. He said Chi-na ""might"" agree to demilitarizing ""certain portions"" of the disputed territory if India accepts the fact that China has ~-a claim to such territory. The Chinese may hope this rem-ark will be interpreted as a veiled hint that some accommodation can be reached on ""neutralizing"" portions of Ladalilﬂ",PASS,0.90411,0.929577,0.916667,PASS,1371,0.714435,0.085571,1.0,70,70,R4
CIA-RDP79T00975A005000090001-6:7.0.0,headline,final_0926_f091d07367,ASSIGNED_FULL,later_pdf_word_coordinates,False,"Premier Ibrahim, who in the past few months appeared to have lost the King's confidence, was reported to have offered his resignation. Just prior to the Agadir disaster, the King appeared ready to accept the resignation and to name Si Mohamed M'Barek Bekkai, who was premier from December 1955 until May 1958, to head a caretaker government to serve until after local elections are held in May.","Premier Ibrahim, who in the past few months appeared to have lost the King's confidence, was reported to have offered his resignation. Just prior to the Agadir disaster, the King appeared ready to accept the resignation and to name Si Mohamed M'Barek Bekkai, who was premier from December 1955 until May 1958, to head a caretaker government to serve until after local elec- tions are held in May.",PASS,0.971429,0.985507,0.978417,PASS,1633,0.776879,0.088725,1.0,68,68,R2
CIA-RDP79T00975A005000100001-4:6.1.0,headline,final_0927_e0910870cb,ASSIGNED_FULL,later_pdf_word_coordinates,False,"The latter attacked Bonn's threats to sever relations with Guinea as ""reminiscent of the old colonial methods of German imperialists,"" and told the ambassador that East Germany considers it is a ""routine matter for every state to establish relations with all other states.""","The latter attacked Bonn's threats to severrelations with Guinea as ""reminiscent of the old colonial methods of German imperialists,"" and told the ambassador that East Germany considers it is a ""routine matter for every state to establish relations with all other states.""",PASS,0.976744,0.954545,0.965517,PASS,1727,0.832289,0.080106,1.0,42,42,R3
CIA-RDP79T00975A005000150001-9:9.0.0,partial_D,final_0928_86da10b3e3,ASSIGNED_FULL,later_pdf_word_coordinates,False,and may have given assurances of support during their private discussions with the Shah in late February.,and may have given assurances of support during_._their private discussions with the Shah in late Febru-,PASS,0.941176,0.941176,0.941176,PASS,1823,0.811304,0.085844,1.0,16,16,R2
CIA-RDP79T00975A005000180001-6:7.0.1,partial_A,final_0929_f87c499e45,ASSIGNED_FULL,later_pdf_word_coordinates,False,The Iraqi chargé in Tehran quotes the Iranian foreign minister as saying that Iranian public opinion demands that Tehran cease supporting the Arabs because they have not helped Iran in the Persian Gulf.,The Iraqi charge in Tehran quotes the Iranian foreign minister as say- ing that Iranian public opinion demands that Tehran cease supporting the Arabs because they have not helped Iran in the Persian Gulf.),PASS,0.941176,0.969697,0.955224,PASS,1628,0.780815,0.091797,1.0,34,34,R1
CIA-RDP79T00975A005000180001-6:9.0.0,headline,final_0930_3b2c25dd07,ASSIGNED_FULL,later_pdf_word_coordinates,False,"The police chief was appointed to his post in May 1959 before Guevara left the government and has recently been reported plotting with members of Guevara's splinter group, the air force, and the rightist Bolivian Socialist Falange. He may have hoped that his move would spark a nationwide rebellion in favor of Guevara, who is virtually certain to lose next May's election to Paz Estenssoro and Paz's leftist running-mate, labor leader Juan Lechin.","The police chief was appointed to his post in May 1959 before Guevara left the government and has recently been re- ported plotting with members of Guevara's splinter group, the air force, and the rightist Bolivian Socialist Falange. He may have hoped that his move would spark a nationwide rebellion in favor of Guevara, who is virtually certain to lose next May's election to Pazv Estenssoro and Paz's leftist running-mate, la- bor leader Juan Lechin.",PASS,0.936709,0.961039,0.948718,PASS,1476,0.745455,0.090081,1.0,75,75,R1
CIA-RDP79T00975A005000190001-5:9.0.0,partial_B,final_0931_521830d32b,ASSIGNED_FULL,later_pdf_word_coordinates,False,the Greek Cypriot leader might accept any figure under 100 square miles.,Greek Cypriot V leader might accept any figure under 100 square miles.,PASS,0.916667,0.916667,0.916667,PASS,1761,0.84501,0.081269,1.0,12,12,R2
CIA-RDP79T00975A005000200001-3:6.0.0,headline,final_0932_74dc27d5ba,ASSIGNED_FULL,later_pdf_word_coordinates,False,"On 10 October, K. F. Lunev, deputy head of the USSR KGB, was sent to Kazakhstan as the republic KGB chief, presumably to investigate the situation. Virtually all top party and government officials of the Karaganda oblast were removed from their posts, and republic officials gave more public attention to the need for better living and working conditions.","On 10 October, K. F. Lunev, deputy head of the USSR KGB, was sent to Kazakhstan as the republic KGB‘ chief, presumably to investigate the situation, Virtually all top party and govern- ment officials of the Karaganda oblast were removed from their posts, and republic"" officials gave more public attention to the need for better living and working conditions.",PASS,0.966102,0.982759,0.974359,PASS,1503,0.791469,0.08177,1.0,59,59,R2
CIA-RDP79T00975A005000210001-2:4.0.0,partial_A,final_0933_b5eb5f682a,ASSIGNED_FULL,later_pdf_word_coordinates,False,"The Trujillo family is reported to have withdrawn some $46 million from the Reserve Bank, further worsening the country's economy.",The Trujillo family is reported to have withdrawn some $4.6 mil- lion from the Reserve Bank. further wo the country's economy.,PASS,0.782609,0.857143,0.818182,PASS,978,0.6577,0.085446,1.0,21,21,R2
CIA-RDP79T00975A005000210001-2:4.0.1,partial_D,final_0933_b5eb5f682a,ASSIGNED_FULL,later_pdf_word_coordinates,False,"the regime would last only one or two more months, and","th e regime wo uld I last only one or two more months, and\",PASS,0.642857,0.818182,0.72,PASS,978,0.6577,0.085446,0.928571,13,14,R2
CIA-RDP79T00975A005000210001-2:8.0.0,headline,final_0934_c624b7ff50,ASSIGNED_FULL,later_pdf_word_coordinates,False,but the Federal party leader reportedly told Senanayake that his party would not oppose the government in the initial parliamentary confidence vote.,but the Federal party leader re- portedly told Senanayake that his party would not oppose the government in the initial parliamentary confidence vote.@NP,PASS,0.875,0.954545,0.913043,PASS,1855,0.831839,0.082551,1.0,23,23,R1
CIA-RDP79T00975A005000210001-2:9.0.0,partial_B,final_0935_087685fcbb,ASSIGNED_FULL,later_pdf_word_coordinates,False,"the Generalissimo's eldest son and favorite daughter had withdrawn $46,000,000 from the state-owned Reserve Bank, presumably in anticipation of the family's early exile.","the Generalissimds eldest son and favorite daughter had withdrawn $46,000,000 from the state-owned Reserve Bank, presumably in anticipation of the family's early exile.",PASS,0.962963,0.928571,0.945455,PASS,1804,0.835185,0.080094,1.0,23,23,R3
CIA-RDP79T00975A005000220001-1:11.0.0,headline,final_0936_d6bb32f833,ASSIGNED_FULL,later_pdf_word_coordinates,False,"French diplomats close to Sihanouk are impressed by his ""calm but determined"" attitude and fear that South Vietnam's action will lead him to make some further move toward the Communist bloc.","French diplomats close to Sihanouk are impressed by his ""calm but determined"" attitude andfear that South Vietnam's action ""will lead him to make some further move toward the Communist bloc.",PASS,0.967742,0.9375,0.952381,PASS,1786,0.850881,0.077125,1.0,30,30,R1
CIA-RDP79T00975A005000250001-8:7.0.0,partial_A,final_0937_350797b233,ASSIGNED_FULL,later_pdf_word_coordinates,False,Nehru reportedly conveyed to the Dalai Lama recently his regret that India was unable to provide greater political support for the refugee Tibetan leaders.,ﬂehru reportedly conveyed. to the Dalai Lama recently his regret that India was unable to provide greater political support for the refugee Tibetan leaders.),PASS,0.958333,0.958333,0.958333,PASS,1251,0.650208,0.11523,1.0,24,24,R1
CIA-RDP79T00975A005000250001-8:7.0.1,partial_A,final_0937_350797b233,ASSIGNED_FULL,later_pdf_word_coordinates,False,"Nehru also promised that New Delhi's rehabilitation program for Tibetan refugees in India would be continued, although perhaps on a smaller scale.","Nehru also promisecfthaflqew Delhi's rehabilitation program for Tibetan refugees in India would be continued, although perhaps on a small- t er scale]",PASS,0.826087,0.826087,0.826087,PASS,1251,0.650208,0.11523,1.0,22,22,R1
CIA-RDP79T00975A005000350001-7:3.0.0,partial_C,final_0938_b58818c982,ASSIGNED_FULL,later_pdf_word_coordinates,False,"In addition, partly as a result of the growing influence and increasing activity of former Prime Minister Yoshida, Kishi and other government leaders have forbidden any Japanese initiative--and have ordered their negotiators to resist any Soviet move--which would link favorable fishing terms to a peace treaty requiring surrender of Japanese territorial claims","In addition, partly as a result of the 7,, /I‘ growing influence and increasing activity of former Prime» Min- -74' é -/,1; ’»'P ister Yoshida, Kishi and other government leaders have forbid- 1». den any Japanese initiative--and have ordered their negotiators to resist any Soviet move--which would link favorable fishing, terms 7 7' to a peace treaty requiring surrender of Japanese territorial claims?",PASS,0.8,0.962963,0.87395,PASS,970,0.685028,0.077166,0.857143,54,63,R1
CIA-RDP79T00975A005000350001-7:6.0.0,headline,final_0939_6f55941c14,ASSIGNED_FULL,later_pdf_word_coordinates,False,Negotiators have been instructed that they are to initiate no moves to link the fishing talks to a peace treaty and are to resist any Soviet moves in this direction.,Negotiators have beeninstructed that they are to ini- tiate no. moves to link the fishing talks to a peace treaty and are to resist any Soviet moves in this direction.,PASS,0.9,0.9,0.9,PASS,1750,0.823917,0.073248,1.0,30,30,R2
CIA-RDP79T00975A005000360001-6:6.1.0,partial_A,final_0940_6a898bd176,ASSIGNED_FULL,later_pdf_word_coordinates,False,He directed that prominence be given this line in the newspaper.,directed that prominence be given this line in the newspaper.;’,PASS,1.0,0.909091,0.952381,PASS,1807,0.82361,0.07262,1.0,10,10,R7
CIA-RDP79T00975A005000370001-5:6.0.0,partial_B,final_0941_aa4f12aa43,ASSIGNED_FULL,later_pdf_word_coordinates,False,the Ghanaian official is reported to have given even stronger assurances of support and also promised funds for the forthcoming campaign.,Ghanaian official is reported to have given even stronger Sthe. assurances of support and also promised funds for the forthcoming campaign.,PASS,0.952381,0.952381,0.952381,PASS,1847,0.821254,0.077115,1.0,21,21,R2
CIA-RDP79T00975A005000370001-5:6.0.1,partial_A,final_0941_aa4f12aa43,ASSIGNED_FULL,later_pdf_word_coordinates,False,Ghana wants to open a consulate general in Leopoldville within two weeks if possible.,\Ghana wants to open a consulate general in Leopoldville with-inrtwo weeks if pOSSib1eJ,PASS,0.785714,0.785714,0.785714,PASS,1847,0.821254,0.077115,1.0,13,13,R2
CIA-RDP79T00975A005000420001-9:10.0.0,headline,final_0946_c56916ac46,ASSIGNED_FULL,later_pdf_word_coordinates,False,The Cuban Government reportedly is paying transportation and lodging costs for 18 Chinese Communists who will participate in the May Day rally.,The. Cuban Government reportedly is paying transportation and lodging. costs for 18 Chinese Communists who will participate in the May Day rally.,PASS,1.0,1.0,1.0,PASS,1340,0.685773,0.109449,1.0,22,22,R1
CIA-RDP79T00975A005000420001-9:3.1.0,headline,final_0942_be36b0d4cd,ASSIGNED_FULL,later_pdf_word_coordinates,False,Junior army officers and elements of the National Unionist party reportedly are again planning a coup.,Junior army officers and elements of the National Unionist [3 A’ party reportedly are again planning a coupe,PASS,0.833333,0.9375,0.882353,PASS,1364,0.778095,0.077928,0.888889,16,18,R4
CIA-RDP79T00975A005000420001-9:6.0.0,partial_A,final_0943_d5ae0aa728,ASSIGNED_FULL,later_pdf_word_coordinates,False,Luthuli is reportedly suffering from dangerously high blood pressure as a result of police beatings.,Luthuli is reportedly suffering from dan er- ou pressure as a result of police ven,PASS,0.733333,0.733333,0.733333,PASS,1794,0.811765,0.085727,1.0,15,15,R3
CIA-RDP79T00975A005000420001-9:6.0.1,partial_B,final_0943_d5ae0aa728,ASSIGNED_FULL,later_pdf_word_coordinates,False,"even if Luthuli should survive, he will be a ""dull and shuffling moron.""","ven if Luthuli should survive, he will be a ""du1l an s u mg moroni'_]",PASS,0.533333,0.615385,0.571429,PASS,1794,0.811765,0.085727,1.0,15,15,R3
CIA-RDP79T00975A005000420001-9:7.0.0,headline,final_0944_49da8b6268,ASSIGNED_FULL,later_pdf_word_coordinates,False,"Two council members, Deputy Army Commander in Chief Hasan Bashir Nasir and Minister of Information Talat Farid, have resorted to the use of spies to keep track of each other's activities.","Two council members, Deputy Army Commander in Chief Hasan Bashir Nasir and Minister of Information Talat Farid, have resorted to the use of spies to keep track of each 0ther's activities]",PASS,0.96875,0.96875,0.96875,PASS,1092,0.630485,0.078085,1.0,31,31,R2
CIA-RDP79T00975A005000420001-9:7.1.0,headline,final_0944_49da8b6268,ASSIGNED_FULL,later_pdf_word_coordinates,False,The minister of interior has refused to present them with an ultimatum to desist or be jailed unless such action is endorsed by all army leaders.,The minister of interior has refused to pre- sent them with an ultimatum to desist or be jailed unless such action is endorsed by all army leaders.,PASS,0.925926,0.961538,0.943396,PASS,1092,0.630485,0.078085,1.0,27,27,R3
CIA-RDP79T00975A005000420001-9:7.2.0,headline,final_0944_49da8b6268,ASSIGNED_FULL,later_pdf_word_coordinates,False,"Junior army officers are again plotting a coup; elements of the National Unionist party are reportedly in contact with some of them for the purpose of joint planning to seize control of the government. A week ago, a considerable quantity of arms and ammunition was allegedly stolen from Khartoum military stores; almost immediately army units in the Khartoum area were put on standby alert.","measures.Y'] (Junior army officers are again plotting a coup; elements of the National Unionist party are reportedly in contact with some of them for the purpose of joint planning to seize control of the government. A week ago, a considerable quantity of arms and ammunition was allegedly stolen from Khartoum military stores; almost immediately army units in the Khartoum area were put on standby alert,",PASS,0.969697,1.0,0.984615,PASS,1092,0.630485,0.078085,0.984615,64,65,R4
CIA-RDP79T00975A005000420001-9:8.0.0,headline,final_0945_5b138f271f,ASSIGNED_FULL,later_pdf_word_coordinates,False,"Venizelos, although a non-Communist, is sufficiently vain and ambitious to be used by the USSR for propaganda to undermine Greek Prime Minister Karamanlis.","Venizelos, although a non-Commu- nist, is sufficiently vain and ambitious to be used by the USSR for propaganda to undermine Greek Prime Minister Karamanlisj",PASS,0.88,0.916667,0.897959,PASS,1700,0.814176,0.075873,1.0,24,24,R2
CIA-RDP79T00975A005000430001-8:12.1.0,headline,final_0949_610746927d,ASSIGNED_FULL,later_pdf_word_coordinates,False,"There is one report that they have already given him assistance, and may have led him to the cache of government arms and ammunition Beaton is reported to have filched.","There is one report that they have already given him assistance, and may have led him to the cache of government arms and ammunition Beaton is reported to have filched.",PASS,1.0,1.0,1.0,PASS,1707,0.787725,0.068179,1.0,30,30,R2
CIA-RDP79T00975A005000430001-8:12.2.0,partial_D,final_0949_610746927d,ASSIGNED_FULL,later_pdf_word_coordinates,False,and planned to send only a few volunteers in order to test his sincerity.,and planned to send onl a few vol- unteers in order to test his sincerity.,PASS,0.8,0.857143,0.827586,PASS,1707,0.787725,0.068179,1.0,15,15,R3
CIA-RDP79T00975A005000430001-8:5.1.0,headline,final_0947_a5c95422be,ASSIGNED_FULL,later_pdf_word_coordinates,False,"A high-level Cuban Communist leader, Carlos Rafael Rodriguez, has also indicated concern.","high==level has also mdicat ‘V Cuban e Communist d concern_"".]",PARTIAL_OCR_MATCH,0.454545,0.384615,0.416667,PASS,1134,0.614301,0.085067,1.0,10,10,R3
CIA-RDP79T00975A005000430001-8:6.0.0,headline,final_0948_826be466b0,ASSIGNED_FULL,later_pdf_word_coordinates,False,"In addition, both Nasir and Sukarno during their recent visits reportedly urged Nehru to stand firm in order not to weaken Asian resistance to Communist aggression.","In addition, both Nasir and Sukarno during their recent visits re- portedly urged Nehru to stand firm in order not to weaken Asian resistance to Communist aggression.",PASS,0.925926,0.961538,0.943396,PASS,1913,0.825993,0.071743,1.0,27,27,R1
CIA-RDP79T00975A005000440001-7:11.0.0,partial_A,final_0950_f720e86bcb,ASSIGNED_FULL,later_pdf_word_coordinates,False,"There is one unconfirmed but plausible report that the compliant President of Cuba, Osvaldo Dorticos, will be named president of the Supreme Court in an effort to bring it more closely under Castro's control.","There is one unconfirmed but plausible report that. the compliant President of Cuba, Osvaldo Dorticos, will be named president of the Supreme Court in an effort to bring it more closely under.Castro's control.",PASS,1.0,1.0,1.0,PASS,1590,0.772595,0.07711,1.0,33,33,R1
CIA-RDP79T00975A005000440001-7:11.0.1,partial_B,final_0950_f720e86bcb,ASSIGNED_FULL,later_pdf_word_coordinates,False,rumors that Foreign Minister Raul Roa would be retired to the presidency and Education Minister Armando Hart would be made foreign minister.,rumors that Foreign Minister Raul Roa would be retired to the presidency and Education Minister Armando Hart would be made foreign minister.,PASS,1.0,1.0,1.0,PASS,1590,0.772595,0.07711,1.0,22,22,R1
CIA-RDP79T00975A005000470001-4:15.0.0,partial_C,final_0951_d79ae5fbb3,ASSIGNED_FULL,later_pdf_word_coordinates,False,"Although there is no evidence available of direct French support and guidance of the opposition movement,","Although there is no evidence available of direct French support and guidance of the opposition movement,",PASS,1.0,1.0,1.0,PASS,1836,0.842588,0.0764,1.0,16,16,R2
CIA-RDP79T00975A005000480001-3:15.0.0,partial_B,final_0952_47c919cd4e,ASSIGNED_FULL,later_pdf_word_coordinates,False,"these include trial of the conspirators by ""popular tribunals"" and possibly demands for Castro-type executions of the key leaders.","these include trial of the conspirators by ""populartribunals"" an dl possibly demands for Castro-type executions of the key leaders.",PASS,0.85,0.85,0.85,PASS,1583,0.820207,0.076102,1.0,19,19,R2
CIA-RDP79T00975A005000490001-2:11.0.0,partial_A,final_0953_2f2dc5d432,ASSIGNED_FULL,later_pdf_word_coordinates,False,Neither Nehru nor Chou retreated from his basic position on the border issue.,"Ejeither Nehru nor Chou retreated from his basic position on the border issue‘,",PASS,0.923077,0.923077,0.923077,PASS,1338,0.73719,0.077941,1.0,13,13,R1
CIA-RDP79T00975A005000490001-2:11.0.1,partial_A,final_0953_2f2dc5d432,ASSIGNED_FULL,later_pdf_word_coordinates,False,"Nehru, during the first three days of talks, insistently argued that India was the injured party and that the next conciliatory move was up to the Chinese. He apparently refused to accept any agreement based on the status quo, demanding Chinese military withdrawal from Ladakh as a condition for any substantive negotiations. Other top Indian Government officials reportedly were even more outspoken in expressing New Delhi's indignation over Chinese actions in the border area.","lNehru, during the first three days oftalks, insistently argue that In- dia was the injured party and that the next conciliatory move was up to the Chinese. He apparently refused to accept any agreement based on the status quo, demanding Chinese mili- tary withdrawal from Ladakh as a condition for any substantive negotiations. Other top Indian. Government officials reportedly were even_more outspoken in expressing New~Delhi's indigna- tion over Chinese actions in the border areaj",PASS,0.87013,0.893333,0.881579,PASS,1338,0.73719,0.077941,1.0,74,74,R1
CIA-RDP79T00975A005000490001-2:11.0.2,box_hid_more,final_0953_2f2dc5d432,ASSIGNED_FULL,later_pdf_word_coordinates,False,"Chou reportedly met this uncompromising attitude with equal obstinacy, insisting that ""rightful"" Chinese occupation of disputed territory constitutes a prime criterion of ownership and holding that the entire border is undelimited, therefore subject to negotiation.","Ehou reportedly met this uncompromising attitude with equal obstinacy, insisting that ""rightful"" Chinese occupation of disputed-territory constitutes a prime criterion of owner- ship and holding that the entire border is imdelimited, there- fore subject to negotiating",PASS,0.810811,0.857143,0.833333,PASS,1338,0.73719,0.077941,1.0,36,36,R1
CIA-RDP79T00975A005000490001-2:13.0.0,headline,final_0954_2459f90bb5,ASSIGNED_FULL,later_pdf_word_coordinates,False,"Meanwhile, the President is believed to have admonished the Algerian rebels in Tunisia not to engage in any activities near the border which might stimulate such French retaliation as ground fire against concentrations of Algerian military units on the Tunisian side of the border. Bourguiba also apparently told Algerian officials that any new materiel must cross without delay from Libya to Algeria, without assembly or stockpiling in Tunisia.","Kljleanwhile, the President is believed to have admonished the Algerian rebels in Tunisia not to engage in any activities near the border which might stimulate. such French» retaliation, as ground fire against concentrations of Algerian military units on the Ttmisian side of the border. Bourguiba also apparently told Algerian officials that any new materiel must cross with- out delay from Libya to Algeria, without assembly or stockpil- ing in Tunisiaﬂ",PASS,0.9,0.926471,0.913043,PASS,1389,0.75203,0.080106,1.0,70,70,R2
CIA-RDP79T00975A005000490001-2:14.0.0,headline,final_0955_c470146928,ASSIGNED_FULL,later_pdf_word_coordinates,False,"In return for agreeing to accept the protectorate's plan for total integration, Issa apparently received a pledge of support from the protectorate leaders as either prime minister or president of the new state.","In return for agreeing to accept the protectorate's plan for total integration, Issa apparently received -a pledge of support from the protectorate leaders as eitherprime minister or president of the new statelj",PASS,0.939394,0.911765,0.925373,PASS,1498,0.77416,0.083664,1.0,32,32,R3
CIA-RDP79T00975A005000490001-2:14.1.0,partial_A,final_0955_c470146928,ASSIGNED_FULL,later_pdf_word_coordinates,False,Three battalions of Imperial Body Guard troops--Ethiopia's elite fighting force--reportedly were moved into this area recently.,Three battalions of Im- perial Body Guard troops-=-“Ethiopia's elite fighting force--=-renort=~ edly were moved into this area recently?‘,PASS,0.809524,0.894737,0.85,PASS,1498,0.77416,0.083664,1.0,18,18,R4
CIA-RDP79T00975A005100040001-0:8.0.0,headline,final_0956_985d1d3a11,ASSIGNED_FULL,later_pdf_word_coordinates,False,for an assignment with military intelligence,for an assignment with military intelligence,PASS,1.0,1.0,1.0,PASS,1904,0.85038,0.073196,1.0,6,6,R2
CIA-RDP79T00975A005100040001-0:9.0.0,partial_C,final_0957_d51fdf3ed5,ASSIGNED_FULL,later_pdf_word_coordinates,False,Reports indicate that some have been beaten in attempts to extract confe,[Reports indi cate that some have been beaten in attempts to extract confe:,PASS,0.846154,0.916667,0.88,PASS,1344,0.742131,0.07975,1.0,13,13,R1
CIA-RDP79T00975A005100040001-0:9.0.1,partial_B,final_0957_d51fdf3ed5,ASSIGNED_FULL,later_pdf_word_coordinates,False,sions that the demonstrations were planned as a means to sabotage the NATO Ministerial Council meeting in Istanbul from 2 to 4 May.,sions that the demonstrations were planned as a means to sabotage the NATO Ministerial Council meeting in Istanbul from 2 to 4 Mayj,PASS,0.956522,0.956522,0.956522,PASS,1344,0.742131,0.07975,1.0,23,23,R1
CIA-RDP79T00975A005100040001-0:9.1.0,headline,final_0957_d51fdf3ed5,ASSIGNED_FULL,later_pdf_word_coordinates,False,"According to recent reports, the students in Istanbul are also preparing a petition listing their grievances for submission to the United Nations Commission on Human Rights.","Qccording to recent re ports, the students in Istanbul are also preparing apetition listing their grievances for submission to the United Nations Commission on Human Right_s_.Q",PASS,0.75,0.807692,0.777778,PASS,1344,0.742131,0.07975,1.0,26,26,R1
CIA-RDP79T00975A005100040001-0:9.2.0,headline,final_0957_d51fdf3ed5,ASSIGNED_FULL,later_pdf_word_coordinates,False,The RPP already has drawn up plans to go underground if it is proscribed.,The RPP already has drawn up plans to go underground if it is proscribed.,PASS,1.0,1.0,1.0,PASS,1344,0.742131,0.07975,1.0,14,14,R2
CIA-RDP79T00975A005100060001-8:3.0.0,partial_B,final_0958_03be2ee1b6,ASSIGNED_FULL,later_pdf_word_coordinates,False,uncovered evidence that Iranian students were preparing to create disturbances similar to those in Korea and Turkey.,ran i an st u d en ts we re preparing to create. disturbances similar to those in Korea and Turkey.,PASS,0.52381,0.647059,0.578947,PASS,1589,0.80415,0.091108,1.0,21,21,R2
CIA-RDP79T00975A005100060001-8:3.0.1,partial_B,final_0958_03be2ee1b6,ASSIGNED_FULL,later_pdf_word_coordinates,False,"organization has taken steps to forestall any student outbreaks, but because the Turkish riots have had a strong effect in Tehran he expects repercussions ""for some time to come.""","has taken steps to forestall any student outbreaks, but because the Turkish riots have had a strong effect in-Tehran_.he expects repercus- sions ""for some time to come.""",PASS,0.931034,0.931034,0.931034,PASS,1589,0.80415,0.091108,1.0,27,27,R2
CIA-RDP79T00975A005100060001-8:4.0.0,partial_A,final_0959_1266ade4b0,ASSIGNED_FULL,later_pdf_word_coordinates,False,Cypriot and British negotiators are still attempting to resolve final problems which have thus far prevented proclamation of the island's independence.,Cypriot and British negotiators are still attempting to resolve ﬁnal problems which. have thus iii??? far prevented proclamation of the island's independence],PASS,0.956522,1.0,0.977778,PASS,1566,0.77257,0.097412,1.0,22,22,R2
CIA-RDP79T00975A005100060001-8:5.0.1,partial_B,final_0960_e4bbb87940,ASSIGNED_FULL,later_pdf_word_coordinates,False,has evidence that Iranian students are planning disturbances similar to those in Korea and Turkey.,evidence that Iranian students are plan- n g 1S ur ances similar to those in Korea and,PASS,0.647059,0.733333,0.6875,PASS,1324,0.723497,0.086922,1.0,17,17,R2
CIA-RDP79T00975A005100060001-8:5.0.2,partial_A,final_0960_e4bbb87940,ASSIGNED_FULL,later_pdf_word_coordinates,False,"SAVAK has taken steps to forestall any such outbreaks, but because the Turkish riots have had a strong effect in Tehran, he expects repercussions ""for some time to come.""","SAVAK hastaken steps to forestall any such out+ breaks, but because the Turkish riots have had a. strong ef- Turkey,3 fect in Tehran, he expects repercussions ""for some time to come,_'ﬂ",PASS,0.757576,0.862069,0.806452,PASS,1324,0.723497,0.086922,1.0,31,31,R2
CIA-RDP79T00975A005100060001-8:5.1.0,headline,final_0960_e4bbb87940,ASSIGNED_FULL,later_pdf_word_coordinates,False,and any Communist organization there probably is small and under constant surveillance by SAVAK.,"and any Communist organization there rob- ably is smallandlunder, constant;surve""il1ance by SAVAKJ",PASS,0.571429,0.571429,0.571429,PASS,1324,0.723497,0.086922,1.0,12,12,R3
CIA-RDP79T00975A005100060001-8:5.2.0,headline,final_0960_e4bbb87940,ASSIGNED_FULL,later_pdf_word_coordinates,False,and Bakhtiar intends to leave the country for a week beginning 7 May.,and Bakhtiar intends to leave the country for a week beginning 7-May.,PASS,1.0,1.0,1.0,PASS,1324,0.723497,0.086922,1.0,12,12,R4
CIA-RDP79T00975A005100080001-6:6.0.0,partial_D,final_0961_d5d30a9d36,ASSIGNED_FULL,later_pdf_word_coordinates,False,"and reportedly summoned an adviser to brief him on ""what Americans were saying.""","and reportedly summoned an adviser to brief him on ""What Ameri- cans were saying._'j\",PASS,0.8,0.923077,0.857143,PASS,1660,0.818137,0.080317,1.0,14,14,R2
CIA-RDP79T00975A005100090001-5:3.0.0,headline,final_0962_03687535a6,ASSIGNED_FULL,later_pdf_word_coordinates,False,"The rebel organization in France, which last week attempted the assassination of a right-wing Algerian deputy, reportedly plans to sabotage fuel depots and industrial installations.","The rebel organization in France, which last week attempted the assassination of a right-wing Algerian Q deputy, reportedly plans to sabotage fuel depots and industrial installations",PASS,0.962963,1.0,0.981132,PASS,1183,0.712651,0.088663,0.961538,25,26,R2
CIA-RDP79T00975A005100090001-5:5.0.0,partial_A,final_0963_fa8ba76c8c,ASSIGNED_FULL,later_pdf_word_coordinates,False,"French police believe the rebels to be reinforcing their cadres in metropolitan France with a view to intensifying efforts at assassination and sabotage. Attacks against selected persons, oil refineries, fuel-storage depots, and industrial installations reportedly would be timed to coincide with the summit meetings in Paris.","‘French police believe the rebels to be reinforcing their cadres in metro- politan France with a view to intensifying efforts at assassination and sabotage. Attacks against selected persons, oil refineries, fuel-storage depots, and industrial installations reportedly would be timed to coincide with the summit meetings in Paris.",PASS,0.958333,0.978723,0.968421,PASS,1652,0.816609,0.07622,1.0,47,47,R2
CIA-RDP79T00975A005100100001-3:13.0.0,headline,final_0965_19520e60a4,ASSIGNED_FULL,later_pdf_word_coordinates,False,"Reliable reports state that the official announcement, which had previously been scheduled for 14 May, will be postponed an additional 48 hours.","Reliable reports state that the official announcement, which had previously been scheduled for 14 May, will be postponed an additional 48 hours.",PASS,1.0,1.0,1.0,PASS,1296,0.753051,0.075395,1.0,22,22,R1
CIA-RDP79T00975A005100100001-3:5.0.0,headline,final_0964_efe6d09799,ASSIGNED_FULL,later_pdf_word_coordinates,False,"Although some leaders of the government party are reliably reported to be discussing measures to prevent Chiari from taking power, many supporters of Ricardo Arias, the administration-backed candidate, have privately conceded his defeat.","Although some leaders of the government party are reliably reported to be discussing measures to prevent Chiari from taking :52; \‘-5% power, many, supporters of Ricardo Arias, the administration- I\\ [Z backed candidate, have privately conceded his defeat.",PASS,0.894737,1.0,0.944444,PASS,1514,0.79267,0.081474,0.894737,34,38,R3
CIA-RDP79T00975A005100160001-7:10.0.1,partial_B,final_0968_e72d4053e2,ASSIGNED_FULL,later_pdf_word_coordinates,False,"as in March when a quasi-official lecturer in Moscow censured the Iraqi leader for ""using"" the Communists, but the Soviet press and radio have withheld open criticism.","been as in March when a quasi==official lecturer. in Moscow censured-the Iraqi leader for ""us_ing"""" the Communists, but the Soviet press and radio havewithheld open crit_ici'sm..",PASS,0.774194,0.857143,0.813559,PASS,1574,0.787788,0.080533,1.0,26,26,R2
CIA-RDP79T00975A005100160001-7:10.0.2,box_hid_more,final_0968_e72d4053e2,ASSIGNED_FULL,later_pdf_word_coordinates,False,"On the Iraqi side, Qasim's growing suspicion of bloc activities is shown in intensive surveillance by Iraqi security services starting 10 May of the Soviet Embassy and the homes of bloc diplomatic personnel.",".@n the Iraqi side, Qasim's growing suspicion of bloc activ=- ities is shown in intensive surveillance by Iraqi security service starting 10 May of the Soviet Embassy and the homes of bloc diplo- matic personnel_.]",PASS,0.833333,0.882353,0.857143,PASS,1574,0.787788,0.080533,1.0,35,35,R2
CIA-RDP79T00975A005100160001-7:11.0.0,headline,final_0969_0689ba89e2,ASSIGNED_FULL,later_pdf_word_coordinates,False,"A large-scale demonstration reportedly is planned for Ankara on 19 May, the Turkish youth and sports holiday, but otherwise the country remains relatively quiet. The next move appears up to the government; the RPP continues its recently adopted position of watchful waiting.","large-scale demonstration reportedly is planned for Ankara on 19 Q May, the Turkish ‘youth and sports holiday, but otherwise] the country remains relatively quiet. The next move appears up to the government; the IRPP continues its recently adopted posi- tion of ""Watchful waiting‘,",PASS,0.909091,0.930233,0.91954,PASS,1890,0.823529,0.083437,1.0,43,43,R1
CIA-RDP79T00975A005100160001-7:3.0.1,partial_B,final_0966_693070764a,ASSIGNED_FULL,later_pdf_word_coordinates,False,that the USSR would take no action in the months immediately ahead which would increase tensions or make trouble.,the USSR would take no action in the months im= /U mediately ahead which would increase tensions or make trouble.,PASS,0.85,0.894737,0.871795,PASS,1206,0.695101,0.084083,1.0,20,20,R1
CIA-RDP79T00975A005100160001-7:4.1.0,partial_A,final_0967_1f8d3800a6,ASSIGNED_FULL,later_pdf_word_coordinates,False,"Turkish security forces expect a large demonstration in Ankara on 19 May, a Turkish youth and sports holiday.","[_Turkish security forces expect a large demonstration 1n Ankara on 19 May, a Turkish youth and sports hol- T .1 iday]",PASS,0.761905,0.888889,0.820513,PASS,602,0.460949,0.083005,1.0,21,21,R2
CIA-RDP79T00975A005100230001-9:8.0.1,partial_B,final_0970_82f3e359d4,ASSIGNED_FULL,later_pdf_word_coordinates,False,no restrictive measures are to be initiated directly against West Berlin in the near future--apparently meaning that the East Germans will not harass travel between East and West Berlin or from West Berlin to West Germany.,"tno restric- tive measures are to be initiated directly ""against West Berlin in the near future--apparently meaning that the East*_Germans will not harass travel between East and West Berlin or from West Berlinto West Germany_.j",PASS,0.868421,0.891892,0.88,PASS,1344,0.742131,0.07683,1.0,35,35,R1
CIA-RDP79T00975A005100260001-6:8.0.0,headline,final_0971_aa0582674e,ASSIGNED_FULL,later_pdf_word_coordinates,False,"The Emperor's grandson has admitted, however, that the request for police aid was inflated and not realistic.","The Emperor's grandson has admitted, however, that the request for police aid was inflated and not realisticﬁ",PASS,0.944444,0.944444,0.944444,PASS,1723,0.799536,0.086519,1.0,17,17,R3
CIA-RDP79T00975A005100280001-4:10.0.0,partial_A,final_0972_3053a36421,ASSIGNED_FULL,later_pdf_word_coordinates,False,"The size and content of the Second Five-Year Plan, which is being prepared by the interested ministries in Kabul, are likely to depend in part on the results of negotiations in Moscow. The Afghans are likely to indulge in some hard bargaining on the terms of repayment before signing a credit agreement.","The size and content of the Second Five-Year Plan, which is being prepared by the interested ministries in Kabul, are likely to depend in part on the results of nego== tiations in Moscow, The Afghans are likely to indulge in some hard bargaining on the efore signing Ia credit agreement.",PASS,0.921569,0.886792,0.903846,PASS,1677,0.79441,0.089502,1.0,50,50,R2
CIA-RDP79T00975A005100280001-4:11.0.0,headline,final_0973_7671ed67fb,ASSIGNED_FULL,later_pdf_word_coordinates,False,"Lt. Gen. Teimur Bakhtiar, chief of the Iranian National Intelligence and Security Organization (SAVAK), told an American official that he is urging Court Minister Hosein Ala to warn the Shah to withdraw from personal direction of the government ""while he still can."" Prime Minister Eqbal hopes that the events in Turkey will provide a ""much-needed lesson"" but does not believe Ala is forceful enough to convince the Iranian ruler.","Lt. Gen. Teimur Bakhtiar, chiefof the Iranian National Intelligence and Security Organization (SAVAK), told an Ameri- can official that he is urging Court Minister Hosein Ala to Warn the Shah to withdraw from personal direction of the gov- ernment ""while-he still can."" Prime Minister Eqbal hopes that the events in Turkey will provide a ""much-needed lesson"" but doesnot believe Ala is forceful enough to convince the Iranian ruler.",PASS,0.914286,0.914286,0.914286,PASS,1089,0.69099,0.081295,1.0,68,68,R1
CIA-RDP79T00975A005100280001-4:11.1.0,headline,final_0973_7671ed67fb,ASSIGNED_FULL,later_pdf_word_coordinates,False,"Meanwhile, Iranian political opposition groups have become more active since the coup in Turkey on 27 May. The leader of one group claims that on 28 May he attempted to persuade his associates to stage a coup the next day but failed--apparently because the group lacked assurance of military support.","Meanwhile"", Iranian political opposition groups have be- come more active since the coup in Turkey on 27 -May. The leader of one group claims that on 28 May he attempted to épersuade his associates to stage a coup the next day but failed-- apparently because the group lacked assurance of military. sup- T",PASS,0.90566,0.941176,0.923077,PASS,1089,0.69099,0.081295,1.0,53,53,R1
CIA-RDP79T00975A005100280001-4:11.2.0,headline,final_0973_7671ed67fb,ASSIGNED_FULL,later_pdf_word_coordinates,False,"Dissatisfied lower ranking officers, however, have been plotting against the regime and seeking alliances with civilian groups, but apparently without well-developed plans.","Dis- satisfied lower ranking officers, however, have been plotting against the regime and seeking alliances with civilian groups, but apparently without well-developed plans.",PASS,0.916667,0.956522,0.93617,PASS,1089,0.69099,0.081295,1.0,23,23,R1
CIA-RDP79T00975A005100300001-1:11.0.0,headline,final_0974_7f3580727c,ASSIGNED_FULL,later_pdf_word_coordinates,False,"Meanwhile, Guatemalan President Ydigoras is reliably reported to have threatened to consider withdrawal from the Organization of American States (OAS) or at least to have the Guatemalan representative in the OAS ""walk out"" if the Inter-American Peace Committee fails to act on Guatemalan charges against Cuba which were formally lodged with the OAS following Guatemala's break with the Castro regime.","Meanwhile, Guatemalan President Ydigoras is reliably re=- ported to have threatened to consider withdrawal from the Organiza- tion of American States (OAS) or at least to have the Guatemalan representative in the OAS ""walk out"" if the Inter-American Peace Committee fails to act _on Guatemalan charges against Cuba. which were formally lodged with the OAS following Guatemala's break with the Castro regime.‘3",PASS,0.923077,0.967742,0.944882,PASS,1465,0.808053,0.077591,1.0,62,62,R1
CIA-RDP79T00975A005100320001-9:10.1.0,partial_A,final_0975_74a290522f,ASSIGNED_FULL,later_pdf_word_coordinates,False,"The initial protest made verbally to the King by an Aramco representative on 1 June met with no success. Saud reportedly showed no disposition to amend the new concession grant and hinted broadly that perhaps Aramco might overlook any alleged conflict with its concession terms, since the royal family was involved in the new project. He suggested that Aramco could, however, write an official letter through normal channels setting forth its position.","The initial protest made. verbally to the King by an Aramco representative on 1 June met with no success. Saud reportedly showed no disposition to amend the new concession grant and hinted broadly that perhaps Aramco might overlook any alleged conflict with its concession terms, since the royal family was in- volved in the new project. He suggested that Aramco could, how- ever, write an official letter through normal channels setting forth its position.",PASS,0.945946,0.972222,0.958904,PASS,1051,0.642028,0.082693,1.0,74,74,R2
CIA-RDP79T00975A005100330001-8:9.0.0,partial_A,final_0976_867c10014a,ASSIGNED_FULL,later_pdf_word_coordinates,False,Japanese security authorities nevertheless have indicated some uneasiness about the possibility that minor extremist elements may resort to such action.,Japanese security authorities nevertheless have indicated some uneasiness about the possibilit that minor extremist elements may resort to such actionj,PASS,0.9,0.9,0.9,PASS,1602,0.831344,0.077968,1.0,20,20,R1
CIA-RDP79T00975A005100360001-5:10.0.0,headline,final_0978_b3d7eab7cc,ASSIGNED_FULL,later_pdf_word_coordinates,False,"Kekkonen is reported to have told a small group of leading Finnish industrialists that prospects for such affiliation are very dim in view of current world conditions and the continuation of the minority government, which controls only 47 of the 200 votes in parliament.","Kekkonen is reported to have told a small group of leading Finnish industrialists that prospects for such'af- filiation are very dim in view of current world conditions and the continuation of the minority government, which controls only 47 of the 200 votes in parliament.t_f3",PASS,0.914894,0.977273,0.945055,PASS,1419,0.729188,0.084988,1.0,44,44,R2
CIA-RDP79T00975A005100360001-5:10.1.0,partial_A,final_0978_b3d7eab7cc,ASSIGNED_FULL,later_pdf_word_coordinates,False,Kekkonen feels that joining EFTA at this time might arouse Khrushchev's animosity and that the Soviet leaders would not hesitate to assail any Finnish politicians promoting such an affiliation.,5; Kekkonen feels that joining EFTA at this time might arouse Khrushchev's animosity and that the Soviet leaders would not hesitate to assail any Finnish politicians promoting suclnan if affiliation.,PASS,0.903226,0.933333,0.918033,PASS,1419,0.729188,0.084988,1.0,30,30,R3
CIA-RDP79T00975A005100360001-5:4.0.0,partial_A,final_0977_098c83127c,ASSIGNED_FULL,later_pdf_word_coordinates,False,"Kekkonen is reported to have said that Khrushchev, under present circumstances, would not hesitate to denounce any Finnish politicians who might try to associate Finland with EFTA.","£Kekkonen is_re= ported to have said that Khrushchev, tmder present circum= stances, would not hesitate to denounce any Finnish politicians who might try to associate Finland with-EFTAJ",PASS,0.793103,0.851852,0.821429,PASS,1462,0.750128,0.097999,1.0,27,27,R1
CIA-RDP79T00975A005100410001-9:9.0.0,partial_A,final_0979_b778d083d5,ASSIGNED_FULL,later_pdf_word_coordinates,False,"Sukarno has ordered the dissolution of the Democratic League, but no action appears to have been taken against it. Some top army officers appear apprehensive that during the next few months Sukarno will attempt to reshuffle army leadership in retaliation against the army's quiet support of the league.","‘Sukarno has ordered the dissolution of the Democratic League, but no action appears to have been taken against it. ?>Some top army officers appear apprehensive that during the next few months Sukarno will attempt to reshuffle army leadership in retalia- tion. against the armvf; quiet support of the",PASS,0.9375,0.918367,0.927835,PASS,1667,0.808047,0.081167,1.0,48,48,R1
CIA-RDP79T00975A005100420001-8:5.0.0,headline,final_0980_c508c4e4c2,ASSIGNED_FULL,later_pdf_word_coordinates,False,"Giving more substance to current rumors, however, are reports that on 19 June Iran's paratroop battalion will demonstrate its combat readiness in an exercise at an airport near Tehran and that an unidentified military training unit is to leave Tehran the same day for maneuvers.","Giving more substance to current rumors, however, are reports that on 19 June Iran's paratroop battalion-will demonstrate its combat readiness in an exercise at an airport near-Tehran and that an unidentified military training unit is to leave Tehran the same day for maneuvers.",PASS,1.0,1.0,1.0,PASS,1267,0.697687,0.085285,1.0,43,43,R1
CIA-RDP79T00975A005100420001-8:5.1.0,headline,final_0980_c508c4e4c2,ASSIGNED_FULL,later_pdf_word_coordinates,False,"One military group has reportedly tried to obtain support for such a move from Lt. Gen. Teimur Bakhtiar, chief of the Iranian National Intelligence and Security Organization (SAVAK). Bakhtiar is in Tehran although his family is abroad. This same group reportedly rejected--for lack of military support--a proposal by its leader on 29 May for an immediate move against the government.","One military group has reportedly tried to obtain support for such a move from Lt. Gen. Teimur Bakh-tiar, chief of the Iranian National Intelligence and Security Organization (SAVAK). Bakhtiar is in. Tehran although his family is abroad. This same group reportedly rejected=~for lack of military support“ a proposal by its leader on 29 May for an immediate move against the government.)",PASS,0.968254,0.983871,0.976,PASS,1267,0.697687,0.085285,1.0,61,61,R1
CIA-RDP79T00975A005100470001-3:7.0.0,headline,final_0981_6d1c04d9f2,ASSIGNED_FULL,later_pdf_word_coordinates,False,"Senior Japanese police officials have complained that they did not receive explicit directions to put down the disturbances, that governmental officials probably would not have accepted responsibility for strong police measures, and that the police themselves would be left to take the blame.","demonstrations.§__;_Senior Japanese police officials have complained that they did not receive explicit directions to put downthe disturbances, that governmental officials prob- ably would not have accepted responsibility for strong police measures, and that the policethemselves would be left to take the blame.""""""%",PASS,0.883721,0.883721,0.883721,PASS,1682,0.821289,0.082438,1.0,42,42,R1
CIA-RDP79T00975A005100510001-8:9.0.0,partial_A,final_0982_109c996c5d,ASSIGNED_FULL,later_pdf_word_coordinates,False,High-level consultations reportedly have taken place recently among the three military services in order to plan for countermeasures to control unrest in Portuguese Africa.,*High—level consultations: reportedly have taken place recently among the three military services in order to plan for counter- measures to control unrest in Portuguese Africa.,PASS,0.88,0.88,0.88,PASS,1659,0.802612,0.079314,1.0,25,25,R1
CIA-RDP79T00975A005200020001-1:5.0.0,headline,final_0983_61f3d9046f,ASSIGNED_FULL,later_pdf_word_coordinates,False,"There are reports that, unless the leadership decides on a successor by 4 July, party members will demand that an LDP Diet members' caucus or a party convention be called to resolve the issue. Already 50 Diet members have agreed to demand a progress report from the leadership and to ask that party executives begin preparations for a party convention.","There are reports that, unless the leadership decides on a successor by 4 July, party members will demand that an LDP Diet members‘ caucus or a party con- vention_be called to resolve the issue. Already 50 Diet mem- bers have agreed to demand a progress report from the leader- ship and to ask that party executives begin preparations for a party convention.",PASS,0.904762,0.95,0.926829,PASS,1519,0.810133,0.074194,1.0,62,62,R1
CIA-RDP79T00975A005200020001-1:9.0.0,partial_B,final_0984_abbde0ed87,ASSIGNED_FULL,later_pdf_word_coordinates,False,", the federal government plans to dispatch troops and take over maintenance of order in the protectorate within seven hours if such an outbreak recurs.",the federal government plans to dispatch troops and_take over maintenance of order in the rotec- torate within seven hours if such an outbreak recurs.,PASS,0.92,0.958333,0.938776,PASS,1715,0.824916,0.07923,1.0,24,24,R1
CIA-RDP79T00975A005200030001-0:3.0.0,partial_A,final_0985_bdd4654d8d,ASSIGNED_FULL,later_pdf_word_coordinates,False,Betancourt plans to take military action to overthrow the Trujillo regime shortly after the Venezuelan case has been presented to the OAS foreign ministers. Betancourt has reportedly designated ex-President Figueres of Costa Rica to organize an anti-Communist and anti-Castro junta for the Dominican Republic following Trujillo's ouster.,Betancourt plans to ﬁ take military action to overthrow the T1‘l1]i11O regime shortly after the Venezuelan case has been presented to the OAS fore eign ministers Betancourt has reportedly designated ex Pres ident Figueres of Costa Rica to organize an anti==Communist and anti Castro Junta for the Dominican Republic following Tru]illo's,PASS,0.836364,0.901961,0.867925,PASS,1444,0.807606,0.084145,0.980392,50,51,R3
CIA-RDP79T00975A005200040001-9:7.0.0,partial_A,final_0986_fea6fe6b02,ASSIGNED_FULL,later_pdf_word_coordinates,False,"The Venezuelan Government has reports that another attempt will be made to assassinate Betancourt, possibly as early as 5 July.","r a.,,.lI‘he Venezuelan Government has reports that another attempt will be made to assassinate Betancourt, possibly as early as 5 July.",PASS,0.863636,0.95,0.904762,PASS,1586,0.785927,0.078983,1.0,21,21,R1
CIA-RDP79T00975A005200080001-5:8.0.0,headline,final_0987_1435b69bfe,ASSIGNED_FULL,later_pdf_word_coordinates,False,"Reports are circulating in Yemen that Egypt is disappointed with Crown Prince Badr, the Imam's chosen successor, and is ready to support a Yemeni republic.","Reports are circulating in Yemen that Egypt is disappointed with Crown Prince Badr, the Imam's chosen successor, and is ready to support a Yemeni republic.",PASS,1.0,1.0,1.0,PASS,1740,0.850856,0.072587,1.0,25,25,R1
CIA-RDP79T00975A005200100001-2:6.0.0,partial_A,final_0988_6e52e31ed9,ASSIGNED_FULL,later_pdf_word_coordinates,False,"President Aden Abdullah and Prime Minister Abdullahi Issa, the Soviet officials were insistent in urging formal ties with the USSR and presented for Somali approval a joint communiqué in final form announcing the opening of diplomatic relations between the two countries. Aden Abdullah refused on the grounds that this decision must await the formation of the new government--which is expected at any moment.","‘President Aden Abdullah and Prime Minister Abdullahi Issa, the Soviet offi- cials were insistent in urging formal ties with the.USSR and presented for Somali approval a joint communique in final form announcing the opening of diplomatic relations between the two countries. Aden Abdullah refused on the grounds that this decision must await the formation of the new govern- ment--which is expected at any moment.",PASS,0.939394,0.96875,0.953846,PASS,1558,0.757782,0.084477,1.0,64,64,R1
CIA-RDP79T00975A005200110001-1:10.0.1,partial_B,final_0991_e7bf5fdb8c,ASSIGNED_FULL,later_pdf_word_coordinates,False,"explains that the purpose of his faction is to cause confusion and create a situation in which ""some group"" can stage a successful coup against the government of President Miguel Ydigoras.","that the purpose of his faction is to cause confusion and create a situation in which ""some group"" can stage a. successful coup against the -government of President Miguel Ydigoras.",PASS,1.0,0.967742,0.983607,PASS,1704,0.772439,0.087345,1.0,30,30,R1
CIA-RDP79T00975A005200110001-1:5.0.1,partial_B,final_0989_12e3d1a242,ASSIGNED_FULL,later_pdf_word_coordinates,False,"told the American ambassador that Mexico has ""a very serious"" leftist and Communist problem and that the current expressions of pro-Cuban sentiment must be viewed against that background.","minister-told the American ambassador that Mexico has ""a very serious"" left- E ist and Communist problem and that the current expressions of bro-Cuban sentiment. must be viewed against that background.",PASS,0.84375,0.931034,0.885246,PASS,1519,0.803704,0.091763,1.0,30,30,R2
CIA-RDP79T00975A005200110001-1:9.0.1,partial_B,final_0990_d94bb0d1ae,ASSIGNED_FULL,later_pdf_word_coordinates,False,"a ""very serious"" leftist and Communist problem exists in Mexico, and that manifestations of Mexican support for the Castro regime in Cuba should be viewed against that background. He remarked that President Lopez Mateos was forced to take certain measures to foil leftist plans and asked that the US ""leave us to handle this matter in our own way."" Similar comments were made by Mexican officials following the warm reception recently accorded to visiting Cuban President Dorticos.","""very serious"" leftist and Communist problem ex- is s in exico, and that manifestations of Mexican support for the Castro regime in Cuba should be viewed against that background. He remarked that President Lopez Mateos was forced to take cer- tain measures to fo:il leftist plans and asked that the US ""leave us to handle this -matter _in our own way!’ Similar comments were made by Mexican officials following the warm reception recently accorded to visiting; Cuban President Dorticos,;i",PASS,0.888889,0.935065,0.911392,PASS,1288,0.724409,0.077414,1.0,79,79,R1
CIA-RDP79T00975A005200110001-1:9.1.1,partial_B,final_0990_d94bb0d1ae,ASSIGNED_FULL,later_pdf_word_coordinates,False,making plans for a mass demonstration allegedly in support of President Lopez Mateos but presumably to pressure him into a pro-Castro stand. Radical students and other leftist-influenced groups may provide further demonstrations of pro-Castro support in the near future.,"Commu- nist leader, is\ inaking plans for a mass demonstration allegedly in support of President Lopez Mateos but presumably to pressure him into a pro-Castro stand._j Radical students and other leftist-influenced groups may provide further ""demonstrations of pro—Castro support in the near",PASS,0.844444,0.904762,0.873563,PASS,1288,0.724409,0.077414,1.0,42,42,R2
CIA-RDP79T00975A005200130001-9:8.0.0,partial_A,final_0992_2074799745,ASSIGNED_FULL,later_pdf_word_coordinates,False,There is a report that these conservative opponents of Ikeda may still try to block his election as prime minister in the Diet by nominating Ishii. The Japan Socialist party would reportedly vote for Ishii on the conditions that the disappointed conservatives push his candidacy even at the risk of splitting the LDP and that he promise to call an early election.,(Ihere is a report that these conservative opponents of Ikeda may still try to block his election as prime minister in the Diet by nominating Ishii. The Japan. Socialist party would reportedly vote for Ishii on the conditions that the dis- appointed conservatives push his candidacy even at the risk .of sp_11‘tting the LD]? and that he ordmise to call: an early elec- tion.,PASS,0.861538,0.903226,0.88189,PASS,1440,0.706922,0.084195,1.0,64,64,R1
CIA-RDP79T00975A005200160001-6:10.0.0,partial_C,final_0993_a68a07ec52,ASSIGNED_FULL,later_pdf_word_coordinates,False,"Sihanouk's unilateral actions in this matter are causing some consternation among other top figures in the government. Major General Lon Nol, chief of the Cambodian armed forces,","Sihanouk's unilateral actions in this matter are causing some consternation among other top figures in the government. ""Major General Lon Nol, chief of the Cambodian armed forces,",PASS,1.0,1.0,1.0,PASS,1078,0.593612,0.075826,1.0,27,27,R1
CIA-RDP79T00975A005200160001-6:10.1.0,partial_A,final_0993_a68a07ec52,ASSIGNED_FULL,later_pdf_word_coordinates,False,"Lon Nol, however, reportedly has stated that ""much depends on the results of Deputy Premier Tioulong's trip to Czechoslovakia."" Tioulong arrived in Prague on 20 June and is believed to be negotiating some kind of arms deal with the Czechs.","§_Lon Nol, however, reportedly has stated that ""much depends on the results of Deputy"" Premier Tiou1ong's trip to Czechoslovakia.""f} Tioulong arrived in Prague on 20 June and is believed to be negotiating some kind of arms deal with the Czechs.",PASS,0.952381,0.97561,0.963855,PASS,1078,0.593612,0.075826,1.0,40,40,R1
CIA-RDP79T00975A005200180001-4:8.0.0,partial_A,final_0994_ec92e08b75,ASSIGNED_FULL,later_pdf_word_coordinates,False,"Soviet authorities do not at present want the missions abolished, but are surprised at the lack of Western retaliatory restrictions against the Soviet missions in West Germany, in conjunction with the stiff Western protests against East German harassment. They reportedly have authorized the East Germans to intensify pressure on the missions to test Western firmness on the issue.","do not at present wanfthe missions abolished, but are surprised at the lack of Western retaliatory restrictions against the Soviet missions in West Germany, in conjunction with the stiff Western protests against East German harassment. They reportedly have aut.'horized.the East Germans to intensify pressure on the missions to test Western firmness on the issueil",PASS,0.928571,0.896552,0.912281,PASS,1550,0.828877,0.079871,1.0,54,54,R1
CIA-RDP79T00975A005200190001-3:7.0.0,partial_B,final_0995_a8e43e177a,ASSIGNED_FULL,later_pdf_word_coordinates,False,"an anti-Communist, pro-army demonstration of 3,500 youths in South Sumatra on 26 July is only the first of a series of army-inspired and increasingly aggressive rallies.","A an ant1—Communist, pro-army demonstration of 3,500 you hs in South Sumatra on 26 July is only the first of a series of arm -inspired and increasingly aggressive will be",PASS,0.78125,0.833333,0.806452,PASS,1518,0.782071,0.079783,1.0,30,30,R1
CIA-RDP79T00975A005200190001-3:7.0.1,partial_B,final_0995_a8e43e177a,ASSIGNED_FULL,later_pdf_word_coordinates,False,"others will be held in Djambi, Makassar, Bandung, and possibly in other cities. The army believes it can provoke the Communist party into holding counterdemonstrations which can be used to justify further arrests of Communists.","will be held in Djambi, Makassar, Bandung, an possibly in other cities. The army believes rallies.2 it can pro- voke the Communist party into holding counterdemonstrations which can be used to justify further arrests of Communists.",PASS,0.864865,0.914286,0.888889,PASS,1518,0.782071,0.079783,1.0,36,36,R1
CIA-RDP79T00975A005200190001-3:7.1.0,partial_D,final_0995_a8e43e177a,ASSIGNED_FULL,later_pdf_word_coordinates,False,"as of 30 July Sukarno told him to ""pick his spot"" but that he must go. Army Chief of Staff General Nasution, however, has told","of 30 July Sukarno told him to ""pick his spot"" but that he must go. Arm Chief of Staff General Nasution, however, has told",PASS,0.958333,0.92,0.938776,PASS,1518,0.782071,0.079783,1.0,24,24,R2
CIA-RDP79T00975A005200220001-9:7.0.0,partial_A,final_0996_33151878b4,ASSIGNED_FULL,later_pdf_word_coordinates,False,"Lumumba recently stated to Ghana's President Nkrumah that while Soviet troops were no longer required in the Congo, he would probably accept Soviet equipment and other assistance.","Lumumba recently stated to that while Soviet troops were no longer required in the Congo, he would probably accept Soviet equipment and other assistancej",PASS,0.958333,0.821429,0.884615,PASS,1631,0.802657,0.079603,1.0,24,24,R3
CIA-RDP79T00975A005200240001-7:6.0.0,headline,final_0997_a6f4a44c15,ASSIGNED_FULL,later_pdf_word_coordinates,False,Eight of these units have been sold to the UAR and two to Indonesia; two have been transferred to Bulgaria.,Eight of these units have been sold to the UAR and two to Indonesia; two have been trans- ferred to Bulgaria.,PASS,0.904762,0.95,0.926829,PASS,1923,0.858866,0.081644,1.0,21,21,R2
CIA-RDP79T00975A005200240001-7:7.0.1,partial_B,final_0998_99647d91b3,ASSIGNED_FULL,later_pdf_word_coordinates,False,"to take a ""very strong line"" with the Belgians by asking them to withdraw from their bases and to acquiesce in moving UN troops into Katanga.","to take a ""very strong line"" wi ml the Belgians by asking them to withdraw from their bases and to acquiesce in moving. UN troops into Katangaj",PASS,0.888889,0.923077,0.90566,PASS,1568,0.807415,0.079987,1.0,27,27,R1
CIA-RDP79T00975A005200240001-7:9.0.0,headline,final_0999_1c6718e14d,ASSIGNED_FULL,later_pdf_word_coordinates,False,"who listened to American views regarding the retirement plan ""with about as much expression as a Hittite idol,""","who listened to American views regarding the retirement plan ""with about as much expression as a Hittite idol,""",PASS,1.0,1.0,1.0,PASS,1502,0.793869,0.067272,1.0,18,18,R2;R3;R4
CIA-RDP79T00975A005200250001-6:6.0.0,partial_A,final_1000_d1a3f648ac,ASSIGNED_FULL,later_pdf_word_coordinates,False,"Nevertheless, the results of the gubernatorial elections are not definitive indicators for general elections which are expected this fall or early in 1961.",".Neverthe.less, the results of the gubernatorial elections are not definitive indicators for general elections which are expected this fall or early in 1961..",PASS,0.916667,0.956522,0.93617,PASS,1535,0.788392,0.086807,1.0,23,23,R1
CIA-RDP79T00975A005200250001-6:6.0.1,partial_B,final_1000_d1a3f648ac,ASSIGNED_FULL,later_pdf_word_coordinates,False,"as a consequence of these defeats, the Socialists intend to switch their tactics and to concentrate on fears that the government's program to liberalize trade import controls will cause a drop in the price of domestic farm produce, jeopardize local industry, and seriously damage the national economy.","b.s a consequence of these defeats, the Socialists intend to ‘switch their tactics and to concentrate on fears that the govern- ment's program to liberalize trade import controls will cause a drop in the price of domestic farm produce, jeopardize local industry, and seriously damage the national",PASS,0.918367,0.9375,0.927835,PASS,1535,0.788392,0.086807,1.0,47,47,R1
CIA-RDP79T00975A005200270001-4:3.0.0,partial_A,final_1001_1b71c95c96,ASSIGNED_FULL,later_pdf_word_coordinates,False,"Hammarskjold has given the Congolese cabinet ""some kind of promise"" of UN intervention in Katanga.","\Hammarskjold has given"" the Congolese cabinet ""some kind of promise"" of UN intervention in V Kat anga",PASS,0.823529,0.933333,0.875,PASS,1244,0.727911,0.090716,1.0,17,17,R2
CIA-RDP79T00975A005200270001-4:5.0.0,partial_A,final_1002_4fe5d06e75,ASSIGNED_UNIQUE_CHANGED_REGION,unique_release_changed_region_without_word_coordinates,True,"Trujillo, prior to the OAS meeting, may even stage a hoax attack on his own country--for example, by using planes with Venezuelan markings--in an effort to justify a charge of Venezuelan aggression.","rnr m ﬁg E MW i nmﬁ ED m WWﬁ% eumﬁ VS 6:‘. nmaa Mam Gm 38%“ hwf oi t _u_ W _m ,m_P a n V u 1 O D A%%%%%%%%%%%%%%%%%%%%%%%%%%%%%%%%%%%%%%%%%%%%%%%%%% I m 0 e d f 0 r R",TARGET_NOT_IN_TEXT_LAYER,0.047619,0.058824,0.052632,PASS,772,0.601246,0.134253,0.0,0,0,R1
CIA-RDP79T00975A005200270001-4:6.0.0,partial_B,final_1003_d6162defe0,ASSIGNED_FULL,later_pdf_word_coordinates,False,"that Hammarskjold on 30 July gave the Congolese cabinet ""some kind of promise"" of UN intervention in the Katanga.","‘Tthat Hammarskjold on 30 July gave the Congolese cabinet some kind of promise"" of UN inter- vention in, the Katanga.",PASS,0.85,0.894737,0.871795,PASS,1734,0.834858,0.081621,1.0,20,20,R1
CIA-RDP79T00975A005200270001-4:7.0.0,headline,final_1004_dd94f21391,ASSIGNED_FULL,later_pdf_word_coordinates,False,Chang's opponents reportedly have been receiving strong financial backing from economic interests that hope to retain the privileged position they enjoyed under the old regime.,ﬁiangs opponents reportedly have been receiving strong financial backing from economic interests that hope to re=» tain. the privileged position they enjoyed under the old reginiej,PASS,0.846154,0.846154,0.846154,PASS,1643,0.825213,0.072443,1.0,26,26,R1
CIA-RDP79T00975A005200270001-4:9.0.0,partial_C,final_1005_05914bb4cf,ASSIGNED_FULL,later_pdf_word_coordinates,False,"Dissidents inside the Dominican Republic are increasing in numbers; and the government is intensifying its police measures. Many dissidents hope OAS action will make any coup effort unnecessary,","Dissidents inside the Dominican Republic are increasing in numbers, and the government is intensifying its police measures. Many dissidents hope OAS action will make any coup effort un- necessa",PASS,0.931034,0.964286,0.947368,PASS,1312,0.732143,0.080341,1.0,29,29,R1
CIA-RDP79T00975A005200270001-4:9.0.1,partial_B,final_1005_05914bb4cf,ASSIGNED_FULL,later_pdf_word_coordinates,False,"a group planning a ""supreme effort"" to oust Trujillo within about 30 days.","\a group plannin effort"" to oust Trujillo within about 30 days.",PASS,0.909091,0.769231,0.833333,PASS,1312,0.732143,0.080341,1.0,11,11,R1
CIA-RDP79T00975A005200270001-4:9.0.3,partial_C,final_1005_05914bb4cf,ASSIGNED_FULL,later_pdf_word_coordinates,False,"Trujillo is reported to be still plotting the assassination of President Betancourt,","Trujillo is reported to be still plotting the assassination of President Betancourt,\",PASS,1.0,1.0,1.0,PASS,1312,0.732143,0.080341,1.0,12,12,R1
CIA-RDP79T00975A005200270001-4:9.0.4,partial_B,final_1005_05914bb4cf,ASSIGNED_FULL,later_pdf_word_coordinates,False,he may resort to some dramatic act prior to the OAS meeting to confuse those favoring strong multilateral action against him. One unconfirmed report states that planes at a Dominican Air Force base are being painted with Venezuelan markings in preparation for a hoax act of aggression against the Dominican Republic.,"he may resort to some dramatic act prior to the OAS meeting, to confuse those favoring strong multilateral action against him. One unconfirmed report states that planes at a.Dominica.n Air Force base are being painted with Venezuelan markings in preparation for a hoax act of aggression against the Dominican Republic,",PASS,0.961538,0.980392,0.970874,PASS,1312,0.732143,0.080341,1.0,50,50,R1
CIA-RDP79T00975A005200280001-3:6.1.0,partial_C,final_1006_92829e1bf1,ASSIGNED_FULL,later_pdf_word_coordinates,False,"While the purpose of the Ghanaians' trip to the USSR has not been made public,","While the purpose of the Ghanaians' trip to the USSR has not been made public,\",PASS,1.0,1.0,1.0,PASS,1396,0.790487,0.076844,1.0,15,15,R3
CIA-RDP79T00975A005200310001-9:8.0.0,partial_A,final_1007_fa625e54bc,ASSIGNED_FULL,later_pdf_word_coordinates,False,Hawrani was reported in touch with King Husayn of Jordan regarding plans for an anti-UAR coup in Syria.,\Hawrani was reportedin touch with King Husavn of Jordan regarding plans for ananti-LlAB[ coup in Syria.,PASS,0.764706,0.684211,0.722222,PASS,1248,0.704687,0.088083,1.0,16,16,R2
CIA-RDP79T00975A005200320001-8:8.0.0,partial_A,final_1008_7fbf23b670,ASSIGNED_FULL,later_pdf_word_coordinates,False,President Diem is reported recently to have held meetings with his top civilian and military advisers to study recommendations for strengthening antiterrorist operations submitted by the Malayan defense mission which visited South Vietnam in April. Diem has indicated particular interest in proposals to improve the army's communications network and to centralize intelligence collection. The mission also recommended that military operations be coordinated with psychological warfare and rural development programs.,Ll2resident Diem is reported recently to have held meetings with his top civilian and military advisers to study recommenda- tions for- strengthening antiterrorist operations submitted by the Malayan defense mission which visited South Vietnam in April. Diem has indicated particular interest in proposals to improve the army's communications network and to centralize intelligence collection. The mission also recommended that military opera- tions be coordinated with psvchologic all warfare and rural develop- ment programs],PASS,0.878378,0.928571,0.902778,PASS,1564,0.786325,0.084124,1.0,73,73,R2
CIA-RDP79T00975A005200340001-6:4.0.0,partial_D,final_1009_b98bbf60fa,ASSIGNED_FULL,later_pdf_word_coordinates,False,who believes the elimination of the Cuban problem would undercut Brazil's blackmailing power.,who believes the elimination of the Cuban problem would under- V cut Brazil's blackmailing powerzfl,PASS,0.75,0.857143,0.8,PASS,921,0.61196,0.083762,1.0,15,15,R1
CIA-RDP79T00975A005200340001-6:7.0.0,headline,final_1010_f7b6a2a076,ASSIGNED_FULL,later_pdf_word_coordinates,False,"as tactically unsound in that ""eliminating the Cuban problem"" would reduce Brazil's bargaining power for OPA.","as tactically un- sound in that ""eliminating the Cuban problem"" would reduce Brazil's bargaining power for OPA.",PASS,0.888889,0.941176,0.914286,PASS,1523,0.754334,0.080635,1.0,17,17,R1;R2;R3
CIA-RDP79T00975A005200340001-6:7.1.0,partial_A,final_1010_f7b6a2a076,ASSIGNED_FULL,later_pdf_word_coordinates,False,"Similarly, Schmidt argues that ""a certain amount of Communism in Brazil"" is necessary for bargaining purposes.","Similarly, Schmidt argues that ""a certain amount of Communism in Brazil"" is necessary for bargaining purposes.",PASS,1.0,1.0,1.0,PASS,1523,0.754334,0.080635,1.0,16,16,R4
CIA-RDP79T00975A005200340001-6:7.1.1,partial_B,final_1010_f7b6a2a076,ASSIGNED_FULL,later_pdf_word_coordinates,False,the government will not try to control activities of the outlawed Communist party or of subversive aliens. until after the October presidential elections.,lthe government will not try to control activities of the outlawed Communist party or of subversive aliens. until after the October presidential elections.,PASS,0.956522,0.956522,0.956522,PASS,1523,0.754334,0.080635,1.0,23,23,R4
CIA-RDP79T00975A005200340001-6:7.1.2,partial_A,final_1010_f7b6a2a076,ASSIGNED_FULL,later_pdf_word_coordinates,False,"Schmidt's foreign policy recommendations would be implemented during the rest of the Kubitschek administration, which ends in January 1961.","\Schmidt's foreign policy recommendations would be implemented during the rest of the Kubitschek administra- tion, which ends in January 1961.",PASS,0.904762,0.95,0.926829,PASS,1523,0.754334,0.080635,1.0,20,20,R4
CIA-RDP79T00975A005200360001-4:14.0.0,headline,final_1014_dbfb4fbfdc,ASSIGNED_FULL,later_pdf_word_coordinates,False,"According to one report, the rebels have told Ouane that their terms include the designation of Souvanna Phouma as premier, ""true neutrality,"" and a rapprochement with the Pathet Lao.","éccording to one a Ireportj, the rebels have told Ouane that their terms include the designation of Souvanna Phouma as premier, ""true neutrality, i X and a rapprochement with the Pathet",PASS,0.83871,0.896552,0.866667,PASS,1370,0.701126,0.115379,1.0,31,31,R1
CIA-RDP79T00975A005200360001-4:4.0.1,partial_A,final_1011_d93daf8cf0,ASSIGNED_FULL,later_pdf_word_coordinates,False,"Apparently hoping to play an influential role in the Congo, the UAR is maintaining direct contacts with Lumumba and is to hold military discussions with Ghanaian officials concerning ""steps which should be taken in the Congo crisis.""","Apparently hoping to play an influential role in the Congo, the UAR is maintaining direct contacts with Lumumba and is to hold military discussions with Ghanaian officials concerning H H ste s which should be taken in the Congo C1‘1S1S E» i<Page we",PASS,0.795455,0.945946,0.864198,PASS,1134,0.676611,0.083608,1.0,43,43,R1
CIA-RDP79T00975A005200360001-4:5.0.0,headline,final_1012_95e2bf1a29,ASSIGNED_UNIQUE_CHANGED_REGION,unique_release_changed_region_without_word_coordinates,True,"Congo Premier Lumumba on 10 August threatened an ""invasion"" of Katanga, and hinted he may attempt to arrest Tshombé as a traitor.",for Release: 2020/03/13 C03031338 iﬁliiiiiifltit»$§$§§1il?$‘?€;t§§$“‘1Z%‘t‘ti2d“t‘§‘1f.§y attempt to arrest Tshombé as a traitor.,TARGET_NOT_IN_TEXT_LAYER,0.368421,0.318182,0.341463,PASS,1658,0.834424,0.084922,0.0,0,0,R1
CIA-RDP79T00975A005200360001-4:6.0.0,headline,final_1013_7bb33081bf,ASSIGNED_FULL,later_pdf_word_coordinates,False,"Armed forces Commander General Ouane flew from Luang Prabang to Vientiane on 10 August, apparently to ascertain the rebels' terms. The possibility exists, however, that he might join them.","Armed forces Commander General Ouane flew from Luang Prabang to Vientiane on 10 August, apparently to ascertain the rebels’ terms. The possibility exists, however, that he might join them.",PASS,1.0,1.0,1.0,PASS,1628,0.814815,0.085225,1.0,29,29,R1
CIA-RDP79T00975A005200380001-2:10.0.0,partial_B,final_1017_7406824d73,ASSIGNED_FULL,later_pdf_word_coordinates,False,the government leaders in Luang Prabang have rejected the terms of the Revolutionary Committee and are not proceeding to Vientiane as earlier reported.,the government leaders in Luang Prabang have rejected the terms of the Revolutionary Committee and are not proceeding to Vientiane as-earlier,PASS,1.0,0.956522,0.977778,PASS,1385,0.795977,0.079991,1.0,21,21,R1
CIA-RDP79T00975A005200380001-2:11.0.0,headline,final_1018_71cfb9a2c6,ASSIGNED_FULL,later_pdf_word_coordinates,False,"there are reports that some junior officers are becoming disgusted, while others are clamoring for action.","there .are reports that some junior officersare becoming disgusted, while others are clamoring for actioiﬂ",PASS,0.866667,0.8125,0.83871,PASS,1808,0.856061,0.079038,1.0,15,15,R1
CIA-RDP79T00975A005200380001-2:7.0.0,partial_A,final_1015_f4208089ae,ASSIGNED_FULL,later_pdf_word_coordinates,False,"Indian delegates returning from the first session of ""fact-finding"" talks in Peiping reportedly contend that the Chinese showed not the least accommodation on the Ladakh occupation and insisted that an agreement could be negotiated only on the basis of Chou En-lai's compromise formula, under which Chinese claims in the Ladakh area would be recognized in exchange for Indian claims along the McMahon line, in northeastern India.","Endian delegates returning from the first session of ""fact-finding"" talks in Peiping reportedly contend that the Chinese showed ->~§..F~,»»..---- not the least accommodation on the Ladakh occupation and in- t i sisted that an agreement -could be negotiated only on the basis it aﬂwtw of Chou -En-lai's compromise formula, under which Chinese k~.U""* claims in the Iadakh area would be recognized in exchange for Indian claims along the McMahon line, in northeastern India,”",PASS,0.857143,0.956522,0.90411,PASS,1549,0.805931,0.084056,1.0,73,73,R1
CIA-RDP79T00975A005200380001-2:8.0.0,partial_B,final_1016_54f99b812c,ASSIGNED_FULL,later_pdf_word_coordinates,False,"they have decided definitely to oppose Senghor, whom they regard as an obstacle to the ""consolidation"" of the federation and to a possible future association with other independent states of former French West Africa.","$they have decided defin e_ y o op- pose Senghor, whom they regard as an obstacle to the ""consolida- tion""-of the federation and to a possible future association with other independent states of former French West Africa;",PASS,0.789474,0.882353,0.833333,PASS,1461,0.797489,0.072436,1.0,37,37,R1
CIA-RDP79T00975A005200380001-2:8.0.1,partial_B,final_1016_54f99b812c,ASSIGNED_FULL,later_pdf_word_coordinates,False,"the Soudanese, who are in a position to prevent any candidate from obtaining the necessary two-thirds majority, plan to seek an indefinite postponement of the balloting or, if that is not possible, to support Senghor's Senegalese rival, Lamine Gueye.","\'the Soudanese, who are in a position to pre- vent any candidate-from obtaining the necessary two-ethi-rds major» ity, plan to seek an indefinite postponement of the balloting or, if that is not possible, to support Senghor's Senegalese rival, Lamine Gueyej.",PASS,0.840909,0.902439,0.870588,PASS,1461,0.797489,0.072436,1.0,40,40,R1
CIA-RDP79T00975A005200390001-1:4.0.0,headline,final_1019_73c6345d2c,ASSIGNED_FULL,later_pdf_word_coordinates,False,"Lao Defense Minister General Phoumi, chief advocate of forceful action against the rebel units in Vientiane, has refused to accept the king's decision on the Somsanith government. He apparently intends to go forward with his plans for military counteraction, but it is problematical that a unilateral move in defiance of the king's wishes could succeed.","Lao Defense Minister General Phoumi, chief advocate of K’ 9 forceful action against the rebel units in Vientiane, has refused to accept the king's decision on the Somsanith government. He apparently intends to go forward with his plans for military counteraction, but it is problematical that a unilateral move in defiance of the king's wishes could succeed,",PASS,0.966102,1.0,0.982759,PASS,1470,0.784418,0.08759,1.0,57,57,R1
CIA-RDP79T00975A005200390001-1:8.0.0,partial_C,final_1020_be79801151,ASSIGNED_FULL,later_pdf_word_coordinates,False,"Subsequent negotiations in Luang Prabang between the government and a rebel delegation, however, resulted in ""complete understanding,""","Subsequent negotiations in Luang Prabang between the government and a rebel delegation, however, resulted in ""complete understanding,",PASS,1.0,1.0,1.0,PASS,1471,0.785791,0.072892,1.0,17,17,R1
CIA-RDP79T00975A005200400001-9:10.1.0,headline,final_1021_46ceed0312,ASSIGNED_FULL,later_pdf_word_coordinates,False,"presumably on the basis of the exchanges which led to his resignation,","presumably on the basis of the exchanges which led to his resignation,",PASS,1.0,1.0,1.0,PASS,1730,0.849705,0.076713,1.0,12,12,R4
CIA-RDP79T00975A005200400001-9:14.0.0,headline,final_1022_28235c79db,ASSIGNED_FULL,later_pdf_word_coordinates,False,"The Afghans have been emphasizing since May that the U-2 had taken off from Peshawar on its 1 May flight, attacking this as evidence of ""imperialist"" support for Pakistan's ""oppression of occupied Pushtoonistan.""","The Afghans have been emphasizing since May that the U-2 had taken off from Peshawar on its 1 May flight, attacking this as evidence of ""imperialist"" support for Pakistan's ""oppression of occupied Pushtoonistan.""",PASS,1.0,1.0,1.0,PASS,1757,0.824883,0.078238,1.0,33,33,R1
CIA-RDP79T00975A005200410001-8:7.0.1,partial_B,final_1023_c86e827035,ASSIGNED_FULL,later_pdf_word_coordinates,False,"that his earlier offer of Ghanaian troops to Lumumba had been a ""political move"" and would not be followed up.","his earlier offer of Ghanaian troops to Lumumba had been a ""political move"" and would not be followed",PASS,1.0,0.9,0.947368,PASS,1782,0.840566,0.076814,1.0,18,18,R1
CIA-RDP79T00975A005200420001-7:10.0.0,box_hid_more,final_1024_d7c93921a0,ASSIGNED_FULL,later_pdf_word_coordinates,False,"He also reportedly has given the UN one week to take ""satisfactory"" action in regard to Katanga or he will send Congolese troops into that province. It is estimated that Lumumba has nine infantry and six gendarmerie battalions scattered throughout the five provinces, exclusive of Katanga, five of which are in Leopoldville Province. Gendarmerie battalions have no support weapons or transport, while all battalions are short of supplies, transport, and trained officers.","2_He also reportedly has given -the UN one week to take ""satis- factory'_' action-in regard _to Katanga or he will send Congolese troops intothat province. It is estimated that Lumumba has nine -infantry and six gen-darmerie, battalions scattered throughout the five provinces, exclusive of Katanga, five of which are in Leo- poldville Province, Gendarmeri.e battalions have no support weap- ons or transport, while all battalions are short of supplies, trans- port, and-trained officers.-",PASS,0.820513,0.888889,0.853333,PASS,1377,0.780612,0.080703,1.0,73,73,R1
CIA-RDP79T00975A005200420001-7:10.0.1,box_hid_more,final_1024_d7c93921a0,ASSIGNED_FULL,later_pdf_word_coordinates,False,"Tshombé, on the other hand, is believed to control about 2,000 troops of the former Force Publique organized into four battalions.","Tshombe, on the other hand, is believed to control about 2,000 troops of the former Force ""Publique organized into four battalions,",PASS,1.0,1.0,1.0,PASS,1377,0.780612,0.080703,1.0,21,21,R1
CIA-RDP79T00975A005200430001-6:11.0.0,partial_A,final_1027_6a73a827ed,ASSIGNED_FULL,later_pdf_word_coordinates,False,NATO countries have serious misgivings about providing West Germany with MRBMs even though the United States would retain custody of the nuclear warheads.,NATO countries have serious misgivings about providing West Germany with MRBMs even thouﬁh the United States would retain custody of the nuclear warheads.,PASS,0.956522,0.956522,0.956522,PASS,1952,0.821895,0.082831,1.0,23,23,R2
CIA-RDP79T00975A005200430001-6:12.0.0,partial_C,final_1028_0389bae4d4,ASSIGNED_FULL,later_pdf_word_coordinates,False,"Savannakhet stresses the high morale and will to win of Phoumi's forces. Phoumi has also obtained impressive backing among civilian leaders, including many deputies and other high officials. Kou Abhay, respected elder statesman,","I 1JSavannakhet stresses n the high morale and will to win of Phoumi's orces/I] Qhoumi has also obtained impressive backing among civilian leaders,. including many deputies and other high officials. Kou Abnay, respected elder statesman,\",PASS,0.810811,0.882353,0.84507,PASS,1676,0.810053,0.074366,1.0,35,35,R2
CIA-RDP79T00975A005200430001-6:12.0.1,partial_B,final_1028_0389bae4d4,ASSIGNED_FULL,later_pdf_word_coordinates,False,"was in sympathy with Phoumi's aim to restore order in Vientiane and to punish rebel paratroop Captain Kong Le, but that he hoped hostilities could be avoided.","was in sympathy with Phoumi's aim to restore order in Vientiane and to punish rebel paratroop Captain Kong Le, but that he hoped hostilities could he avoided;",PASS,0.964286,0.964286,0.964286,PASS,1676,0.810053,0.074366,1.0,27,27,R2
CIA-RDP79T00975A005200430001-6:5.0.0,partial_A,final_1025_1f152339fd,ASSIGNED_FULL,later_pdf_word_coordinates,False,"In several NATO countries, especially Britain, there are serious misgivings over the possibility that Bonn might be provided with Polaris missiles, even though nuclear warheads would remain under US control.","Inseveral NATO coun- “>1/6 tries, especially Britain, there I are serious misgivings over the P ossibili W that Bonn m is ht be p r ovi de d with Polaris mis- siles,"" even though nuclear warheads wouldremain",PASS,0.473684,0.6,0.529412,PASS,1745,0.866005,0.088988,1.0,37,37,R1
CIA-RDP79T00975A005200430001-6:7.0.0,headline,final_1026_793a47d72c,ASSIGNED_FULL,later_pdf_word_coordinates,False,"Two leading officials of the Belgian Communist party reportedly plan to arrive in Leopoldville on 23 August to supervise the establishment of a ""true"" Communist party in the Congo. On 16 August, a four-man delegation from the East German Foreign Ministry left Berlin unannounced for Prague, from where it was to fly to the Congo on an unstated mission.","Two leading officials of the Belgian Communist party reportedly plan to arrive in Leopoldville on 23 August‘ to supervise the establishment of a ""true"" Communist party .in the Congo. On 16-August, a four-man delegation from the East German Foreign lvlinistry left Berlin unannounced for Prague, from where it was to fly to the Congo on an unstated mission.",PASS,0.983333,0.983333,0.983333,PASS,1595,0.810056,0.076573,1.0,58,58,R2
CIA-RDP79T00975A005200450001-4:5.0.0,partial_C,final_1029_f651f79660,ASSIGNED_FULL,later_pdf_word_coordinates,False,"Senegal's action, which follows a lengthy period of tension with Soudan, was greatly influenced by the secret visit to Guinea of the Soudanese interior minister in early August,","lengthy period and Soudanese of tension premier. with //I 3 Soudan, was greatly influenced by the secret visit to Guinea of the Q. t Soudanese interior minister in early August,\",PASS,0.766667,0.793103,0.779661,PASS,1035,0.727337,0.087304,0.833333,25,30,R1;R5
CIA-RDP79T00975A005200450001-4:5.0.1,partial_A,final_1029_f651f79660,ASSIGNED_FULL,later_pdf_word_coordinates,False,"He is said to have committed Mali to join the Guinea-Ghana union, and he may also have reached agreement on a union of Soudan and Guinea in the event of a breakup in the federation.","He is said to have committed Ma li to join the Guinea-Ghana union, and he may also have reached agree- ment on‘ a union of Soudan and Guinea in the event of a breakup in 9*». the federation.",PASS,0.871795,0.944444,0.906667,PASS,1035,0.727337,0.087304,0.973684,37,38,R1
CIA-RDP79T00975A005200450001-4:7.0.0,partial_D,final_1030_a274d8ac94,ASSIGNED_FULL,later_pdf_word_coordinates,False,the immediate reason for secession was the recent visit of Soudanese Interior Minister Madeira Keita to Guinea.,the immediate reason for seces- sion was the re ister Madeira Keita to Guinea,PASS,0.714286,0.588235,0.645161,PASS,1698,0.825073,0.079728,1.0,14,14,R1
CIA-RDP79T00975A005200450001-4:7.0.1,partial_C,final_1030_a274d8ac94,ASSIGNED_FULL,later_pdf_word_coordinates,False,"He reportedly committed the federation to join the Guinea-Ghana union; he may have reached agreement with Conakry for a union between Soudan and Guinea in the event of the federation's breakup. After learning of the visit, the Senegalese apparently decided to delay secession in the hope of reaching a last-minute compromise, but Modibo","He reportedly committed the federation to join the Guinea- Ghana union; he may have reached agreement with Conakry for a union between Soudan and Guinea in the event of the federationis breakup. After learning of the visit, the Senegalese apparently ‘-decided to delay secession in the hope of reaching a last-minute compromise, but Modibo",PASS,0.981818,0.964286,0.972973,PASS,1698,0.825073,0.079728,1.0,54,54,R1
CIA-RDP79T00975A005200460001-3:7.0.0,partial_B,final_1031_c2d4a5659e,ASSIGNED_FULL,later_pdf_word_coordinates,False,the coup forces have issued Lao army uniforms and arms from supply depots in Vientiane to Pathet Lao elements and civilian partisans.,coup forces have issued Lao army uniforms and armsfrom supply depots in Vientiane to Pathet Lao elements and civilian partisans...,PASS,0.95,0.863636,0.904762,PASS,1434,0.701566,0.103299,1.0,20,20,R2
CIA-RDP79T00975A005200470001-2:12.0.0,partial_A,final_1034_e98529434e,ASSIGNED_FULL,later_pdf_word_coordinates,False,"Albert Deconinck, the Belgian Communist party leader responsible for Congo affairs, now is planning to arrive in Leopoldville on 29 or 30 August. He will be accompanied by Jean Terfve, the principal Belgian Communist adviser to the Congolese. Both men have had extensive contacts with the principal Congolese leaders, especially Lumumba. They may hope to play a leading role in advising the Congolese, as well as to establish a party apparatus in the Congo.","Albert Deconinck, the Belgian Communist party leader responsible for Congo affairs, now is planning to arrive in Leopoldville on 29 or 30 August. He will be accompanied by Jean Terfve, the princi- pal Belgian Communist adviser to the Congolese. Both men have had extensive contacts with the principal Congolese. lead- ers, especially Lumumba. They may hope to play a leading role in advising the Congolese, as well as to establish a party apparatus in the Congo_;]",PASS,0.947368,0.972973,0.96,PASS,1117,0.662908,0.082668,1.0,76,76,R1
CIA-RDP79T00975A005200470001-2:12.0.1,box_hid_more,final_1034_e98529434e,ASSIGNED_FULL,later_pdf_word_coordinates,False,"The Belgian party has systematically followed up its initial contacts with Congolese leaders. After making numerous contacts among Congolese delegates to the round-table conference in Brussels last January, and at the economic conference last April, the party concentrated on infiltrating Congolese political parties and encouraging close Congolese cooperation with the Soviet bloc. Trips to Moscow and Prague were granted numerous Congolese for ""study purposes.""","[The Belgian party has systematically followed up its ini- tial contacts with Congolese leaders. After making numerous contacts among Congolese delegates to the round-table con- ference in Brussels last January, and at the economic confer- ence last April, the party concentrated on infiltrating Congo- lese political parties and encouraging close Congolese coopera- tion with the Soviet bloc. Trips to Moscow and Prague were granted numerous Congolese for ""study purposes-IQ In",PASS,0.833333,0.923077,0.875912,PASS,1117,0.662908,0.082668,0.985714,69,70,R1
CIA-RDP79T00975A005200470001-2:14.0.0,partial_B,final_1035_a7b78965ad,ASSIGNED_FULL,later_pdf_word_coordinates,False,", it was agreed that neither group at present constituted the legal government of Laos.",it was agreed that neither group at present constituted the legal government of Laos.,PASS,1.0,1.0,1.0,PASS,1526,0.794792,0.078423,1.0,14,14,R1
CIA-RDP79T00975A005200470001-2:14.1.0,headline,final_1035_a7b78965ad,ASSIGNED_FULL,later_pdf_word_coordinates,False,"Kong Le is reported, moreover, to have been unmoved by Ouane's warning against the use of Communist Pathet Lao in the defense of Vientiane against any attack by Phoumi. Kong Le is said to have rejoined, ""I have never seen a Communist. I have only seen Lao.""","{Kong Le is reported, moreover, to have been unmoved by 0uane's warning against the use of Communist Pathet Lao in the defense of Vientiane against any attack by Phoumi, Kong Le is said to have rejoined, ""I have never seen a Communist, I have only seen Lao.",PASS,0.979167,0.979167,0.979167,PASS,1526,0.794792,0.078423,1.0,47,47,R2
CIA-RDP79T00975A005200470001-2:5.0.0,partial_A,final_1032_0174ddc86e,ASSIGNED_FULL,later_pdf_word_coordinates,False,Two senior leaders of the Belgian Communist party are expected to arrive in Leopoldville on 29 or 30 August where they will work for the establishment of a party apparatus in the Congo.,Two senior leaders of the Belgian Communist party are expectedto arrive in _Leopoldv_ille.o‘n1. 29 or 30 August where they will work for the establishment of a party apparatus in the Congo.,PASS,0.878788,0.878788,0.878788,PASS,1645,0.815972,0.084717,1.0,31,31,R2
CIA-RDP79T00975A005200470001-2:6.1.0,headline,final_1033_b95528b81f,ASSIGNED_FULL,later_pdf_word_coordinates,False,"There is a report, moreover, that Kong Le was unmoved by Ouane's warning against using Communist Pathet Lao forces in the defense of Vientiane against any attack by Phoumi's forces.","""There is ""a report, moreover, that Kong Le was unmoved by 0uane's warning against using Communist Pathet Lao forces in the defense of Vientiane against any attack by Phoumi's forces.",PASS,0.96875,0.96875,0.96875,PASS,1200,0.672269,0.099649,1.0,30,30,R2
CIA-RDP79T00975A005200480001-1:8.0.2,partial_A,final_1036_49d4b85e72,ASSIGNED_FULL,later_pdf_word_coordinates,False,"He may, however, place a somewhat different construction on some of the details of the understanding, which might conceivably jeopardize its implementation.","He may, however, place a somewhat of the details of the understanding, which might conceivably jeopardize its",PASS,1.0,0.772727,0.871795,PASS,1483,0.75394,0.090056,1.0,17,17,R1
CIA-RDP79T00975A005200490001-0:6.0.0,partial_D,final_1037_9ad86fb770,ASSIGNED_FULL,later_pdf_word_coordinates,False,the Shah will announce publicly on 27 August that he intends to take legal corrective action. He may,the Shah will announce publicly on 27 Aug- ust that he intends to take legal corrective action; He.,PASS,0.888889,0.888889,0.888889,PASS,544,0.371585,0.123252,1.0,18,18,R2
CIA-RDP79T00975A005200490001-0:6.0.3,partial_B,final_1037_9ad86fb770,ASSIGNED_FULL,later_pdf_word_coordinates,False,new electoral law which would be the basis of another election.,"ew electoral law"" which would be the basis of another election.",PASS,0.909091,0.909091,0.909091,PASS,544,0.371585,0.123252,1.0,11,11,R2
CIA-RDP79T00975A005200490001-0:6.0.5,partial_B,final_1037_9ad86fb770,ASSIGNED_FULL,later_pdf_word_coordinates,False,"responsibility for the flagrant rigging of the current elections onto the prime minister. Although the more sophisticated Iranian politicians will see the maneuver for what it is, the move would probably be generally well received as an indication of the Shah's desire to carry out his widely publicized promise of free elections.","responsibility for the flagrant rigging of the current elections onto the prime minister. Although the more sophisticated Iranian politicians will see the maneuver for what it is, the move would P robably be g enerally w ell receive d as an in di cation of the Shah's desire to carry out his widely publicized promise of free electionsfa",PASS,0.79661,0.886792,0.839286,PASS,544,0.371585,0.123252,1.0,58,58,R2
CIA-RDP79T00975A005200510001-7:11.0.0,partial_A,final_1038_7c21114bec,ASSIGNED_FULL,later_pdf_word_coordinates,False,"Kong Le claimed to have 6,000 troops in the immediate vicinity of Vientiane, and an additional 8,000 deployed farther out from the town.","Le c i aimed to have 6, 000 troops in the immediate ZKong vicinity of Vientiane, and an additional 8, 000 deployed farther out from the town.",PASS,0.851852,0.92,0.884615,PASS,1720,0.85957,0.082069,1.0,27,27,R2
CIA-RDP79T00975A005200510001-7:12.0.0,partial_A,final_1039_6df1c43fe5,ASSIGNED_FULL,later_pdf_word_coordinates,False,"American carbines and M-1 rifles in the hands of villagers, who were ""acting like kids with new toys"" and firing the weapons indiscriminately.","American carbines and M-i rifles in the hajilds of viﬂagens, who were ""acting like kids withnew toys and firing the weapons indiscriminatelﬂ",PASS,0.782609,0.75,0.765957,PASS,790,0.6828,0.120926,1.0,22,22,R1
CIA-RDP79T00975A005200520001-6:8.0.0,partial_A,final_1040_d696237f11,ASSIGNED_FULL,later_pdf_word_coordinates,False,"Bakhtiar warned that public opinion was moving toward a revolutionary mood, because free elections had been promised and the public's hopes had been disappointed.","Bakhtiar warnecfthat pu51ic opinion was moving toward a revolutionary mood, because free elections had been promised and the pub- lic's hopes had been disappointed.",PASS,0.84,0.84,0.84,PASS,1857,0.833483,0.087074,1.0,24,24,R2
CIA-RDP79T00975A005300020001-0:4.0.0,partial_C,final_1041_a84fb05023,ASSIGNED_FULL,later_pdf_word_coordinates,False,"The central committee of President Kasavubu's Abako party is again planning to attempt the early overthrow of Lumumba,","central connniiin, <0-i ,1’ resident i{asnvulm‘s Almlao party is again planning to 'F3l'.i‘:§!l the early m'e‘z*thi‘ow of Lumumba,\",PASS,0.416667,0.526316,0.465116,PASS,2283,0.925041,0.087043,1.0,18,18,R1
CIA-RDP79T00975A005300020001-0:4.0.1,partial_A,final_1041_a84fb05023,ASSIGNED_FULL,later_pdf_word_coordinates,False,"The committee is reported pressing Kasavubu to summon Lumumba and force him to reshuffle his cabinet or resign. Abako claims the support of major tribal groups in the western Congo, several prominent politicians, and a few dissatisfied senators from Lumumba's party. The committee is said to be considering the assassination of Lumumba and to have threatened to kill Kasavubu's family if he does not cooperate.","='“lf~'im.!< ""7 Silppt_)Z‘3. :12 major ti-z:~.;; 0 1'0-=;;>~< in tin? ‘0\’(“'1i¥""!'!l =i1T1;>n;'<_>_ :~1ev- éfal prominent pOlitiCit1n;-': :m(.‘l .»l few riiseznisiicd senznorea {rum I_n._1mumba's party. coinniittz-v is said tn to consid- K erinzg the assassination 0:"" Z,.=.nni.@¢nl>a and to llli\'P t§'1rc::.%_*‘:;r=<'i 1 I g to kill Kasavubws famlli; ll iie (§'-JES not comps-rat- D ~w-~ WWW! -vvr ~1r I. III.",PARTIAL_OCR_MATCH,0.202532,0.238806,0.219178,PASS,2283,0.925041,0.087043,0.847458,50,59,R1
CIA-RDP79T00975A005300030001-9:5.1.0,headline,final_1042_0f76b70d6f,ASSIGNED_FULL,later_pdf_word_coordinates,False,"and SAVAK, the Iranian National Intelligence and Security Organization, had warned the nationalists not to hold the planned demonstration as it might be exploited by Communist elements.","and SAVAK, the Iranian National Intelligence and Security Organization, had warned the nationalists not to hold the planned demonstration as it might be exploited by Communist elements.",PASS,1.0,1.0,1.0,PASS,1169,0.732915,0.08084,1.0,27,27,R2
CIA-RDP79T00975A005300090001-3:8.0.0,partial_A,final_1043_58e276757a,ASSIGNED_FULL,later_pdf_word_coordinates,False,"Khrushchev agreed to sign a separate peace treaty with the East Germans--without setting any date. He specified that they were not to interfere with Allied access to West Berlin, presumably at the outset, although apparently they were given a free hand with the West Germans. Both officials forecast further pressures against the city.","Tihrushchev a 8 ree 0% 0 sign a separate peace treaty with the East Germans--without set- ting any date. He specified that they were not to interfere with Allied access to West Berlin, presumably at the outset, although apparently they were given a free hand with the West Germans. Both officials forecast further pressures against the city.‘“g",PASS,0.847458,0.925926,0.884956,PASS,1558,0.77939,0.090301,1.0,57,57,R1
CIA-RDP79T00975A005300120001-9:11.0.0,headline,final_1045_6e13e39af0,ASSIGNED_FULL,later_pdf_word_coordinates,False,"Lumumba, on the same date, sent a telegram to Nkrumah threatening to break diplomatic relations if Ghanian troops were not immediately withdrawn from the UN force and put at his disposal.","Lumumba, on the same ‘date, sent a telegram to"" Nkrumah threatening to break diplomatic relations if Ghanian troops were not immediately with- drawn from the UN force and put at his disposal]",PASS,0.9375,0.967742,0.952381,PASS,2096,0.872243,0.084867,1.0,32,32,R1
CIA-RDP79T00975A005300120001-9:8.0.0,partial_B,final_1044_67d2c6de99,ASSIGNED_FULL,later_pdf_word_coordinates,False,the army has not retreated from its aggressively anti-Communist position.,‘the army has not retreated from its aggressively anti-Communist osition.\,PASS,0.909091,0.909091,0.909091,PASS,1785,0.83178,0.084753,1.0,10,10,R1
CIA-RDP79T00975A005300120001-9:8.0.1,partial_B,final_1044_67d2c6de99,ASSIGNED_FULL,later_pdf_word_coordinates,False,"the ban will be applied far more strictly in dealing with the Communists than with other parties, and harassment of the Communist party will continue.","the ban will beapplied far more strictly in dealing with the Communists than with other parties, and harassment of the Communist party will continua]",PASS,0.916667,0.88,0.897959,PASS,1785,0.83178,0.084753,1.0,24,24,R1
CIA-RDP79T00975A005300130001-8:3.2.0,headline,final_1046_302902a0cc,ASSIGNED_FULL,later_pdf_word_coordinates,False,"In the Middle East, a Jordanian-supported coup attempt in Syria remains a possibility.","In the Middle East, a J ordaniane supported coup attempt in Syria remains a possibility.",PASS,0.866667,0.928571,0.896552,PASS,1174,0.709794,0.086081,1.0,15,15,R2
CIA-RDP79T00975A005300180001-3:6.0.0,partial_B,final_1047_4e4199d1c8,ASSIGNED_FULL,later_pdf_word_coordinates,False,"if Amir did not return, the job of Syrian executive council chairman would go to Sarraj.","if Amir did not return the job of Syrian executive council chairman would_,_go to",PASS,1.0,0.9375,0.967742,PASS,1907,0.864461,0.070375,1.0,14,14,R1
CIA-RDP79T00975A005300180001-3:6.0.1,partial_B,final_1047_4e4199d1c8,ASSIGNED_FULL,later_pdf_word_coordinates,False,"although Nasir was aware of Sarraj's unpopularity in Syria, he felt ""it is better to accept the devil he knows than one he doesn't know.""","although Nasir was aware of Sarraj's unpopulari- ty in Syria, e elt ""it is better to accept the devil he knows than one he doesn't know.‘:]",PASS,0.857143,0.888889,0.872727,PASS,1907,0.864461,0.070375,1.0,26,26,R1
CIA-RDP79T00975A005300200001-0:11.0.2,partial_D,final_1049_8e4623d25a,ASSIGNED_FULL,later_pdf_word_coordinates,False,recent events in Laos will be repeated in South Vietnam. While the,lrecent events in Laos will be repeated in South Vietnam. While,PASS,0.909091,0.833333,0.869565,PASS,1914,0.853702,0.072726,1.0,11,11,R1
CIA-RDP79T00975A005300200001-0:5.0.0,partial_B,final_1048_63d5ef87a1,ASSIGNED_FULL,later_pdf_word_coordinates,False,"recent events in Laos will be repeated in South Vietnam. Although Dong allegedly said war would be used ""if necessary,"" he seemed convinced that political dissatisfaction in the South is strong enough to topple President Diem.","lrecent events in Laos wilfbe 9.? {Y /I /7: repeated in South Vietnami Although Dong allegedly said war 7/ would. be used ""if necessary,"" he seemed convinced that polit- ical. dissatisfaction in the South is strong enough to topple //i President Diem.",PASS,0.738095,0.861111,0.794872,PASS,1041,0.682623,0.086729,0.857143,36,42,R1
CIA-RDP79T00975A005300250001-5:8.0.0,headline,final_1050_a448d5ebaa,ASSIGNED_FULL,later_pdf_word_coordinates,False,Ho also sided with Peiping's stand on the Indian border.,H0 also sided with Peiping's stand on the Indian bordeiaj,PASS,0.818182,0.818182,0.818182,PASS,1835,0.808726,0.080109,1.0,10,10,R3
CIA-RDP79T00975A005300260001-4:11.0.0,headline,final_1051_880ef23178,ASSIGNED_FULL,later_pdf_word_coordinates,False,"A senior UN official has indicated that while the UN intended eventually to move Ghanaian troops out of Leopoldville, Nkrumah had protested to Hammarskjold even this move.","senior UN official has indicated that while the UN intended eventually to move Ghanaian troops out of Leopold- I ville, Nkrumah had protested to Hammarskjold even this movej",PASS,0.857143,0.888889,0.872727,PASS,1780,0.809091,0.081984,1.0,28,28,R1
CIA-RDP79T00975A005300270001-3:8.0.0,headline,final_1052_cb291cfa2f,ASSIGNED_FULL,later_pdf_word_coordinates,False,The Thai general staff is reported to have a plan for direct Thai intervention if its becomes clear that the Communists have taken over Vientiane.,"support.i,The Thai general staff is reported to have a plan for direct Thai intervention if its becomes clear that the Communists have taken over Vientiane,",PASS,0.925926,1.0,0.961538,PASS,1988,0.860979,0.075024,0.96,24,25,R1
CIA-RDP79T00975A005300310001-8:6.0.0,partial_C,final_1053_427d35c901,ASSIGNED_FULL,later_pdf_word_coordinates,False,A. No Sino-Soviet bloc country intends to initiate hostilities against the United States or its possessions in the immediate future. Note:,No S1 -Soviet bloc coimtry intends to initiate hostilities agai the United States or its possessions in the imme- diate future. No,PASS,0.727273,0.727273,0.727273,PASS,1643,0.825628,0.085548,0.954545,21,22,R2
CIA-RDP79T00975A005300370001-2:6.1.0,partial_A,final_1054_c403fb17b5,ASSIGNED_FULL,later_pdf_word_coordinates,False,No Sino-Soviet bloc country intends to initiate hostilities against the United States or its possessions in the immediate future.,No Sino-Soviet bloc country intends to initiate rh‘ostil- 1 ities immediate against future. the United States or its possessions in the 1“ i NOTE,PASS,0.68,0.85,0.755556,PASS,1543,0.81597,0.086347,0.875,21,24,R2
CIA-RDP79T00975A005300380001-1:13.1.0,headline,final_1055_c375309e24,ASSIGNED_FULL,later_pdf_word_coordinates,False,"The existence of current plotting against the regime is known to French security officials, but even some of these have been reported involved.","The existence of current plotting against the regime is known to French security officials, but even some of these have been re- ported involved.",PASS,0.916667,0.956522,0.93617,PASS,403,0.393555,0.289871,1.0,24,24,R4
CIA-RDP79T00975A005300420001-6:6.0.0,partial_B,final_1056_db42da4c00,ASSIGNED_FULL,later_pdf_word_coordinates,False,"if so inclined, he could take over the government within four hours with his own troops.","if so inclined, he could take over the g overnment Ki ours with his own troopsw",PASS,0.6875,0.6875,0.6875,PASS,1796,0.84797,0.074274,1.0,16,16,R3
CIA-RDP79T00975A005300500001-7:5.2.0,headline,final_1057_6ffe49232a,ASSIGNED_FULL,later_pdf_word_coordinates,False,which has already ordered the withdrawal of its two representatives in President Betancourt's cabinet--,which has alrea y ordered the withdrawal of its two represent-- atives in President Betancourt's cabinet--reportedly,PASS,0.722222,0.866667,0.787879,PASS,1159,0.719876,0.078476,0.9375,15,16,R3
CIA-RDP79T00975A005300510001-6:5.0.0,partial_A,final_1058_8ac57ee8e2,ASSIGNED_FULL,later_pdf_word_coordinates,False,"Activist groups in Algiers such as veterans' organizations and the Home Guard reportedly have made plans to seize key government installations, such as the radio station and the power plant, sometime before 4 November. Only the extremist members of these groups appear ready for action, however, and although they might be able to capture some installations, they could not hold them without active military support, which is not now evident.","I:Activist groups in Algiers such as veterans’ organiza- tions and the Home Guard reportedly have made plans to seizekey government installations, such as the radio sta- tion and the power plant, sometime before 4 November. Only the extremist members of these groups appear ready for action, however, and although they might be able to cap- ture some installations, they could not hold them without active military support, which is not now evidenw",PASS,0.876712,0.914286,0.895105,PASS,1402,0.777593,0.080676,1.0,72,72,R2
CIA-RDP79T00975A005400030001-8:7.0.0,headline,final_1059_644d65c1c9,ASSIGNED_FULL,later_pdf_word_coordinates,False,The plotters reportedly had planned to overthrow the CNU between 28 October and 1 November.,"The plotters reportedly had planned to overthrow the CNU p betweeni-28:Octobe:n-""rand '1""‘November}_j",PASS,0.666667,0.8,0.727273,PASS,1569,0.839037,0.067923,1.0,12,12,R1
CIA-RDP79T00975A005400100001-0:7.0.0,partial_B,final_1060_fb0096b3a9,ASSIGNED_FULL,later_pdf_word_coordinates,False,"sweeping changes were needed in Diem's military and civilian entourage to prevent the government's collapse and boasted that if so inclined, his paratroops could seize the government in four hours. He has been reported to be in full command of the coup forces.","sweeping changes were needed in Diem's military an civilian entourage to prevent the government's collapse and boasted that if so inclined, his paratroops could seize the government in four hours. He has been reported to be in full command of the coup forces.",PASS,0.977778,0.977778,0.977778,PASS,1588,0.819401,0.082716,1.0,43,43,R1
CIA-RDP79T00975A005400110001-9:6.0.0,headline,final_1061_dd8cd212dd,ASSIGNED_FULL,later_pdf_word_coordinates,False,The Luang Prabang take-over probably also stemmed from the conviction that Ouane and Houmpanh had temporized too long in carrying out their pledge to lead the First Military Region into opposition against Souvanna if he failed to bring the Pathet Lao under control.,{L;The Luang Prabang take- over prob- ably also stemmed from he conviction that Ouane and Houm- panh had temporized too long in carrying out their pledge to lead the First Military Region into opposition against Souvanna if he failed to bring the Pathet Lao under control;,PASS,0.87234,0.931818,0.901099,PASS,1570,0.802248,0.073091,1.0,46,46,R1
CIA-RDP79T00975A005400120001-8:14.0.0,partial_A,final_1062_49e4bac330,ASSIGNED_FULL,later_pdf_word_coordinates,False,Preliminary reports indicate that the revolt was plotted by a coalition of anti-Ydigoras force ranging from a rightist faction of the late President Castillo Armas' political machine to the Communist from Revolutionary Unity party (PUR).,Preliminary reports indicate that the revolt was plotted by a coalition of anti=-»Ydigoras force ranging from a rightist faction of the late President Castillo Armas' political machine to the Communist from Revo,PASS,0.969697,0.888889,0.927536,PASS,1770,0.828264,0.082759,1.0,32,32,R2
CIA-RDP79T00975A005400150001-5:10.0.1,partial_B,final_1063_613c38d4c4,ASSIGNED_FULL,later_pdf_word_coordinates,False,"had rejected an approach for support from the revolt leaders before they launched their attempt, but that the party might feel obliged to join the insurgents in order to ensure establishment of a moderate government without Communist participation, should the Ydigoras regime fall.","\had rejected an approach for support from the revolt leaders before they lamiched their attempt, but that the party might feel obliged to join the insurgents in order to ensure establishment of a moderate government without Com- munist participation, should the Ydigoras regime fall.",PASS,0.931818,0.953488,0.942529,PASS,1486,0.804548,0.070324,1.0,44,44,R3
CIA-RDP79T00975A005400160001-4:14.0.0,headline,final_1064_3ffd1a0eef,ASSIGNED_FULL,later_pdf_word_coordinates,False,"Many officers are convinced that the government is permitting graft and even facilitating profiteering, especially in the petroleum industry, to obtain funds for the presidential election in 1964.","Many officers are convinced that the government is permitting graft and seven facilitating profit- eering, especially in the petroleum industry, to obtain funds for the presidential election in 1964,,",PASS,0.896552,0.928571,0.912281,PASS,1597,0.833073,0.078309,1.0,29,29,R2
CIA-RDP79T00975A005400170001-3:4.0.0,partial_A,final_1065_e621e6f8c4,ASSIGNED_FULL,later_pdf_word_coordinates,False,The secretary general of the Salvadoran Communist party is reported to have asked for early assistance from the Costa Rican party in organizing a Communist coup.,government.C_The S€CI'€!' tary general of the Salvadoran Communist party is reported to have asked for early assistance from the Costa Rican party in organizing a Communist coupQ\,PASS,0.827586,0.923077,0.872727,PASS,1509,0.818774,0.078491,1.0,27,27,R2
CIA-RDP79T00975A005400170001-3:8.0.0,headline,final_1066_df05b0c254,ASSIGNED_FULL,later_pdf_word_coordinates,False,The three military members of the junta reportedly were holding officers' meetings at several regimental headquarters on 15 November in an attempt to rally military support. The junta members said the provisional regime included some leftists but no Communists and tried to persuade the officers that the junta is not taking orders from Osorio.,The three military members of the junta reportedly were hold- ing officers' meetings at several regimental headquarters on 15 November in an attempt to rally military support. The jtmta members said the provisional regime included some leftists but no Communists and tried to persuade the officers that the junta is not taking orders from Osorio.,PASS,0.945455,0.962963,0.954128,PASS,1468,0.735103,0.084147,1.0,55,55,R1
CIA-RDP79T00975A005400170001-3:8.1.0,partial_A,final_1066_df05b0c254,ASSIGNED_FULL,later_pdf_word_coordinates,False,"The secretary general of the Salvadoran Communist party is reported recently to have asked the Costa Rican party, which is considered to be a more effective Communist group, for early assistance in organizing a Communist coup.","LThe secretary general of the Salvadoran Communist party is reported recently to have asked the Costa Rican party, which is considered to be a fective Communist group, for early assistance in organ- izing a Communist coup]",PASS,0.888889,0.888889,0.888889,PASS,1468,0.735103,0.084147,1.0,36,36,R2
CIA-RDP79T00975A005400170001-3:9.0.0,partial_A,final_1067_0f667b709e,ASSIGNED_FULL,later_pdf_word_coordinates,False,Paz was planning a fake leftist-led coup attempt within two weeks to justify a declaration of a state of siege.,Paz was planning a fake leftist-led coup attempt within two weeks to justify a declaration of a state of siege.,PASS,1.0,1.0,1.0,PASS,1824,0.802111,0.080929,1.0,20,20,R1
CIA-RDP79T00975A005400180001-2:3.0.0,partial_A,final_1068_658660ef16,ASSIGNED_FULL,later_pdf_word_coordinates,False,Several Moroccan officials believe that delivery of Soviet arms may provide cover for the supply of Soviet arms to the Algerian rebels.,"eral Moroccan officials believe that delivery of Soviet arms may X 4 3/////j ,1 provide cover for the supply of Soviet arms to the Algerian reb= els.",PASS,0.714286,0.909091,0.8,PASS,1678,0.816943,0.085391,0.851852,23,27,R3
CIA-RDP79T00975A005400180001-2:6.0.1,partial_B,final_1069_94b212351d,ASSIGNED_PARTIAL,later_pdf_word_coordinates,False,that he is very disturbed but feels a crackdown now would lead to a bloody revolution.,"he is ve:~:§; -ziisstu-lrbed but WW“""!'“""!‘!'“ 4 feels a craclzdoa/:1: to 2. bloody revolution. |1 4='=..,4.=w-.-",PASS,0.4,0.5,0.444444,PASS,1382,0.840633,0.089817,0.75,12,16,R2
CIA-RDP79T00975A005400190001-1:3.0.0,partial_D,final_1070_fa7f4519e1,ASSIGNED_FULL,later_pdf_word_coordinates,False,"-and at a meeting on 17 November officers threatened to revolt against the Emperor because of grievances over low pay,","unit-1-and at a meeting on 17 November officers threatened to revolt against the Emperor V because ll of grievances over 1 ow pay,",PASS,0.76,0.95,0.844444,PASS,1695,0.816474,0.087491,1.0,23,23,R2
CIA-RDP79T00975A005400190001-1:7.0.0,partial_C,final_1071_e44268667f,ASSIGNED_FULL,later_pdf_word_coordinates,False,"The widespread discontent in the elite Ethiopian Imperial Bodyguard was shown at an officers' meeting on 17 November when there was a threat to revolt against Emperor Haile Selassie,","Elfhe widespread discontent in the elite Ethiopian Imperial Bodyguard was shown at an officers‘ meeting on 1'7 November when to revolt against Emperor Haile Selassie,",PASS,0.884615,0.793103,0.836364,PASS,1327,0.72593,0.074483,1.0,25,25,R1
CIA-RDP79T00975A005400200001-9:3.0.0,headline,final_1072_5cf9677913,ASSIGNED_PARTIAL,later_pdf_word_coordinates,False,"The National Bank's account with one of the two principal Canadian banks in Cuba is overdrawn, and",The National Bank's ii ill L!’ i“ account with’ one of the principal Canadian b_ani~:s in Fe.,PASS,0.6,0.666667,0.631579,PASS,2472,0.915895,0.081171,0.705882,12,17,R3
CIA-RDP79T00975A005400210001-8:6.0.0,partial_D,final_1073_52c730a27f,ASSIGNED_FULL,later_pdf_word_coordinates,False,as well as to reported plans of General Salan to return clandestinely to Algeria where FAF leaders are said to expect him to lead such activities.,as well as to reported plans of Gen- eral Salan to return clandestinely to Algeria where FAF lead-= ers are-said to expect him to lead such-activities.,PASS,0.857143,0.923077,0.888889,PASS,1520,0.845854,0.082062,1.0,26,26,R2
CIA-RDP79T00975A005400220001-7:15.0.0,partial_B,final_1076_54f202e511,ASSIGNED_FULL,later_pdf_word_coordinates,False,"the student strike might spread to other groups in the capital and said the students had been promised the ""sympathy"" of the taxi drivers' and dockworkers' unions.",the student strike might spread to other groups in the capital and said the students had been promised of the taxi drivers’ and dockworkers' unions.,PASS,1.0,0.925926,0.961538,PASS,1419,0.797191,0.08142,1.0,25,25,R1
CIA-RDP79T00975A005400220001-7:15.0.1,partial_B,final_1076_54f202e511,ASSIGNED_FULL,later_pdf_word_coordinates,False,"an unidentified army officer had told the students that ""half of the army"" is opposed to the President. There is no evidence to support the latter statement; loyal officers are believed to retain a tight rein on the military, which has been cleverly manipulated into rival elements which are unlikely to work in concert and no one of which is believed capable of a successful move against the President at this time.","unidenti- fied army officer had tO1‘d'th6_jStild6fntS tha to e army"" is opposed to the President. There isno evidence to support the latter statement; loyal officers are believed to retain a tight rein on the military, which has been cleverly manipulated into rival elements which are unlikely to work in concert and no one of which is believed capable of a successful move against the President at this time.",PASS,0.871429,0.847222,0.859155,PASS,1419,0.797191,0.08142,1.0,68,68,R1
CIA-RDP79T00975A005400220001-7:5.1.0,partial_A,final_1074_dba08db931,ASSIGNED_FULL,later_pdf_word_coordinates,False,"Premier Sarit, however, is reliably reported to be considerably concerned over the recent rash of reports and to be actively investigating them.","Premier Sarit, howe ver, 1 ‘s re li a b ly repo rt e dto b e cons id era b ly con- cerned overthe recent rash",PASS,0.148148,0.181818,0.163265,PASS,559,0.422844,0.08482,1.0,27,27,R2
CIA-RDP79T00975A005400220001-7:6.0.0,partial_A,final_1075_8484fb3f19,ASSIGNED_FULL,later_pdf_word_coordinates,False,"There are indications that the Front for French Algeria (FAF) is planning ""total disobedience"" to paralyze all government services and force the army to take over in Algeria. The government is alert to this possibility as well as to reported plans of General Salan to return clandestinely to Algeria where FAF leaders are said to expect him to lead such activities.","France._1£1‘here are indications that the Front for French Algeria AF) is plan- ning ""total disobedience"" to paralyze all government services nd force the army to take over in Algeria; ﬁne government is alert to this possibility as well as to reported plans of Gen- eral Salan to return clandestinely to Algeria where FAF lead- ers re -s)aid to expect him to lead such activities.“",PASS,0.787879,0.852459,0.818898,PASS,1465,0.776365,0.081905,1.0,64,64,R2;R3
CIA-RDP79T00975A005400230001-6:3.1.0,headline,final_1077_c1600817d1,ASSIGNED_FULL,later_pdf_word_coordinates,False,which have been directed from Lebanon.,"re ct e df rom Lebanon,",PARTIAL_OCR_MATCH,0.166667,0.166667,0.166667,PASS,1272,0.713404,0.093133,1.0,6,6,R3
CIA-RDP79T00975A005400230001-6:4.2.0,partial_B,final_1078_70a70b71ef,ASSIGNED_FULL,later_pdf_word_coordinates,False,a convoy of 25 vehicles would return from Muong Kassy to Vientiane on 24 November.,a cﬁdlﬁroy of 25 vehicles would return from Muong Kassv to |__An,PASS,0.75,0.6,0.666667,PASS,1368,0.777715,0.086174,0.916667,11,12,R3
CIA-RDP79T00975A005400230001-6:4.3.0,partial_D,final_1078_70a70b71ef,ASSIGNED_FULL,later_pdf_word_coordinates,False,troop strength in the city was considered insufficient and requested Savannakhet to send reinforcements,\troop strength in the city was considered insufficient and re uested V Savannakhet to send [_There is,PASS,0.705882,0.857143,0.774194,PASS,1368,0.777715,0.086174,0.882353,15,17,R4
CIA-RDP79T00975A005400230001-6:6.0.0,partial_B,final_1079_c05944b526,ASSIGNED_FULL,later_pdf_word_coordinates,False,the New Guinea landing mention supply problems and an operation scheduled for 27 November.,the New Gui=» nea landing mention supply problems andan operation sched- uled for 27 November.,PASS,0.666667,0.714286,0.689655,PASS,1383,0.744349,0.075249,1.0,15,15,R1
CIA-RDP79T00975A005400230001-6:8.0.0,headline,final_1080_109dffd335,ASSIGNED_FULL,later_pdf_word_coordinates,False,"which have been arranged and directed in Lebanon,","wh_ich have been arranged and. directedin Lebanon,",PASS,0.625,0.625,0.625,PASS,922,0.587635,0.081835,1.0,7,7,R1
CIA-RDP79T00975A005400230001-6:8.1.1,partial_B,final_1080_109dffd335,ASSIGNED_FULL,later_pdf_word_coordinates,False,"was considering withdrawing most of the Jordanian Embassy staff in Beirut following the summoning of Khatib by Lebanese authorities for questioning. Husayn apparently feels that the present Lebanese Government, led by pro-Nasir Prime Minister Saib Salam, is so susceptible to UAR pressure that Jordan cannot hope for much ""cooperation"" from it.","King Husayn\ was considering withdrawing most of the Jordanian Embassy staff in Beirut following the summoning of Khatib by Lebanese authorities for questioning. Husaynapparently feels that the present Lebanese Government, led by pro-=» Nasir Prime Minister‘ Saib Salam, is so susceptible to UAR pressulfe that Jordan cannot hope for much ""cooperation"" from it]",PASS,0.924528,0.942308,0.933333,PASS,922,0.587635,0.081835,1.0,53,53,R2
CIA-RDP79T00975A005400230001-6:8.1.2,partial_A,final_1080_109dffd335,ASSIGNED_FULL,later_pdf_word_coordinates,False,Khatib's expulsion together with possible further Lebanese curtailment of Jordanian intelligence operations will inhibit but probably not eliminate Jordan's contacts through Lebanon with subversive elements in Syria.,Khatib's expulsion together with possible further Lebanese curtailment of Jordanian intelligence operations will_ inhibit but probably not eliminate Jordan's contacts through Lebanon_with subversive. elements in Syria.,PASS,1.0,1.0,1.0,PASS,922,0.587635,0.081835,1.0,26,26,R2
CIA-RDP79T00975A005400230001-6:8.1.3,partial_A,final_1080_109dffd335,ASSIGNED_FULL,later_pdf_word_coordinates,False,"Khatib has directed sabotage operations in Syria, including three explosions in Damascus on 25 October, and has attempted to arrange the assassination of Abd al-Hamid Sarraj, president of the Syrian Executive Council. The Jordanians believe Sarraj was responsible for the assassination of Jordanian Prime Minister Majali on 29 August.","\Khatib has directed sabotage operations in Syria, including three explosions in Damascus on 25 October, and has attempted to arrange the assassination of Abd al=Hamid Sarraj, president of the Syrian Executive Council. The Jordanians believe Sarraj was respon= sible for the assassination of Jordanian Prime Minister Majalli on 2 9. August.",PASS,0.903846,0.94,0.921569,PASS,922,0.587635,0.081835,1.0,51,51,R2
CIA-RDP79T00975A005400240001-5:10.0.0,box_hid_more,final_1083_3a3af41bce,ASSIGNED_FULL,later_pdf_word_coordinates,False,"Within the past few days, the military commander of Phong Saly Province, Colonel Kham Ouane, has been the object of approaches by both the rightists and Vientiane. On 25 November, Kham Ouane informed Luang Prabang that he would follow the orders of the legal government in Vientiane, but that his position was essentially neutral and he would not engage in any action against Luang Prabang.","i B1Vithin the- past few days, the military commander of Phong Saly Province, Colonel Kham Ouane, has been the object of approaches by both the rightzists and Vientiane.‘ On 25 No""-,1 vember, Kham Ouane informed ""Luang Prabang that he would follow the orders of the legal government in Vientiane, but that his position was essentially neutral and he would not engage in any action against Luang Prabangi}",PASS,0.897059,0.938462,0.917293,PASS,868,0.5425,0.091354,1.0,67,67,R2
CIA-RDP79T00975A005400240001-5:10.0.1,box_hid_more,final_1083_3a3af41bce,ASSIGNED_FULL,later_pdf_word_coordinates,False,"There are reports that a coup planned against the Souvanna government by Laotian Army officers in the Vientiane area has been uncovered. As a result Col. Kouprasith, commander of the Second Military Region, is under surveillance, and there has been a reassignment of the command for the defense of Vientiane. Coup plotting by other officers reportedly is continuing, however.","j:""I‘h_ere are reports that a_ coup planned against the ""Sou- vanna government by Laotian Armyofficers in the Vientiane area has been uncovered, As a result Col. Kouprasith, com- mander of the Second Military Region, is under surveillance, p and there has been a reassignment of the command for the defense of Vientiane. Coup plotting by other officers report- edly is continuing, howeverﬁi t;Both",PASS,0.787879,0.881356,0.832,PASS,868,0.5425,0.091354,0.984127,62,63,R2
CIA-RDP79T00975A005400240001-5:4.0.0,headline,final_1081_968cf8968e,ASSIGNED_FULL,later_pdf_word_coordinates,False,and Vientiane reportedly plans an attack on the royal capital on 5 December. There is an unconfirmed report that,"and N/Tientiane ‘reportedly pla1is‘:an..attackt-_on.-the ""royal'-capital on 5 December. There is an unconfirmed report that",PASS,0.8,0.842105,0.820513,PASS,968,0.667126,0.084773,1.0,14,14,R1
CIA-RDP79T00975A005400240001-5:9.0.0,headline,final_1082_57b54daa44,ASSIGNED_FULL,later_pdf_word_coordinates,False,The King is reliably reported to have replied informally through an intermediary that he could do nothing useful. He also said that he regretted that Vientiane troops were marching on Luang Prabang and that Souvanna had stipulated in advance that General Phoumi and Prince Boun Oum would be excluded from the proposed coalition government.,The King is reliably reported to have replied infor- mally through an intermediary that he could do nothing use- ful. He also said that he regretted that Vientiane troops were marching on Luang Prabang and that Souvanna had stipulated in advance that General Phoumifand Prince Boun Oum would be excluded from the proposed coalition govern- ment.,PASS,0.875,0.907407,0.890909,PASS,1407,0.766757,0.081211,1.0,56,56,R2
CIA-RDP79T00975A005400240001-5:9.1.0,partial_A,final_1082_57b54daa44,ASSIGNED_FULL,later_pdf_word_coordinates,False,Vientiane plans an attack on the royal capital on 5 December.,"[Vientiane plans an attack on the royalcapital on 5 Decembe-r.,",PASS,0.727273,0.727273,0.727273,PASS,1407,0.766757,0.081211,1.0,10,10,R3
CIA-RDP79T00975A005400250001-4:10.0.0,headline,final_1086_86f3e795a1,ASSIGNED_FULL,later_pdf_word_coordinates,False,who have been giving serious consideration to staging a countercoup.,"who have been giving serious consideration to staging. a countercoup,",PASS,1.0,1.0,1.0,PASS,1800,0.841908,0.070543,1.0,10,10,R1
CIA-RDP79T00975A005400250001-4:7.0.0,partial_B,final_1084_6b0cdec9b5,ASSIGNED_FULL,later_pdf_word_coordinates,False,"the elections were probably better than past ones and that any ""complications"" were the fault of interference by the intelligence and police chiefs in favor of their friends.","_the elections were probably betterthan past ones and that any ""complications"" were the fault of interference by the intelligence and policelchiefs in favor of their friends.",PASS,0.923077,0.857143,0.888889,PASS,1719,0.828035,0.078325,1.0,26,26,R2
CIA-RDP79T00975A005400250001-4:8.0.0,box_hid_more,final_1085_b91864ec15,ASSIGNED_FULL,later_pdf_word_coordinates,False,"Army Chief of Staff General Nasution, who is concurrently minister for national security, succeeded in postponing a conference scheduled for 20 November which would have discussed a cabinet reshuffle to include Communists. The chief of staff and his deputies are relatively confident that they can resist Sukarno on the issue; Nasution is reported unconcerned over reports that Sukarno is planning to move against him personally.","{Army Chief of Staff Gen.eral Nasution, who is concurrent- ly minister for national security, succeeded in postponing a conference scheduled for 20 November which would have dis- cussed a Tcabinet reshuffle to include Communists. The chief of staff and his deputies are relatively confident that they can resist Sukarno on the issue; Nasution is reported unconcerned over reports that Sukarno is planning to move against him personally?",PASS,0.897059,0.938462,0.917293,PASS,1115,0.646752,0.086046,1.0,67,67,R1
CIA-RDP79T00975A005400260001-3:3.0.0,partial_B,final_1087_312decc621,ASSIGNED_FULL,later_pdf_word_coordinates,False,bitter exchanges between the Russians and Chinese have taken place at the meetings.,Ibitter exchanges J between the Russians and Chinese havetaken place at the meet-,PASS,0.692308,0.692308,0.692308,PASS,1714,0.852736,0.087107,1.0,13,13,R2
CIA-RDP79T00975A005400260001-3:9.0.2,partial_A,final_1088_fc5c2d02ce,ASSIGNED_FULL,later_pdf_word_coordinates,False,"Liu Shao-chi gave a four-hour speech at the conference on 22 November in which he attacked Khrushchev personally, as had the Chinese delegate at the Bucharest conference in June 1960.","Liu Shao-chi gave afour-hour speech at the. conference on 22 November in which.he attacked Khrushchev personally, as had the Chinese delegate at the Bucharest conference in June 1960;?)",PASS,0.967742,0.9375,0.952381,PASS,1111,0.616195,0.083581,1.0,28,28,R1
CIA-RDP79T00975A005400280001-1:7.0.0,headline,final_1089_5394b8726e,ASSIGNED_FULL,later_pdf_word_coordinates,False,"Peiping's ambassador to the Sudan, who escorted a troupe of Chinese acrobats to Ethiopia, reportedly told the Emperor about Mao Tse-tung's desire for diplomatic relations.","Peiping's ambassador to the. Sudan, who escorted a troupe of ‘Chinese acrobats to Ethiopia, reportedly told the Emperor about Mao Tse-tung's desire for diplomatic relations]",PASS,1.0,1.0,1.0,PASS,1808,0.819955,0.075695,1.0,25,25,R3
CIA-RDP79T00975A005400340001-4:11.0.1,partial_B,final_1090_488f767437,ASSIGNED_FULL,later_pdf_word_coordinates,False,"remains in critical condition as a result of a serious circulatory ailment which he developed in late November, faces a long recovery period and may have to withdraw completely from the affairs of state.","re-= mains in critical condTt1on as a result of a serious circu=- latory ailment which he developed in late November, faces a long recovery period and.may have to withdraw completely from the affairs of state.",PASS,0.861111,0.911765,0.885714,PASS,1808,0.821445,0.070382,1.0,35,35,R1
CIA-RDP79T00975A005400380001-0:7.1.1,partial_A,final_1091_d3ef21e4c3,ASSIGNED_FULL,later_pdf_word_coordinates,False,Cairo is attempting to determine whether its UN battalion in Equateur Province--whose imminent withdrawal has already been announced by the UAR--might better be used to supply pro-Lumumba forces in Stanleyville.,Cairo 1s attempting to determine whether its UN battalion in Equateur Province-- whose imminent withdrawal has already been announced by the UAR might -G etter be used to sunplxgpro Lumumba forces in Wit wilfbe,PASS,0.823529,0.848485,0.835821,PASS,521,0.410236,0.083552,1.0,34,34,R1
CIA-RDP79T00975A005400380001-0:7.1.2,partial_A,final_1091_d3ef21e4c3,ASSIGNED_FULL,later_pdf_word_coordinates,False,"""it will be possible for us to send any assistance in weapons and ammunition. . . some ten kilometers into Orientale Province without attracting attention.""",Wit wilfbe possible for us to send any assistance in weapons and ammunitionr some ten kilometers into Orientale PI‘0V1I1( e without attracting attention,PASS,0.782609,0.782609,0.782609,PASS,521,0.410236,0.083552,1.0,23,23,R1
CIA-RDP79T00975A005400390001-9:12.0.0,headline,final_1093_8a4c403a56,ASSIGNED_FULL,later_pdf_word_coordinates,False,"Chiriboga is also reported to have ordered an Ecuadorean ""cultural mission,"" now touring some Latin American countries to win support for Ecuador on the boundary question, to proceed to Cuba for discussion of this issue with Castro and Soviet representatives in Havana.","Chir- iboga is also. reported to have ordered an Ecuadorean ""cul- tural mission,"" now touring some Latin American countries to win support for Ecuador on the boundary question, to pro- ceed to Cuba for discussion of this issue with Castro and Soviet representatives in Havana.",PASS,0.866667,0.928571,0.896552,PASS,1770,0.808588,0.08261,1.0,45,45,R1
CIA-RDP79T00975A005400390001-9:9.0.0,partial_B,final_1092_a6b7dfa292,ASSIGNED_FULL,later_pdf_word_coordinates,False,"the concession for its offshore area to Shell under the standard 50-50 profit-sharing formula plus an $84,000,000 bonus payment. It seems probable, in view of the unprecedented size of the bonus, that Shell received assurances from the Ruler that the company would not be subject to OPEC production limitations.","the concession for its offshore area to Shell under the stand- ard 50-50 profit-sharing formula plus an $84,000,000 bonus payment. It seems probable, in view of. the unprecedented size of the bonus, that Shell received assurances from the Ruler that the company would not be subject to OPEC produc- tion. limitations,",PASS,0.927273,0.962264,0.944444,PASS,978,0.577673,0.111658,1.0,51,51,R1
CIA-RDP79T00975A005400430001-4:3.0.0,partial_B,final_1094_c383fb2d76,ASSIGNED_FULL,later_pdf_word_coordinates,False,"however, East German officials indicate they will make important concessions if the West Germans reinstate the agreement.","however, East German officials s indicate"" they will make important concessions if the West Germans reinstate the agreement.",PASS,0.944444,1.0,0.971429,PASS,792,0.509981,0.095062,0.944444,17,18,R2
CIA-RDP79T00975A005400430001-4:4.0.0,partial_A,final_1095_853bf422e1,ASSIGNED_FULL,later_pdf_word_coordinates,False,"The prospective purchases reportedly total $277,000,000 for the navy and $100,000,000 for the air force.",The prospe ctive p urch ases repo. rt e dl y total $277 000 000 fo r the nan! and $100.000.000 for,PASS,0.458333,0.578947,0.511628,PASS,1866,0.865492,0.086314,1.0,22,22,R1
CIA-RDP79T00975A005400430001-4:7.0.0,partial_A,final_1096_64fcbafa57,ASSIGNED_FULL,later_pdf_word_coordinates,False,"Although offered a one-third discount by the USSR, Indonesia is reported recently to have sent a note to Moscow requesting even easier terms.","Klthough offere dl I a one-third discount by the USSR, Indonesia is reported re- cently to have sent a note to Moscow requesting even easier terms.",PASS,0.777778,0.875,0.823529,PASS,1909,0.854521,0.083473,1.0,26,26,R2
CIA-RDP79T00975A005400430001-4:8.0.0,partial_D,final_1097_5d676366fa,ASSIGNED_FULL,later_pdf_word_coordinates,False,maintain that the King's actions have been ill-timed and retrogressive; they,that the King's actions have been ill-time an re rogressive; they,PASS,0.692308,0.692308,0.692308,PASS,1801,0.83341,0.079089,1.0,11,11,R1
CIA-RDP79T00975A005400500001-6:5.1.0,headline,final_1098_d6dc0ab5f4,ASSIGNED_FULL,later_pdf_word_coordinates,False,--which he signed in Peiping in October.,treaty--which he signed in Peiping in October.,PASS,0.875,1.0,0.933333,PASS,1410,0.789916,0.079179,1.0,7,7,R3
CIA-RDP79T00975A005400530001-3:15.0.0,headline,final_1100_826199ba90,ASSIGNED_FULL,later_pdf_word_coordinates,False,"Britain refuses to recognize Buganda's position and is moving a battalion of African troops into the province, reinforcing the battalion already there.","Britain refuses to recognize Buganda's posi- tﬁn and is moving a battalion of African troops into the. province, reinforcing the battalion already there",PASS,0.916667,0.956522,0.93617,PASS,1955,0.844857,0.075909,1.0,23,23,R2
CIA-RDP79T00975A005400530001-3:9.0.0,headline,final_1099_5078824776,ASSIGNED_FULL,later_pdf_word_coordinates,False,Britain refuses to admit the validity of the Buganda position and is moving African troop reinforcements into the province.,Britain refuses to ad- miitthe validity of the Buganda position and is moving African troop reinforcements into the province.,PASS,0.894737,0.894737,0.894737,PASS,892,0.630835,0.083827,1.0,19,19,R1
CIA-RDP79T00975A005500010001-9:3.0.0,headline,final_1101_2c0da5d727,ASSIGNED_FULL,later_pdf_word_coordinates,False,"Although he avoided any specific reference to the RB-47 incident, other Soviet officials, who had indicated privately that the U-2 item would be withdrawn, have also hinted that the two RB-47 crew members might be released.","Although he avoided any specific reference to the RB-47tincident, other Soviet officials, who had indicated privately that the U-2 item would be withdrawn, have also hinted that the two RB-47 crew mem~ bers might be released.",PASS,0.923077,0.923077,0.923077,PASS,3295,0.912995,0.052645,1.0,36,36,R2
CIA-RDP79T00975A005500040001-6:12.0.0,partial_A,final_1103_d4a2d80af7,ASSIGNED_FULL,later_pdf_word_coordinates,False,"Ne Win told his colleagues that if the lack of government discipline continued, ""the army would have to act very soon.""","Ne Win.told his colleagues that if the lack of govern- ment discipline continued, ""the army would have to act very soon.""",PASS,0.909091,0.952381,0.930233,PASS,2925,0.874963,0.055236,1.0,21,21,R1
CIA-RDP79T00975A005500040001-6:12.1.0,headline,final_1103_d4a2d80af7,ASSIGNED_FULL,later_pdf_word_coordinates,False,"He told his staff and brigade commanders that he had hoped the present leaders would ""step up the pace of managing the government, but they were too busy fighting among themselves,"" and he reportedly added, ""The Burmese people have again shown that they are not ready for democracy and self-rule.""","He told his staff and brigade commanders that he had hoped the present leaders would ""step up the pace of managing the government, but they were too busy fighting among themselves,"" and he reportedly added, ""The Burmese people have again shown that they are not ready for democracy and self -rule.U",PASS,0.980769,1.0,0.990291,PASS,2925,0.874963,0.055236,1.0,51,51,R2
CIA-RDP79T00975A005500040001-6:12.2.1,partial_B,final_1103_d4a2d80af7,ASSIGNED_FULL,later_pdf_word_coordinates,False,"considered the party poorly organized, with many ""wrong"" people in power.","\considered the party poorly organized, with many ""wrong"". people in power.",PASS,1.0,1.0,1.0,PASS,2925,0.874963,0.055236,1.0,11,11,R3
CIA-RDP79T00975A005500040001-6:9.0.0,headline,final_1102_983d721eea,ASSIGNED_FULL,later_pdf_word_coordinates,False,who lacked both political appeal and political comprehension.,who lacked both political appeal and political comprehension.,PASS,1.0,1.0,1.0,PASS,3174,0.903501,0.053876,1.0,8,8,R1
CIA-RDP79T00975A005500100001-9:5.0.1,partial_B,final_1104_24c11fa41e,ASSIGNED_FULL,later_pdf_word_coordinates,False,"concerned over the economic situation in Stanleyville and fearful of a possible paratroop drop by Mobutu into Stanleyville. Gizenga, while displaying pleasure with respect to the planeload of aid provided him by the UAR, reportedly reiterated his need for further assistance in the areas of training, weapons, gasoline, vehicles, and food, ""in order of importance.""","lconcerned over the eco- nomic situation in Stanleyville and fearful of a possible para- troop drop by Mobutu into Stanleyville. Gizenga, while dis- playing pleasure with respect to the planeload of aid provided him by the UAR, reportedly re-iteratedhis need for further as- sistance in the areas of training, weapons, gasoline, vehicles, ﬁdfood, ""in order ofimportance."" the",PASS,0.758621,0.8,0.778761,PASS,2051,0.763589,0.05833,1.0,57,57,R3
CIA-RDP79T00975A005500100001-9:5.0.2,partial_B,final_1104_24c11fa41e,ASSIGNED_FULL,later_pdf_word_coordinates,False,"the presence of an Ethiopian UN force at the Stanleyville airport precluded an airlift direct to Stanleyville, and it recommended the use of the field of Buta, 150 miles north of Stanleyville.","the presence of an Ethiopian UN force at the Stanleyville airport precluded an airlift direct to Stanleyville, and it recom- N mende uta, 150 miles north of Stanley- ville,",PASS,0.793103,0.71875,0.754098,PASS,2051,0.763589,0.05833,1.0,29,29,R3
CIA-RDP79T00975A005500110001-8:5.0.1,partial_B,final_1105_5c15a28f90,ASSIGNED_FULL,later_pdf_word_coordinates,False,"to be planning ""an intense effort"" to take over a post-Ydigoras government, ""as the Communists did in Cuba.""","‘to be planning ""an ntense-effort“ to take over a post=Ydigoras government, ""as the Communists did in,Cuba.""",PASS,0.947368,0.947368,0.947368,PASS,2244,0.819277,0.08803,1.0,16,16,R1
CIA-RDP79T00975A005500110001-8:7.0.0,headline,final_1106_244aad39f5,ASSIGNED_FULL,later_pdf_word_coordinates,False,"in order, as a close associate of Lechin's described it, ""to urge the government to make the United States implement its aid promise"" before the Eisenhower administration goes out of office.","in order, as a close associate of Lechin's described it, ""to urge the government to make the United<States implement its aid promise"" before the Eisenhower administra- tion goes out of office.",PASS,0.939394,0.96875,0.953846,PASS,3782,0.930381,0.045713,1.0,31,31,R1
CIA-RDP79T00975A005500110001-8:8.0.0,headline,final_1107_d7f6c4c696,ASSIGNED_FULL,later_pdf_word_coordinates,False,"Plotting against the government of President Miguel Ydigoras Fuentes has resumed. Dissension in the army, which led to an abortive revolt on 13 November, continues, and opposition political parties are seeking to exploit it.","Plotting against the government of President Miguel Ydigoras Fuentes has resumed. Dissension in the army, which led to an abortive revolt on 13 November, continues, and opposition political parties are seeking to exploit it.",PASS,1.0,1.0,1.0,PASS,2971,0.877177,0.05198,1.0,34,34,R1
CIA-RDP79T00975A005500110001-8:8.1.0,partial_C,final_1107_d7f6c4c696,ASSIGNED_FULL,later_pdf_word_coordinates,False,"Meanwhile, members of the underground Communist party are predicting a coup attempt sometime this month,","Meanwhile, members of the underground Communist party are predicting a coup attempt sometime this month,",PASS,1.0,1.0,1.0,PASS,2971,0.877177,0.05198,1.0,15,15,R2
CIA-RDP79T00975A005500110001-8:8.1.1,partial_B,final_1107_d7f6c4c696,ASSIGNED_FULL,later_pdf_word_coordinates,False,"the Communists will lend only token aid to the plotters, but that once Ydigoras is overthrown the Communists will make ""an intense effort"" to take over the new government, ""as the Communists did in Cuba.""","the Communists willienol only token aid“t0 the plotters, but that once Ydigoras is overthrown the Communists will make ""an intense effort"" to take overnment ""as i the Com munists did in Cuba.""",PASS,0.78125,0.714286,0.746269,PASS,2971,0.877177,0.05198,1.0,32,32,R2
CIA-RDP79T00975A005500160001-3:10.0.0,headline,final_1108_738b7ea582,ASSIGNED_FULL,later_pdf_word_coordinates,False,"which he tends to blame on British and French attitudes,","which he tends to blame on British and French attitudes,",PASS,1.0,1.0,1.0,PASS,3420,0.918861,0.052248,0.8,8,10,R3
CIA-RDP79T00975A005500160001-3:10.1.0,headline,final_1108_738b7ea582,ASSIGNED_FULL,later_pdf_word_coordinates,False,He expressed the belief that the British and French were motivated by a desire to reduce their own commitments toward SEATO and weaken American influence in the area by encouraging neutralism.,"He expressed the belief that the British and French were motivated by a desire to reduce their own commitments toward SEATO and weaken American influence in the area._by encourag- ing neutralism,",PASS,0.9375,0.967742,0.952381,PASS,3420,0.918861,0.052248,1.0,31,31,R4
CIA-RDP79T00975A005500200001-8:5.0.1,partial_B,final_1109_ec9ed49c0a,ASSIGNED_FULL,later_pdf_word_coordinates,False,"*Morocco's announcement yesterday of a decision to withdraw its troops from the Congo probably will put Ghanaian President Nkrumah under increased pressure to withdraw Ghana's 2,400-man UN contingent, despite his personal belief that the African neutralists could wield more influence if their forces remained in the Congo.","*1Vl0rocco's announcement yesterday of a decision to with- draw its troops from the Congo probably will put Ghanaian Presi- dent Nkrumah under increased pressure to withdraw Ghana's 2,400-man UN contingent, despite his personal belief that the African neutralists could wield e if their forces remained in the Congo.",PASS,0.884615,0.901961,0.893204,PASS,2277,0.874424,0.065376,1.0,48,48,R1
CIA-RDP79T00975A005500210001-7:14.0.0,headline,final_1110_eb438e4f71,ASSIGNED_FULL,later_pdf_word_coordinates,False,"According to an earlier report, Challe is said to have stated that when he was ordered to pacify Algeria he did not take the job with the idea of surrendering the country to the enemy.","According to an earlier report, Challe is said to have statedthat when he was ordered to pacify Algeria-he did not take the_job with the idea of surrendering the coun- try to the enemy]",PASS,0.914286,0.914286,0.914286,PASS,2373,0.857918,0.072759,1.0,33,33,R2
CIA-RDP79T00975A005500250001-3:5.1.0,partial_B,final_1111_8e83e61ad9,ASSIGNED_FULL,later_pdf_word_coordinates,False,"other Chinese leaders, in off-the-record comment, have been underlining the same point.","other Chinese in leaders, _g the same in off-the-»-record p oint.",PARTIAL_OCR_MATCH,0.538462,0.5,0.518519,PASS,3053,0.889051,0.049702,1.0,11,11,R2
CIA-RDP79T00975A005500280001-0:13.0.0,partial_A,final_1112_51ef4843ed,ASSIGNED_FULL,later_pdf_word_coordinates,False,"Addis Ababa had ""the stink of Baghdad""--an allusion to the situation there preceding the revolution which overthrew the Iraqi royalty. The British Embassy, anticipating no constructive action by the Emperor, is formulating an emergency evacuation plan.","I Addis Ababa had“ the stink o£.Baghdad.""--=an allusion to the situation there preceding the revolution which overthrew the Iraqi roy- alty. The British Embassy, anticipating no constructive action is formulating an emergency evacuation plan.",PASS,0.888889,0.864865,0.876712,PASS,2220,0.823748,0.075086,1.0,34,34,R2
CIA-RDP79T00975A005500300001-7:7.0.0,partial_B,final_1113_5b4fbc0d1d,ASSIGNED_FULL,later_pdf_word_coordinates,False,"foreign exchange reserves are now zero, despite recent technical arrangements with foreign banks to make it appear otherwise.","Eoreign ex- change reserves are now zero, despite recent technical er- rang ements with forei _g n banks to mak e it",PASS,0.5,0.611111,0.55,PASS,2987,0.89111,0.068301,1.0,22,22,R2
CIA-RDP79T00975A005500310001-6:12.0.0,partial_A,final_1114_1a49eb243b,ASSIGNED_FULL,later_pdf_word_coordinates,False,"Ne Win acted on information that the officers involved, other than Maung Maung, were planning to oust him from command and to stage a coup d'etat during the current commanding officers' conference. As has been his practice where the integrity and unity of the army are at stake, Ne Win acted with finality and the affected officers have little hope of appeal.","Ne-Win ac L ed on information that the officers involved, other than Maung Maung, were planning to oust him. from command and to stage a coup d’etat during the current commanding officers’ conference. As has been his practice where the integrity and unity of the army are at stake, Ne Win acted with finality and the affected officers have little hope of appealig",PASS,0.921875,0.936508,0.929134,PASS,2502,0.842141,0.059032,1.0,63,63,R1
CIA-RDP79T00975A005500310001-6:13.0.0,partial_A,final_1115_5b1702af70,ASSIGNED_FULL,later_pdf_word_coordinates,False,"The Shah frequently alternates between periods of confidence and depression. Basically weak and insecure, he has attempted in recent years to imitate his father's strong approach. In these periods of uncertainty he is apt to make a rash move similar to that of two years ago when the Soviet Union was invited to discuss a nonaggression pact.","[The Shah. frequently alternates between periods of confi- dence and depression. Basically weak and insecure, he has attemptedin recent years to imitate his father's strong ap- proach. In these periods of uncertainty he is apt to make a rash move similar to that of two years ago when the Soviet Union was invited to discussga nonaggression",PASS,0.894737,0.87931,0.886957,PASS,3531,0.923862,0.051468,1.0,56,56,R1
CIA-RDP79T00975A005500320001-5:6.0.0,headline,final_1116_fe8f710bbc,ASSIGNED_FULL,later_pdf_word_coordinates,False,18 to 24,18 to 24,PASS,1.0,1.0,1.0,PASS,3608,0.914112,0.052855,1.0,3,3,R2
CIA-RDP79T00975A005500320001-5:6.1.0,partial_D,final_1116_fe8f710bbc,ASSIGNED_FULL,later_pdf_word_coordinates,False,", arrangements for delivery, which New Delhi hopes can begin by mid-March, are now being made in Moscow following","arrangements for delivery, which New made Delhi in Moscow hopes can begin b mid-March, are now being last K month.",PASS,0.666667,0.736842,0.7,PASS,3608,0.914112,0.052855,0.95,19,20,R2
CIA-RDP79T00975A005500330001-4:11.0.0,headline,final_1118_dfa52bdd09,ASSIGNED_FULL,later_pdf_word_coordinates,False,"Mobutu and his lieutenants have so far given no indication that they can handle a large-scale military undertaking, although in the present operation they presumably will be assisted by Belgian advisers. Congolese troops are poor fighters unless they receive strong leadership.","(Mobutu and his lieutenants have so far given no indi- cation that they can handle a large-scale military under- taking, although in the present operation they presumably will be assisted by Belgian advisers. Congolese troops are poor fighters unless they receive strong leadership.",PASS,0.909091,0.952381,0.930233,PASS,3389,0.912493,0.05036,1.0,43,43,R2
CIA-RDP79T00975A005500330001-4:11.1.0,headline,final_1118_dfa52bdd09,ASSIGNED_FULL,later_pdf_word_coordinates,False,Behind-the-scenes maneuvering among Leopoldville politicians has intensified following the conference at the end of January,[behind-the-scenes maneuvering among Leopoldville pol- iticians has intensified following the conference at the end of January.,PASS,0.888889,0.941176,0.914286,PASS,3389,0.912493,0.05036,1.0,16,16,R4
CIA-RDP79T00975A005500330001-4:15.1.0,partial_A,final_1119_53cd83f148,ASSIGNED_FULL,later_pdf_word_coordinates,False,Those Indian officials and politicians who are in regular contact with Nepali Congress leaders have privately indicated that New Delhi will not oppose their activities as long as they do not seriously embarrass the Indian Government.,Qhose Indian officials and politicians who are in regular contac with Nepali Congress Ieadershave privately in- dicated that New Delhi will not oppose their activities as long as they do not seriously embarrass the Indian Governm-exit?,PASS,0.810811,0.833333,0.821918,PASS,939,0.619393,0.092047,1.0,36,36,R2
CIA-RDP79T00975A005500330001-4:5.1.0,headline,final_1117_2e220aa5dc,ASSIGNED_FULL,later_pdf_word_coordinates,False,"Nehru, while careful to avoid any overt action which would alienate Mahendra, has reportedly sanctioned Nepali Congress organizational activity in India.","Nehru, while carefulto avoid any overt ac- tion which would alienate Mahendra, has reportedly sanc- s tioned Nepali Congress organizational. activity in India.",PASS,0.73913,0.809524,0.772727,PASS,2028,0.76298,0.053837,0.956522,22,23,R3
CIA-RDP79T00975A005500340001-3:13.0.0,partial_A,final_1122_9358192e3d,ASSIGNED_FULL,later_pdf_word_coordinates,False,Moniz would raise the question of needed radical changes at a cabinet meeting scheduled for 7 February and might even issue an ultimatum to the government to effect these changes or forfeit support by the military.,\Moniz would raise the question of needed radical changes at a cabinet meeting scheduled -for 7 February and might even issue an ultimatum tobthe government to effect these changes or forfeit support by the military.,PASS,0.971429,0.944444,0.957746,PASS,3221,0.912206,0.048648,1.0,35,35,R5
CIA-RDP79T00975A005500340001-3:5.2.0,headline,final_1120_45630d4741,ASSIGNED_FULL,later_pdf_word_coordinates,False,The USSR has allowed for a 10-year payment period beginning in 1965 and is to accept Indonesian goods in return for most of the equipment.,The USSR has allowed for a 10-year payment period beginning t i n 1965 an d IS t o accept I n d onesian go ods in return for m o,PASS,0.53125,0.653846,0.586207,PASS,2064,0.80625,0.068844,0.967742,30,31,R3
CIA-RDP79T00975A005500340001-3:8.0.0,partial_D,final_1121_e0a81acdb2,ASSIGNED_FULL,later_pdf_word_coordinates,False,"hinted that Moniz may tell the government that unless it makes radical changes, it can no longer rely on support from the military.",hinted that Moniz may tell the government that unless it ak es ra d‘ ica 1 ch an es. it can no longer rely on snppo t,PASS,0.592593,0.695652,0.64,PASS,707,0.445495,0.077954,1.0,27,27,R4
CIA-RDP79T00975A005500350001-2:10.0.0,partial_A,final_1124_27f1bce0e9,ASSIGNED_FULL,later_pdf_word_coordinates,False,"Moscow could not agree to the British proposal of 21 January, which called for the Indian chairman of the ICC to discuss with King Savang the possibility of reactivating the commission.","Moscow could not agree to the British ‘proposal of 21 January, which called {qr the Indian gfliairmzan of the ICC to discuss with King Savang the possibility of reactivating the commission.",PASS,0.935484,0.935484,0.935484,PASS,3534,0.926829,0.058687,1.0,31,31,R1
CIA-RDP79T00975A005500350001-2:9.0.0,headline,final_1123_09cb0c0c86,ASSIGNED_FULL,later_pdf_word_coordinates,False,"It is generally undistinguished in composition, and some members are known to be corrupt. Its principal weakness, however, lies in the fact that","It is generally undistinguished in composition, -and some members are knovm to be corrupt. Its principal weakness, however, lies in the fact that",PASS,0.956522,0.956522,0.956522,PASS,3621,0.926087,0.051285,1.0,23,23,R1
CIA-RDP79T00975A005500350001-2:9.1.0,partial_B,final_1123_09cb0c0c86,ASSIGNED_FULL,later_pdf_word_coordinates,False,"three large craters in the road, making a combined break of about thirty feet.","\three large crat- ers in the road, making a combined break of about thirty feet.",PASS,0.866667,0.928571,0.896552,PASS,3621,0.926087,0.051285,1.0,15,15,R2
CIA-RDP79T00975A005500360001-1:9.0.0,headline,final_1125_f41b1b8069,ASSIGNED_FULL,later_pdf_word_coordinates,False,"and, in the past, President Rhee's strong personal hatred for the Japanese.","and, in the past, President Rhee's strong personal hatred for the Jap- anese.",PASS,0.857143,0.923077,0.888889,PASS,4030,0.946898,0.047893,1.0,13,13,R1
CIA-RDP79T00975A005500400001-6:5.1.1,partial_D,final_1126_6a5dc42b4e,ASSIGNED_FULL,later_pdf_word_coordinates,False,that the plane was on a reconnaissance mission in connection with future supply drops but,that the plane was on a reconnaissance mission in connection with fu ﬂak 4;/P t ure s upp,PASS,0.578947,0.733333,0.647059,PASS,1708,0.765919,0.070919,1.0,18,18,R4;R5;R7
CIA-RDP79T00975A005500450001-1:15.0.0,headline,final_1127_d8835139c4,ASSIGNED_FULL,later_pdf_word_coordinates,False,--purchased from Congolese soldiers--,rifles-=purchased from Congolese soldiers--and,PASS,0.666667,1.0,0.8,PASS,3870,0.942523,0.047535,1.0,4,4,R2
CIA-RDP79T00975A005500460001-0:5.1.0,partial_B,final_1128_ddb810d781,ASSIGNED_FULL,later_pdf_word_coordinates,False,supplies continue to be moved into the pro-Communist stronghold of the Plaine des Jarres by truck over Route 7. Two convoys--one of 12 trucks and another of 15 to 20--were sighted between the North Vietnamese border and this area.,Iss- ‘U e to be moved into the pro-Communist stronghold of the Plaine des J arres by -truck over Route 7. Two convoys-- one of 12 tr uc k s an d ano th er of 15 to 20=-=were sighted between the North Vietnamese border and this,PASS,0.714286,0.833333,0.769231,PASS,1733,0.758757,0.07485,1.0,47,47,R2
CIA-RDP79T00975A005500470001-9:11.0.0,partial_A,final_1129_d0f6925fd3,ASSIGNED_FULL,later_pdf_word_coordinates,False,"Carlos Lacerda, the newly elected governor of Guanabara, is also reported uneasy over recent Quadros moves toward the Sino-Soviet bloc.",".‘-3.I'lOS Lacerda, the newly elected governor oi""Guana-= ara, 1S also reported uneasy over recent Quadros moves toward the Sino-Soviet bloc.",PASS,0.708333,0.809524,0.755556,PASS,3687,0.928481,0.0524,1.0,20,20,R1
CIA-RDP79T00975A005500480001-8:17.0.0,headline,final_1131_4387d1cb67,ASSIGNED_FULL,later_pdf_word_coordinates,False,His judicious distribution of graft and political favors has given his regime a semblance of organized political support.,"His judicious distribution of graft and political favors has given his regime a semblance of organized political sup- port,",PASS,0.894737,0.944444,0.918919,PASS,2403,0.857296,0.064147,1.0,19,19,R1
CIA-RDP79T00975A005500480001-8:6.0.0,headline,final_1130_2a04154485,ASSIGNED_FULL,later_pdf_word_coordinates,False,has long shown dictatorial tendencies and,has long shown dictatorial tendencies and,PASS,1.0,1.0,1.0,PASS,3059,0.899441,0.055031,1.0,6,6,R1
CIA-RDP79T00975A005500490001-7:10.0.0,partial_B,final_1134_015da831a4,ASSIGNED_FULL,later_pdf_word_coordinates,False,") A Soviet AN-12 heavy transport, presumably en route to North Vietnam, arrived at Peiping from the USSR on 27 February. This aircraft was one of a group of AN-12s which flew to North Vietnam in late December. The AN-12 which flew to North Vietnam on 21 February apparently remains there.","Soviet AN- l2 heavy transport, presumably en route to North Vietnam, arrived at Peiping from the USSR on_27 Feb- ruary. This aircraft was one of a group of AN-12s which flew t~NthV't North o or Vietnam ienaminae on '11;o 21 Febr ecemer_ b.@hAN12 arently e remains",PASS,0.673077,0.660377,0.666667,PASS,2910,0.880484,0.052423,1.0,46,46,R1
CIA-RDP79T00975A005500490001-7:10.0.1,partial_B,final_1134_015da831a4,ASSIGNED_FULL,later_pdf_word_coordinates,False,an AN-12 crashed at Hanoi's Gia Lam airfield on 22 February. Airlift flights into Laos continue to be scheduled.,an AN-12 crashed at Hanoi s Luia Lam airfield on 2 o Laos con- tinue to be scheduled.,PASS,0.736842,0.666667,0.7,PASS,2910,0.880484,0.052423,1.0,18,18,R1
CIA-RDP79T00975A005500490001-7:11.0.0,headline,final_1135_adf6dc2ae7,ASSIGNED_FULL,later_pdf_word_coordinates,False,Brentano's long-term commitment created great unrest at a caucus of Christian Democratic Union (CDU) Bundestag deputies on 21 February and was sharply attacked by Vice Chancellor and Economics Minister Erhard and Finance Minister Etzel.,Brentano's long-term commitment cre- ated great unrest at a caucus of Christian Democratic Union (CDU) Bundestag deputies on 21 February and was sharply at- tacked by Vice Chancellor and Economics Minister Erhard and Finance Minister Etzel.,PASS,0.894737,0.944444,0.918919,PASS,1614,0.707274,0.062088,1.0,36,36,R2
CIA-RDP79T00975A005500490001-7:5.0.0,partial_D,final_1132_9268ae6862,ASSIGNED_FULL,later_pdf_word_coordinates,False,", but Belgian official advisers are reportedly increasingly effective in counseling Tshombe to avoid a clash.","but Belgian offi- X 4,12 cial advisers are reportedly increasingly effective in counsel- /4""’ ”/4 P‘ 'ng Tshombe",PASS,0.473684,0.6,0.529412,PASS,2719,0.857999,0.057431,1.0,18,18,R1
CIA-RDP79T00975A005500490001-7:5.0.1,partial_A,final_1132_9268ae6862,ASSIGNED_FULL,later_pdf_word_coordinates,False,"Nasir has now agreed to the opening of a Stanleyville embassy in Cairo and Indonesia has designated a representative to go to Stanleyville; that the USSR has requested Sudanese transit visas for eight diplomats for Stanleyville; and that Gizenga has been notified that a Czech plane, presumably carrying an ambassador, is to arrive on 28 February. Communist China, Bulgaria, and Poland have also agreed to exchange ambassadors with Gizenga.","\N asir h as now agree <1 t o the opening ofa Stanleyville embassy in Cairo and-Indonesia has designated a representative to go to-Stanleyville; that the USSR has requested Sudanese transit visas for eight diplomats for'Stanleyville; and that Gizenga has been notified that a Czech plane, presumably carryingan ambassador, is"" to arrive on 28 February. Communist China, Bulgaria, .and Poland have Z also agreed to exchange ambassadors with Gizenga.",PASS,0.847222,0.884058,0.865248,PASS,2719,0.857999,0.057431,1.0,69,69,R1
CIA-RDP79T00975A005500490001-7:7.0.0,partial_A,final_1133_b1e0b33e82,ASSIGNED_FULL,later_pdf_word_coordinates,False,Gizenga's supply problem appears still to be precarious.,Gizenga's supply problem appears still to be-precarious.,PASS,1.0,1.0,1.0,PASS,1860,0.757637,0.067818,1.0,7,7,R2
CIA-RDP79T00975A005500490001-7:7.0.1,partial_B,final_1133_b1e0b33e82,ASSIGNED_FULL,later_pdf_word_coordinates,False,"his representative in Cairo informed the USSR, Communist China, and Yugoslavia that the Stanleyville government--in order ""to face up to the blocks placed actively by the UN and the imperialists and passively by the uncommitted countries around the Congo""--is interested in bartering Congolese goods for four long-range aircraft.","his 1n uairo intormeofthe USSR, Communist China, and Yugoslavia, that the-Stanleyville government--in order ""to face up to the blocks placed actively by the UN and the imperi- alists and passively by the uncommitted countries aroimd the Congo""--is interested in bartering.Congolese goods for-four long-range aircraft.",PASS,0.88,0.862745,0.871287,PASS,1860,0.757637,0.067818,1.0,44,44,R2
CIA-RDP79T00975A005500490001-7:7.0.2,partial_B,final_1133_b1e0b33e82,ASSIGNED_FULL,later_pdf_word_coordinates,False,it was most important that the planes be able to fly non-stop from Accra to Stanleyville.,it was most im- portant that the planes be able to on- stop from Accra to ﬁll‘ Stanleyville.,PASS,0.777778,0.823529,0.8,PASS,1860,0.757637,0.067818,1.0,18,18,R2
CIA-RDP79T00975A005500490001-7:7.1.0,headline,final_1133_b1e0b33e82,ASSIGNED_FULL,later_pdf_word_coordinates,False,"In Katanga, Tshombe is apparently being given conflicting advice by his official and unofficial Belgian advisers. The latter reportedly urge him every evening to take strong action against the UN after those sent by the Belgian Government have spent the day trying to calm him.","[In Katanga, Tshombé is apparently being givenconflicting ""advice by his official and I1l'lOffiCi3.l Belgian advisers. The lat- ter reportedly urge him every evening to take strong action against the UN after those sent by the Belgian Government have spent the day trying to calm him.",PASS,0.87234,0.911111,0.891304,PASS,1860,0.757637,0.067818,1.0,45,45,R3
CIA-RDP79T00975A005600010001-8:8.0.0,headline,final_1136_2620385c74,ASSIGNED_FULL,later_pdf_word_coordinates,False,Early this year the Mali Government requested Paris to evacuate three air bases and the military base which France had been permitted to maintain under an accord signed with the Mali-Senegal federation.,Klilarly this year the Mali Government requested Paris to evacuate three air bases and the military base which France had been permitted to maintain under an accord signed with the Mali-Senegal-federation;,PASS,0.969697,0.969697,0.969697,PASS,3822,0.937454,0.049492,1.0,31,31,R1
CIA-RDP79T00975A005600030001-6:6.0.0,partial_B,final_1137_acdd5ae223,ASSIGNED_FULL,later_pdf_word_coordinates,False,"the object of this conference would be to discuss the formation of a neutralist all-party government for Laos, excluding Phoumi and all military figures; the Pathet Lao are said to be insistent on Souvanna Phouma as prime minister of such a government. General elections would then be held as soon as possible under the supervision of the 14 nations.",the Ob]6Ct of this conference would be to discuss the formation of a neutralist all party government for Laos excluding Phoumi and all milit figures 3 the Pathet Lao are said to be insistent My 3 on Souvanna Ph ouma as prime minister of such a gov ern m e nt the General supervision elections,PASS,0.732143,0.683333,0.706897,PASS,3019,0.894784,0.055498,0.981818,54,55,R1
CIA-RDP79T00975A005600050001-4:6.0.0,headline,final_1138_c998e68cd7,ASSIGNED_FULL,later_pdf_word_coordinates,False,and thus less competitive with American and other foreign goods--,andthus less competitive with American and other foreign goods-—-may,PASS,0.8,0.8,0.8,PASS,1237,0.625379,0.056562,1.0,9,9,R1;R2
CIA-RDP79T00975A005600100001-8:15.0.0,partial_C,final_1139_b4bb94c6bb,ASSIGNED_FULL,later_pdf_word_coordinates,False,"Brentano found American officials ""mistrustful"" of Bonn's intentions and doubtful of its genuine willingness to ""right Nazi wrongs."" However, he felt that ""the lack of sentimentality"" on the part of Adenauer and President Kennedy might provide a common basis of understanding between the two men when the chancellor meets with the President next month. Brentano's report of growing anti-German feeling apparently prompted","Brentano found American officials ""mistrustful"" of Bonn's intentions and doubtful of its genuine willingness to ""right Nazi wrongs."" However, he felt that ""the lack of sentimentality"" on the part of Adenauer and President Ken- nedy might provide ea common basis of understanding between the two men when the chancellor meets with the .President next month. Brentano's report of growing anti-German feel- ing apparently prompted",PASS,0.925373,0.953846,0.939394,PASS,3229,0.906768,0.052685,1.0,64,64,R1
CIA-RDP79T00975A005600100001-8:16.0.0,partial_A,final_1140_1d00b57886,ASSIGNED_FULL,later_pdf_word_coordinates,False,"Guttenberg, who is normally close to Adenauer in outlook, is known to favor the establishment of a separate European nuclear capability as the only way to assure a dependable deterrent to Soviet aggression.","/Ijuttenberg, who is normally close to Adenauer in outlook, is known to favor the establishment of a separate European nu- clear capability as the onl wav to assure a dependable deter- rent to Soviet aggressignqﬁl",PASS,0.771429,0.818182,0.794118,PASS,1017,0.700413,0.074444,1.0,35,35,R1
CIA-RDP79T00975A005600120001-6:11.0.0,headline,final_1142_b4b5337ed3,ASSIGNED_FULL,later_pdf_word_coordinates,False,rigging the recent parliamentary elections.,rigging the recent parliamentary elections.,PASS,1.0,1.0,1.0,PASS,3870,0.948529,0.053457,1.0,5,5,R1
CIA-RDP79T00975A005600120001-6:5.0.1,partial_B,final_1141_8e171e1de7,ASSIGNED_FULL,later_pdf_word_coordinates,False,"conversation with Phoumi, claims the Lao army commander expressed the hope that such talks would be productive, with Souvanna acting as a referee rather than participant.","on with Phoumi, claims the Lao army comman er expressed the hope that such talks would be productive, with Souvanna act- ing as a referee rather than participant.",PASS,0.821429,0.884615,0.851852,PASS,3515,0.931619,0.052242,1.0,28,28,R1
CIA-RDP79T00975A005600130001-5:6.0.0,headline,final_1143_519081463b,ASSIGNED_FULL,later_pdf_word_coordinates,False,"The incident, probably resulting from Chinese reconaissance activities, is one of several along this sector of the Tibetan frontier reported since November, but the only one publicized by Indian officials.","incident, probably resulting from Chinese re- L W connaissance activities, Es one of several along this sector of I the Tibetan frontier reported since November‘? but the only one publicized by Indian officials]",PASS,0.818182,0.9,0.857143,PASS,1374,0.668613,0.067077,0.909091,30,33,R1
CIA-RDP79T00975A005600150001-3:5.2.0,partial_A,final_1144_76309c2e67,ASSIGNED_FULL,later_pdf_word_coordinates,False,Cambodia had earlier asked Hammarskjold to send a UN observer to investigate the conditions behind the flow of refugees from South Vietnam. Cambodian army units on the border reportedly are being augmented.,"[Qambodia had earlier asked Hammarskjold to send T ,1; 4/ ,§?’4~.= a UN observer to investigatethe conditions behind the flow of refugees from South Vietnam. Cambodi nits on the orde r r en 0 rtedly a r e being",PASS,0.564103,0.6875,0.619718,PASS,666,0.434159,0.067425,0.897436,35,39,R2
CIA-RDP79T00975A005600150001-3:9.0.0,partial_B,final_1145_5fdfae9a77,ASSIGNED_FULL,later_pdf_word_coordinates,False,"apparently desiring to implicate the Moroccan Government in the affair, claims to be in possession of instructions from the governor of Agadir Province to local authorities to investigate petroleum research activities of the American firm and undertake to terminate them.","appar- ently ‘desiring to implicate the Moroccan Government in the affair, claims to be in possession of instructions from the governor of Agadir Province to local authorities to investi- gate petroleum research activities of the American firm and undertake to terminate them.",PASS,0.904762,0.95,0.926829,PASS,3021,0.900984,0.060097,1.0,42,42,R1;R2
CIA-RDP79T00975A005600150001-3:9.1.0,partial_B,final_1145_5fdfae9a77,ASSIGNED_FULL,later_pdf_word_coordinates,False,has proof that the band which seized the oilmen was directed by a Moroccan Army officer in a deliberate provocation.,\has proof that the band which seized the oilmen was directed by a Moroccan Army officer in a deliberate provocation.,PASS,1.0,1.0,1.0,PASS,3021,0.900984,0.060097,1.0,20,20,R4
CIA-RDP79T00975A005600160001-2:9.0.1,box_hid_more,final_1146_168f71b8bf,ASSIGNED_FULL,later_pdf_word_coordinates,False,Peiping has also agreed to have Swedish engineers construct a long-distance communications network in China under a recently signed contract with a Stockholm firm. China has relied previously on Hungary and East Germany for both equipment and technical aid in the advanced communications field.,[Feiping has also agreed to have Swedish engineers con- strucfa long-distance communications network in China under a recently signed contract with a Stockholm firm. China has relied previously on Hungary and East Germany for both equip- ment and technical aid in the advanced communications field],PASS,0.891304,0.911111,0.901099,PASS,1918,0.754227,0.055132,1.0,45,45,R1
CIA-RDP79T00975A005600180001-0:10.1.1,partial_B,final_1149_ea7d960867,ASSIGNED_FULL,later_pdf_word_coordinates,False,"admitted ""disillusionment"" with De Gaulle's Algerian policy but said he intends to continue in office even though De Gaulle does not listen to him or his staff. Debré may try to obstruct the negotiations by further public statements on issues under negotiation.","admitted ""disillusion- ment"" with De Gaulle's Algerian hasz policy but said he intends to continue in office even though De Gaulle does not listen to him or his staff. Debré may try to_obstruct the negotiations b fur- ther public statements onissues+ under negotiation;",PASS,0.844444,0.883721,0.863636,PASS,2735,0.836903,0.052195,1.0,43,43,R2
CIA-RDP79T00975A005600180001-0:7.0.0,partial_A,final_1147_e556d8f947,ASSIGNED_FULL,later_pdf_word_coordinates,False,"Rebel leaders, who are said to feel that the recent secret preliminary talks with the French made little progress in resolving key substantive issues, will probably seek to give considerable publicity to the progress of further negotiations in an attempt to keep pressure of world opinion on France.","a d ers, who are said to feel that the recent secret preliminary talks with the French made I? G little progress in resolving key substantive issues, will prob- ably seek to give considerable publicity to the progress of fur- I ther n ego tiations in an attempt to keen ore ure of wo rld opin K ion on France;",PASS,0.65,0.8125,0.722222,PASS,3350,0.921596,0.058381,0.966667,58,60,R1
CIA-RDP79T00975A005600180001-0:9.0.0,headline,final_1148_62e808ebd7,ASSIGNED_FULL,later_pdf_word_coordinates,False,and is reported to have been impressed with the achievements of the Communist states.,"and is reported to have been impressed with, the achievements of the Communist states]",PASS,1.0,1.0,1.0,PASS,3636,0.922608,0.049846,1.0,14,14,R2
CIA-RDP79T00975A005600180001-0:9.1.0,box_hid_more,final_1148_62e808ebd7,ASSIGNED_FULL,later_pdf_word_coordinates,False,There are reports that Krim and others are distrustful of his moderate attitude.,There are reports that Krim and others are distrustful of his moderate attitudeg,PASS,0.923077,0.923077,0.923077,PASS,3636,0.922608,0.049846,1.0,13,13,R3
CIA-RDP79T00975A005600190001-9:10.0.0,partial_A,final_1151_a5ee72f7c0,ASSIGNED_FULL,later_pdf_word_coordinates,False,Nasir's speech is expected to be more than a routine address and may set forth his detailed views on Africa and the Middle East.,[N_asir's speech is expected to be more than a routine ad- dress and may set forth his detailed views on Africa and the Nasir Middle East.,PASS,0.821429,0.92,0.867925,PASS,2688,0.8657,0.05974,1.0,26,26,R1
CIA-RDP79T00975A005600190001-9:10.0.1,partial_A,final_1151_a5ee72f7c0,ASSIGNED_FULL,later_pdf_word_coordinates,False,"Nasir is convinced that American policy in these areas is designed to ""isolate"" him. In such a mood, his speech is likely to contain many criticisms of the US.","is convince a American policy signed to ""isolate"" him. In such a mood, his speech is likely A to con= tain many criticisms of the US]! —S-EGR-E-T""—",PASS,0.666667,0.689655,0.677966,PASS,2688,0.8657,0.05974,1.0,27,27,R1;R3
CIA-RDP79T00975A005600190001-9:8.0.0,partial_C,final_1150_db0fca387a,ASSIGNED_FULL,later_pdf_word_coordinates,False,"Pyongyang officials anticipated a wave of South Korean riots over food shortages in April. These officials,",P Y ongyang officials anticipated a wave of$outh Korean riots over food shortages in April. These,PASS,0.764706,0.8125,0.787879,PASS,3796,0.936128,0.054107,1.0,16,16,R1
CIA-RDP79T00975A005600190001-9:8.0.1,partial_B,final_1150_db0fca387a,ASSIGNED_FULL,later_pdf_word_coordinates,False,were convinced that South Korea's economic difficulties will force eventual reunification of the peninsula on Communist terms.,were convinced that South Korea's economic difficultie.s will force eventual reunification of the peninsula on Communist terms}!,PASS,0.894737,0.944444,0.918919,PASS,3796,0.936128,0.054107,1.0,17,17,R1
CIA-RDP79T00975A005600200001-7:15.0.0,headline,final_1152_333fe744a6,ASSIGNED_FULL,later_pdf_word_coordinates,False,"Government officials are sufficiently alarmed to have ordered precautionary measures, including the construction of breastworks around at least one army installation and the positions of heavy weapons and additional guards at other key places.","Eovernment officials are sufficiently alarmed to have or- dered precautionary measures, including the construction of breastworks around at least one army installation and the po- sitions of heavy weapons and additional guards at other key places]",PASS,0.861111,0.911765,0.885714,PASS,3701,0.937199,0.051688,1.0,36,36,R1
CIA-RDP79T00975A005600220001-5:5.0.0,partial_A,final_1153_f231045f56,ASSIGNED_FULL,later_pdf_word_coordinates,False,"One such group, consisting of army officers, is rumored to have met to formulate demands for the retirement of older inactive officers and a promotion system based on merit.","One such group, con- “'2 regtime s s _‘ng 1 of army officers, is rumored to have met t o ormulate demands for the retirement of old ctive officers and a Page 5) promotion system based",PASS,0.611111,0.758621,0.676923,PASS,2484,0.864,0.067513,0.916667,33,36,R2
CIA-RDP79T00975A005600220001-5:7.0.0,headline,final_1154_91e85c1753,ASSIGNED_FULL,later_pdf_word_coordinates,False,"The Ivory Coast's Felix Houphouet-Boigny, the prime mover of the Brazzaville grouping, stated recently that he plans to make a determined effort to persuade his associates to contribute contingents to the UN Command.","ﬁhe Ivory Coast's Felix Houphouet- Boigny, the prime mover of the Brazzaville grouping, stated recently that he plans to make a determined effort to persuade his associates to contribute contingents to the UN Commandq",PASS,0.942857,0.942857,0.942857,PASS,3336,0.913472,0.054987,1.0,34,34,R1;R2
CIA-RDP79T00975A005600220001-5:9.0.0,box_hid_more,final_1155_7d7e4a4bef,ASSIGNED_FULL,later_pdf_word_coordinates,False,Government officials in Addis Ababa reportedly believe that a group of civilians--as yet unidentified--planned the palace demonstrations on 21 March involving about 500 enlisted army personnel.,Eqovernment officials in Addis Ababa reportedly believe that a group of civilians--as yet unidentified--planned the palace demonstrations on 21 March involving about 500 enlisted army personnel.,PASS,0.964286,0.964286,0.964286,PASS,1819,0.753521,0.076796,1.0,26,26,R1
CIA-RDP79T00975A005600220001-5:9.0.1,box_hid_more,final_1155_7d7e4a4bef,ASSIGNED_FULL,later_pdf_word_coordinates,False,Other observers believe a group of army officers instigated the recent disorders. Earlier information indicated that a group of army officers was joining the increasing numbers of malcontents who favor the reformist objectives of the December coup and who sympathize with General Menghistu--former commander of the disbanded Imperial Body Guard.,Other observers believe a group of army officers insti- gated the recent disordersj Earlier information indicated that a group of army officers was joining the increasing num-. bersof malcontents who favor the reformist objectives of the December coup and who sympathize with Genera'lMen-. ghistu--former commander of the disbanded Imperial Body Guard.,PASS,0.849057,0.882353,0.865385,PASS,1819,0.753521,0.076796,1.0,51,51,R1
CIA-RDP79T00975A005600230001-4:10.0.0,partial_B,final_1158_dea276da6a,ASSIGNED_FULL,later_pdf_word_coordinates,False,attack on Tha Thom scheduled for 25 March was being successfully resisted.,"SCl'1e(1L1.l€(1—IOI"" Z0 .lV13.I‘Cll W35 oe- ing successfully resisted.",PARTIAL_OCR_MATCH,0.153846,0.166667,0.16,PASS,3959,0.946903,0.05331,1.0,8,8,R3
CIA-RDP79T00975A005600230001-4:11.1.0,partial_A,final_1159_b0da2e681a,ASSIGNED_FULL,later_pdf_word_coordinates,False,Soviet transports continue flights into Laos. On 23 March eight IL-14s and at least two but possibly five LI-2s flew from Hanoi to Xieng Khouang. Additional flights were scheduled for 26 March. The North Vietnamese are apparently training Pathet Lao communications personnel in Hanoi.,hin_1_Q Soviet transports continue flights into Laos. On 23 March 3 eight IL-14s and at least two but possibly five LI-2s flew from Hanoi to Xieng Iﬁiouang. Additional flights were scheduled for 26 March. The North Vietnamese are apparently r 'nin Pathet Lao. communications personnel in Hanoi.,PASS,0.862745,0.956522,0.907216,PASS,1042,0.565997,0.067734,0.978723,46,47,R2;R3
CIA-RDP79T00975A005600230001-4:11.1.1,partial_A,final_1159_b0da2e681a,ASSIGNED_FULL,later_pdf_word_coordinates,False,"""they were scheduled for training at Hanoi but might have stopped at Khang Khay for preliminary training.""","""they were schedulecﬁor training afﬁanofbut mi Hﬁhave s ti o ed at Khang Khay for preliminary training.""",PASS,0.529412,0.529412,0.529412,PASS,1042,0.565997,0.067734,1.0,17,17,R3
CIA-RDP79T00975A005600230001-4:15.0.1,partial_A,final_1160_bebcebb9b8,ASSIGNED_FULL,later_pdf_word_coordinates,False,"The clinic of the local Evangelical Mission, which has an American as titular director, although most of its personnel are foreign, was sacked by a mob on 24 March.","The clinic of the local Evan- gelical Mission, which has an American as titular director, although most-of its personnel are foreign, was sacked by a mob on 24 March.",PASS,0.933333,0.965517,0.949153,PASS,2973,0.886933,0.053536,1.0,29,29,R1
CIA-RDP79T00975A005600230001-4:15.1.0,headline,final_1160_bebcebb9b8,ASSIGNED_FULL,later_pdf_word_coordinates,False,A report is said to be circulating among regime supporters that two unidentified army generals have told Premier Salazar that Portuguese policy toward Africa must be radically changed.,A report is said to be circulating among regime supporters that two unidentified army generalshave told Premier Salazar that Portuguese policy toward Africa must be radically changed.,PASS,0.962963,0.928571,0.945455,PASS,2973,0.886933,0.053536,1.0,27,27,R3
CIA-RDP79T00975A005600230001-4:5.0.0,partial_B,final_1156_0e8186fc69,ASSIGNED_FULL,later_pdf_word_coordinates,False,"the plane burned completely following the crash. The lone survivor, presumably an assistant army attaché in Vientiane, is reportedly in a hospital near Xieng Khouang town with a broken shoulder.","plane burned completely following the crash he one survivor, presumably an assistant army attache in Vientiane, is reportedly in a hospital near Xieng Khouang town with a broken shoulder]",PASS,0.931034,0.9,0.915254,PASS,3431,0.921816,0.053102,1.0,29,29,R1
CIA-RDP79T00975A005600230001-4:6.0.0,partial_B,final_1157_1b563fded2,ASSIGNED_FULL,later_pdf_word_coordinates,False,"they are planning new uprisings for southern Angola and for the Cabinda exclave, but no dates have been set for these operations.",planning a reduced new scale. uprisi I 5 Z; Athey J1 southern Angola an or the Cabind 6/ P 7/2% have been set for these operations],PASS,0.407407,0.5,0.44898,PASS,3363,0.928749,0.05575,0.884615,23,26,R2
CIA-RDP79T00975A005600230001-4:6.0.1,partial_A,final_1157_1b563fded2,ASSIGNED_FULL,later_pdf_word_coordinates,False,"Lisbon, aware of the threat of an outbreak in southern Angola, is seeking the cooperation of the South African authorities to control agitators using South-West Africa as a haven.","‘Lisbon, aware of the threat of an outbreak in southern Angola, is seek=- ing the cooperation of the South African authorities to control itators using South~=West Africa as a haven,",PASS,0.903226,0.933333,0.918033,PASS,3363,0.928749,0.05575,1.0,30,30,R2
CIA-RDP79T00975A005600250001-2:12.1.0,headline,final_1162_86c679b38c,ASSIGNED_FULL,later_pdf_word_coordinates,False,"the marine corps commandant. Deputy Chief of Staff General Khanh, whose position was strengthened after the coup, is himself reported unhappy over the situation.","the marine corps commandant. Deputy Chief of Staff General Khanh, whose position was strengthened after the coup, is himself reported unhappy over the situation.",PASS,1.0,1.0,1.0,PASS,3533,0.911742,0.055649,1.0,24,24,R2
CIA-RDP79T00975A005600250001-2:5.0.0,partial_B,final_1161_74292d0f6b,ASSIGNED_FULL,later_pdf_word_coordinates,False,"the Soviet delegation has hinted, however, that cessation of French testing is not a precondition for continuing negotiations.","Soviet delegation has hinted, however, that cessation of French testing is not a precondition for con- tinuing negotiationsg",PASS,0.833333,0.833333,0.833333,PASS,2222,0.823878,0.054081,1.0,18,18,R3
CIA-RDP79T00975A005600260001-1:12.0.0,partial_B,final_1163_0a6561956c,ASSIGNED_FULL,later_pdf_word_coordinates,False,the Soviet ambassador in Mogadiscio received the invitation from Premier Abdirascid during a casual conversation at a recent reception for a visiting UAR delegation.,bassador in Mogadiscio received the invitation from Premier Abdirascid during a casual conversation at a recent reception for a visiting‘UAR delegatioiﬂ,PASS,0.857143,0.75,0.8,PASS,2809,0.868852,0.055738,1.0,21,21,R1
CIA-RDP79T00975A005600260001-1:12.0.1,box_hid_more,final_1163_0a6561956c,ASSIGNED_FULL,later_pdf_word_coordinates,False,"The Soviet delegation--headed by Lesechko, the first deputy chairman of the State Planning Commission (Gosplan)--includes A. A. Shvedov, chief of the First African Division of the Ministry of Foreign Affairs, the deputy minister of health, and high-level trade and cultural officials. The composition of the mission suggests that Moscow is prepared to offer aid to the Somali Republic in several nonmilitary fields.","Soviet delegation-=-headed by Lesechko, the first deputy iThe chairman of the State Planning Commission (Gosplan)==-=-includes A, A. Shvedov, chief of the First African Division of the Minis= try of Foreign Affairs, the deputy minister of health, and high=- level trade and cultural officials. The composition of the mis-= sion suggests that Moscow is prepared to offer aid to the Somali Republic in several nonmilitary fieldsﬁ",PASS,0.910448,0.938462,0.924242,PASS,2809,0.868852,0.055738,1.0,65,65,R1
CIA-RDP79T00975A005600290001-8:7.0.0,partial_A,final_1164_59746b41c1,ASSIGNED_FULL,later_pdf_word_coordinates,False,Salazar listened attentively and courteously but was noncommittal.,lazar listened attentivel_ and courteously but was noncommittag,PASS,0.625,0.625,0.625,PASS,3638,0.929959,0.053174,1.0,8,8,R3
CIA-RDP79T00975A005600300001-6:13.0.0,partial_A,final_1167_4398ec3902,ASSIGNED_FULL,later_pdf_word_coordinates,False,"Indonesia and Guinea plan to submit a resolution in the General Assembly recommending that the US and Cuba make every effort to settle their differences by peaceful means. . .in bilateral discussions,"" and ""refrain from any act that might further aggravate tension between the two governments.""","Indonesia and Guinea plan to submit a res- olution in the General Assembly recommending that the US and Cuba make every effort to settle their differences by peace- ful means. in bilateral discussions,"" and ""refrain from any act that might further aggravate tension between the Z two gov- the Cuban Government is",PASS,0.807692,0.933333,0.865979,PASS,1665,0.731225,0.070773,1.0,52,52,R1
CIA-RDP79T00975A005600300001-6:13.1.0,partial_A,final_1167_4398ec3902,ASSIGNED_FULL,later_pdf_word_coordinates,False,"In its note of 8 March rejecting the Argentine offer of good offices toward easing US-Cuban ""differences,"" Havana reiterated these views but added, ""The conduct of the US Government and the statements of its officials"" would make any effort toward bilateral discussions at this time ""useless.""","In its note of 8 March rejecting the of Cgba'1'i'I:l'1dif- €\rgentine""of€;r erences, vana goo; re era offitceisttloward e ese views easiggtUSi;1 u a e e conduct of the US Government and the statements of its offi- cials"" would make any effort toward bilateral discussions at this time ""useless.""",PASS,0.553571,0.659574,0.601942,PASS,1665,0.731225,0.070773,1.0,48,48,R2
CIA-RDP79T00975A005600300001-6:5.0.0,partial_D,final_1165_6ce706c137,ASSIGNED_FULL,later_pdf_word_coordinates,False,"orders all battalions to withdraw quickly to Pak Sane for regroupment, leaving behind one unit to conduct guerrilla activity. It is unclear, therefore, whether the government now intends to establish a blocking position at Borikhane or to withdraw to Pak Sane. (","enemy orders alll battalions to withdraw quickly to Pak Sane for regroupment, leaving behind one unit to conduct guerrilla activity. It is un cl ear, therefore, whether the government nowi nte nds to establish a blockingposition at Borikhane or to withdraw to Pak Sane)",PASS,0.795455,0.853659,0.823529,PASS,3158,0.8931,0.060568,1.0,44,44,R2
CIA-RDP79T00975A005600300001-6:9.0.0,partial_B,final_1166_ace374902b,ASSIGNED_FULL,later_pdf_word_coordinates,False,"as a result of the current situation, a Southern Operational Zone was being formed.",as a result of the current situation outhern Operational Zone was being formed.,PASS,0.923077,0.857143,0.888889,PASS,2430,0.859568,0.07184,1.0,13,13,R1
CIA-RDP79T00975A005600300001-6:9.1.0,partial_A,final_1166_ace374902b,ASSIGNED_FULL,later_pdf_word_coordinates,False,"Soviet airlift operations into Laos continue to be scheduled. Apparently only one of the seven IL-14s scheduled for flights to Phong Saly on 2 April actually made the trip. The others returned to Hanoi shortly after take-off because of heavy fog. However, seven IL-14s were again scheduled for Phong Saly on 3 April. Also scheduled for 3 April were eight IL-14s to fly from Hanoi to Xieng Khouang and return.","CSoviet airlift operations into Laos continue to be scheduled. Apparently only one of the seven IL-14s scheduled for flights to Phong Saly on 2 April actually made the trip, The others returned to Hanoi shortly after take-Ioff because of heavy fog. However, sev en IL-14s were again scheduled for Phong Saly on 3 April. Also scheduled for 3 April were from Hanoi to Xieng Khouang and",PASS,0.942029,0.878378,0.909091,PASS,2430,0.859568,0.07184,1.0,66,66,R3
CIA-RDP79T00975A005600310001-5:12.0.0,partial_A,final_1168_b043fecec0,ASSIGNED_FULL,later_pdf_word_coordinates,False,"In their conversation, Foreign Secretary Dutt attempted to reassure Ambassador Benediktov that India's over-all policy toward the USSR had not changed. He rationalized New Delhi's closer relations with Washington as a result mainly of a shift in American policies toward positions long held by the Indian Government.","In their conversation, Foreign_Secretary Dutt attempted to reassure Ambassador Benediktov that India's over-all policy toward the USSR had not changed. He rationalized New Delhi's closer relations with Washington as a result mainly of a shift in American policies toward positions long held by the Indian Government.",PASS,1.0,1.0,1.0,PASS,1373,0.609951,0.069523,0.934783,43,46,R1;R2
CIA-RDP79T00975A005600310001-5:12.0.1,partial_A,final_1168_b043fecec0,ASSIGNED_FULL,later_pdf_word_coordinates,False,Dutt recognizes that Indo-Soviet relations have deteriorated recently and has reportedly shown some apprehension that in his assignment as ambassador to Moscow--effective in June--he will not have as easy a time as has K. P. S. Menon during the past eight years.,Dutt recognizes that Indo-Soviet relations have deteriorated recently and has reportedly shown some apprehension that in his assign- ment as ambassador to Moscow--effective in June--he will not have as easy a. -time as has K. P. S. Menon during the past eight,PASS,0.955556,0.955556,0.955556,PASS,1373,0.609951,0.069523,0.952381,40,42,R1;R2
CIA-RDP79T00975A005600360001-0:13.0.0,headline,final_1169_25ca3f5dff,ASSIGNED_FULL,later_pdf_word_coordinates,False,-distributing graft and favors and,opponents=-=distributing graft and favors and,PASS,0.833333,1.0,0.909091,PASS,2512,0.852971,0.064191,1.0,5,5,R1
CIA-RDP79T00975A005600360001-0:13.1.0,headline,final_1169_25ca3f5dff,ASSIGNED_FULL,later_pdf_word_coordinates,False,"is reliably reported to maintain contact with his partisans in Guatemala,","is reliably reported to maintain contact with his partisans in Guatemala,",PASS,1.0,1.0,1.0,PASS,2512,0.852971,0.064191,1.0,11,11,R2
CIA-RDP79T00975A005600410001-4:10.0.0,headline,final_1170_47be9e84f0,ASSIGNED_FULL,later_pdf_word_coordinates,False,"Prime Minister Chang Myon is not a dynamic leader, and his administration has failed to curtail effectively the graft, nepotism, and political factionalism associated with the old regime. As a result there is a growing polarization between older, conservative leaders who accept such practices and younger, educated Koreans who realize that graft and corruption must be reduced if the country is to progress.","Prime Minister Chang Myon is not a dynamic leader, and his administration has-failed to curtail effectively the graft, nepotism, and p0lit=- ical factionalism associated with the old regime, As a result there is a_growing polarization between older, conservative leaders who accept such practices and younger, educated Ko-= reans who realize that graft and corruption must be reduced if the country is to p_rogressQ",PASS,0.909091,0.952381,0.930233,PASS,3393,0.915049,0.052523,1.0,63,63,R2
CIA-RDP79T00975A005600410001-4:11.0.0,headline,final_1171_c443798574,ASSIGNED_FULL,later_pdf_word_coordinates,False,"a national-socialist - type demagogue,","a national-socialist type demagogue,",PASS,1.0,1.0,1.0,PASS,3713,0.931744,0.053532,1.0,4,4,R1
CIA-RDP79T00975A005600410001-4:11.1.0,headline,final_1171_c443798574,ASSIGNED_FULL,later_pdf_word_coordinates,False,"a personable and shrewd opportunist,","a personable and shrewd opportunist,",PASS,1.0,1.0,1.0,PASS,3713,0.931744,0.053532,1.0,5,5,R2
CIA-RDP79T00975A005600440001-1:7.0.0,partial_A,final_1172_dfb21b3b9a,ASSIGNED_FULL,later_pdf_word_coordinates,False,The American amendment fixed responsibility for maintaining calm in the area on Jordan as well as Israel.,The American amendment fixed responsibilit i i calm in the area on Jordan as well as Israel§,PASS,0.823529,0.823529,0.823529,PASS,3789,0.933941,0.052772,1.0,17,17,R2
CIA-RDP79T00975A005600470001-8:9.0.1,partial_B,final_1173_7059898c69,ASSIGNED_FULL,later_pdf_word_coordinates,False,that Algeria could hold out for 15 days on its present stocks.,that Algeria could Q hold out for 15 days on its present stocks.j,PASS,0.857143,1.0,0.923077,PASS,3253,0.909676,0.055772,1.0,13,13,R1
CIA-RDP79T00975A005600470001-8:9.1.1,partial_B,final_1173_7059898c69,ASSIGNED_FULL,later_pdf_word_coordinates,False,that 5000 men could take the key government ministries. Puget said he felt there would be no violent public reaction to such a move and that neither military nor security forces in France would oppose it.,ijthat 5000 men could take the key government ministries. uget said he felt there would be no violent public reaction to such a move and that neither military nor security forces in France would oppose It,PASS,0.944444,0.944444,0.944444,PASS,3253,0.909676,0.055772,0.972222,35,36,R2
CIA-RDP79T00975A005700030001-5:10.0.0,headline,final_1174_9748a2fde9,ASSIGNED_FULL,later_pdf_word_coordinates,False,"Nehru has maintained contacts with the exiles via his own Intelligence Bureau and through leaders of the Indian Praja Socialist party, who are old Nehru colleagues and historically close to the Nepali Congress party leadership.","Nehru has maintained contacts with the exiles via his own Intelligence Bureau and through leaders of the Indian Praja Socialist party, who are old Nehru colleagues and historically close to the Nepali Congress party leadership]",PASS,1.0,1.0,1.0,PASS,3528,0.915413,0.055892,1.0,35,35,R2
CIA-RDP79T00975A005700100001-7:5.0.1,partial_B,final_1175_afcfbce1df,ASSIGNED_FULL,later_pdf_word_coordinates,False,"he was naive in dealing with the Americans and was being used by them in a scheme to make propaganda capital out of Communist China's food shortages. China, Chou added, could take care of itself.","he was naive in dealing with the Americans an was eing used by them -£7 in a scheme to make propaganda capital out of Communist China's food shortages. China, Chou added, could. take care of itselfh",PASS,0.891892,0.916667,0.90411,PASS,3681,0.936165,0.04945,0.972222,35,36,R2
CIA-RDP79T00975A005700100001-7:7.0.0,headline,final_1176_f2de58be08,ASSIGNED_FULL,later_pdf_word_coordinates,False,"Amini, recognized as a conservative opponent of the Shah, would have the support of General Bakhtiar, who has been engaged in his own planning for a possible removal of the Shah.","Qimini, recognized as a conservative opponent of the Shah, would have the support of General Bakhtiar, who has been engaged in his own planning for a possible removal 7],,’ of the Shah)",PASS,0.9375,0.967742,0.952381,PASS,2997,0.870968,0.064845,0.96875,31,32,R1
CIA-RDP79T00975A005700110001-6:5.0.0,headline,final_1177_2aba8ef907,ASSIGNED_FULL,later_pdf_word_coordinates,False,"According to reports from New Delhi, Prime Minister Nehru may now consider Dayal to have been a failure as UN representative in the Congo, and may be resigned to his removal.","[gccording to reports from New Delhi, Prime Minister Nehru may now consider Dayal to have been a failure as UN r ep re se ntti a ve 111 'th e C ongo, an d may b e resigne dt",PASS,0.512821,0.645161,0.571429,PASS,3718,0.931129,0.046867,1.0,39,39,R1
CIA-RDP79T00975A005700120001-5:7.0.1,partial_B,final_1178_1558968cfd,ASSIGNED_FULL,later_pdf_word_coordinates,False,expressed considerable anxiety over the possibility of more trouble with the settlers and the army.,haveexpressed consider- ble anxiety over-the possibility of more trouble with the A settlers and the armyj,PASS,0.705882,0.8,0.75,PASS,3608,0.932059,0.051167,1.0,16,16,R2
CIA-RDP79T00975A005700150001-2:5.1.0,headline,final_1179_e6532f7863,ASSIGNED_FULL,later_pdf_word_coordinates,False,"There are unconfirmed reports that a number of officials of the previous government have been arrested, including former Prime Minister Eqbal, former Minister of the Interior Alavi-Moqadam, the former intelligence chief for the supreme commander's staff, General Haj Ali Kia, and former Minister of Finance General Ali Akbar Zarqam.","There are unconfirmed reports that a number of officials of the previous government have been arrested, including former Prime Minister Eqbal, former Minister of the Interior A_,lavi- Moqadam, the former intelligence chief for the supreme com-= mander's.staff, General Haj Ali Kia, and former Minister of O Fin V an ce G ener al Ali Akba r Zarqanj",PASS,0.75,0.882353,0.810811,PASS,1494,0.696828,0.058923,1.0,57,57,R2
CIA-RDP79T00975A005700160001-1:8.1.0,headline,final_1180_726baa6daa,ASSIGNED_FULL,later_pdf_word_coordinates,False,"The cordial and moderate tone of Nikolayev's remarks was probably intended in part to balance the impact of an early March conversation with the Thai King in which the Soviet ambassador hinted at the possibility of Soviet retaliation if Bangkok continued its ""interference"" in Laotian affairs.","The cordial and moderate tone of Nlkolayev's re- marks was probably intended in part to balance the impact of an early March conversation with the Thai King in which the Soviet ambassador hinted at the possibility of Soviet retalia- tion if Bangkok continued its ""interference"" in Laotian affairs]",PASS,0.897959,0.93617,0.916667,PASS,3703,0.936047,0.047956,1.0,48,48,R5
CIA-RDP79T00975A005700170001-0:6.0.0,headline,final_1181_adb206d719,ASSIGNED_FULL,later_pdf_word_coordinates,False,"A military police general sent to arrest General Kia, former chief of intelligence for the Joint Staff, at noon on 13 May delayed for four hours after Kia argued that noon was ""not the proper time to arrest lieutenant generals."" Kia attempted to get in touch with the Shah and the minister of the interior to have the arrest order rescinded. Subsequent press reports of his arrest suggest he was unsuccessful.","A military police gener- al sent to arrest General Kia, former chief of intelligence for the Joint Staff, at noon on 13 May delayed for. four hours after Kia argued that noon was ""not the proper time to arrest lieu- '/T?-'4’ tenant generals."" Kia attempted to get in touch with the Shah and the minister of the interior to have the arrest order re- .1 7 scinded. Subsequent press reports of his arrest suggest he .322/1;’/, was unsuccessful.",PASS,0.85,0.957746,0.900662,PASS,3261,0.914983,0.054594,0.948718,74,78,R1
CIA-RDP79T00975A005700180001-9:12.0.0,partial_A,final_1184_158b283217,ASSIGNED_FULL,later_pdf_word_coordinates,False,"Nasir cannot prevent Egyptians from being Communists and that ""what you are doing will lead to revolution and you will be overthrown just like you overthrew King Farouk.""","asir cannot prevent Egyptians from being Communists and that ""what you are doing will lead to revolution and you will be overthrown just like you overthrew King Farouk.""",PASS,0.964286,0.964286,0.964286,PASS,3554,0.915979,0.049769,1.0,28,28,R2
CIA-RDP79T00975A005700180001-9:12.0.1,partial_A,final_1184_158b283217,ASSIGNED_FULL,later_pdf_word_coordinates,False,"Khrushchev said, ""Everybody knows that UAR neutrality is for hire. You are a nation of corruption."" Such remarks resemble those made by Khrushchev during the public exchange of recriminations between Moscow and Cairo two years ago.","Khrushchev said, ""Everybody knows that UAR neutrality is for hire. You are a nation of corruption. Such remarks resemble those made by Khrushchev during the public exchange of recriminations between Moscow and Cairo two years ago]",PASS,1.0,1.0,1.0,PASS,3554,0.915979,0.049769,1.0,36,36,R2
CIA-RDP79T00975A005700180001-9:17.0.0,partial_A,final_1185_7339d824fd,ASSIGNED_FULL,later_pdf_word_coordinates,False,"Adenauer faces a difficult decision on this question since failure to support a parliamentary meeting in Berlin could be exploited by the opposition Social Democrats in this fall's election campaign as showing a lack of sympathy for Berlin. On the other hand, he probably believes holding such a meeting would be beneficial to the Socialists by focusing attention on the city and on his opponent in the election--Mayor Willy Brandt.","Adenauer faces a difficult decision on this question since failure to support a parliamentary meeting in Berlin could be exploited by the opposition Social Democrats in this fall's elec- tion campaign as showing a lack of sympathy for Berlin. On the other hand, he probably believes holding such a meeting would be beneficial to the Socialists by focusing attention on the city and on his opponent in the election=-=-Mayor Willy Brandt.",PASS,0.972603,0.986111,0.97931,PASS,1142,0.623362,0.071659,1.0,71,71,R1
CIA-RDP79T00975A005700180001-9:4.0.0,headline,final_1182_6a8c60a542,ASSIGNED_FULL,later_pdf_word_coordinates,False,who was reported last month to be planning a coup.,who was reported last month to be planning a coup.,PASS,1.0,1.0,1.0,PASS,3897,0.944498,0.054239,1.0,10,10,R1
CIA-RDP79T00975A005700180001-9:6.2.0,headline,final_1183_7e138832f8,ASSIGNED_FULL,later_pdf_word_coordinates,False,Nasir is reported to have responded to Khrushchev's attack by ordering on 4 May a shift in Cairo's propaganda output.,Nasir is reported to have responded to Khrushchev's attack by orderi ng on 4 ay a shift in C airos propagan d a ou t M put.,PASS,0.571429,0.727273,0.64,PASS,1572,0.708427,0.04922,1.0,27,27,R3
CIA-RDP79T00975A005700200001-6:6.0.0,partial_A,final_1186_adc1c474c0,ASSIGNED_FULL,later_pdf_word_coordinates,False,"Iraq would probably impose additional taxes on the company unless offered a change in the existing 50/50 profit-sharing arrangement which would give the government more ""immediate cash.""",\Iraq would probably impose additional taxes on the company unless offered a change in the existing 50/50 profit-sharing arrangement which would give the overnment more immediate cash,PASS,0.965517,0.965517,0.965517,PASS,2199,0.809945,0.055505,1.0,27,27,R1
CIA-RDP79T00975A005700220001-4:6.1.0,headline,final_1187_154ce67ef4,ASSIGNED_FULL,later_pdf_word_coordinates,False,which is one of a number in circulation concerning an early rightist civilian or military attempt to assassinate De Gaulle.,which is one of a number in circulation concerning an early rightist civilian or military attempt to assassinate De Gaulle,PASS,1.0,1.0,1.0,PASS,2302,0.802091,0.056042,1.0,20,20,R3
CIA-RDP79T00975A005700240001-2:9.0.0,partial_A,final_1188_3945c5bc76,ASSIGNED_FULL,later_pdf_word_coordinates,False,Colonel Kim is emerging as chief of security for the revolutionary government.,"[iolonel Kim is emergi revolutionary government, he w 01",PASS,0.444444,0.333333,0.380952,PASS,1479,0.685675,0.047165,1.0,9,9,R1
CIA-RDP79T00975A005700240001-2:9.0.2,box_hid_more,final_1188_3945c5bc76,ASSIGNED_FULL,later_pdf_word_coordinates,False,"Kim, a long-time intelligence officer, dwelt at considerable length on the stanch anti-Communist orientation of the coup leaders and how the weak anti-Communist stand of the Chang Myon administration made its ouster necessary to save the country.","a long-time intelligence officer, dwelt at considerable length on the stanch anti-Communist orientation of the coup lead- ers and how the weak anti-Communist stand of the Chang Myon administration made its ouster necessary to save the country]",PASS,0.95,0.95,0.95,PASS,1479,0.685675,0.047165,1.0,37,37,R1
CIA-RDP79T00975A005700250001-1:7.1.1,partial_B,final_1189_de6d219071,ASSIGNED_FULL,later_pdf_word_coordinates,False,indicate that they are ready to bomb Afghan artillery positions located in Afghan territory if these should fire across the border into Pakistan.,at e thatth ey are rea d y t 0 bomb Afghan artillery positions located in Afghan territory if these should fire across the border into Pakistan.,PASS,0.666667,0.782609,0.72,PASS,1151,0.61256,0.058243,1.0,27,27,R2;R3
CIA-RDP79T00975A005700260001-0:12.0.0,partial_A,final_1190_bdb19802ea,ASSIGNED_FULL,later_pdf_word_coordinates,False,"Sihanouk intended to try at Geneva to ""limit the loss"" in Laos and buy time for Cambodia.","Sihanouk intended to try at 'eneva to ""limit the loss"" in Laos and buy time for Cambodia?",PASS,0.941176,0.941176,0.941176,PASS,3020,0.89508,0.061559,1.0,17,17,R1
CIA-RDP79T00975A005700320001-3:4.0.1,partial_B,final_1191_e606fe508f,ASSIGNED_FULL,later_pdf_word_coordinates,False,"to be involved in the plot, have evidently still made no overt move against the regime.","to be involved in the plot, have evidently still ma e no overt move against the regime.",PASS,0.882353,0.9375,0.909091,PASS,3773,0.933449,0.054246,1.0,17,17,R1
CIA-RDP79T00975A005700330001-2:7.2.0,partial_A,final_1192_aafb52ab8f,ASSIGNED_FULL,later_pdf_word_coordinates,False,"CENTO has ""become a symbol of Iranian subservience to foreigners"" and that public opinion ""from right to left was unanimous on this score.""","\CENTO has become a %e symbol of Iranian subservience to foreigners"" and that public opinion ""from right to left was unanimous on this score.""",PASS,0.958333,1.0,0.978723,PASS,1874,0.766149,0.058922,0.958333,23,24,R2
