item_id,doc_id,date,revealed,length_bucket,cross_page,answer,status,coverage,covered_words,target_words,fragment_count,expected_fragment_count,fragment_statuses,page_keys
CIA-RDP79T00975A000100260001-1:4.0,CIA-RDP79T00975A000100260001-1,"March 8, 1951",partly,a paragraph,False,"[STILL REDACTED] A reliable neutral source has stated that the assassin of Premier Razmara is a member of the Friends of Islam, a fanatical right-wing religious organization. A well-qualified source with contacts in the Iranian government believes that the assassination was probably motivated by resentment against Razmara’s opposition to the nationalization of Iranian oil resources. According to this source,",ASSIGNED_FULL,0.983333,59,60,1,1,"[""ASSIGNED_FULL""]","[""page_004_005_88511e37e8""]"
CIA-RDP79T00975A000100290001-8:4.0,CIA-RDP79T00975A000100290001-8,"March 11, 1951",fully,about a sentence,False,"At present writing, various press reports represent the only source of information on most of these incidents.",ASSIGNED_FULL,1.0,17,17,1,1,"[""ASSIGNED_FULL""]","[""page_004_004_ce1aad7bed""]"
CIA-RDP79T00975A000100360001-0:5.0,CIA-RDP79T00975A000100360001-0,"March 20, 1951",partly,about a sentence,False,[STILL REDACTED] claims that “many Cominformists” have successfully penetrated the army and the government and are now acting under instructions to remain passive until war breaks out.,ASSIGNED_FULL,0.962963,26,27,1,1,"[""ASSIGNED_FULL""]","[""page_005_005_d7a9e5716d""]"
CIA-RDP79T00975A000100470001-8:6.1,CIA-RDP79T00975A000100470001-8,"April 3, 1951",partly,about a sentence,False,[STILL REDACTED] some of the rioters may have been associated with a facist-inclined politico-military faction (the Guevara group) which has been planning the overthrow of the government for some time.,ASSIGNED_FULL,1.0,28,28,1,1,"[""ASSIGNED_FULL""]","[""page_006_006_a1ba3d094f""]"
CIA-RDP79T00975A000100470001-8:6.2,CIA-RDP79T00975A000100470001-8,"April 3, 1951",fully,a paragraph,False,"Comment: There is evidence that the alliance between the two most powerful revolutionary factions in Ecuador (the followers of Guevara and those of the Liberal-Radical leader Mancheno) has been strengthened in the past few months, but it is doubtful that this alliance has sufficient strength to overthrow the government at this time.",ASSIGNED_FULL,0.982143,55,56,1,1,"[""ASSIGNED_FULL""]","[""page_006_006_a1ba3d094f""]"
CIA-RDP79T00975A000200030001-5:7.0,CIA-RDP79T00975A000200030001-5,"April 21, 1951",partly,a paragraph,False,[STILL REDACTED] elements of the population were to be deported from the Polish-USSR border and transported to the Stettin area; the presence of such disaffected elements undoubtedly contributes to difficulties in this area.,ASSIGNED_FULL,0.894737,34,38,1,1,"[""ASSIGNED_FULL""]","[""page_007_007_00af72f4c9""]"
CIA-RDP79T00975A000200120001-5:5.1,CIA-RDP79T00975A000200120001-5,"May 2, 1951",partly,a paragraph,False,"[STILL REDACTED] the Communists had to tear up another line to complete this new one to the Indochina border. This is the only report, however, which indicates that a section of the line is narrow gauge. If true, this would necessitate transshipping at Nanning.",ASSIGNED_FULL,1.0,44,44,1,1,"[""ASSIGNED_FULL""]","[""page_005_005_5e6be1c8ed""]"
CIA-RDP79T00975A000200310001-4:4.0,CIA-RDP79T00975A000200310001-4,"May 24, 1951",partly,about a sentence,False,"While the incidence of smallpox to date in North Korea is unknown, [STILL REDACTED] the Wonsan area reported the outbreak of this disease earlier this year.",ASSIGNED_FULL,1.0,22,22,1,1,"[""ASSIGNED_FULL""]","[""page_004_005_519c368324""]"
CIA-RDP79T00975A000200330001-2:5.0,CIA-RDP79T00975A000200330001-2,"May 26, 1951",partly,a paragraph,False,"[STILL REDACTED] Chinese Communist mechanized corps, equipped with 400 T-34 tanks and 200 self-propelled guns, arrived in Korea in late April, while another reports that 150 ""Soviet"" tanks moved southward into the Parallel region in early May.",ASSIGNED_FULL,1.0,37,37,1,1,"[""ASSIGNED_FULL""]","[""page_005_005_b26b5422ab""]"
CIA-RDP79T00975A000200560001-7:6.0,CIA-RDP79T00975A000200560001-7,"June 23, 1951",partly,about a sentence,False,"[STILL REDACTED] the Soviet Oil Administration in Austria may have been making a preliminary check to see who might be interested in going to Iran. However, there has been no confirmation [STILL REDACTED]",ASSIGNED_FULL,0.969697,32,33,1,1,"[""ASSIGNED_FULL""]","[""page_006_006_17cf64e866""]"
CIA-RDP79T00975A000300180001-8:5.0,CIA-RDP79T00975A000300180001-8,"July 19, 1951",fully,a few words,False,", ambitious and hot-headed,",ASSIGNED_FULL,1.0,3,3,1,1,"[""ASSIGNED_FULL""]","[""page_005_005_240f1e01ce""]"
CIA-RDP79T00975A000300290001-6:7.0,CIA-RDP79T00975A000300290001-6,"August 1, 1951",partly,about a sentence,False,The above message is the second report during the past week that the French position in this matter has been relaxed. NEAR EAST [STILL REDACTED],ASSIGNED_FULL,1.0,25,25,1,1,"[""ASSIGNED_FULL""]","[""page_007_007_feccfab672""]"
CIA-RDP79T00975A000300710001-9:3.0,CIA-RDP79T00975A000300710001-9,"September 21, 1951",fully,part of a sentence,False,"These reports have not been confirmed, but are significant if true since",ASSIGNED_FULL,1.0,11,11,1,1,"[""ASSIGNED_FULL""]","[""page_003_003_276847e615""]"
CIA-RDP79T00975A000400180001-7:6.0,CIA-RDP79T00975A000400180001-7,"October 12, 1951",fully,about a sentence,False,"This is the second recent report of exceptional cordiality on the part of high-ranking Soviet officials. However,",ASSIGNED_FULL,1.0,17,17,1,1,"[""ASSIGNED_FULL""]","[""page_006_006_de18f709cc""]"
CIA-RDP79T00975A000400180001-7:8.0,CIA-RDP79T00975A000400180001-7,"October 12, 1951",partly,a paragraph,False,"[STILL REDACTED] Despite the stalemate in the current negotiations, the USSR has expressed a willingness to alter its initial request for industrial exports and to substitute a significant amount of Italian consumer goods.",ASSIGNED_FULL,1.0,31,31,1,1,"[""ASSIGNED_FULL""]","[""page_008_008_3bf9f1b7fb""]"
CIA-RDP79T00975A000400320001-1:3.0,CIA-RDP79T00975A000400320001-1,"October 28, 1951",fully,a paragraph,False,"1. British Ambassador considers Soviet Union anxious for cease-fire: US Emb London 25 Oct 51 During an official conversation with Vyshinsky, the British Ambassador to Moscow reports, the Soviet Foreign Minister raised the subject of a cease-fire in Korea, stating the USSR was anxious for it and that it would be an important step in easing international tension.",ASSIGNED_FULL,1.0,62,62,1,1,"[""ASSIGNED_FULL""]","[""page_003_003_a13faec8e5""]"
CIA-RDP79T00975A000400630001-7:6.0,CIA-RDP79T00975A000400630001-7,"December 7, 1951",partly,a paragraph,False,In view of the strength of his enemies the Finance Minister's tenure of office would seem to be limited strictly by the life of the aged and ailing King. EASTERN EUROPE [STILL REDACTED],ASSIGNED_FULL,1.0,32,32,1,1,"[""ASSIGNED_FULL""]","[""page_006_006_4620f17a86""]"
CIA-RDP79T00975A000500240001-9:6.0,CIA-RDP79T00975A000500240001-9,"January 11, 1952",partly,part of a sentence,False,According to two Czech defectors who were engaged in the preparations [STILL REDACTED],ASSIGNED_FULL,1.0,11,11,1,1,"[""ASSIGNED_FULL""]","[""page_006_006_75c92ab091""]"
CIA-RDP79T00975A000600180001-5:5.0,CIA-RDP79T00975A000600180001-5,"March 15, 1952",fully,a paragraph,False,"The French Minister believes that the next Prime Minister will be an independent because such an appointment might avoid conflict between Nuri's majority party, the Constitutional Union, and the new Socialist National Party.",ASSIGNED_FULL,1.0,32,32,1,1,"[""ASSIGNED_FULL""]","[""page_005_005_bc9688243c""]"
CIA-RDP79T00975A000600200001-2:4.1,CIA-RDP79T00975A000600200001-2,"March 18, 1952",fully,a few words,False,Other reliable sources have,ASSIGNED_FULL,1.0,4,4,1,1,"[""ASSIGNED_FULL""]","[""page_004_004_7663a42f27""]"
CIA-RDP79T00975A000600360001-5:4.2,CIA-RDP79T00975A000600360001-5,"April 5, 1952",partly,about a sentence,False,[STILL REDACTED] Preparations for a Communist general offensive in North Korea are reported by a fairly reliable North Korean source with [STILL REDACTED],ASSIGNED_FULL,0.95,19,20,1,1,"[""ASSIGNED_FULL""]","[""page_004_004_184afe0902""]"
CIA-RDP79T00975A000600440001-6:5.0,CIA-RDP79T00975A000600440001-6,"April 15, 1952",partly,a paragraph,False,"[STILL REDACTED] a military tribunal in Kielce condemned to death three members of a resistance band and sentenced three others to prison. The individuals convicted were accused of having engaged in ""banditry"" against the local people from 1946 until last November.",ASSIGNED_FULL,1.0,39,39,1,1,"[""ASSIGNED_FULL""]","[""page_005_005_289e023474""]"
CIA-RDP79T00975A000600440001-6:5.1,CIA-RDP79T00975A000600440001-6,"April 15, 1952",partly,part of a sentence,False,where the trials were held. [STILL REDACTED],ASSIGNED_FULL,1.0,5,5,1,1,"[""ASSIGNED_FULL""]","[""page_005_005_289e023474""]"
CIA-RDP79T00975A000700060001-7:6.0,CIA-RDP79T00975A000700060001-7,"May 18, 1952",fully,a paragraph,False,"Although Tito's official policy apparently has been to prevent interference with the present regime in Albania, the indications of attempted Italian penetration may have increased his interest in those Albanian exiles who are not serving Italy or other interests inimical to Yugoslavia.",ASSIGNED_FULL,1.0,43,43,1,1,"[""ASSIGNED_FULL""]","[""page_006_006_02dfd7b13b""]"
CIA-RDP79T00975A000700190001-3:5.0,CIA-RDP79T00975A000700190001-3,"June 4, 1952",partly,about a sentence,False,[STILL REDACTED] the Alert Police are to hold all key positions and are to act as military drill and weapons instructors.,ASSIGNED_FULL,1.0,19,19,1,1,"[""ASSIGNED_FULL""]","[""page_005_005_11fbb263e0""]"
CIA-RDP79T00975A000700240001-7:5.0,CIA-RDP79T00975A000700240001-7,"June 10, 1952",fully,part of a sentence,False,"s ""surge of vitality"" through Southeast Asia. It",ASSIGNED_FULL,0.875,7,8,1,1,"[""ASSIGNED_FULL""]","[""page_005_005_0157c8c31c""]"
CIA-RDP79T00975A000700390001-1:3.0,CIA-RDP79T00975A000700390001-1,"June 27, 1952",partly,about a sentence,False,"[STILL REDACTED] the Chinese probably entered Indochina to stop French interference with the opium trade, and that this is not a ""serious Chinese invasion.""",ASSIGNED_FULL,0.954545,21,22,1,1,"[""ASSIGNED_FULL""]","[""page_003_003_ddd94af114""]"
CIA-RDP79T00975A000700440001-5:4.1,CIA-RDP79T00975A000700440001-5,"July 3, 1952",partly,a paragraph,False,"[STILL REDACTED] Great Britain is seeking American support to prevent elimination of ""the only sound elements in Egyptian political life"" in Cairo’s current cabinet shifts. Foreign Secretary Eden apparently fears a return to power of the corrupt palace elements and the Wafd party.",ASSIGNED_FULL,0.976744,42,43,1,1,"[""ASSIGNED_FULL""]","[""page_004_006_eb241ebd18""]"
CIA-RDP79T00975A000700440001-5:4.2,CIA-RDP79T00975A000700440001-5,"July 3, 1952",fully,a paragraph,False,"Comment: At least one corrupt palace favorite, a man who was allegedly influential in undermining the position of ex-Premier Hilali, is in the new cabinet announced as formed on 2 July.",ASSIGNED_FULL,1.0,31,31,1,1,"[""ASSIGNED_FULL""]","[""page_004_006_eb241ebd18""]"
CIA-RDP79T00975A000900050001-6:3.1,CIA-RDP79T00975A000900050001-6,"October 16, 1952",partly,about a sentence,False,Comment: [STILL REDACTED] Viet Minh offensive operations would be initiated during the latter part of October. It is not yet possible to determine whether the French action may have forced a postponement.,ASSIGNED_FULL,0.967742,30,31,1,1,"[""ASSIGNED_FULL""]","[""page_003_003_a786adf279""]"
CIA-RDP79T00975A000900240001-5:3.0,CIA-RDP79T00975A000900240001-5,"November 7, 1952",partly,a paragraph,False,Jet bombers fly to Dairen from Soviet Maritime area: [STILL REDACTED] six IL-28's flew from Chernigovka in the southern Maritime Province to Dairen via the Manchurian airfields of Tunhua and Mukden. These jets may be replacements for TU-2 bombers which were withdrawn from Dairen to the Soviet Far East in early October.,ASSIGNED_FULL,0.962264,51,53,1,1,"[""ASSIGNED_FULL""]","[""page_003_003_4ff2339b62""]"
CIA-RDP79T00975A000900240001-5:3.1,CIA-RDP79T00975A000900240001-5,"November 7, 1952",fully,a paragraph,False,"At least 19 IL-28's have entered Manchuria from Chita since 26 October. Although they may also be eventually destined for Dairen, ten of them have remained in Kungchuling, in central Manchuria, since 28 October.",ASSIGNED_FULL,1.0,33,33,1,1,"[""ASSIGNED_FULL""]","[""page_003_003_4ff2339b62""]"
CIA-RDP79T00975A000900440001-3:6.0,CIA-RDP79T00975A000900440001-3,"December 3, 1952",partly,about a sentence,False,[STILL REDACTED] large number of visas for Rumania have been issued to Greeks living in the Satellite countries in recent months. Probably many of them attended this meeting.,ASSIGNED_FULL,1.0,25,25,1,1,"[""ASSIGNED_FULL""]","[""page_006_006_dd1202f94c""]"
CIA-RDP79T00975A000900470001-0:5.0,CIA-RDP79T00975A000900470001-0,"December 6, 1952",partly,about a sentence,False,"[STILL REDACTED] there had been a considerable influx into Southern Thailand of Chinese ""agriculturalists"" from Bangkok who have no visible means of support.",ASSIGNED_FULL,0.954545,21,22,1,1,"[""ASSIGNED_FULL""]","[""page_005_005_54ea1cb976""]"
CIA-RDP79T00975A000900550001-1:5.0,CIA-RDP79T00975A000900550001-1,"December 16, 1952",partly,a paragraph,False,"It cannot be deduced, however, from Peiping's ability and inclination to make independent decisions at this level, that the Chinese Communists will act independently of Moscow on major international questions. SOUTHEAST ASIA 5. [STILL REDACTED]",ASSIGNED_FULL,1.0,33,33,1,1,"[""ASSIGNED_FULL""]","[""page_005_005_d9ea6da081""]"
CIA-RDP79T00975A001000160001-2:4.0,CIA-RDP79T00975A001000160001-2,"January 20, 1953",fully,part of a sentence,False,Another Chinese Communist Army completed a move from the mainland to Hainan Island last fall.,ASSIGNED_FULL,1.0,15,15,1,1,"[""ASSIGNED_FULL""]","[""page_004_005_b2abbac8bc""]"
CIA-RDP79T00975A001000270001-0:4.0,CIA-RDP79T00975A001000270001-0,"February 3, 1953",partly,a paragraph,False,"Comment: Nationalist forces are currently capable only of minor raids and limited air attacks against the Chinese mainland and offshore islands. Recent Nationalist planning has envisaged a major operation against the mainland, [STILL REDACTED]",ASSIGNED_FULL,1.0,32,32,1,1,"[""ASSIGNED_FULL""]","[""page_004_004_ebfaa6b366""]"
CIA-RDP79T00975A001000640001-9:6.0,CIA-RDP79T00975A001000640001-9,"March 19, 1953",partly,about a sentence,False,A 17 February French Foreign Ministry circular message stated that the best way to achieve European integration is for France to strengthen its ties with the Atlantic Community. 6. [STILL REDACTED],ASSIGNED_FULL,1.0,28,28,1,1,"[""ASSIGNED_FULL""]","[""page_006_006_2440ef94a6""]"
CIA-RDP79T00975A001100150001-2:5.0,CIA-RDP79T00975A001100150001-2,"April 15, 1953",partly,a paragraph,False,"[STILL REDACTED] Satellite delegates meeting at Prague in January discussed coordination of purchases from the West of anti-friction bearings. [STILL REDACTED] concern over negotiations by the Western nations for ""the closing of free ports to the transport of strategic materials."" The Ministry requested further information so that it would have time to make ""all necessary arrangements.""",ASSIGNED_FULL,1.0,56,56,1,1,"[""ASSIGNED_FULL""]","[""page_005_006_80c5592fb3""]"
CIA-RDP79T00975A001100460001-8:5.0,CIA-RDP79T00975A001100460001-8,"May 21, 1953",fully,a paragraph,False,Comment: On 21 April the Burmese army commander issued orders to his field commanders to slacken pressure on the Nationalists and indicated that an early cease-fire order was possible. No further information that the Burmese may curtail operations against the Nationalists has been received.,ASSIGNED_FULL,1.0,45,45,1,1,"[""ASSIGNED_FULL""]","[""page_005_005_a9ad20e824""]"
CIA-RDP79T00975A001100490001-5:4.0,CIA-RDP79T00975A001100490001-5,"May 24, 1953",fully,a paragraph,False,"has carried a photograph of Mullah Kashani bestowing his blessing on the admitted assassin following the latter's release. The current reports regarding Kashani, if true, suggest that he may be reasserting himself in Iranian politics after three months of comparative inactivity.",ASSIGNED_FULL,1.0,41,41,1,1,"[""ASSIGNED_FULL""]","[""page_004_004_829c841eca""]"
CIA-RDP79T00975A001100500001-3:7.0,CIA-RDP79T00975A001100500001-3,"May 26, 1953",partly,a paragraph,False,[STILL REDACTED] The report stated that Iran offered two-year contracts with payment in American dollars and salaries 20 percent higher than those paid in the United States. Air transportation to and from Mexico was promised.,ASSIGNED_FULL,1.0,33,33,1,1,"[""ASSIGNED_FULL""]","[""page_007_007_52bee7362c""]"
CIA-RDP79T00975A001200040001-2:5.0,CIA-RDP79T00975A001200040001-2,"June 25, 1953",partly,a paragraph,False,[STILL REDACTED] 85 percent of the escapees in the Masan area refused to serve in the South Korean army and are being threatened with forcible return to the POW camps by South Korean authorities.,ASSIGNED_FULL,1.0,32,32,1,1,"[""ASSIGNED_FULL""]","[""page_005_005_7d5ad321eb""]"
CIA-RDP79T00975A001200150001-1:6.0,CIA-RDP79T00975A001200150001-1,"July 9, 1953",fully,about a sentence,False,In recent weeks the French have reduced the strength of their major outposts in northern Laos.,ASSIGNED_FULL,1.0,17,17,1,1,"[""ASSIGNED_FULL""]","[""page_006_006_df1cf5f629""]"
CIA-RDP79T00975A001200220001-3:6.0,CIA-RDP79T00975A001200220001-3,"July 17, 1953",fully,part of a sentence,False,"reported, according to a usually reliable source from the area.",ASSIGNED_FULL,1.0,10,10,1,1,"[""ASSIGNED_FULL""]","[""page_006_006_aa75489125""]"
CIA-RDP79T00975A001200220001-3:6.1,CIA-RDP79T00975A001200220001-3,"July 17, 1953",fully,about a sentence,False,The source reports that Communist naval patrols in the Tachen area continue frequent and that Communist signal flares were sighted there on 9 July.,ASSIGNED_FULL,1.0,24,24,1,1,"[""ASSIGNED_FULL""]","[""page_006_006_aa75489125""]"
CIA-RDP79T00975A001200260001-9:7.0,CIA-RDP79T00975A001200260001-9,"July 22, 1953",fully,about a sentence,False,Comment: The West German opposition Social Democratic Party can be expected to exploit the Saar issue fully in the election campaign.,ASSIGNED_FULL,1.0,21,21,1,1,"[""ASSIGNED_FULL""]","[""page_007_007_f36e4488e6""]"
CIA-RDP79T00975A001200270001-8:4.0,CIA-RDP79T00975A001200270001-8,"July 23, 1953",partly,part of a sentence,False,[STILL REDACTED] nearly as many civilian laborers are still in the USSR.,ASSIGNED_PARTIAL,0.777778,7,9,1,1,"[""ASSIGNED_PARTIAL""]","[""page_004_004_1bd9fb2521""]"
CIA-RDP79T00975A001200320001-2:7.0,CIA-RDP79T00975A001200320001-2,"July 29, 1953",partly,part of a sentence,False,[STILL REDACTED] the Israeli charge in Sofi,ASSIGNED_FULL,1.0,5,5,1,1,"[""ASSIGNED_FULL""]","[""page_007_007_4ef139722b""]"
CIA-RDP79T00975A001200390001-5:3.0,CIA-RDP79T00975A001200390001-5,"August 6, 1953",fully,a paragraph,False,"The note will be regarded as evading the issue, both by Chancellor Adenauer's coalition followers, who in view of the 6 September elections feared that the USSR might move ahead on unity, and by the opposition Social Democrats, who fervently hoped for such a move.",ASSIGNED_FULL,1.0,46,46,1,1,"[""ASSIGNED_FULL""]","[""page_003_003_7eaa3b42df""]"
CIA-RDP79T00975A001300060001-0:4.0,CIA-RDP79T00975A001300060001-0,"September 18, 1953",partly,a paragraph,False,[STILL REDACTED] Burmese army units deployed against the Nationalists have been strengthened and they may be expected to launch an all-out military campaign. Some important government leaders are also known to be considering an approach to Peiping for military assistance.,ASSIGNED_FULL,0.973684,37,38,1,1,"[""ASSIGNED_FULL""]","[""page_004_004_5fcca9d0cc""]"
CIA-RDP79T00975A001300100001-5:6.0,CIA-RDP79T00975A001300100001-5,"September 23, 1953",fully,a paragraph,False,"Comment: General Gruenther has asked Montgomery not to raise this subject during his visit to Turkey. Montgomery made similar suggestions to Greek officials twice last year. As in the past, his statement may renew Greek demands for increased American aid in order to keep armed forces at their current strength.",ASSIGNED_FULL,1.0,50,50,1,1,"[""ASSIGNED_FULL""]","[""page_006_006_5383b7db95""]"
CIA-RDP79T00975A001300160001-9:7.0,CIA-RDP79T00975A001300160001-9,"September 30, 1953",partly,about a sentence,False,"[STILL REDACTED] only the sultan's restoration could bring genuine calm. He declared that if French vigilance is ever relaxed, the Moroccans will rise up and oust the French.",ASSIGNED_FULL,1.0,25,25,1,1,"[""ASSIGNED_FULL""]","[""page_007_007_04b2243e09""]"
CIA-RDP79T00975A001300170001-8:6.0,CIA-RDP79T00975A001300170001-8,"October 1, 1953",partly,about a sentence,False,"[STILL REDACTED] however, [STILL REDACTED] the past three months Israel has made various incursions into the zone. These actions, [STILL REDACTED] represent a ""major move"" by the Israelis to gain control of it.",ASSIGNED_FULL,0.961538,25,26,1,1,"[""ASSIGNED_FULL""]","[""page_006_006_b56f5a1e76""]"
CIA-RDP79T00975A001300290001-5:4.0,CIA-RDP79T00975A001300290001-5,"October 15, 1953",partly,a paragraph,False,"[STILL REDACTED] the Yugoslavs have sent additional armored elements, one marine and one paratroop battalion to Zone B and have reinforced the areas bordering the Free Territory and Italy with one infantry division and elements of one tank division. The infantry division and some armored elements already in the border area have allegedly been moved closer to the Free Territory.",ASSIGNED_FULL,0.982759,57,58,1,1,"[""ASSIGNED_FULL""]","[""page_004_004_86a95ec27a""]"
CIA-RDP79T00975A001300460001-6:5.0,CIA-RDP79T00975A001300460001-6,"November 4, 1953",fully,a paragraph,False,"There are unconfirmed reports that the anticolonial People's United Party, which is the only effective political organization in the colony, receives financial aid from Guatemalan Communist elements. The party's known labor affiliations, however, are of an anti-Communist nature.",ASSIGNED_FULL,1.0,39,39,1,1,"[""ASSIGNED_FULL""]","[""page_005_005_d8543d9ed1""]"
CIA-RDP79T00975A001300540001-7:4.0,CIA-RDP79T00975A001300540001-7,"November 14, 1953",partly,about a sentence,False,[STILL REDACTED] one of the Shan chieftains in Burma has turned Communist and that others are likely to do so because of their dislike for the Burmese.,ASSIGNED_FULL,1.0,25,25,1,1,"[""ASSIGNED_FULL""]","[""page_004_004_dc5d753018""]"
CIA-RDP79T00975A001300560001-5:4.0,CIA-RDP79T00975A001300560001-5,"November 17, 1953",partly,about a sentence,False,Comment: [STILL REDACTED] MIG-15's left the same field on what appeared to be a delivery flight. Three days later only five were observed on the field.,ASSIGNED_FULL,1.0,25,25,1,1,"[""ASSIGNED_FULL""]","[""page_004_004_8a066c1fc2""]"
CIA-RDP79T00975A001300660001-4:5.0,CIA-RDP79T00975A001300660001-4,"November 29, 1953",partly,a paragraph,False,"[STILL REDACTED] Comment: [STILL REDACTED] the Karen insurgents in Burma and the Chinese Nationalists, and of airfield construction in Karen-held territory. Actual construction of an airfield is a strong indication that Taipei intends to exploit the Karen tie after the present partial evacuation is completed. By basing themselves in Karen areas, the Nationalists could maintain their hold on the lucrative opium traffic.",ASSIGNED_FULL,1.0,57,57,1,1,"[""ASSIGNED_FULL""]","[""page_005_005_d7d3c83e55""]"
CIA-RDP79T00975A001300720001-7:3.0,CIA-RDP79T00975A001300720001-7,"December 6, 1953",partly,about a sentence,False,Intercepted messages of mid-October show that Soviet personnel were visiting Hainan that month. SOUTHEAST ASIA 2. [STILL REDACTED],ASSIGNED_FULL,1.0,15,15,1,1,"[""ASSIGNED_FULL""]","[""page_003_003_9797b23625""]"
CIA-RDP79T00975A001400140001-0:5.0,CIA-RDP79T00975A001400140001-0,"January 1, 1954",partly,about a sentence,False,"[STILL REDACTED] It would be consistent with the past pattern of Afghan-Indian diplomacy if India's new ""loan"" were designed to assure Afghan support against American military aid to Pakistan.",ASSIGNED_FULL,1.0,26,26,1,1,"[""ASSIGNED_FULL""]","[""page_005_005_f29ac8de65""]"
CIA-RDP79T00975A001400140001-0:6.0,CIA-RDP79T00975A001400140001-0,"January 1, 1954",partly,a paragraph,False,"[STILL REDACTED] Comment: Large-scale Israeli attacks on Arab countries are not anticipated. Nevertheless, the recurrence of Israeli frontier raids since the Qibya incident in October suggests that the present government is continuing former premier Ben-Gurion's ""active defense"" policy, which has been largely responsible for the present Arab-Israeli tension.",ASSIGNED_FULL,1.0,46,46,1,1,"[""ASSIGNED_FULL""]","[""page_006_006_ae89762301""]"
CIA-RDP79T00975A001400180001-6:6.0,CIA-RDP79T00975A001400180001-6,"January 8, 1954",partly,part of a sentence,False,[STILL REDACTED] Czechoslovakia and Hungary have been attempting to import beef and grain; but,ASSIGNED_FULL,1.0,11,11,1,1,"[""ASSIGNED_FULL""]","[""page_006_006_3cccb33d1c""]"
CIA-RDP79T00975A001400200001-3:8.0,CIA-RDP79T00975A001400200001-3,"January 10, 1954",partly,part of a sentence,False,[STILL REDACTED] the government crisis will probably last for two or three weeks.,ASSIGNED_FULL,1.0,11,11,1,1,"[""ASSIGNED_FULL""]","[""page_008_008_4833c5dc9e""]"
CIA-RDP79T00975A001400390001-3:3.0,CIA-RDP79T00975A001400390001-3,"February 3, 1954",partly,a paragraph,False,"[STILL REDACTED] a concentrated enemy drive toward Luang Prabang is probable and could prove critical. The southward movement of elements of the Viet Minh 308th Division from Dien Bien Phu has been confirmed [STILL REDACTED] the current campaign is designed to gain a maximum of territory and propaganda victories at minimum cost in order to pave the way for negotiations with the French, and that extensive Viet Minh gains might tip the scales in favor of those elements in France and Indochina who strongly advocate a negotiated peace.",ASSIGNED_FULL,1.0,89,89,1,1,"[""ASSIGNED_FULL""]","[""page_003_003_7aa5b9e741""]"
CIA-RDP79T00975A001400440001-7:7.0,CIA-RDP79T00975A001400440001-7,"February 9, 1954",partly,a paragraph,False,"[STILL REDACTED] Molotov's remarks at the Berlin conference on the economic aspects of the Far East problem were arousing great interest among West German businessmen who want to expand East-West trade. Citing the favorable comment of a prominent newspaper on the possibility of opening vast Eastern markets, [STILL REDACTED] must reckon with the demands of German businessmen.",ASSIGNED_FULL,1.0,55,55,1,1,"[""ASSIGNED_FULL""]","[""page_007_007_b50e689e47""]"
CIA-RDP79T00975A001400470001-4:4.0,CIA-RDP79T00975A001400470001-4,"February 12, 1954",partly,about a sentence,False,[STILL REDACTED] the ministry had been split into two all-union ministries [STILL REDACTED] which helps to obviate speculation that it resulted from nonfulfillment by the metallurgical industry of the 1953 plan.,ASSIGNED_FULL,1.0,27,27,1,1,"[""ASSIGNED_FULL""]","[""page_004_004_597079b248""]"
CIA-RDP79T00975A001400490001-2:4.0,CIA-RDP79T00975A001400490001-2,"February 14, 1954",partly,about a sentence,False,[STILL REDACTED] a campaign is already under way in the south threatening death to any person attempting to go north.,ASSIGNED_FULL,1.0,17,17,1,1,"[""ASSIGNED_FULL""]","[""page_004_004_499bbb8e75""]"
CIA-RDP79T00975A001400490001-2:5.0,CIA-RDP79T00975A001400490001-2,"February 14, 1954",partly,a paragraph,False,"[STILL REDACTED] the Viet Minh apparently intends to ""threaten"" Luang Prabang, thereby causing the French to reinforce the capital, and at the same time to isolate Dien Bien Phu and force an evacuation of its garrison.",ASSIGNED_FULL,1.0,35,35,1,1,"[""ASSIGNED_FULL""]","[""page_005_005_024f1d8cbc""]"
CIA-RDP79T00975A001400490001-2:6.0,CIA-RDP79T00975A001400490001-2,"February 14, 1954",partly,a paragraph,False,"[STILL REDACTED] the 312th Division, and at least elements of the 316th, were moving into northern Laos either to reinforce the 308th advancing on Luang Prabang or to threaten other points. As yet, there has been no contact with these units in Laotian territory.",ASSIGNED_FULL,1.0,42,42,1,1,"[""ASSIGNED_FULL""]","[""page_006_006_c10af1e5e8""]"
CIA-RDP79T00975A001400490001-2:7.0,CIA-RDP79T00975A001400490001-2,"February 14, 1954",partly,part of a sentence,False,"The difference, [STILL REDACTED] covered by credits from other Indian-Burmese financial transactions.",ASSIGNED_FULL,1.0,10,10,1,1,"[""ASSIGNED_FULL""]","[""page_007_007_46bf05b247""]"
CIA-RDP79T00975A001400530001-7:9.0,CIA-RDP79T00975A001400530001-7,"February 18, 1954",partly,a paragraph,False,"[STILL REDACTED] They believe that the party will take advantage of the government's concentration on preventing disorders in Caracas while the inter-American conference is in session there. They note that revolutionary movements have usually started in Maracaibo and that considerable antigovernment sentiment exists there now. They doubt, however, that an AD attempt at this time would succeed.",ASSIGNED_FULL,1.0,56,56,1,1,"[""ASSIGNED_FULL""]","[""page_009_009_17973be034""]"
CIA-RDP79T00975A001400530001-7:9.1,CIA-RDP79T00975A001400530001-7,"February 18, 1954",partly,a paragraph,False,"[STILL REDACTED] Venezuelan government plans to round up all prominent Communists prior to the conference have not mentioned similar plans against AD leaders, but it is almost certain that army garrisons in Maracaibo and elsewhere will be on the alert.",ASSIGNED_FULL,1.0,37,37,1,1,"[""ASSIGNED_FULL""]","[""page_009_009_17973be034""]"
CIA-RDP79T00975A001400560001-4:5.1,CIA-RDP79T00975A001400560001-4,"February 22, 1954",fully,a paragraph,False,There is increasing evidence of a growing Viet Minh supply problem in northern Laos. Food stocks at the Tuan Giao depot are said to be low. The enemy is reportedly forming six new coolie contingents to speed up supplies for the 308th Division and other units in northern Laos.,ASSIGNED_FULL,1.0,57,57,1,1,"[""ASSIGNED_FULL""]","[""page_005_005_cd61c307d3""]"
CIA-RDP79T00975A001400600001-9:7.0,CIA-RDP79T00975A001400600001-9,"February 27, 1954",fully,a paragraph,False,The report which oil adviser Torkild Rieber recently made to Tehran agrees in general with these findings. The similarity indicates that there should be little ground for dispute between Iran and the consortium over the current capabilities of the oil installations.,ASSIGNED_FULL,1.0,41,41,1,1,"[""ASSIGNED_FULL""]","[""page_007_007_4de8ba7df7""]"
CIA-RDP79T00975A001400640001-5:3.0,CIA-RDP79T00975A001400640001-5,"March 5, 1954",partly,part of a sentence,False,[STILL REDACTED] the concept of Viet Minh fears of concessions is pure hypothesis.,ASSIGNED_FULL,1.0,11,11,1,1,"[""ASSIGNED_FULL""]","[""page_003_003_233e0e8b32""]"
CIA-RDP79T00975A001400650001-4:7.0,CIA-RDP79T00975A001400650001-4,"March 6, 1954",partly,about a sentence,False,"[STILL REDACTED] West Bengal Communist leaders, anticipating a ban, went underground as a result of the recent arrest of several among them, including the secretary of the party's provincial committee.",ASSIGNED_FULL,1.0,28,28,1,1,"[""ASSIGNED_FULL""]","[""page_007_007_6713242896""]"
CIA-RDP79T00975A001400660001-3:5.0,CIA-RDP79T00975A001400660001-3,"March 7, 1954",fully,about a sentence,False,"Just prior to the announcement, reports from Cairo suggested that the council had no intention of granting real authority to any civil assembly it might establish.",ASSIGNED_FULL,1.0,26,26,1,1,"[""ASSIGNED_FULL""]","[""page_005_005_6bdb409fdb""]"
CIA-RDP79T00975A001400670001-2:8.0,CIA-RDP79T00975A001400670001-2,"March 9, 1954",fully,a paragraph,False,"Lecoeur, until now considered France's number three Communist, had given only lukewarm support to Moscow-directed united front tactics. His successor, Marcel Servin, has reportedly been in charge of the party's liaison with the USSR since the fall of 1950.",ASSIGNED_FULL,1.0,40,40,1,1,"[""ASSIGNED_FULL""]","[""page_008_008_9bd56bcd57""]"
CIA-RDP79T00975A001500060001-8:5.0,CIA-RDP79T00975A001500060001-8,"March 18, 1954",partly,about a sentence,False,"[STILL REDACTED] the success of the first phase of the Communist attack at Dien Bien Phu had shocked the French command, which is no longer ""supremely confident"" of holding the fortress.",ASSIGNED_FULL,1.0,29,29,1,1,"[""ASSIGNED_FULL""]","[""page_005_005_d5dd0a4226""]"
CIA-RDP79T00975A001500060001-8:8.0+9.0,CIA-RDP79T00975A001500060001-8,"March 18, 1954",fully,a paragraph,True,"Comment: This is the first report that the shah is considering such action. Release of Mossadeq, now serving a three-year sentence for treason, would probably be hailed by his supporters as proof of his innocence. Unless his activities were circumscribed, he could be a rallying point for opposition to Zahedi, which has been ineffective so far. Freeing of Mossadeq at this time would also complicate the oil negotiations. Zahedi might consider the pardon of Mossadeq as tantamount to repudiation by the shah.",ASSIGNED_FULL,1.0,84,84,2,2,"[""ASSIGNED_FULL"", ""ASSIGNED_FULL""]","[""page_008_008_8698cdda9e"", ""page_009_009_a7a8f16d3e""]"
CIA-RDP79T00975A001500080001-6:8.0,CIA-RDP79T00975A001500080001-6,"March 20, 1954",partly,about a sentence,False,"[STILL REDACTED] American embassy memorandum establishing a ""timetable for everything the French must do"" to bring about early EDC ratification had been leaked, creating ""confusion and a certain amount of resentment.""",ASSIGNED_FULL,1.0,30,30,1,1,"[""ASSIGNED_FULL""]","[""page_008_008_4afcd5a905""]"
CIA-RDP79T00975A001500130001-0:8.0,CIA-RDP79T00975A001500130001-0,"March 27, 1954",partly,a paragraph,False,"Comment: [STILL REDACTED] pro-Prio elements may have abandoned their more pretentious plans and decided to assassinate Batista and other key figures as a cheap and effective way to seize power. It is unlikely that these elements could gain control, since they are believed to lack military or popular support. Should Batista be assassinated, it is probable that present military leaders would assume control and set up a governing junta.",ASSIGNED_FULL,1.0,68,68,1,1,"[""ASSIGNED_FULL""]","[""page_008_008_5f25a62b1a""]"
CIA-RDP79T00975A001500160001-7:8.0,CIA-RDP79T00975A001500160001-7,"March 30, 1954",partly,about a sentence,False,"[STILL REDACTED] In addition to resisting the suggested maximum figure, Iran can be expected to raise counterclaims which might eventually necessitate arbitration.",ASSIGNED_FULL,1.0,20,20,1,1,"[""ASSIGNED_FULL""]","[""page_008_008_40b36f9765""]"
CIA-RDP79T00975A001500190001-4:5.0,CIA-RDP79T00975A001500190001-4,"April 2, 1954",partly,a paragraph,False,"The Viet Minh, [STILL REDACTED] has already been reinforced by 3,000, many of whom, however, are suffering from malaria. The 13,000 additional enemy troops allegedly en route from the delta probably will not arrive in time to influence the current phase of the fighting.",ASSIGNED_FULL,1.0,42,42,1,1,"[""ASSIGNED_FULL""]","[""page_005_005_b1b9c7ab96""]"
CIA-RDP79T00975A001500190001-4:6.1,CIA-RDP79T00975A001500190001-4,"April 2, 1954",fully,about a sentence,False,"Mallory observes that British officers of the Legion were gratified by the fact that its forces were on the road within minutes after receiving the SOS from Nahhalin,",ASSIGNED_FULL,1.0,27,27,1,1,"[""ASSIGNED_FULL""]","[""page_006_006_19f22a3bba""]"
CIA-RDP79T00975A001500310001-0:5.0,CIA-RDP79T00975A001500310001-0,"April 16, 1954",fully,about a sentence,False,"Comment: An intercepted French message, previously reported, reveals that two Vietnam army battalions in Annam mutinied in mid-March. The above report apparently refers to a third unit.",ASSIGNED_FULL,1.0,27,27,1,1,"[""ASSIGNED_FULL""]","[""page_005_005_2e868d477f""]"
CIA-RDP79T00975A001500350001-6:5.0,CIA-RDP79T00975A001500350001-6,"April 21, 1954",partly,a paragraph,False,"Comment: This report is considered false. [STILL REDACTED] the existence of both the 19th and 53rd armies as doubtful, and the 10th Artillery Division was reliably reported in Manchuria in mid-March. The 13th Army is known to be based near the border, but there has been no reliable report that elements of this unit are on the move.",ASSIGNED_FULL,1.0,57,57,1,1,"[""ASSIGNED_FULL""]","[""page_005_005_935651840b""]"
CIA-RDP79T00975A001500360001-5:6.0,CIA-RDP79T00975A001500360001-5,"April 22, 1954",fully,about a sentence,False,Photography of the Type-37 was obtained and reported as fair. Photos of the medium bombers are reported as extremely poor and of doubtful value.,ASSIGNED_FULL,1.0,24,24,1,1,"[""ASSIGNED_FULL""]","[""page_006_006_7e99bc90f8""]"
CIA-RDP79T00975A001500590001-0:6.0,CIA-RDP79T00975A001500590001-0,"May 20, 1954",fully,a paragraph,False,Comment: French officials earlier estimated that the anti-Viet Minh potential of the Vietnamese police would not be weakened by the Binh Xuyen's assumption of control. They said the transfer of police control was disastrous only because of its effect on the internal political situation.,ASSIGNED_FULL,1.0,46,46,1,1,"[""ASSIGNED_FULL""]","[""page_006_006_5d5bf4eb3b""]"
CIA-RDP79T00975A001600020001-1:8.0,CIA-RDP79T00975A001600020001-1,"May 27, 1954",fully,a few words,False,at Werneuchen and Briesen,ASSIGNED_FULL,1.0,4,4,1,1,"[""ASSIGNED_FULL""]","[""page_008_008_f57f841119""]"
CIA-RDP79T00975A001600050001-8:3.0,CIA-RDP79T00975A001600050001-8,"May 30, 1954",partly,a paragraph,False,"Two Communist air units with about 50 TU-2 conventional light bombers are believed to be located within operating range of Formosa, and it would be possible for MIG-15 jet fighters to stage from fields in Fukien and Chekiang within combat radius of Formosa. [STILL REDACTED]",ASSIGNED_FULL,1.0,42,42,1,1,"[""ASSIGNED_FULL""]","[""page_003_003_a8966f8a24""]"
CIA-RDP79T00975A001600080001-5:9.0,CIA-RDP79T00975A001600080001-5,"June 3, 1954",partly,part of a sentence,False,Comment: The urgency of the Philippine request stems directly from Magsaysay's political difficulties. [STILL REDACTED],ASSIGNED_FULL,1.0,14,14,1,1,"[""ASSIGNED_FULL""]","[""page_009_009_c8c3253ba0""]"
CIA-RDP79T00975A001600150001-7:4.0,CIA-RDP79T00975A001600150001-7,"June 11, 1954",partly,a paragraph,False,"[STILL REDACTED] negotiations between Czechoslovakia, Hungary, and Poland on adopting ""common standards for rolled material and pipes,"" indicates that some planning along these lines has already begun. Such co-ordination would be part of the announced purpose of dovetailing the five-year plans of the Satellites with that of the USSR beginning in 1956. [STILL REDACTED]",ASSIGNED_FULL,1.0,48,48,1,1,"[""ASSIGNED_FULL""]","[""page_004_004_eb1691a323""]"
CIA-RDP79T00975A001600210001-0:7.0,CIA-RDP79T00975A001600210001-0,"June 18, 1954",partly,about a sentence,False,[STILL REDACTED] Tri may have been planning to resign when he quietly sent his family to France around the first of June.,ASSIGNED_FULL,1.0,19,19,1,1,"[""ASSIGNED_FULL""]","[""page_007_007_4fb9ecd249""]"
CIA-RDP79T00975A001600300001-0:8.0,CIA-RDP79T00975A001600300001-0,"June 29, 1954",fully,part of a sentence,False,in line with its increasingly anti-American policy.,ASSIGNED_FULL,1.0,7,7,1,1,"[""ASSIGNED_FULL""]","[""page_008_008_1ad4ee7361""]"
CIA-RDP79T00975A001600330001-7:4.0,CIA-RDP79T00975A001600330001-7,"July 2, 1954",partly,a paragraph,False,"[STILL REDACTED] elements of the above-mentioned armies were still in Korea on 26 June, suggesting that the units reported in China may be advance elements. Departure of the remaining elements of these armies from Korea might presage a complete Chinese withdrawal, possibly in preparation for demanding a UN withdrawal.",ASSIGNED_FULL,1.0,47,47,1,1,"[""ASSIGNED_FULL""]","[""page_004_004_c884230cb9""]"
CIA-RDP79T00975A001600350001-5:4.0,CIA-RDP79T00975A001600350001-5,"July 4, 1954",partly,about a sentence,False,"Three Soviet tankers remain at Singapore, where they had been ordered following the Tuapse incident, and another is apparently still at Shanghai. [STILL REDACTED]",ASSIGNED_FULL,1.0,22,22,1,1,"[""ASSIGNED_FULL""]","[""page_004_004_770b66d201""]"
CIA-RDP79T00975A001600360001-4:6.0,CIA-RDP79T00975A001600360001-4,"July 6, 1954",fully,about a sentence,False,"The reporting office believes that the Nahldatul Ulama will withdraw its support within a week and comments that ""general signs"" indicate that the government will fall in the near future.",ASSIGNED_FULL,1.0,31,31,1,1,"[""ASSIGNED_FULL""]","[""page_006_006_2bc2cf147d""]"
CIA-RDP79T00975A001600390001-1:6.0,CIA-RDP79T00975A001600390001-1,"July 9, 1954",fully,about a sentence,False,"A report from Hanoi on 7 July that the French had begun to evacuate Son Tay Province, northwest of Hanoi, indicates that Ely's ""one additional withdrawal"" has already begun.",ASSIGNED_FULL,1.0,28,28,1,1,"[""ASSIGNED_FULL""]","[""page_006_006_14bdf7129c""]"
CIA-RDP79T00975A001600400001-9:6.0,CIA-RDP79T00975A001600400001-9,"July 10, 1954",fully,part of a sentence,False,Previous reports allege that the attack will be made by 14 July.,ASSIGNED_FULL,1.0,12,12,1,1,"[""ASSIGNED_FULL""]","[""page_006_006_9ccb98b155""]"
CIA-RDP79T00975A001600550001-3:4.0,CIA-RDP79T00975A001600550001-3,"July 28, 1954",fully,about a sentence,False,"The unidentified ship may be the Polish cargo ship Bytom, which has been accompanying the Braterstwo.",ASSIGNED_FULL,1.0,16,16,1,1,"[""ASSIGNED_FULL""]","[""page_004_004_fd89b3cfd6""]"
CIA-RDP79T00975A001600590001-9:5.0,CIA-RDP79T00975A001600590001-9,"August 1, 1954",partly,about a sentence,False,"Prio is known to have spent sizeable sums for arms in the United States and elsewhere, and, [STILL REDACTED]",ASSIGNED_FULL,1.0,17,17,1,1,"[""ASSIGNED_FULL""]","[""page_005_005_227533a94a""]"
CIA-RDP79T00975A001700140001-7:5.0,CIA-RDP79T00975A001700140001-7,"October 9, 1954",partly,a paragraph,False,[STILL REDACTED] Thai leaders have traditionally regarded Laotians as inferiors and Laos as a buffer area. They might feel that with the decline of French power in the area they should take steps to install a government in Laos subject to Thai control.,ASSIGNED_FULL,1.0,41,41,1,1,"[""ASSIGNED_FULL""]","[""page_005_005_6f55135e33""]"
CIA-RDP79T00975A001700140001-7:5.1+6.0,CIA-RDP79T00975A001700140001-7,"October 9, 1954",partly,a paragraph,True,"Comment: [STILL REDACTED] committee approval of the agreement, [STILL REDACTED] guarantees the amount of oil production for the first three years. After that period, the consortium's plan is to fit Iranian production into the over-all pattern of the Middle East output. The consortium hesitates to make a firm commitment assuring Iran of specific production levels beyond three years. Opposition elements could use the deep-seated Iranian suspicion of foreign intentions to impede, but probably not prevent, approval of the agreement.",ASSIGNED_FULL,1.0,79,79,2,2,"[""ASSIGNED_FULL"", ""ASSIGNED_FULL""]","[""page_005_005_6f55135e33"", ""page_006_006_c537a7dea6""]"
CIA-RDP79T00975A001700180001-3:5.0,CIA-RDP79T00975A001700180001-3,"October 14, 1954",partly,a paragraph,False,"Comment: The idea of uniting Afghanistan and Pakistan was broached at least as early as February 1954 [STILL REDACTED] It has also recently been the subject of high-level discussion within the Pakistani government. There appears to be no immediate prospect of federation, however, because agreement on the details of such a union would probably overtax the capabilities and patience of both sides, even if the basic principle were accepted.",ASSIGNED_FULL,1.0,71,71,1,1,"[""ASSIGNED_FULL""]","[""page_005_005_ca91184083""]"
CIA-RDP79T00975A001700260001-4:4.0,CIA-RDP79T00975A001700260001-4,"October 23, 1954",partly,about a sentence,False,"Despite increased Communist artillery fire and ground and air reconnaissance activity in the Tachen area during the past month, [STILL REDACTED] an attack on the major Tachen bases is not imminent.",ASSIGNED_FULL,1.0,29,29,1,1,"[""ASSIGNED_FULL""]","[""page_004_004_4d4fc20d0d""]"
CIA-RDP79T00975A001700270001-3:3.0,CIA-RDP79T00975A001700270001-3,"October 24, 1954",partly,about a sentence,False,"and he is reported to have told Korean officials [STILL REDACTED] that he was prepared to ""take care of"" popular opposition if aid were stopped.",ASSIGNED_FULL,1.0,29,29,1,1,"[""ASSIGNED_FULL""]","[""page_003_003_8a23162043""]"
CIA-RDP79T00975A001700280001-2:3.0,CIA-RDP79T00975A001700280001-2,"October 26, 1954",fully,a paragraph,False,Representatives of conservative business and political groups who have talked to Allison recently are almost unanimous in their belief that the November extraordinary Diet session will pass a no-confidence vote against the prime minister.,ASSIGNED_FULL,1.0,38,38,1,1,"[""ASSIGNED_FULL""]","[""page_003_003_1037a98712""]"
CIA-RDP79T00975A001700400001-8:7.0,CIA-RDP79T00975A001700400001-8,"September 30, 1954",fully,a few words,False,French intelligence headquarters. The,ASSIGNED_FULL,1.0,4,4,1,1,"[""ASSIGNED_FULL""]","[""page_007_007_44cc2aa456""]"
CIA-RDP79T00975A001700400001-8:7.1,CIA-RDP79T00975A001700400001-8,"September 30, 1954",partly,part of a sentence,False,"[STILL REDACTED] Chinese assistance continues at a ""pretty high rate.""",ASSIGNED_FULL,1.0,8,8,1,1,"[""ASSIGNED_FULL""]","[""page_007_007_44cc2aa456""]"
CIA-RDP79T00975A001700420001-6:6.0,CIA-RDP79T00975A001700420001-6,"October 2, 1954",partly,about a sentence,False,"[STILL REDACTED] since the cease-fire have made plain the Communists' intent to develop their organization in Cambodia, both politically and militarily.",ASSIGNED_FULL,1.0,20,20,1,1,"[""ASSIGNED_FULL""]","[""page_006_006_3795cf64f2""]"
CIA-RDP79T00975A001700430001-5:3.0,CIA-RDP79T00975A001700430001-5,"October 3, 1954",fully,part of a sentence,False,There are strong indications that South Korean security agencies have been preparing plans for action,ASSIGNED_FULL,1.0,15,15,1,1,"[""ASSIGNED_FULL""]","[""page_003_003_b7226d231b""]"
CIA-RDP79T00975A001700490001-9:5.0,CIA-RDP79T00975A001700490001-9,"August 11, 1954",fully,a few words,False,and plans reported made,ASSIGNED_FULL,1.0,4,4,1,1,"[""ASSIGNED_FULL""]","[""page_005_005_c451bc1fdc""]"
CIA-RDP79T00975A001700500001-7:4.0,CIA-RDP79T00975A001700500001-7,"August 12, 1954",fully,about a sentence,False,ARAMCO is prepared to shut down and even face nationalization rather than load an Onassis tanker.,ASSIGNED_FULL,1.0,16,16,1,1,"[""ASSIGNED_FULL""]","[""page_004_004_ca52263da7""]"
CIA-RDP79T00975A001700520001-5:8.0,CIA-RDP79T00975A001700520001-5,"August 14, 1954",fully,a paragraph,False,Titoist Communists have reportedly formed squads to protect Yugoslav establishments in Trieste and to sabotage the Trieste electric plant and aqueduct in the event of attack on Slovene homes and offices. Squads of the neo-fascist MSI are prepared to act against Slovenes when partition is announced.,ASSIGNED_FULL,1.0,46,46,1,1,"[""ASSIGNED_FULL""]","[""page_008_008_3cec37aeaa""]"
CIA-RDP79T00975A001700560001-1:7.0,CIA-RDP79T00975A001700560001-1,"September 1, 1954",partly,part of a sentence,False,Rejection of American military aid may generally have an adverse effect [STILL REDACTED] in the Arab world.,ASSIGNED_FULL,1.0,15,15,1,1,"[""ASSIGNED_FULL""]","[""page_007_007_e293571cc7""]"
CIA-RDP79T00975A001700570001-0:7.0,CIA-RDP79T00975A001700570001-0,"September 2, 1954",partly,about a sentence,False,"[STILL REDACTED] militant Communists have been ordered to form armed picket lines and to propagandize the ouster and suicide of President Vargas on 24 August as an ""American coup d'etat.""",ASSIGNED_FULL,1.0,27,27,1,1,"[""ASSIGNED_FULL""]","[""page_007_007_202c90f6f3""]"
CIA-RDP79T00975A001800020001-9:4.0,CIA-RDP79T00975A001800020001-9,"October 28, 1954",partly,part of a sentence,False,French [STILL REDACTED] confirmed the intention of the Viet Minh to reopen the entire line.,ASSIGNED_FULL,1.0,13,13,1,1,"[""ASSIGNED_FULL""]","[""page_004_004_dc7be82c28""]"
CIA-RDP79T00975A001800350001-3:6.1,CIA-RDP79T00975A001800350001-3,"December 9, 1954",partly,about a sentence,False,"[STILL REDACTED] Albania wishes to restore normal relations with Greece. The Greeks maintain, however, that Albania must first show a desire for a satisfactory rectification of their common border.",ASSIGNED_FULL,1.0,27,27,1,1,"[""ASSIGNED_FULL""]","[""page_006_006_fa63ad255e""]"
CIA-RDP79T00975A001800380001-0:3.0,CIA-RDP79T00975A001800380001-0,"December 12, 1954",partly,part of a sentence,False,"[STILL REDACTED] this drive began in April 1953, about a month after Stalin's death, but the",ASSIGNED_FULL,1.0,14,14,1,1,"[""ASSIGNED_FULL""]","[""page_003_003_3e592ab35c""]"
CIA-RDP79T00975A001800450001-2:10.0,CIA-RDP79T00975A001800450001-2,"December 21, 1954",partly,a paragraph,False,"[STILL REDACTED] a Moslem Brotherhood leader, who had escaped from Egypt, intends to go to Khartoum to instigate anti-Nasr regime activities among the Sudanese adds a further note of instability to the Sudanese political situation.",ASSIGNED_FULL,1.0,32,32,1,1,"[""ASSIGNED_FULL""]","[""page_010_010_19b5063668""]"
CIA-RDP79T00975A001800460001-1:5.0,CIA-RDP79T00975A001800460001-1,"December 22, 1954",partly,a paragraph,False,"[STILL REDACTED] Two railroad engineer units have reportedly just moved from northern areas of China into Kueichi and Shaowu in southeast China (see map, p. 6). These are on the route of a once-planned railroad connecting Kueichi on the Chekiang-Kiangsi railroad with the port of Foochow opposite the Nationalist-held Matsus. Three other railroad engineer units have been identified at Kueihsien, Yulin, and Fort Bayard in South China. They may be building a 200-mile line from Kwangsi to the coast which has also been in the planning stage for many years.",ASSIGNED_FULL,1.0,91,91,1,1,"[""ASSIGNED_FULL""]","[""page_005_005_d72a576023""]"
CIA-RDP79T00975A001800470001-0:8.0,CIA-RDP79T00975A001800470001-0,"December 23, 1954",partly,about a sentence,False,[STILL REDACTED] the rumors are part of the present political barrage being raised against the rearmament of West Germany.,ASSIGNED_FULL,1.0,17,17,1,1,"[""ASSIGNED_FULL""]","[""page_008_008_3498cae94e""]"
CIA-RDP79T00975A001800470001-0:9.0,CIA-RDP79T00975A001800470001-0,"December 23, 1954",partly,a paragraph,False,"[STILL REDACTED] Figueres, who now expects the long-rumored attempt against him to be in the form of an internal uprising, has reportedly decided to declare war on Nicaragua immediately upon the initiation of violence, in the expectation that this would assure prompt American intervention on his behalf.",ASSIGNED_FULL,1.0,48,48,1,1,"[""ASSIGNED_FULL""]","[""page_009_009_4410c60745""]"
CIA-RDP79T00975A001800540001-2:6.0,CIA-RDP79T00975A001800540001-2,"January 2, 1955",partly,a paragraph,False,"In addition to the recent Orbit overtures for diplomatic relations, [STILL REDACTED] the Chinese Communists have contributed financial support to the Japanese Socialists and have instructed the Japan Communist Party to support candidates of other parties when those candidates seemed amenable to the Communist line and were likely to win.",ASSIGNED_FULL,1.0,50,50,1,1,"[""ASSIGNED_FULL""]","[""page_006_006_0fb6e4bbec""]"
CIA-RDP79T00975A001800570001-9:5.0,CIA-RDP79T00975A001800570001-9,"January 6, 1955",partly,about a sentence,False,"Indonesian infiltration parties have been apprehended there by the Dutch during the past 18 months, most recently in October. [STILL REDACTED]",ASSIGNED_FULL,1.0,19,19,1,1,"[""ASSIGNED_FULL""]","[""page_005_005_50c2c42f6a""]"
CIA-RDP79T00975A001800600001-5:3.1,CIA-RDP79T00975A001800600001-5,"January 9, 1955",fully,a paragraph,False,"The Viet Minh is currently attempting to establish its influence within the royal government by way of conversations now taking place between the government and Pathet Lao officials. During these conversations, the question of the integration of Pathet Lao troops into the royal army has been discussed, but no decision has been reached.",ASSIGNED_FULL,1.0,55,55,1,1,"[""ASSIGNED_FULL""]","[""page_003_003_6957cfb967""]"
CIA-RDP79T00975A001800610001-4:6.0,CIA-RDP79T00975A001800610001-4,"January 11, 1955",partly,a paragraph,False,"[STILL REDACTED] Pathet Lao and government representatives relate to establishment of a ""mixed commission,"" which eventually would supervise the planned general elections, and the submission of Pathet Lao troops to the Laotian government authority without integration into its forces. Laotian acceptance of these terms would give the Communist an early entree into governmental affairs without a significant concession on their part. [STILL REDACTED]",ASSIGNED_FULL,0.983333,59,60,1,1,"[""ASSIGNED_FULL""]","[""page_006_006_fa769333f2""]"
CIA-RDP79T00975A001800620001-3:7.0,CIA-RDP79T00975A001800620001-3,"January 12, 1955",partly,a paragraph,False,The government of President José Figueres was [STILL REDACTED] planning to attack the rebels at Villa Quesada with a company-size force early the following morning. The government had already commandeered commercial planes and was expected to use them for strafing the rebel airstrip.,ASSIGNED_FULL,1.0,42,42,1,1,"[""ASSIGNED_FULL""]","[""page_007_007_7dc79abf5d""]"
CIA-RDP79T00975A001800640001-1:4.0,CIA-RDP79T00975A001800640001-1,"January 14, 1955",partly,a paragraph,False,"[STILL REDACTED] Petsarath is an avowed Pathet Lao leader. [STILL REDACTED] ""liaison"" between Petsarath and Prince Souphanouvong, the nominal Pathet Lao chief, would lead to an easy takeover of Laos by the Communists. [STILL REDACTED] Laos, rather than South Vietnam, will see the major Viet Minh effort during the next few months. South Vietnam remains the primary target, however, and it is unlikely the Viet Minh would undertake such bold and overt action in Laos as to prejudice its prospects in the Vietnam elections scheduled for 1956.",ASSIGNED_FULL,1.0,82,82,1,1,"[""ASSIGNED_FULL""]","[""page_004_004_eb9674213f""]"
CIA-RDP79T00975A001800650001-0:10.0,CIA-RDP79T00975A001800650001-0,"January 15, 1955",partly,a paragraph,False,"[STILL REDACTED] certain National Guard officials distrusted Guizado because of his previous association with ex-president Arnulfo Arias and would place Ricardo Arias, whom they considered their friend, in the presidency should they deem it necessary to oust the president. Ricardo Arias, a member of one of Panama's wealthiest and most influential families, has been considered friendly toward the United States. He has not distinguished himself in politics, but is reportedly a capable administrator.",ASSIGNED_FULL,1.0,72,72,1,1,"[""ASSIGNED_FULL""]","[""page_010_012_4b37d6fd8b""]"
CIA-RDP79T00975A001900020001-8:7.0,CIA-RDP79T00975A001900020001-8,"April 2, 1955",fully,a paragraph,False,"Ely told General Collins he would arrest Diem if such action were necessary to prevent civil war. Some of Diem's closest advisers have told him to stake everything on one further blow at the Binh Xuyen, since to allow the present stalemate to continue would be fatal.",ASSIGNED_FULL,1.0,47,47,1,1,"[""ASSIGNED_FULL""]","[""page_007_007_82ebc13eb6""]"
CIA-RDP79T00975A001900020001-8:7.1,CIA-RDP79T00975A001900020001-8,"April 2, 1955",partly,a paragraph,False,"Comment: [STILL REDACTED] there is growing suspicion within the Vietnamese army that subordinate French army echelons are deliberately withholding supplies, and the possibility of incidents between the French and Vietnamese armies is increasing.",ASSIGNED_FULL,1.0,32,32,1,1,"[""ASSIGNED_FULL""]","[""page_007_007_82ebc13eb6""]"
CIA-RDP79T00975A001900050001-5:7.0,CIA-RDP79T00975A001900050001-5,"April 6, 1955",partly,a paragraph,False,"[STILL REDACTED] 3. Sixty Chinese Communist MIG-15's from an as yet unidentified air unit are reported at Luchiao airfield, on the Chekiang coast. This is the first information on occupation of this airfield, which has been under construction since last fall. If confirmed, the occupation would give the Chinese Communists a second major air base 175 NM north of the Matsus. The other is at Chuhsien. From these fields, air combat operations as well as low altitude attacks can be carried out against islands in the Matsu group. [STILL REDACTED]",ASSIGNED_FULL,1.0,87,87,1,1,"[""ASSIGNED_FULL""]","[""page_007_007_ca3acb0cb0""]"
CIA-RDP79T00975A001900140001-5:4.1,CIA-RDP79T00975A001900140001-5,"March 31, 1955",partly,a paragraph,False,"Meanwhile, French officials have expressed their concern with what they consider Diem's rashness in dealing with the sects. A high Paris official has proposed the formation of a new policy-making body which would in effect terminate Diem's influence and permit the entry into the government of some of Vietnam's foremost opportunists and fellow travelers. [STILL REDACTED]",ASSIGNED_FULL,1.0,56,56,1,1,"[""ASSIGNED_FULL""]","[""page_004_004_ce8f6c25e9""]"
CIA-RDP79T00975A001900150001-4:9.0,CIA-RDP79T00975A001900150001-4,"March 20, 1955",partly,about a sentence,False,"Nenni himself is reported to have agreed to this scheme, from which Democratic Socialist leader Saragat has allegedly been excluded. [STILL REDACTED]",ASSIGNED_FULL,1.0,20,20,1,1,"[""ASSIGNED_FULL""]","[""page_009_009_4ba8793d54""]"
CIA-RDP79T00975A001900160001-3:3.0,CIA-RDP79T00975A001900160001-3,"March 19, 1955",partly,a paragraph,False,Construction work at the five other airfields in the Fukien area on the southeast China coast has not yet been observed. Improvement of at least one of the Fukien fields would be expected prior to the launching of Chinese Communist assaults on the Nationalist-held offshore islands. [STILL REDACTED],ASSIGNED_FULL,1.0,47,47,1,1,"[""ASSIGNED_FULL""]","[""page_003_003_bae24d3a39""]"
CIA-RDP79T00975A001900180001-1:3.0,CIA-RDP79T00975A001900180001-1,"March 18, 1955",partly,a paragraph,False,"[STILL REDACTED] All six bases, with the possible exception of the one at Foochow, are judged unserviceable for air operations. Runways at the Foochow field, which perhaps could be used, are not long enough for jets.",ASSIGNED_FULL,1.0,34,34,1,1,"[""ASSIGNED_FULL""]","[""page_003_003_c5f92ba617""]"
CIA-RDP79T00975A001900250001-3:5.1,CIA-RDP79T00975A001900250001-3,"March 8, 1955",partly,a paragraph,False,"Nehru seems to have been impressed by Ho, whom he saw while en route to Peiping last October, and has been [STILL REDACTED] speaking highly of him to Egyptian prime minister Nasr. Nehru is also rumored to be considering inviting Ho to visit India. [STILL REDACTED]",ASSIGNED_FULL,1.0,42,42,1,1,"[""ASSIGNED_FULL""]","[""page_005_005_d0aa0f651c""]"
CIA-RDP79T00975A001900290001-9:7.0,CIA-RDP79T00975A001900290001-9,"March 3, 1955",partly,about a sentence,False,"[STILL REDACTED] The illness has been variously reported as cancer of the stomach, tuberculosis of the stomach and intestines, and other serious ailments. [STILL REDACTED]",ASSIGNED_FULL,1.0,21,21,1,1,"[""ASSIGNED_FULL""]","[""page_007_007_57f982e827""]"
CIA-RDP79T00975A001900310001-6:4.1,CIA-RDP79T00975A001900310001-6,"March 2, 1955",partly,a paragraph,False,"[STILL REDACTED] The Shah [STILL REDACTED] ordered Minister of Court Ala on 21 February to see that ""political sharpshooting"" at Zahedi was halted. This has stopped whispering campaigns against the prime minister and greatly strengthened his position. [STILL REDACTED]",ASSIGNED_FULL,1.0,34,34,1,1,"[""ASSIGNED_FULL""]","[""page_004_004_0f416b8fb8""]"
CIA-RDP79T00975A001900370001-0:4.1,CIA-RDP79T00975A001900370001-0,"February 20, 1955",fully,part of a sentence,False,"While this report may have been planted by Zahedi's enemies to influence the Shah,",ASSIGNED_FULL,1.0,14,14,1,1,"[""ASSIGNED_FULL""]","[""page_004_004_8e666cd36f""]"
CIA-RDP79T00975A001900390001-8:3.0,CIA-RDP79T00975A001900390001-8,"February 18, 1955",fully,about a sentence,False,"Comment: Despite Kishi's confidence that Shigemitsu will continue as foreign minister, there have been other reports which indicate considerable opposition to this within the present cabinet.",ASSIGNED_FULL,1.0,26,26,1,1,"[""ASSIGNED_FULL""]","[""page_003_003_72a4e95e4d""]"
CIA-RDP79T00975A001900390001-8:4.0,CIA-RDP79T00975A001900390001-8,"February 18, 1955",partly,a paragraph,False,"Comment: Phao [STILL REDACTED] held a low opinion of the Burmese government heretofore and to have aided various non-Communist dissidents in Burma, including the Chinese Nationalists. The action he has now taken, however, indicates that he has revised his attitude, and this should materially enhance Thai-Burmese relations.",ASSIGNED_FULL,1.0,47,47,1,1,"[""ASSIGNED_FULL""]","[""page_004_004_34b27a6a77""]"
CIA-RDP79T00975A001900540001-1:3.0,CIA-RDP79T00975A001900540001-1,"February 9, 1955",partly,about a sentence,False,"Indians foresee Communist attacks on Matsus and Quemoys: [STILL REDACTED] The Chinese Communists intend, at a time of their choosing, to attack the Nationalist-held Matsu and Quemoy island groups, [STILL REDACTED]",ASSIGNED_FULL,1.0,28,28,1,1,"[""ASSIGNED_FULL""]","[""page_003_003_26c38c5e6a""]"
CIA-RDP79T00975A001900630001-1:6.0,CIA-RDP79T00975A001900630001-1,"January 19, 1955",partly,a paragraph,False,"[STILL REDACTED] on the evening of 18 January Communist ships and artillery were shelling Pishan, which is garrisoned by 1,500 guerrillas, and other vessels were observed near Yushan, which is manned by about 850 guerrillas. Pishan is about 35 miles southwest of the main Tachens, and Yushan, 35 miles northeast.",ASSIGNED_FULL,1.0,49,49,1,1,"[""ASSIGNED_FULL""]","[""page_006_006_2a522edc17""]"
CIA-RDP79T00975A002000040001-4:4.0,CIA-RDP79T00975A002000040001-4,"April 10, 1955",fully,a paragraph,False,"Hatoyama said that his program of closer ties with the Orbit and increased domestic social welfare projects was designed to cut the ground from under the Socialists by appearing to embrace many of their objectives. He implied that the United States should co-operate with him in fooling the Japanese public about his true intentions, and help his Democratic Party achieve a majority in the Diet. He would then crack down on the left wing and pursue his objective of increased armament and close co-operation with the United States.",ASSIGNED_FULL,1.0,87,87,1,1,"[""ASSIGNED_FULL""]","[""page_004_004_899bbbd1a4""]"
CIA-RDP79T00975A002000050001-3:6.0,CIA-RDP79T00975A002000050001-3,"April 12, 1955",partly,a paragraph,False,"1. Photography on 9 April revealed 76 jet fighters on Chuhsien airfield, 175 NM northwest of the Matsus. This is the largest number of such aircraft yet photographed on any of the East China airfields. If this number remains fairly constant, it will indicate deployment of a full fighter division on the base. Information is as yet insufficient to determine whether these aircraft represent augmentation of the East China air strength or were transferred from Nanchang or one of the fighter bases in the Shanghai-Hangchow area. [STILL REDACTED]",ASSIGNED_FULL,1.0,86,86,1,1,"[""ASSIGNED_FULL""]","[""page_006_006_378850bdc1""]"
CIA-RDP79T00975A002000070001-1:7.0,CIA-RDP79T00975A002000070001-1,"April 14, 1955",fully,a few words,False,"possibly with Pakistani support,",ASSIGNED_FULL,1.0,5,5,1,1,"[""ASSIGNED_FULL""]","[""page_007_007_eda56d381c""]"
CIA-RDP79T00975A002000070001-1:8.0,CIA-RDP79T00975A002000070001-1,"April 14, 1955",fully,part of a sentence,False,All are friendly to the United States.,ASSIGNED_FULL,1.0,7,7,1,1,"[""ASSIGNED_FULL""]","[""page_008_008_56d16b129b""]"
CIA-RDP79T00975A002000070001-1:8.1,CIA-RDP79T00975A002000070001-1,"April 14, 1955",partly,a paragraph,False,"[STILL REDACTED] in Karachi, top members of the Pakistani government have recently adopted the line that the entire royal family of Afghanistan, not just Daud, must be dismissed. The timing of Najibullah's approach and of the Pakistani arguments implies collaboration. The Pakistani government may have been convinced by a group of Western-minded Afghans, including members of Amanullah's family, that the present rulers can be replaced and economic stability restored without creating major political unrest. [STILL REDACTED]",ASSIGNED_FULL,1.0,72,72,1,1,"[""ASSIGNED_FULL""]","[""page_008_008_56d16b129b""]"
CIA-RDP79T00975A002000120001-5:3.0,CIA-RDP79T00975A002000120001-5,"April 20, 1955",fully,part of a sentence,False,and his opportunistic approach to foreign affairs.,ASSIGNED_FULL,1.0,8,8,1,1,"[""ASSIGNED_FULL""]","[""page_003_003_ed35704f72""]"
CIA-RDP79T00975A002000130001-4:6.0,CIA-RDP79T00975A002000130001-4,"April 21, 1955",fully,a paragraph,False,It now seems clear from recent reports that he did so only after the guerrillas had been forewarned and he could feel certain of their ability to survive the Burmese campaign.,ASSIGNED_FULL,1.0,30,30,1,1,"[""ASSIGNED_FULL""]","[""page_006_006_f74fec910a""]"
CIA-RDP79T00975A002000200001-6:7.0+8.0,CIA-RDP79T00975A002000200001-6,"May 1, 1955",partly,a paragraph,True,"Corroboration of the strong feeling in the army and among the population against Bao Dai's attempted elevation of General Vy and his dispatch of General Hinh on a ""survey mission"" [STILL REDACTED] somewhat cool toward Diem. [STILL REDACTED]",ASSIGNED_FULL,1.0,34,34,2,2,"[""ASSIGNED_FULL"", ""ASSIGNED_FULL""]","[""page_007_007_e1197cf7c5"", ""page_008_008_d3e10584ef""]"
CIA-RDP79T00975A002000230001-3:3.0,CIA-RDP79T00975A002000230001-3,"May 5, 1955",partly,a paragraph,False,"[STILL REDACTED] a high percentage of Japan's proposed exports consist of embargoed items. Consequently, only a small portion of the trade agreement is likely to be implemented. The agreement will have the effect, however, of increasing pressure on the Hatoyama government to work for an early relaxation of CHINCOM controls.",ASSIGNED_FULL,1.0,49,49,1,1,"[""ASSIGNED_FULL""]","[""page_003_003_05f7845670""]"
CIA-RDP79T00975A002000240001-2:3.0,CIA-RDP79T00975A002000240001-2,"May 6, 1955",partly,about a sentence,False,"In August and September 1954 [STILL REDACTED] a cruiser in Neva Bay, Leningrad, with hoses crudely rigged over the entire ship.",ASSIGNED_FULL,1.0,19,19,1,1,"[""ASSIGNED_FULL""]","[""page_003_003_67eb30ab04""]"
CIA-RDP79T00975A002000290001-7:8.1,CIA-RDP79T00975A002000290001-7,"May 12, 1955",partly,part of a sentence,False,Photos have shown large numbers of AAA weapons in the Fukien coastal area. [STILL REDACTED],ASSIGNED_FULL,1.0,13,13,1,1,"[""ASSIGNED_FULL""]","[""page_008_008_59914ef280""]"
CIA-RDP79T00975A002000420001-2:4.0,CIA-RDP79T00975A002000420001-2,"April 24, 1955",fully,a paragraph,False,"The government has set the stage to blame Ambassador Iguchi in Washington for its failure to gain US approval of Shigemitsu's visit. It will probably defend itself on the budget by placing responsibility on ""American pressure.""",ASSIGNED_FULL,1.0,37,37,1,1,"[""ASSIGNED_FULL""]","[""page_004_004_fc7a9ae301""]"
CIA-RDP79T00975A002000450001-9:3.0,CIA-RDP79T00975A002000450001-9,"May 28, 1955",partly,a paragraph,False,1. Indonesian defense minister presses plans to weaken anti-Communist army factions: [STILL REDACTED] Indonesia's pro-Communist defense minister Iwa is recommending for the vacant post of army chief of staff [STILL REDACTED] Comment: Iwa has been reliably reported as intending to press for early control of one of the army factions. Anti-Communist factions of the army apparently stand to lose if any of the candidates so far mentioned is appointed. [STILL REDACTED],ASSIGNED_FULL,1.0,73,73,1,1,"[""ASSIGNED_FULL""]","[""page_003_003_075efa7bb6""]"
CIA-RDP79T00975A002000630001-9:8.0,CIA-RDP79T00975A002000630001-9,"June 19, 1955",fully,a paragraph,False,"Plans were reported in 1952 for a revolt which would introduce a new government to be temporarily headed by an army-navy-air triumvirate. These plans did not materialize, but a large number of garrison commands throughout the country were reported at that time to be anti-Peron.",ASSIGNED_FULL,1.0,46,46,1,1,"[""ASSIGNED_FULL""]","[""page_008_008_a55fdf0ab4""]"
CIA-RDP79T00975A002000630001-9:12.0,CIA-RDP79T00975A002000630001-9,"June 19, 1955",partly,about a sentence,False,"[STILL REDACTED] ""the press reports that General Bengoa has declared his loyalty to Peron and that previous reports of his participation in the rebellion... were erroneous."")",ASSIGNED_FULL,1.0,26,26,1,1,"[""ASSIGNED_FULL""]","[""page_012_012_3f937c8ff9""]"
CIA-RDP79T00975A002000630001-9:13.0,CIA-RDP79T00975A002000630001-9,"June 19, 1955",partly,a paragraph,False,"[STILL REDACTED] ""Peron has gained a complete victory over the revolutionary forces with the exception of naval vessels and Puerto Belgrano. The greatest crisis facing Peron will be his ability to negotiate peace with the naval forces. Argentine stability will not be possible until a truce or compromise is reached with this group.""",ASSIGNED_FULL,1.0,52,52,1,1,"[""ASSIGNED_FULL""]","[""page_013_013_8d749baf82""]"
CIA-RDP79T00975A002100020001-4:8.0,CIA-RDP79T00975A002100020001-4,"July 7, 1955",partly,about a sentence,False,"A revolt, preceded by an attempt to assassinate President Batista, may occur in Cuba before mid-July, [STILL REDACTED] . The revolt may have some military backing. [STILL REDACTED]",ASSIGNED_FULL,1.0,28,28,1,1,"[""ASSIGNED_FULL""]","[""page_008_008_192e2962c9""]"
CIA-RDP79T00975A002100050001-1:3.0,CIA-RDP79T00975A002100050001-1,"July 2, 1955",partly,a paragraph,False,"Members of a United States Quaker delegation returning to Moscow in late June from Akmolinsk, deep in the ""new lands"" region reported dust ""shoe mouth deep"" on the streets. [STILL REDACTED] reported similar dust conditions in Novosibirsk. Residents of Novosibirsk commented that there had been no rain for several months. The drought was reported to be the main topic of conversation in the areas visited in Western Siberia and Kazakhstan.",ASSIGNED_FULL,1.0,67,67,1,1,"[""ASSIGNED_FULL""]","[""page_003_003_7a8763cac7""]"
CIA-RDP79T00975A002100090001-7:3.1,CIA-RDP79T00975A002100090001-7,"June 28, 1955",fully,about a sentence,False,"One of the aircraft attacked was a photo reconnaissance plane, the other a Nationalist commercial plane. The reconnaissance plane was destroyed, and the commercial plane was slightly damaged.",ASSIGNED_FULL,1.0,29,29,1,1,"[""ASSIGNED_FULL""]","[""page_003_003_e8ad66d457""]"
CIA-RDP79T00975A002100130001-2:10.0,CIA-RDP79T00975A002100130001-2,"June 23, 1955",partly,a paragraph,False,"2. [STILL REDACTED] Since early May BEAGLES (IL-28) of the 8th Air Division based at Hangchow have been active in night attack exercises and over-water bombing of surface targets. The 8th Division, the only Chinese Communist jet bomber unit based within strike radius of the Formosa Straits, can be considered combat ready. [STILL REDACTED]",ASSIGNED_FULL,1.0,48,48,1,1,"[""ASSIGNED_FULL""]","[""page_010_010_6b417b2d2d""]"
CIA-RDP79T00975A002100160001-9:3.1,CIA-RDP79T00975A002100160001-9,"July 19, 1955",partly,about a sentence,False,"The Moroccans [STILL REDACTED] believe that only terrorism and sabotage have forced the French to promise a new, liberal policy. Consequently, unrelenting terrorist",ASSIGNED_FULL,1.0,24,24,1,1,"[""ASSIGNED_FULL""]","[""page_003_003_3f8a5fd368""]"
CIA-RDP79T00975A002100160001-9:5.0,CIA-RDP79T00975A002100160001-9,"July 19, 1955",partly,a paragraph,False,"Comment: [STILL REDACTED] the ratification of the Paris accords would probably make it ""necessary"" for Hungarian leaders ""to request the Soviet government to permit troops to remain"" even after an Austrian treaty is concluded.",ASSIGNED_FULL,1.0,31,31,1,1,"[""ASSIGNED_FULL""]","[""page_005_005_31e3783f67""]"
CIA-RDP79T00975A002100180001-7:6.1,CIA-RDP79T00975A002100180001-7,"July 16, 1955",fully,a paragraph,False,"Comment: The prospect for any settlement through negotiations is poor. The Canadians argue, however, that the unreasonableness and insincerity of the Pathets will become clear to the Indian members and influence them in favor of the government. The acting head of the Indian delegation has told the Canadians that if no real progress is achieved by the end of July in settling the issue of the disputed provinces, he will join the Canadians in sending the problem to the participants in the Geneva agreement.",ASSIGNED_FULL,1.0,86,86,1,1,"[""ASSIGNED_FULL""]","[""page_006_006_006ede1943""]"
CIA-RDP79T00975A002100210001-3:4.1,CIA-RDP79T00975A002100210001-3,"July 13, 1955",partly,a paragraph,False,[STILL REDACTED] delegate to the Neutral Nations Supervisory Commission (NNSC) in Korea recently [STILL REDACTED] thought the number of inspecting units could be reduced to one team each in North and South Korea. American officials believe the Communists may make such a proposal at the meeting of the Military Armistice Commission on 14 July.,ASSIGNED_FULL,1.0,43,43,1,1,"[""ASSIGNED_FULL""]","[""page_004_004_c798d2a9d9""]"
CIA-RDP79T00975A002100240001-0:3.0,CIA-RDP79T00975A002100240001-0,"July 9, 1955",partly,a paragraph,False,"The Chinese grant contrasts with a scheduled Soviet gift to the Viet Minh of industrial equipment and commodities worth about $75,000,000 according to messages intercepted [STILL REDACTED] The Chinese grant to North Korea for postwar reconstruction, also $326,000,000, compared with Soviet aid to North Korea of $250,000,000.",ASSIGNED_FULL,1.0,47,47,1,1,"[""ASSIGNED_FULL""]","[""page_003_003_8d872969b8""]"
CIA-RDP79T00975A002100240001-0:6.0,CIA-RDP79T00975A002100240001-0,"July 9, 1955",fully,a few words,False,The deputies' objections,ASSIGNED_FULL,1.0,3,3,1,1,"[""ASSIGNED_FULL""]","[""page_006_006_1da57e5a1c""]"
CIA-RDP79T00975A002100240001-0:6.1,CIA-RDP79T00975A002100240001-0,"July 9, 1955",fully,a few words,False,"largely met by ""frantic""",ASSIGNED_FULL,1.0,4,4,1,1,"[""ASSIGNED_FULL""]","[""page_006_006_1da57e5a1c""]"
CIA-RDP79T00975A002100240001-0:7.1,CIA-RDP79T00975A002100240001-0,"July 9, 1955",fully,about a sentence,False,"Vice President Hatta's reported request for Ali's resignation indirectly supports the army's position, and is his first open break with Sukarno on a top policy level.",ASSIGNED_FULL,1.0,26,26,1,1,"[""ASSIGNED_FULL""]","[""page_007_007_235c0aeecd""]"
CIA-RDP79T00975A002100260001-8:4.0,CIA-RDP79T00975A002100260001-8,"August 6, 1955",partly,about a sentence,False,"[STILL REDACTED] each military service had been assigned a neutral inspection team as a ""target"" during proposed demonstrations on 15 August. [STILL REDACTED] the army would not carry out its assignment.",ASSIGNED_FULL,1.0,27,27,1,1,"[""ASSIGNED_FULL""]","[""page_004_004_a62b39054f""]"
CIA-RDP79T00975A002100260001-8:5.0,CIA-RDP79T00975A002100260001-8,"August 6, 1955",partly,a paragraph,False,"[STILL REDACTED] the army has outlined a plan for the government which calls for the arrest of 60 Communist leaders as well as certain political figures involved in corruption. The army also favors improving relations with the United States, especially with a view to obtaining military equipment. It continues to be concerned over the possibility of drastic action by President Sukarno to restore his authority.",ASSIGNED_FULL,1.0,65,65,1,1,"[""ASSIGNED_FULL""]","[""page_005_005_3664c087eb""]"
CIA-RDP79T00975A002100310001-2:5.0,CIA-RDP79T00975A002100310001-2,"July 31, 1955",fully,about a sentence,False,"A Paris official now in Saigon, who is close to Premier Faure, has been informed of Savanni's activity and may act to effect his removal.",ASSIGNED_FULL,1.0,25,25,1,1,"[""ASSIGNED_FULL""]","[""page_005_005_e005222252""]"
CIA-RDP79T00975A002100330001-0:8.0,CIA-RDP79T00975A002100330001-0,"July 29, 1955",partly,a paragraph,False,"[STILL REDACTED] Hatta has not indicated his reaction to a reported proposal by the army that it have a seat in the new government, but it is clear that no cabinet would succeed without army approval.",ASSIGNED_FULL,1.0,35,35,1,1,"[""ASSIGNED_FULL""]","[""page_008_008_aa10febe88""]"
CIA-RDP79T00975A002100400001-2:4.0,CIA-RDP79T00975A002100400001-2,"July 21, 1955",fully,about a sentence,False,"A usually reliable source in Cairo reports that N. G. Palgunov, chief of the Soviet news agency TASS, will also attend the Egyptian celebration.",ASSIGNED_FULL,1.0,26,26,1,1,"[""ASSIGNED_FULL""]","[""page_004_004_d8d442911b""]"
CIA-RDP79T00975A002200050001-1:6.0,CIA-RDP79T00975A002200050001-1,"September 7, 1955",fully,a paragraph,False,"Ala's note seems to be based on a study prepared for the Shah by an Iranian intelligence organization. The study suggested that Iran take advantage ""of the international crisis and of the competition existing between the East and the West"" to improve its own position.",ASSIGNED_FULL,1.0,45,45,1,1,"[""ASSIGNED_FULL""]","[""page_006_006_0587387adf""]"
CIA-RDP79T00975A002200060001-0:9.0+10.0,CIA-RDP79T00975A002200060001-0,"September 8, 1955",partly,a paragraph,True,"[STILL REDACTED] 4. According to a Chinese Nationalist report unconfirmed by other sources, two Chinese Communist ""Frogman Raid Groups"" totalling about 480 men arrived in the Amoy area on 2 August. Chinese Nationalist authorities express concern that the arrival of these units may be a preliminary indication of an amphibious invasion of the offshore islands. There is no evidence in other intelligence reporting to support the claim of Chinese Communist UDT units in the Amoy area, and there have been no other recent indications of an invasion build-up there. [STILL REDACTED]",ASSIGNED_FULL,0.989011,90,91,2,2,"[""ASSIGNED_FULL"", ""ASSIGNED_FULL""]","[""page_009_010_5543664437"", ""page_010_011_825e5d4aa3""]"
CIA-RDP79T00975A002200090001-7:6.0,CIA-RDP79T00975A002200090001-7,"September 11, 1955",partly,a paragraph,False,"Reports from Morocco indicate general disbelief that Paris will soon remove Ben Arafa, [STILL REDACTED] Former sultan Ben Youssef, however, has reportedly agreed to make an appeal for calm to the Moroccan people, over whom he has great influence. [STILL REDACTED]",ASSIGNED_FULL,1.0,38,38,1,1,"[""ASSIGNED_FULL""]","[""page_006_006_11ad69fce5""]"
CIA-RDP79T00975A002200150001-0:4.0,CIA-RDP79T00975A002200150001-0,"September 18, 1955",partly,about a sentence,False,[STILL REDACTED] the federal police believe the revolution may be long and drawn out and that the outcome is uncertain.,ASSIGNED_FULL,1.0,19,19,1,1,"[""ASSIGNED_FULL""]","[""page_004_004_e3d82a74ea""]"
CIA-RDP79T00975A002200150001-0:4.1,CIA-RDP79T00975A002200150001-0,"September 18, 1955",partly,about a sentence,False,"[STILL REDACTED] the CGT is to be ready to issue arms to its members ""if the situation demands it.""",ASSIGNED_FULL,1.0,17,17,1,1,"[""ASSIGNED_FULL""]","[""page_004_004_e3d82a74ea""]"
CIA-RDP79T00975A002200180001-7:7.1+8.0,CIA-RDP79T00975A002200180001-7,"September 22, 1955",partly,a paragraph,True,"[STILL REDACTED] 3. Aerial photography of 7 September showed 78 MIG fighters at Luchiao, 150 miles northeast of Matsu, as compared with 36 in early August. [STILL REDACTED] at least 34 jet fighters flew from Shanghai to Luchiao [STILL REDACTED] . There are indications that Chinese Communist air force and naval air force units are periodically staged into Luchiao for area-familiarization flights. [STILL REDACTED]",ASSIGNED_FULL,1.0,58,58,2,2,"[""ASSIGNED_FULL"", ""ASSIGNED_FULL""]","[""page_007_007_9cea43d0bd"", ""page_008_008_00a1402994""]"
CIA-RDP79T00975A002200190001-6:6.0,CIA-RDP79T00975A002200190001-6,"September 23, 1955",partly,a paragraph,False,"earlier this month stating Belgrade's intention to terminate the intelligence exchange program on the USSR and the Satellites were written with Turkey primarily in mind. He said Yugoslavia wanted to continue its program with Greece. [STILL REDACTED] the Yugoslav move regarding the exchange program could be part of an attempt to influence Greece toward Yugoslavia and its ""neutralism."" Greek public sentiment has received strong impetus in this direction following the disorders in Turkey. [STILL REDACTED]",ASSIGNED_FULL,1.0,77,77,1,1,"[""ASSIGNED_FULL""]","[""page_006_008_124c0a7ec5""]"
CIA-RDP79T00975A002200210001-3:5.0,CIA-RDP79T00975A002200210001-3,"September 25, 1955",partly,part of a sentence,False,[STILL REDACTED] the trip may further accentuate the reported differences developing between Nenni's party and the Communists.,ASSIGNED_FULL,1.0,16,16,1,1,"[""ASSIGNED_FULL""]","[""page_005_005_83e12cf48d""]"
CIA-RDP79T00975A002200240001-0:10.0,CIA-RDP79T00975A002200240001-0,"September 29, 1955",partly,a few words,False,"and settler ""commando"" groups [STILL REDACTED]",ASSIGNED_FULL,1.0,4,4,1,1,"[""ASSIGNED_FULL""]","[""page_010_010_dc35db1415""]"
CIA-RDP79T00975A002200250001-9:5.0,CIA-RDP79T00975A002200250001-9,"September 30, 1955",partly,part of a sentence,False,[STILL REDACTED] the Saudis have sought Egypt's aid in obtaining arms in Europe.,ASSIGNED_FULL,1.0,11,11,1,1,"[""ASSIGNED_FULL""]","[""page_005_005_d149c09a11""]"
CIA-RDP79T00975A002200260001-8:4.0,CIA-RDP79T00975A002200260001-8,"October 1, 1955",partly,a paragraph,False,"[STILL REDACTED] Egypt is advising Syria to follow its example in bartering exports for Soviet bloc munitions. A strong protest from Israel can be expected if the Soviet offer is accepted, as Israeli army intelligence already believes Syria to be the state's most dangerous enemy.",ASSIGNED_FULL,1.0,43,43,1,1,"[""ASSIGNED_FULL""]","[""page_004_004_124dec9cc7""]"
CIA-RDP79T00975A002200380001-5:7.0,CIA-RDP79T00975A002200380001-5,"October 15, 1955",partly,a paragraph,False,Comment Other reports also indicate that aid for the rebels is being received through Spanish Morocco despite Spain's assurances of co-operation with France. [STILL REDACTED] Any Spanish encouragement to the rebels is probably designed to force France to seek Madrid's agreement to any future reforms in the French zone and to further Spain's long-standing policy of enhancing its own prestige in the Arab world. [STILL REDACTED],ASSIGNED_FULL,1.0,64,64,1,1,"[""ASSIGNED_FULL""]","[""page_007_007_790134e058""]"
CIA-RDP79T00975A002200420001-0:5.0,CIA-RDP79T00975A002200420001-0,"October 20, 1955",partly,a paragraph,False,[STILL REDACTED] Chinese Communist premier Chou En-lai recently told a visiting group of local Japanese officials that China would welcome a Japanese government delegation to Peiping to discuss restoring diplomatic relations. Chou also suggested that talks on repatriation of Japanese nationals be moved from Geneva to Peiping or Tokyo.,ASSIGNED_FULL,1.0,48,48,1,1,"[""ASSIGNED_FULL""]","[""page_005_005_34d49008da""]"
CIA-RDP79T00975A002200420001-0:5.1,CIA-RDP79T00975A002200420001-0,"October 20, 1955",fully,a paragraph,False,"and convince the large number of visiting Japanese of their peaceful intentions. The cumulative effect of the Japanese visits is likely to reduce Japanese sentiment supporting rearmament and the continuance of American bases in Japan, as well as to generate further pressure on the government for a rapprochement with the Sino-Soviet bloc.",ASSIGNED_FULL,1.0,56,56,1,1,"[""ASSIGNED_FULL""]","[""page_005_005_34d49008da""]"
CIA-RDP79T00975A002200430001-9:5.1,CIA-RDP79T00975A002200430001-9,"October 21, 1955",partly,part of a sentence,False,and defeat Prime Minister Nuri Said's pro-Western foreign policy. [STILL REDACTED],ASSIGNED_FULL,1.0,9,9,1,1,"[""ASSIGNED_FULL""]","[""page_005_005_5c343eb162""]"
CIA-RDP79T00975A002200520001-9:6.0,CIA-RDP79T00975A002200520001-9,"November 1, 1955",partly,a paragraph,False,"[STILL REDACTED] Moscow has informed Tel Aviv that it is prepared to deliver arms to all the Middle East powers, including Israel, in return for a commitment from them not to tolerate foreign bases on their territory.",ASSIGNED_FULL,1.0,37,37,1,1,"[""ASSIGNED_FULL""]","[""page_006_006_a635344f20""]"
CIA-RDP79T00975A002200530001-8:7.0,CIA-RDP79T00975A002200530001-8,"November 2, 1955",partly,about a sentence,False,"[STILL REDACTED] party members have been called to Amman for the opening of parliament and the 3 November visit of President Bayar of Turkey, presumably in order to foster demonstrations. [STILL REDACTED]",ASSIGNED_FULL,1.0,30,30,1,1,"[""ASSIGNED_FULL""]","[""page_007_007_5a81d7b5cf""]"
CIA-RDP79T00975A002200540001-7:8.0,CIA-RDP79T00975A002200540001-7,"November 3, 1955",partly,a paragraph,False,"[STILL REDACTED] 3. At an 8 October luncheon given by Chou En-lai in Peiping, he took pains to emphasize that Communist China has no intention of attacking Formosa [STILL REDACTED] who attended the luncheon. Chou expressed confidence that internal collapse would bring Formosa under Peiping's control.",ASSIGNED_FULL,1.0,43,43,1,1,"[""ASSIGNED_FULL""]","[""page_008_008_b6ea5f033e""]"
CIA-RDP79T00975A002200550001-6:6.0,CIA-RDP79T00975A002200550001-6,"November 4, 1955",partly,about a sentence,False,"[STILL REDACTED] in early October, the Pathets were ordered by the Viet Minh to increase reconnaissance in preparation for a large-scale offensive during the winter dry season.",ASSIGNED_FULL,1.0,26,26,1,1,"[""ASSIGNED_FULL""]","[""page_006_006_c549db17d3""]"
CIA-RDP79T00975A002200560001-5:6.0,CIA-RDP79T00975A002200560001-5,"November 5, 1955",partly,a paragraph,False,"[STILL REDACTED] ""Our forces have recaptured Sabha and have occupied it. Seram is in our hands. The Jews fled before our infantry and armor."" With claims of victory by both sides, it is impossible to determine exactly what the situation is at this point. [STILL REDACTED]",ASSIGNED_FULL,1.0,43,43,1,1,"[""ASSIGNED_FULL""]","[""page_006_008_e6487ffbf3""]"
CIA-RDP79T00975A002200560001-5:6.1+7.0,CIA-RDP79T00975A002200560001-5,"November 5, 1955",partly,a paragraph,True,"[STILL REDACTED] the opinion that Israel will ""probably carry out another attack at Gaza, Rafah, or Khan Yunis."" The public reaction in Cairo, while indignant and violent, gives no indication that this skirmish is viewed as more than another incident. [STILL REDACTED]",ASSIGNED_FULL,1.0,38,38,2,2,"[""ASSIGNED_FULL"", ""ASSIGNED_FULL""]","[""page_006_008_e6487ffbf3"", ""page_007_009_f3ef56cb0a""]"
CIA-RDP79T00975A002200570001-4:6.1,CIA-RDP79T00975A002200570001-4,"November 6, 1955",partly,a paragraph,False,"[STILL REDACTED] anticipates a resumption of Egyptian terrorist activity, but apparently expects no major military action. The Israeli Defense Force has released 85 percent of the civilian buses and a number of other vehicles it had mobilized before the El Auja attack. [STILL REDACTED]",ASSIGNED_FULL,1.0,42,42,1,1,"[""ASSIGNED_FULL""]","[""page_006_006_cd8cff89c1""]"
CIA-RDP79T00975A002200570001-4:7.0,CIA-RDP79T00975A002200570001-4,"November 6, 1955",partly,about a sentence,False,[STILL REDACTED] has already warned frontier forces that the oil discovery may result in Israeli action against the Gaza strip. [STILL REDACTED],ASSIGNED_FULL,1.0,18,18,1,1,"[""ASSIGNED_FULL""]","[""page_007_007_78106408ff""]"
CIA-RDP79T00975A002200570001-4:7.1,CIA-RDP79T00975A002200570001-4,"November 6, 1955",partly,a paragraph,False,[STILL REDACTED] the Israelis approve of the French decision to start arms deliveries to Egypt as they consider it preferable to have Western powers rather than the USSR furnish arms to the Egyptians. [STILL REDACTED] Egyptian premier Nasr told the Iraqi foreign minister that he would like to have France resume arms deliveries to Egypt and that he would prefer to have Egypt obtain its supplies from the West rather than from the East. [STILL REDACTED],ASSIGNED_FULL,1.0,72,72,1,1,"[""ASSIGNED_FULL""]","[""page_007_007_78106408ff""]"
CIA-RDP79T00975A002200590001-2:10.0,CIA-RDP79T00975A002200590001-2,"November 9, 1955",partly,about a sentence,False,"[STILL REDACTED] lessened tension within Israel, with requisitioned buses released on 6 November and leave granted some Israeli army personnel over the week end. [STILL REDACTED]",ASSIGNED_FULL,1.0,22,22,1,1,"[""ASSIGNED_FULL""]","[""page_010_011_693de2b986""]"
CIA-RDP79T00975A002200600001-0:11.0,CIA-RDP79T00975A002200600001-0,"November 10, 1955",partly,a paragraph,False,"However, aftereffects of the clash near Eilat on 8 November are apparent [STILL REDACTED] to the South Sinai command, [STILL REDACTED] that ""the enemy is expected to carry out... operations as a result of last night's clash.""",ASSIGNED_FULL,1.0,33,33,1,1,"[""ASSIGNED_FULL""]","[""page_011_011_1f8752cab2""]"
CIA-RDP79T00975A002200610001-9:10.0,CIA-RDP79T00975A002200610001-9,"November 11, 1955",partly,a paragraph,False,[STILL REDACTED] The Egyptians are reportedly taking Palestine refugees from Jordan for military training in Gaza with the aim of returning them for sabotage operations along the Jordan-Israel border. The commander of the Arab Legion believes his force has the border under good but not complete control. [STILL REDACTED],ASSIGNED_FULL,1.0,46,46,1,1,"[""ASSIGNED_FULL""]","[""page_010_011_d458569401""]"
CIA-RDP79T00975A002300010001-4:7.0,CIA-RDP79T00975A002300010001-4,"November 13, 1955",partly,about a sentence,False,[STILL REDACTED] they are convinced now that the abandonment of German membership in NATO would not be enough to bring about reunification.,ASSIGNED_FULL,1.0,21,21,1,1,"[""ASSIGNED_FULL""]","[""page_007_007_86e6157a7a""]"
CIA-RDP79T00975A002300020001-3:10.0,CIA-RDP79T00975A002300020001-3,"November 15, 1955",partly,a paragraph,False,"[STILL REDACTED] Jordan has rejected a Syrian proposal for a bilateral military pact, a joint command--excluding the British-commanded Arab Legion--and a corridor through which the Egyptian forces could receive supplies and support from Syria in the event of an Israeli attack. [STILL REDACTED]",ASSIGNED_FULL,1.0,41,41,1,1,"[""ASSIGNED_FULL""]","[""page_010_010_7fcf65445c""]"
CIA-RDP79T00975A002300030001-2:7.0,CIA-RDP79T00975A002300030001-2,"November 16, 1955",partly,a paragraph,False,"[STILL REDACTED] deliveries up to the end of November would include 34 MIG aircraft, 100 T-34 medium tanks, and 20 JS-3 heavy tanks. [STILL REDACTED] These quantities presumably cover items previously delivered as well as those scheduled for the rest of this month. The forthcoming shipments, like those already made, can be expected to arrive by sea at the Egyptian port of Alexandria, where special security arrangements are in force. [STILL REDACTED]",ASSIGNED_FULL,1.0,71,71,1,1,"[""ASSIGNED_FULL""]","[""page_007_007_34a59be2ed""]"
CIA-RDP79T00975A002300030001-2:8.0,CIA-RDP79T00975A002300030001-2,"November 16, 1955",partly,part of a sentence,False,in addition to the 12 Ouragans already delivered. [STILL REDACTED],ASSIGNED_FULL,1.0,8,8,1,1,"[""ASSIGNED_FULL""]","[""page_008_008_b877a59915""]"
CIA-RDP79T00975A002300040001-1:6.0,CIA-RDP79T00975A002300040001-1,"November 17, 1955",partly,about a sentence,False,[STILL REDACTED] Israel is withdrawing troops in substantial numbers from the Syrian frontier. It is not known where these troops are going.,ASSIGNED_FULL,1.0,21,21,1,1,"[""ASSIGNED_FULL""]","[""page_006_006_261c12ebfc""]"
CIA-RDP79T00975A002300070001-8:6.0,CIA-RDP79T00975A002300070001-8,"November 20, 1955",partly,about a sentence,False,"[STILL REDACTED] the Syrians are considering the purchase of bloc arms, and, assisted by the Egyptians, may be near concluding an arms deal with the Czechs. [STILL REDACTED]",ASSIGNED_FULL,1.0,23,23,1,1,"[""ASSIGNED_FULL""]","[""page_006_006_4ed82b02dd""]"
CIA-RDP79T00975A002300090001-6:4.0,CIA-RDP79T00975A002300090001-6,"November 23, 1955",fully,about a sentence,False,"and the recently reported arrival in Kabul of 235 truckloads of Czech automatic weapons, ammunition, and grenades,",ASSIGNED_FULL,1.0,17,17,1,1,"[""ASSIGNED_FULL""]","[""page_004_004_72731f285d""]"
CIA-RDP79T00975A002300100001-4:8.0,CIA-RDP79T00975A002300100001-4,"November 24, 1955",partly,about a sentence,False,"Comment Terrorism can be expected to continue and may expand [STILL REDACTED] who agreed to continue North African resistance. The Arab League [STILL REDACTED] agreed to spend $287,000 for these activities. [STILL REDACTED]",ASSIGNED_FULL,1.0,25,25,1,1,"[""ASSIGNED_FULL""]","[""page_008_009_1aa54eadac""]"
CIA-RDP79T00975A002300100001-4:11.0,CIA-RDP79T00975A002300100001-4,"November 24, 1955",partly,a paragraph,False,"[STILL REDACTED] Czechoslovakia had agreed to construct a ""jet aircraft factory"" in Egypt. The British de Havilland firm built an aircraft assembly plant at Helwan in 1952, but the plant never produced any jet planes. Czechoslovakia might undertake partial re-equipment of this plant and assign technicians there to assist in the assembly and major maintenance of MIG aircraft. ( [STILL REDACTED] Czechoslovakia had offered a ""factory"" for making the casings of mortar shells and aircraft bombs. [STILL REDACTED]",ASSIGNED_FULL,1.0,80,80,1,1,"[""ASSIGNED_FULL""]","[""page_011_012_91ebe7bb56""]"
CIA-RDP79T00975A002300110001-3:5.0,CIA-RDP79T00975A002300110001-3,"November 26, 1955",partly,a paragraph,False,"[STILL REDACTED] Teodoro Picado, Jr., military leader of the January attempt and son of a former Costa Rican president, [STILL REDACTED] Venezuela was supplying the Costa Rican ""revolutionary forces"" and that an attack would be launched in December by ""a number of planeloads of troops"" landed on airfields seized by ""hired rebels."" [STILL REDACTED]",ASSIGNED_FULL,1.0,49,49,1,1,"[""ASSIGNED_FULL""]","[""page_005_005_6e5cded7e0""]"
CIA-RDP79T00975A002300110001-3:6.0,CIA-RDP79T00975A002300110001-3,"November 26, 1955",partly,a paragraph,False,"[STILL REDACTED] five of the nine fields in the coastal area on which work was started this year are now capable of use. Unusual movements of MIG jet fighters in Manchuria, [STILL REDACTED] and a recent formidable increase in antiaircraft artillery weapons at at least three of the five serviceable coastal fields may point to their early occupation by Communist air units.",ASSIGNED_FULL,1.0,60,60,1,1,"[""ASSIGNED_FULL""]","[""page_006_006_19c33f96eb""]"
CIA-RDP79T00975A002300110001-3:7.0,CIA-RDP79T00975A002300110001-3,"November 26, 1955",fully,part of a sentence,False,"Saudi Arabia is exerting extensive influence on high Jordanian officials, especially by bribery, and",ASSIGNED_FULL,1.0,14,14,1,1,"[""ASSIGNED_FULL""]","[""page_007_007_c72668bdba""]"
CIA-RDP79T00975A002300120001-2:8.1,CIA-RDP79T00975A002300120001-2,"November 27, 1955",partly,about a sentence,False,"[STILL REDACTED] General Glubb fears Cairo may hope, with Saudi Arabian assistance, to bring about a coup d'etat in Jordan and establish an Egyptian satellite republic. [STILL REDACTED]",ASSIGNED_FULL,1.0,25,25,1,1,"[""ASSIGNED_FULL""]","[""page_008_008_33798822d6""]"
CIA-RDP79T00975A002300130001-1:5.0,CIA-RDP79T00975A002300130001-1,"November 29, 1955",partly,about a sentence,False,[STILL REDACTED] the army ordered an alert on 23 November which apparently is still in effect. [STILL REDACTED] this action was taken following rumors of a possible coup attempt by Phao's police. [STILL REDACTED],ASSIGNED_FULL,1.0,27,27,1,1,"[""ASSIGNED_FULL""]","[""page_005_005_581d4df085""]"
CIA-RDP79T00975A002300150001-9:7.0,CIA-RDP79T00975A002300150001-9,"December 1, 1955",partly,a paragraph,False,"[STILL REDACTED] 3. On 27 November, two Chinese Nationalist RF-86's on a photo recon mission over the mainland were intercepted by Chinese Communist jet fighters. Although firing passes reportedly were made on one RF-86 in two instances, no hits were scored. [STILL REDACTED] 4. Another antiaircraft artillery (AAA) division is tentatively accepted in the Amoy area of Fukien concurrent with confirmed reports of additional antiaircraft artillery weapons in the area. This brings AAA units in the Amoy-Foochow area to a total of three divisions and one independent regiment. [STILL REDACTED]",ASSIGNED_FULL,1.0,84,84,1,1,"[""ASSIGNED_FULL""]","[""page_007_007_ff80604542""]"
CIA-RDP79T00975A002300150001-9:8.0,CIA-RDP79T00975A002300150001-9,"December 1, 1955",fully,about a sentence,False,Aerial photos of 21 November show that track has been laid along the northern portion for a distance of about 25 miles.,ASSIGNED_FULL,1.0,22,22,1,1,"[""ASSIGNED_FULL""]","[""page_008_008_92da2641f2""]"
CIA-RDP79T00975A002300200001-3:7.0,CIA-RDP79T00975A002300200001-3,"December 7, 1955",partly,about a sentence,False,[STILL REDACTED] Peiping was interested in establishing economic relations with Uruguay. [STILL REDACTED] probably reflect Uruguayan interest in such overtures. The Uruguayans have been concerned over markets for their agricultural surplus.,ASSIGNED_FULL,0.966667,29,30,1,1,"[""ASSIGNED_FULL""]","[""page_007_007_b5a8be0b23""]"
CIA-RDP79T00975A002300200001-3:8.1,CIA-RDP79T00975A002300200001-3,"December 7, 1955",partly,a paragraph,False,"[STILL REDACTED] three IL-28's and at least eight MIG-15's were sighted at Dikheila airfield west of Alexandria, apparently an assembly area for the MIG's. The number of MIG-15's now in Egypt is not known, [STILL REDACTED] that 34 would be delivered by the end of November. The number of IL-28's which have arrived in Egypt is believed to be much smaller. [STILL REDACTED]",ASSIGNED_FULL,1.0,59,59,1,1,"[""ASSIGNED_FULL""]","[""page_008_008_eaa62f944b""]"
CIA-RDP79T00975A002300210001-2:6.0,CIA-RDP79T00975A002300210001-2,"December 8, 1955",partly,about a sentence,False,[STILL REDACTED] An official of the Italian Communist Party reportedly left Rome on 24 November to attend a meeting of the Cominform in Bucharest. [STILL REDACTED],ASSIGNED_FULL,1.0,22,22,1,1,"[""ASSIGNED_FULL""]","[""page_006_006_ff88bd50b2""]"
CIA-RDP79T00975A002300210001-2:6.1,CIA-RDP79T00975A002300210001-2,"December 8, 1955",partly,about a sentence,False,The Italian party favors dissolution and its representative will propose that in place of the Cominform an international Communist conference be held every five years. [STILL REDACTED],ASSIGNED_FULL,1.0,26,26,1,1,"[""ASSIGNED_FULL""]","[""page_006_006_ff88bd50b2""]"
CIA-RDP79T00975A002300210001-2:6.2,CIA-RDP79T00975A002300210001-2,"December 8, 1955",fully,a few words,False,the present report is,ASSIGNED_FULL,1.0,4,4,1,1,"[""ASSIGNED_FULL""]","[""page_006_006_ff88bd50b2""]"
CIA-RDP79T00975A002300210001-2:7.0,CIA-RDP79T00975A002300210001-2,"December 8, 1955",partly,part of a sentence,False,including the beginning of air raid warning trials. [STILL REDACTED],ASSIGNED_FULL,1.0,8,8,1,1,"[""ASSIGNED_FULL""]","[""page_007_007_6bfa659d9d""]"
CIA-RDP79T00975A002300240001-9:4.0,CIA-RDP79T00975A002300240001-9,"December 11, 1955",partly,about a sentence,False,Comment [STILL REDACTED] Nationalist diplomats would prefer a compromise to keep Mongolia out of the UN without a veto but that they are still under orders to use the veto if necessary.,ASSIGNED_FULL,1.0,31,31,1,1,"[""ASSIGNED_FULL""]","[""page_004_004_b097ff8034""]"
CIA-RDP79T00975A002300270001-6:8.2,CIA-RDP79T00975A002300270001-6,"December 15, 1955",partly,a paragraph,False,"[STILL REDACTED] 3. The sighting on 3 December of a Chinese Communist naval formation, 120 miles northeast of Shanghai and apparently en route to Shanghai, presages an improvement in Chinese Communist amphibious capabilities in the East China area. Photographs reveal that the formation consisted of a landing craft repair ship, one gunboat, two LSM's, and twenty LCM's. The LCM's are believed to be new units constructed at Dairen. [STILL REDACTED]",ASSIGNED_FULL,1.0,66,66,1,1,"[""ASSIGNED_FULL""]","[""page_008_008_b30282da98""]"
CIA-RDP79T00975A002300280001-5:11.0,CIA-RDP79T00975A002300280001-5,"December 16, 1955",partly,about a sentence,False,[STILL REDACTED] Israel has moved reinforcements into the area near the scene of the 11-12 December raid against Syria as a precaution against Syrian retaliation [STILL REDACTED],ASSIGNED_FULL,1.0,17,17,1,1,"[""ASSIGNED_FULL""]","[""page_011_011_1c5b08c337""]"
CIA-RDP79T00975A002300290001-4:5.0,CIA-RDP79T00975A002300290001-4,"December 17, 1955",partly,a paragraph,False,The company's optimism derives from the fact that in recent weeks the Afghan government has released to it [STILL REDACTED] and authorized the release of [STILL REDACTED] more. This covers commitments made by the company up to 1 December.,ASSIGNED_FULL,1.0,34,34,1,1,"[""ASSIGNED_FULL""]","[""page_005_005_c87794fd5d""]"
CIA-RDP79T00975A002300290001-4:6.0,CIA-RDP79T00975A002300290001-4,"December 17, 1955",fully,part of a sentence,False,and that their presence there has been confirmed by aerial photography.,ASSIGNED_FULL,1.0,12,12,1,1,"[""ASSIGNED_FULL""]","[""page_006_006_93a61dd990""]"
CIA-RDP79T00975A002300310001-1:7.0,CIA-RDP79T00975A002300310001-1,"December 20, 1955",fully,a paragraph,False,"The next few months will be used by Egyptian, Syrian and Saudi Arabian agents to influence the elections and to lay the groundwork for new demonstrations against any Jordanian leader, including King Hussain, who appears to favor joining the pact.",ASSIGNED_FULL,1.0,39,39,1,1,"[""ASSIGNED_FULL""]","[""page_007_007_53302bc020""]"
CIA-RDP79T00975A002300310001-1:8.0,CIA-RDP79T00975A002300310001-1,"December 20, 1955",partly,a paragraph,False,"[STILL REDACTED] the Israelis, while ""not unaware of the risks of preventive war,"" have decided to display the utmost severity henceforth in the reprisals to which they are prompted by enemy raids."" [STILL REDACTED] Israeli actions, if frequently repeated, might well prompt the Arabs in turn, to counteractions, and these would end in large-scale conflict, the responsibility for which would be shared by both sides, ""and this before it was possible for the distribution of Soviet arms to have its full effect."" ( [STILL REDACTED]",ASSIGNED_FULL,1.0,83,83,1,1,"[""ASSIGNED_FULL""]","[""page_008_008_285c43a58b""]"
CIA-RDP79T00975A002300340001-8:8.0,CIA-RDP79T00975A002300340001-8,"December 23, 1955",fully,about a sentence,False,A recent Pathet Lao defector said that guerrilla operations by small units throughout the country are planned.,ASSIGNED_FULL,1.0,18,18,1,1,"[""ASSIGNED_FULL""]","[""page_008_008_6bc6a3507c""]"
CIA-RDP79T00975A002300370001-5:5.0,CIA-RDP79T00975A002300370001-5,"December 28, 1955",partly,a paragraph,False,"[STILL REDACTED] Khrushchev has accomplished a restaffing of the central committee ""apparatus"" during the past year. Consolidation of his control of this vital headquarters staff suggests that he has been eliminating the basis for any opposition to his dominant position within the framework of ""collective leadership."" [STILL REDACTED]",ASSIGNED_FULL,1.0,46,46,1,1,"[""ASSIGNED_FULL""]","[""page_005_005_43af31bafc""]"
CIA-RDP79T00975A002300370001-5:6.0,CIA-RDP79T00975A002300370001-5,"December 28, 1955",partly,a paragraph,False,"He is [STILL REDACTED] to request General Lemnitzer, as UN commander, to make a formal protest to the Chinese and obtain the release of four seized Korean coastguardmen. Rhee has also ordered his propaganda directorate to describe the encounter as the first of a series of such incidents in a ""Tokyo-Peiping-Pyongyang campaign of provocation and aggression against South Korea."" [STILL REDACTED]",ASSIGNED_FULL,1.0,59,59,1,1,"[""ASSIGNED_FULL""]","[""page_006_006_e05aaa7e01""]"
CIA-RDP79T00975A002300380001-4:5.0,CIA-RDP79T00975A002300380001-4,"December 29, 1955",partly,a paragraph,False,"[STILL REDACTED] Sergeyev and his staff have been meeting with leftist politicians and have been carrying on a propaganda campaign among the tobacco workers in the area. Foreign Minister Theotokis claims that the USSR is providing financial assistance for leftists' pre-electoral campaign. Theotokis will try to get cabinet approval for a warning to Sergeyev that if he does not stop these activities, he will be declared persona non grata. [STILL REDACTED]",ASSIGNED_FULL,1.0,69,69,1,1,"[""ASSIGNED_FULL""]","[""page_005_006_2a5e1c2283""]"
CIA-RDP79T00975A002300380001-4:8.0,CIA-RDP79T00975A002300380001-4,"December 29, 1955",partly,part of a sentence,False,"The Nationalist Defense Ministry has warned the navy to be ""on the alert."" [STILL REDACTED]",ASSIGNED_FULL,1.0,14,14,1,1,"[""ASSIGNED_FULL""]","[""page_008_010_51efadedea""]"
CIA-RDP79T00975A002300380001-4:8.1,CIA-RDP79T00975A002300380001-4,"December 29, 1955",partly,about a sentence,False,Their fear of torpedo boat attacks on naval ships has led the Nationalists to prepare plans for air or commando attacks on torpedo boat bases. [STILL REDACTED],ASSIGNED_FULL,1.0,26,26,1,1,"[""ASSIGNED_FULL""]","[""page_008_010_51efadedea""]"
CIA-RDP79T00975A002300390001-3:8.0,CIA-RDP79T00975A002300390001-3,"December 30, 1955",partly,a paragraph,False,[STILL REDACTED] The American military attaché in Israel has noted a substantial increase in the number of tank transporters and prime movers in Ramat Gan motor park in Tel Aviv. This park is normally used as an assembly point during Israeli army mobilization. An assembly of civilian vehicles and drivers usually follows the departure of tank transporters from the park when a large-scale mobilization is under way. [STILL REDACTED],ASSIGNED_FULL,1.0,70,70,1,1,"[""ASSIGNED_FULL""]","[""page_008_009_b96320a303""]"
CIA-RDP79T00975A002300410001-0:8.1,CIA-RDP79T00975A002300410001-0,"January 2, 1956",fully,a few words,False,While some previous,ASSIGNED_FULL,1.0,3,3,1,1,"[""ASSIGNED_FULL""]","[""page_008_008_65947865ef""]"
CIA-RDP79T00975A002300410001-0:9.0,CIA-RDP79T00975A002300410001-0,"January 2, 1956",partly,a paragraph,False,"[STILL REDACTED] a national guard company was to be moved from Cairo to El Kuntillah, about 35 miles northwest of Eilat, on the frontier, and that 4,000 hand grenades were to be sent immediately to the Aqaba sector. On 29 December the Aqaba port asked that its previous request for ""arms and ammunition"" be treated as ""most urgent"" and that they be forwarded on the ""7 January ship."" [STILL REDACTED]",ASSIGNED_FULL,0.985714,69,70,1,1,"[""ASSIGNED_FULL""]","[""page_009_009_9d48000e4b""]"
CIA-RDP79T00975A002300430001-8:5.0,CIA-RDP79T00975A002300430001-8,"January 5, 1956",partly,a paragraph,False,"Stroessner is also being pressed by Argentina to get rid of this pro-Peron group. While Ortega is not known to be a Communist, he has protected Communist friends, and the Communists are so well placed in the police that few surprise raids against Communists can be made. [STILL REDACTED]",ASSIGNED_FULL,1.0,49,49,1,1,"[""ASSIGNED_FULL""]","[""page_005_006_429fb43589""]"
CIA-RDP79T00975A002300440001-7:4.0,CIA-RDP79T00975A002300440001-7,"January 6, 1956",fully,about a sentence,False,"There are indications that if a general strike of indefinite duration is called, they will try to break it even at the risk of splitting CUTCH.",ASSIGNED_FULL,1.0,25,25,1,1,"[""ASSIGNED_FULL""]","[""page_004_004_d18129238e""]"
CIA-RDP79T00975A002300460001-5:6.0,CIA-RDP79T00975A002300460001-5,"January 8, 1956",partly,about a sentence,False,Key right and center leaders are more in favor of a Socialist than a Mendes-France government [STILL REDACTED],ASSIGNED_FULL,1.0,16,16,1,1,"[""ASSIGNED_FULL""]","[""page_006_007_c947135d50""]"
CIA-RDP79T00975A002300470001-4:5.0,CIA-RDP79T00975A002300470001-4,"January 10, 1956",partly,a paragraph,False,"An important factor in the immediate future will be the attitude of Saudi Arabia. A number of the new cabinet members, including the prime minister, have enjoyed close relations and financial aid from the Saudis. Having obtained a government opposed to the Baghdad pact, Saudi Arabia may now throw the weight of its influence on the side of stability. [STILL REDACTED]",ASSIGNED_FULL,1.0,62,62,1,1,"[""ASSIGNED_FULL""]","[""page_005_005_c13730c6fe""]"
CIA-RDP79T00975A002300490001-2:11.0,CIA-RDP79T00975A002300490001-2,"January 12, 1956",partly,a paragraph,False,[STILL REDACTED] 2. Chinese Communist naval activity was highlighted by continued movement of a larger than normal number of small patrol craft (YP) and coastal cargo vessels in the area opposite the Matsus. Unconfirmed sightings of LVT-type amphibious craft in this area continued to be reported. In the Quemoy area there has been a reported increase in the number of junk sightings and motorized junk traffic along with increased amphibious training and logistic support activity. It is believed that the high level of reported activity is due to improved weather conditions. [STILL REDACTED],ASSIGNED_FULL,1.0,90,90,1,1,"[""ASSIGNED_FULL""]","[""page_011_013_9a677e7c74""]"
CIA-RDP79T00975A002300510001-9:7.0,CIA-RDP79T00975A002300510001-9,"January 14, 1956",partly,a paragraph,False,"George Papandreou, anti-Communist chief of the Liberal Party, had ""virtually decided"" by 12 January to co-operate with EDA as the only alternative to political extinction, [STILL REDACTED] The Liberal leader reportedly believes center parties no longer have vote-getting appeal and that no one of them will be able to poll the 15 percent of the total vote required to win a parliamentary seat. The leaders of the other established center parties, this source reported, share Papandreou's views. [STILL REDACTED]",ASSIGNED_FULL,1.0,77,77,1,1,"[""ASSIGNED_FULL""]","[""page_007_007_4ff491b799""]"
CIA-RDP79T00975A002300510001-9:8.1,CIA-RDP79T00975A002300510001-9,"January 14, 1956",partly,a paragraph,False,"[STILL REDACTED] Egypt intends to establish a torpedo boat force at Sharm el Sheikh, the Egyptian headquarters at the mouth of the gulf. The new force apparently will arrive under escort of a frigate detailed to relieve the patrol craft now on guard duty there. [STILL REDACTED]",ASSIGNED_FULL,1.0,42,42,1,1,"[""ASSIGNED_FULL""]","[""page_008_008_769ca0ffa7""]"
CIA-RDP79T00975A002300540001-5:7.0,CIA-RDP79T00975A002300540001-5,"January 18, 1956",partly,part of a sentence,False,", [STILL REDACTED] Thirteen million dollars have been allotted to health and education. [STILL REDACTED]",ASSIGNED_FULL,1.0,12,12,1,1,"[""ASSIGNED_FULL""]","[""page_007_007_ec45f926e0""]"
CIA-RDP79T00975A002300540001-5:12.1,CIA-RDP79T00975A002300540001-5,"January 18, 1956",fully,part of a sentence,False,"including a deck cargo of double-tiered, large wooden crates.",ASSIGNED_FULL,1.0,9,9,1,1,"[""ASSIGNED_FULL""]","[""page_012_012_bde68efe1d""]"
CIA-RDP79T00975A002300540001-5:12.2,CIA-RDP79T00975A002300540001-5,"January 18, 1956",partly,a paragraph,False,The Nevsky's arrival brings to six the number of arms cargoes delivered by Soviet freighters from Black Sea ports to Alexandria since 1 January and to 13 the total number of such arms cargoes since deliveries began on 22 October. [STILL REDACTED],ASSIGNED_FULL,1.0,38,38,1,1,"[""ASSIGNED_FULL""]","[""page_012_012_bde68efe1d""]"
CIA-RDP79T00975A002400010001-3:6.0,CIA-RDP79T00975A002400010001-3,"January 20, 1956",partly,a paragraph,False,"[STILL REDACTED] Czechoslovakia reportedly is offering Argentina planes, tanks and artillery at prices considerably lower than those normally offered by Britain and the United States. Similar conversations allegedly were initiated by the Peron regime before the revolution last September.",ASSIGNED_FULL,1.0,39,39,1,1,"[""ASSIGNED_FULL""]","[""page_006_006_44eb6bf664""]"
CIA-RDP79T00975A002400190001-4:5.0,CIA-RDP79T00975A002400190001-4,"February 10, 1956",fully,a paragraph,False,"according to ex-premier Antoine Pinay. Pinay thinks that the Poujadists may get veterans' support and try to emulate the veterans in Algeria, whose demonstrations have forced the resignation of General Catroux as minister resident in Algeria.",ASSIGNED_FULL,1.0,36,36,1,1,"[""ASSIGNED_FULL""]","[""page_005_005_9626a92077""]"
CIA-RDP79T00975A002400240001-8:8.0,CIA-RDP79T00975A002400240001-8,"February 16, 1956",partly,a paragraph,False,"Comment [STILL REDACTED] a number of French generals have organized to prevent ""further deterioration of the French empire."" This group, which is divided in its attitude toward Poujade, includes General Billotte, defense minister under Premier Faure; Augustin Guillaume, chief of the armed forces staff; and Maxime Weygand, who, as chairman of a study group of industrialists, is reported to have promised financial support. [STILL REDACTED] the French employers' organization, the Patronat, is now supporting Poujade.",ASSIGNED_FULL,1.0,73,73,1,1,"[""ASSIGNED_FULL""]","[""page_008_008_6796c1b3ea""]"
CIA-RDP79T00975A002400240001-8:9.0,CIA-RDP79T00975A002400240001-8,"February 16, 1956",partly,a paragraph,False,"Additional cabinet changes seem likely in view of Franco's reported statement [STILL REDACTED] that ""the mire of corruption"" was spattering his entire political entourage and that an impending cabinet reshuffle would show that he was ""more powerful than the government."" [STILL REDACTED]",ASSIGNED_FULL,1.0,40,40,1,1,"[""ASSIGNED_FULL""]","[""page_009_009_bce58ba1c8""]"
CIA-RDP79T00975A002400240001-8:12.1,CIA-RDP79T00975A002400240001-8,"February 16, 1956",partly,a paragraph,False,"On this latest trip, it falsely declared Albania as its destination when it passed Istanbul coming out of the Black Sea on 7 February. The Ushakov's arrival brings to 14 the number of arms cargoes delivered to Egypt by Soviet freighters since late October. [STILL REDACTED]",ASSIGNED_FULL,1.0,44,44,1,1,"[""ASSIGNED_FULL""]","[""page_012_012_ca9c392e1c""]"
CIA-RDP79T00975A002400260001-6:11.0,CIA-RDP79T00975A002400260001-6,"February 18, 1956",partly,a paragraph,False,"[STILL REDACTED] A number of Syrian air force officers are training in the use of MIG-15 jet fighters at Egyptian military airfields, [STILL REDACTED] this training is being given because of an agreement that in the event of an Arab-Israeli war Syria will receive Soviet aircraft. [STILL REDACTED]",ASSIGNED_FULL,1.0,40,40,1,1,"[""ASSIGNED_FULL""]","[""page_011_012_bd0567374a""]"
CIA-RDP79T00975A002400270001-5:12.0+13.0,CIA-RDP79T00975A002400270001-5,"February 19, 1956",partly,a paragraph,True,"[STILL REDACTED] Israel moved two paratroop companies to Safad, about 10 miles west of Banat Yacov, presumably in readiness for a commando-type raid on Syrian positions which might open fire if work is resumed in the demilitarized zone. [STILL REDACTED]",ASSIGNED_FULL,0.967742,30,31,2,2,"[""ASSIGNED_FULL"", ""ASSIGNED_FULL""]","[""page_012_013_6abbe8d93e"", ""page_013_014_6387a132de""]"
CIA-RDP79T00975A002400330001-8:8.0,CIA-RDP79T00975A002400330001-8,"February 28, 1956",partly,about a sentence,False,"Thep is said to have warned the police, however, that he would use the trial as a forum for publicizing his favorable impressions of Communist China. [STILL REDACTED]",ASSIGNED_FULL,1.0,26,26,1,1,"[""ASSIGNED_FULL""]","[""page_008_008_518bb01257""]"
CIA-RDP79T00975A002400390001-2:4.0,CIA-RDP79T00975A002400390001-2,"March 6, 1956",partly,about a sentence,False,"[STILL REDACTED] there is reason to believe ""full mobilization"" (presumably of the ready reserve) is imminent in France.",ASSIGNED_FULL,1.0,18,18,1,1,"[""ASSIGNED_FULL""]","[""page_004_004_cfa86057d1""]"
CIA-RDP79T00975A002400390001-2:10.0,CIA-RDP79T00975A002400390001-2,"March 6, 1956",partly,about a sentence,False,[STILL REDACTED] the Egyptian army is requisitioning large amounts of surgical dressings and antiseptics and stocking large supplies of canned foods. [STILL REDACTED],ASSIGNED_FULL,1.0,23,23,1,1,"[""ASSIGNED_FULL""]","[""page_010_010_fa77eb6b5b""]"
CIA-RDP79T00975A002400410001-9:9.1,CIA-RDP79T00975A002400410001-9,"March 17, 1956",fully,a paragraph,False,"He is reported to have agreed that the ministry would be operated by a triumvirate comprising himself and the first and second deputy premiers, members respectively of the Masjumi and the NU.",ASSIGNED_FULL,1.0,32,32,1,1,"[""ASSIGNED_FULL""]","[""page_009_009_804830324d""]"
CIA-RDP79T00975A002400430001-7:12.0,CIA-RDP79T00975A002400430001-7,"March 8, 1956",fully,part of a sentence,False,in the informed opinion of government officials and French and Chinese residents there.,ASSIGNED_FULL,1.0,14,14,1,1,"[""ASSIGNED_FULL""]","[""page_012_013_c7fe2d81ed""]"
CIA-RDP79T00975A002400430001-7:12.1,CIA-RDP79T00975A002400430001-7,"March 8, 1956",partly,part of a sentence,False,[STILL REDACTED] only a full-scale invasion could re-establish Viet Minh strength and influence there. [STILL REDACTED],ASSIGNED_FULL,1.0,12,12,1,1,"[""ASSIGNED_FULL""]","[""page_012_013_c7fe2d81ed""]"
CIA-RDP79T00975A002400450001-5:5.0,CIA-RDP79T00975A002400450001-5,"March 10, 1956",partly,a paragraph,False,"[STILL REDACTED] The Greek foreign minister [STILL REDACTED] feared Greek reaction to an ""all-out British clean-up"" on Cyprus. [STILL REDACTED] his government would not allow itself to be divorced from Greek public opinion and would therefore take a firm position on all issues involving Cyprus.",ASSIGNED_FULL,1.0,37,37,1,1,"[""ASSIGNED_FULL""]","[""page_005_005_792f990aed""]"
CIA-RDP79T00975A002400460001-4:4.0,CIA-RDP79T00975A002400460001-4,"March 11, 1956",partly,a paragraph,False,"[STILL REDACTED] The Greek king and queen, Prime Minister Karamanlis and the top government advisers are all reported as now doubting that Britain sincerely desires a Cyprus settlement. [STILL REDACTED] The Greek foreign minister, [STILL REDACTED] fears the removal of Makarios from the scene will permit Cypriot Communists gradually to gain control of the Nationalist resistance movement. The Communists, who control most of the Cypriot labor force, apparently instigated the island-wide strike which virtually paralyzed Cyprus after Makarios' deportation.",ASSIGNED_FULL,1.0,72,72,1,1,"[""ASSIGNED_FULL""]","[""page_004_004_882fb6ea39""]"
CIA-RDP79T00975A002400480001-2:6.0,CIA-RDP79T00975A002400480001-2,"March 14, 1956",partly,a paragraph,False,[STILL REDACTED] Libyan prime minister Ben Halim's principal concern at present is to obtain secret assurances of continued British and American support. British prime minister Eden has inquired whether the United States could give the assurance the Libyans seek.,ASSIGNED_FULL,1.0,38,38,1,1,"[""ASSIGNED_FULL""]","[""page_006_007_ac7cb6c3b1""]"
CIA-RDP79T00975A002400480001-2:7.0,CIA-RDP79T00975A002400480001-2,"March 14, 1956",partly,a paragraph,False,"[STILL REDACTED] The Czech ambassador in Cairo, during a visit to the Sudan in January, told Prime Minister Azhari that the USSR was willing to loan the Sudan enough money to construct the Roseires and Atbara dams or other desirable projects. [STILL REDACTED]",ASSIGNED_FULL,1.0,40,40,1,1,"[""ASSIGNED_FULL""]","[""page_007_008_86fa135272""]"
CIA-RDP79T00975A002500010001-2:12.0,CIA-RDP79T00975A002500010001-2,"March 24, 1956",partly,a paragraph,False,"[STILL REDACTED] Israel is trying with Nicaraguan help to obtain 58 tanks from Canada. Nicaragua, according to the arrangement, would be the ostensible purchaser and transshipper to Israel and would receive four to eight tanks for its part in the transaction. [STILL REDACTED]",ASSIGNED_FULL,1.0,41,41,1,1,"[""ASSIGNED_FULL""]","[""page_012_013_b023c6f5cb""]"
CIA-RDP79T00975A002500060001-7:9.0,CIA-RDP79T00975A002500060001-7,"March 30, 1956",partly,part of a sentence,False,[STILL REDACTED] Syria is to receive 60 T-34 tanks from Czechoslovakia. [STILL REDACTED],ASSIGNED_FULL,1.0,7,7,1,1,"[""ASSIGNED_FULL""]","[""page_009_010_cfae2540c2""]"
CIA-RDP79T00975A002500070001-6:10.0,CIA-RDP79T00975A002500070001-6,"April 1, 1956",partly,a paragraph,False,"[STILL REDACTED] The Jordanian National Guard has received 1,000 Czech submachine guns from Syria as the first result of the recent border meetings between Jordanian and Syrian military leaders, [STILL REDACTED] troops from neighboring Arab countries would be permitted free transit across Jordan in the event of hostilities have not been confirmed. [STILL REDACTED]",ASSIGNED_FULL,1.0,45,45,1,1,"[""ASSIGNED_FULL""]","[""page_010_010_92014c4517""]"
CIA-RDP79T00975A002500100001-2:6.0,CIA-RDP79T00975A002500100001-2,"April 4, 1956",partly,a paragraph,False,"[STILL REDACTED] Israel recently purchased field binoculars from Japan and may seek to purchase range finders, spotting glasses, and at a later date, arms. Syrian businessmen have approached the Japanese for arms, allegedly for as much as $10,000,000 worth, but the Hatoyama government has withheld approval of such sales pending an expression of views from the United States.",ASSIGNED_FULL,1.0,56,56,1,1,"[""ASSIGNED_FULL""]","[""page_006_006_2e4a2428c2""]"
CIA-RDP79T00975A002500100001-2:8.0,CIA-RDP79T00975A002500100001-2,"April 4, 1956",fully,a paragraph,False,"Greek foreign minister Theotokis is reported to believe the trial should be suppressed in the Greek national interest, and he says Karamanlis shares his view. Another cabinet minister, who apparently thinks the case will be dropped, is said to be considering resigning should the public outcry appear strong enough to endanger the government.",ASSIGNED_FULL,1.0,54,54,1,1,"[""ASSIGNED_FULL""]","[""page_008_008_66f038a14e""]"
CIA-RDP79T00975A002500130001-9:5.0,CIA-RDP79T00975A002500130001-9,"April 8, 1956",partly,about a sentence,False,"[STILL REDACTED] The action was approved by the cabinet on 3 April, despite the grave reservations of some members concerning Ohn's well-known pro-Soviet bias. [STILL REDACTED]",ASSIGNED_FULL,1.0,27,27,1,1,"[""ASSIGNED_FULL""]","[""page_005_005_386038d954""]"
CIA-RDP79T00975A002500130001-9:5.1,CIA-RDP79T00975A002500130001-9,"April 8, 1956",fully,a paragraph,False,"Comment U Ohn has never concealed his pro-Communist inclinations, which have been repeatedly demonstrated by his behavior in Moscow. In contrast, U Thant--a devout Buddhist--is an older, more mature person who has been regarded as an important moderating influence on the impulsive premier.",ASSIGNED_FULL,1.0,47,47,1,1,"[""ASSIGNED_FULL""]","[""page_005_005_386038d954""]"
CIA-RDP79T00975A002500150001-7:8.0,CIA-RDP79T00975A002500150001-7,"April 11, 1956",partly,about a sentence,False,"[STILL REDACTED] Egypt has, with only partial success, attempted to suspend the dispatch of raiders into Israel from Syria and Lebanon. [STILL REDACTED]",ASSIGNED_FULL,1.0,18,18,1,1,"[""ASSIGNED_FULL""]","[""page_008_008_6417688533""]"
CIA-RDP79T00975A002500160001-6:10.0,CIA-RDP79T00975A002500160001-6,"April 12, 1956",partly,a paragraph,False,fashion. [STILL REDACTED] Egyptian-owned MIG's are largely based in the Suez area and that El Arish is not used as a base of operations but as a refueling point. He said that the MIG's were on constant patrol over the border area and overflights were a daily occurrence. [STILL REDACTED] The American naval attaché in Cairo re-,ASSIGNED_FULL,1.0,55,55,1,1,"[""ASSIGNED_FULL""]","[""page_010_011_14755c4e67""]"
CIA-RDP79T00975A002500170001-5:7.0,CIA-RDP79T00975A002500170001-5,"April 13, 1956",partly,part of a sentence,False,"[STILL REDACTED] the USSR will oppose strongly any use of Western military force in the Near East, [STILL REDACTED]",ASSIGNED_FULL,1.0,15,15,1,1,"[""ASSIGNED_FULL""]","[""page_007_007_76961265f3""]"
CIA-RDP79T00975A002500200001-1:4.0,CIA-RDP79T00975A002500200001-1,"April 17, 1956",partly,a paragraph,False,"[STILL REDACTED] Once the great powers become involved, there would not be much chance of keeping it confined, as was done in Korea. In the Near East, there are other considerations such as oil.",ASSIGNED_FULL,1.0,33,33,1,1,"[""ASSIGNED_FULL""]","[""page_004_004_9cc3bd2a7a""]"
CIA-RDP79T00975A002500200001-1:6.0,CIA-RDP79T00975A002500200001-1,"April 17, 1956",partly,about a sentence,False,[STILL REDACTED] the East Germans are known to be preparing to establish more severe border control regulations in the five-kilometer security zone along the 700-mile Western frontier. [STILL REDACTED],ASSIGNED_FULL,1.0,25,25,1,1,"[""ASSIGNED_FULL""]","[""page_006_006_b1c08bc2f7""]"
CIA-RDP79T00975A002500210001-0:8.2,CIA-RDP79T00975A002500210001-0,"April 18, 1956",partly,a paragraph,False,"General Thimmayya, former chairman of the Neutral Nations Repatriation Commission in Korea and now commander of the Southern District of the Indian army, is convinced that war with Pakistan over Kashmir is inevitable in late 1957 or early 1958 [STILL REDACTED]",ASSIGNED_FULL,1.0,41,41,1,1,"[""ASSIGNED_FULL""]","[""page_008_008_8bc7f46c3a""]"
CIA-RDP79T00975A002500210001-0:9.0,CIA-RDP79T00975A002500210001-0,"April 18, 1956",partly,a paragraph,False,"Press [STILL REDACTED] 25 Egyptian-directed terrorists were recently returned from Jordan to Cairo in an Arab Legion aircraft following completion of missions in Israel. [STILL REDACTED] Cairo instructed the Egyptian arms mission in Prague to increase the number of four-wheel drive military trucks under an existing contract to 500 each of the 5-ton ZIS-151 and the 2-ton GAZ-63, and added that it required 60 ambulances as well. [STILL REDACTED]",ASSIGNED_FULL,1.0,62,62,1,1,"[""ASSIGNED_FULL""]","[""page_009_009_9b25d2e60d""]"
CIA-RDP79T00975A002500220001-9:7.0,CIA-RDP79T00975A002500220001-9,"April 19, 1956",partly,a paragraph,False,"[STILL REDACTED] The Egyptian Revolutionary Command Council and chiefs of staff reportedly decided [STILL REDACTED] that Egypt would not provoke war with Israel ""for at least two or three months."" [STILL REDACTED] The reasons given were that Egyptian troops were not yet trained in the use of the Soviet equipment, and that the Soviet bloc air mission estimated that it would take five or six months longer to train a sufficient nucleus of pilots and ground staff. [STILL REDACTED]",ASSIGNED_FULL,1.0,71,71,1,1,"[""ASSIGNED_FULL""]","[""page_007_007_4c151e14b9""]"
CIA-RDP79T00975A002500220001-9:7.1+8.0,CIA-RDP79T00975A002500220001-9,"April 19, 1956",partly,a paragraph,True,"[STILL REDACTED] Since 1 April, Syrian army units along the Israeli border have been organizing patrols for infiltration of Israel for reconnaissance and harassing operations [STILL REDACTED] The officers asking for volunteers cited the need to emulate the Egyptian operations for the purpose of troop morale. [STILL REDACTED] as of 17 April Syrian troops on the Israeli border still had orders to fire immediately should the Israelis attempt to resume their Jordan River water diversion project in the demilitarized zone. [STILL REDACTED]",ASSIGNED_FULL,0.987013,76,77,2,2,"[""ASSIGNED_FULL"", ""ASSIGNED_FULL""]","[""page_007_007_4c151e14b9"", ""page_008_008_2258224c28""]"
CIA-RDP79T00975A002500240001-7:7.1,CIA-RDP79T00975A002500240001-7,"April 21, 1956",partly,a paragraph,False,A Yemeni delegation headed by Imam Ahmad is meeting with King Saud and Egyptian prime minister Nasr in Riyadh to sign Saudi-Yemeni and Egyptian-Yemeni military treaties. [STILL REDACTED] Lebanon and Syria are under strong pressure from Saudi Arabia and Egypt to finalize a Lebanese-Syrian military pact which the two countries have intermittently discussed without reaching an agreement for the past five months. [STILL REDACTED],ASSIGNED_FULL,1.0,57,57,1,1,"[""ASSIGNED_FULL""]","[""page_007_009_6165cbb7cd""]"
CIA-RDP79T00975A002500250001-6:8.0,CIA-RDP79T00975A002500250001-6,"April 22, 1956",partly,a paragraph,False,"Comment It is clear [STILL REDACTED] that as recently as 7 April Tubman personally favored sending Liberian emissaries to Moscow and was certain that the USSR would not secure any benefit from such a visit because of Liberia's ""avid"" opposition to Communism. [STILL REDACTED]",ASSIGNED_FULL,1.0,40,40,1,1,"[""ASSIGNED_FULL""]","[""page_008_008_7a57d0b12a""]"
CIA-RDP79T00975A002500290001-2:9.1,CIA-RDP79T00975A002500290001-2,"April 27, 1956",partly,a few words,False,[STILL REDACTED] the recent,ASSIGNED_FULL,1.0,1,1,1,1,"[""ASSIGNED_FULL""]","[""page_009_009_09c2652435""]"
CIA-RDP79T00975A002500290001-2:9.2,CIA-RDP79T00975A002500290001-2,"April 27, 1956",partly,a few words,False,der Egyptian direction. [STILL REDACTED],ASSIGNED_FULL,1.0,3,3,1,1,"[""ASSIGNED_FULL""]","[""page_009_009_09c2652435""]"
CIA-RDP79T00975A002500330001-7:4.0,CIA-RDP79T00975A002500330001-7,"May 2, 1956",partly,about a sentence,False,The British have maintained publicly that negotiations cannot be resumed until terrorism on Cyprus has been suppressed. [STILL REDACTED],ASSIGNED_FULL,1.0,17,17,1,1,"[""ASSIGNED_FULL""]","[""page_004_004_df7a929eec""]"
CIA-RDP79T00975A002500340001-6:11.1,CIA-RDP79T00975A002500340001-6,"May 3, 1956",partly,a paragraph,False,[STILL REDACTED] Greece has granted permission to the Egyptian government for overflight of Greek territory by about 20 Soviet-made IL-14 piston-engined transports. The planes are to have Egyptian markings and are to be flown by Egyptian crews. [STILL REDACTED] the first group of ten IL-14's would be ready for delivery as soon as Egyptian flight crews had received the necessary two-week training. Delivery of these ten can thus be expected at any time. [STILL REDACTED],ASSIGNED_FULL,1.0,64,64,1,1,"[""ASSIGNED_FULL""]","[""page_011_012_66a8b307c0""]"
CIA-RDP79T00975A002500370001-3:10.0,CIA-RDP79T00975A002500370001-3,"May 6, 1956",partly,a paragraph,False,"According to this unconfirmed report, the Egyptian army chief of staff will visit Jordan at the end of May to discuss implementation of the agreement. [STILL REDACTED] the Egyptian air force is now conducting radar bombing practice with its IL-28 jet bombers. Difficulty in target identification by radar reportedly resulted in bombs being dropped dangerously close to the Egyptian rocket testing installation south of Cairo. [STILL REDACTED] The Jordanian military mission which visited Egypt will also visit Saudi Arabia, [STILL REDACTED]",ASSIGNED_FULL,1.0,80,80,1,1,"[""ASSIGNED_FULL""]","[""page_010_010_2112304518""]"
CIA-RDP79T00975A002500410001-8:11.0,CIA-RDP79T00975A002500410001-8,"May 11, 1956",partly,a paragraph,False,"Comment on: Reports that Cho Pong-am, President Rhee's remaining opponent in South Korea's presidential race, has gone into hiding for fear of assassination reflect increasing tension in South Korea prior to the 15 May presidential elections. [STILL REDACTED]",ASSIGNED_FULL,1.0,34,34,1,1,"[""ASSIGNED_FULL""]","[""page_011_012_f7eee5e1e4""]"
CIA-RDP79T00975A002500550001-3:14.0,CIA-RDP79T00975A002500550001-3,"May 27, 1956",partly,about a sentence,False,"The announcement did not indicate the purpose of the road blocks, but Israel has closed roads in the past for military movements and maneuvers. [STILL REDACTED]",ASSIGNED_FULL,1.0,23,23,1,1,"[""ASSIGNED_FULL""]","[""page_014_015_cd1b15ef8f""]"
CIA-RDP79T00975A002600030001-9:6.0,CIA-RDP79T00975A002600030001-9,"June 1, 1956",fully,a paragraph,False,"There continue to be at least six Chinese armies stationed in North and Northeast China. Troop strength in North Korea is estimated at about 650,000, of which 300,000 are Chinese Communists. UN and South Korean ground forces total approximately 700,000. The North Korean air force, which includes 230 jet fighters and 65 jet light bombers, is far superior to the South Korean air force.",ASSIGNED_FULL,1.0,63,63,1,1,"[""ASSIGNED_FULL""]","[""page_006_006_5130e7e87e""]"
CIA-RDP79T00975A002600030001-9:12.0,CIA-RDP79T00975A002600030001-9,"June 1, 1956",partly,a paragraph,False,"[STILL REDACTED] the Soviet merchant ship Kaliningrad between 19 and 25 May discharged at Alexandria 120 artillery pieces, ""each with a 20-foot barrel with a muzzle brake and rounded shield""; two crated MIG's and cases of spare parts. Prior to its arrival in Alexandria, the Kaliningrad unloaded a shipment of arms for Syria at the Syrian port of Latakia. [STILL REDACTED]",ASSIGNED_FULL,1.0,61,61,1,1,"[""ASSIGNED_FULL""]","[""page_012_012_25c18403a4""]"
CIA-RDP79T00975A002600070001-5:6.1,CIA-RDP79T00975A002600070001-5,"June 6, 1956",fully,about a sentence,False,Wehner is a freewheeling left-wing Socialist whose ideas on reunification are much more radical than his party's.,ASSIGNED_FULL,1.0,16,16,1,1,"[""ASSIGNED_FULL""]","[""page_006_006_48b824a795""]"
CIA-RDP79T00975A002600080001-4:12.2,CIA-RDP79T00975A002600080001-4,"June 7, 1956",partly,about a sentence,False,These are probably the two Skoryy-class destroyers recently reported as having left the Baltic and believed heading for Egypt. [STILL REDACTED],ASSIGNED_FULL,1.0,19,19,1,1,"[""ASSIGNED_FULL""]","[""page_012_014_2f3a668a25""]"
CIA-RDP79T00975A002600100001-1:4.0,CIA-RDP79T00975A002600100001-1,"June 9, 1956",partly,about a sentence,False,"A year ago, when arms negotiations between Egypt and the West were faltering, Shepilov negotiated the Czech arms deal in Cairo. [STILL REDACTED] Concurred in by ORR",ASSIGNED_FULL,1.0,24,24,1,1,"[""ASSIGNED_FULL""]","[""page_004_004_7894dde330""]"
CIA-RDP79T00975A002600110001-0:10.0,CIA-RDP79T00975A002600110001-0,"June 10, 1956",fully,a paragraph,False,"General Valle was reported in mid-May planning a rebellion--possibly in two stages and including high army officers on active duty--which had objectives similar to those cited in the rebel manifesto. The manifesto called for immediate release of all political and trade union prisoners, returning control of the trade unions to the workers, measures to fight ""the enormous price increases,"" and general elections within 180 days with no political party excluded.",ASSIGNED_FULL,1.0,71,71,1,1,"[""ASSIGNED_FULL""]","[""page_010_010_b3c6dd255e""]"
CIA-RDP79T00975A002600140001-7:7.0,CIA-RDP79T00975A002600140001-7,"June 14, 1956",fully,part of a sentence,False,Air photos of the past 10 days appear to confirm previous estimates that,ASSIGNED_FULL,1.0,13,13,1,1,"[""ASSIGNED_FULL""]","[""page_007_010_c8b41f5897""]"
CIA-RDP79T00975A002600170001-4:7.0,CIA-RDP79T00975A002600170001-4,"June 17, 1956",fully,about a sentence,False,"Letters from a number of prisoners, including one of the two just released from jail, have indicated that",ASSIGNED_FULL,1.0,19,19,1,1,"[""ASSIGNED_FULL""]","[""page_007_007_0aa7f71512""]"
CIA-RDP79T00975A002600180001-3:5.0,CIA-RDP79T00975A002600180001-3,"June 19, 1956",partly,about a sentence,False,"[STILL REDACTED] France's willingness to open negotiations with Peiping for an exchange of commercial representatives was a ""first step"" toward resumption of diplomatic relations.",ASSIGNED_FULL,1.0,18,18,1,1,"[""ASSIGNED_FULL""]","[""page_005_005_9ff0dd6210""]"
CIA-RDP79T00975A002600180001-3:6.0,CIA-RDP79T00975A002600180001-3,"June 19, 1956",fully,a paragraph,False,"Premier Ba Swe and Minister of the National Economy Kyaw Nyein are reportedly determined to eliminate Nu in the interest of preserving Socialist influence. They are even said to be considering the possibility of bringing him before a court on charges of undermining Burma's economy, particularly as a result of the ""disastrous"" barter agreements he promoted with the Communist bloc.",ASSIGNED_FULL,0.983871,61,62,1,1,"[""ASSIGNED_FULL""]","[""page_006_006_2aebcb503d""]"
CIA-RDP79T00975A002600190001-2:5.0,CIA-RDP79T00975A002600190001-2,"June 20, 1956",partly,a paragraph,False,"[STILL REDACTED] India has signed a contract for about 100 French Mystere fighter planes, [STILL REDACTED] in the Indian air force. [STILL REDACTED] India will also sign a contract with Britain for the delivery of 30 Gnat fighters and for construction of Gnats in India under license.",ASSIGNED_FULL,1.0,41,41,1,1,"[""ASSIGNED_FULL""]","[""page_005_005_0ccbbc4a57""]"
CIA-RDP79T00975A002600230001-7:5.0,CIA-RDP79T00975A002600230001-7,"June 24, 1956",partly,about a sentence,False,"Many [STILL REDACTED] ranging from Socialist Party to conservative deputies, strongly oppose actions which might weaken ties between France and NATO and especially with the United States and Britain.",ASSIGNED_FULL,1.0,27,27,1,1,"[""ASSIGNED_FULL""]","[""page_005_005_f45bc8d2a8""]"
CIA-RDP79T00975A002600270001-3:6.0,CIA-RDP79T00975A002600270001-3,"June 29, 1956",partly,a paragraph,False,"Shepilov, [STILL REDACTED] made generous offers of economic aid, arms and increased trade and pressed for a Soviet-Lebanese cultural agreement. However, none of the offers was specific. Lebanese officials, bolstered by the recent announcement of American aid, adopted a noncommittal attitude and agreed only to study the proposals. [STILL REDACTED]",ASSIGNED_FULL,1.0,46,46,1,1,"[""ASSIGNED_FULL""]","[""page_006_006_f174ebbf8c""]"
CIA-RDP79T00975A002600270001-3:13.0,CIA-RDP79T00975A002600270001-3,"June 29, 1956",partly,about a sentence,False,[STILL REDACTED] it urged American petroleum company officials not to grant wage rises to striking petroleum workers and assured the company of firm support against the wage demands. [STILL REDACTED],ASSIGNED_FULL,1.0,20,20,1,1,"[""ASSIGNED_FULL""]","[""page_013_013_9a53d89de9""]"
CIA-RDP79T00975A002600290001-1:7.0,CIA-RDP79T00975A002600290001-1,"July 1, 1956",fully,part of a sentence,False,"principal ""wild men"" who were",ASSIGNED_FULL,1.0,5,5,1,1,"[""ASSIGNED_FULL""]","[""page_007_007_23caab96b6""]"
CIA-RDP79T00975A002600300001-9:7.0,CIA-RDP79T00975A002600300001-9,"July 3, 1956",partly,a paragraph,False,"In East Germany, provincial party units were ordered [STILL REDACTED] to report on the prevailing attitudes and reactions regarding the riots in Poznan. The instructions emphasized the importance of estimating the attitude of the populace and detecting any ""deviations among comrades and workers."" [STILL REDACTED] while it is not yet possible to evaluate the entire situation, most workers ""correctly recognize fascist provocation for what it is."" A few workers, however, had expressed the opinion the Polish uprising was justified and that it would sweep through Czechoslovakia and into East Germany.",ASSIGNED_FULL,0.988764,88,89,1,1,"[""ASSIGNED_FULL""]","[""page_007_007_69d24dbe1c""]"
CIA-RDP79T00975A002600310001-8:10.0,CIA-RDP79T00975A002600310001-8,"July 4, 1956",partly,a paragraph,False,"[STILL REDACTED] It is not yet known whether Badr was successful in getting arms or in persuading the USSR to prospect for oil on the Kamaran Islands, which are now claimed by both Britain and Yemen. [STILL REDACTED]",ASSIGNED_FULL,1.0,33,33,1,1,"[""ASSIGNED_FULL""]","[""page_010_010_2b70e280f1""]"
CIA-RDP79T00975A002600420001-6:4.0,CIA-RDP79T00975A002600420001-6,"July 18, 1956",fully,part of a sentence,False,"The Saudis have asked $50,000,000 a year--or the equivalent in arms--for a new five-year agreement.",ASSIGNED_FULL,1.0,16,16,1,1,"[""ASSIGNED_FULL""]","[""page_004_004_8900eab2e2""]"
CIA-RDP79T00975A002600470001-1:8.0,CIA-RDP79T00975A002600470001-1,"July 24, 1956",partly,a paragraph,False,"(Press) The death of Lt. Col. Mustafa, Egyptian military attaché in Jordan and director of terrorist activity against Israel from Jordan, moved the Cairo press to call for revenge. Although evidence remains circumstantial, Egypt considers Israel responsible for the recent killing of Egyptian terrorist leaders with bombs sent in parcels through the mail. [STILL REDACTED]",ASSIGNED_FULL,1.0,54,54,1,1,"[""ASSIGNED_FULL""]","[""page_008_009_b215cc6a1e""]"
CIA-RDP79T00975A002600520001-4:8.1,CIA-RDP79T00975A002600520001-4,"July 29, 1956",fully,part of a sentence,False,a previously reported British estimate,ASSIGNED_FULL,1.0,5,5,1,1,"[""ASSIGNED_FULL""]","[""page_008_008_8f4b601b00""]"
CIA-RDP79T00975A002600550001-2:8.0,CIA-RDP79T00975A002600550001-2,"August 2, 1956",partly,a paragraph,False,[STILL REDACTED] there was no sign of similar disturbances elsewhere in the country. [STILL REDACTED] planned attacks in San Pedro Sula and Puerto Cortes on the north coast. Honduran foreign minister Mendoza is reported to have said that the rebel group was comprised of supporters of Liberal party chief Villeda Morales. He also stated that ex-dictator Carias was not involved and that a group of his followers had offered Chief of State Lozano their complete support.,ASSIGNED_FULL,1.0,73,73,1,1,"[""ASSIGNED_FULL""]","[""page_008_008_316622b921""]"
CIA-RDP79T00975A002700210001-8:7.0,CIA-RDP79T00975A002700210001-8,"September 1, 1956",fully,a paragraph,False,"Comment The first in the current series of Soviet nuclear tests occurred on 24 August at Semipalatinsk and produced a yield of approximately 100 kilotons. The estimated yield of the most recent test probably falls in the range of 500 to 1,000 kilotons. Three previous tests during February and March of this year all produced yields of less than 30 kilotons.",ASSIGNED_FULL,1.0,61,61,1,1,"[""ASSIGNED_FULL""]","[""page_007_008_49dae24395""]"
CIA-RDP79T00975A002700210001-8:9.0,CIA-RDP79T00975A002700210001-8,"September 1, 1956",partly,about a sentence,False,"[STILL REDACTED] the Indonesians had refused to be stampeded into signing an aid agreement with the USSR, and were holding out for restrictions which would severely circumscribe Soviet activities.",ASSIGNED_FULL,1.0,31,31,1,1,"[""ASSIGNED_FULL""]","[""page_009_011_f1e213b194""]"
CIA-RDP79T00975A002700220001-7:6.0,CIA-RDP79T00975A002700220001-7,"September 3, 1956",partly,part of a sentence,False,"[STILL REDACTED] a plenum scheduled for ""sometime in June"" had been postponed.",ASSIGNED_FULL,1.0,10,10,1,1,"[""ASSIGNED_FULL""]","[""page_006_008_8a4bfac696""]"
CIA-RDP79T00975A002700240001-5:7.0,CIA-RDP79T00975A002700240001-5,"September 7, 1956",fully,about a sentence,False,"On 30 August Lebanese army units were reportedly instructed to ""stand by"" because of government fears that the Suez Canal dispute might instigate local strife between Christians and Moslems.",ASSIGNED_FULL,1.0,30,30,1,1,"[""ASSIGNED_FULL""]","[""page_007_007_81f0eb9521""]"
CIA-RDP79T00975A002700250001-4:6.0,CIA-RDP79T00975A002700250001-4,"September 6, 1956",partly,a paragraph,False,"Representatives of the union, the university students' strike committee, and opposition leaders--including two former presidents--met and decided on 4 September to co-operate in a joint strike program and to attack the Panama National Guard headquarters and other public buildings. [STILL REDACTED] the student leaders obtained a promise from the others at the meeting for support in demonstrations against the American embassy, ""including possible violence."" These actions are allegedly planned for sometime between 5 and 12 September. The students' strike committee has numerous leftist and Communist members, [STILL REDACTED]",ASSIGNED_FULL,1.0,69,69,1,1,"[""ASSIGNED_FULL""]","[""page_006_008_f780953951""]"
CIA-RDP79T00975A002700250001-4:10.0,CIA-RDP79T00975A002700250001-4,"September 6, 1956",partly,a paragraph,False,"[STILL REDACTED] 3. [STILL REDACTED] Mao Tse-tung told the Laotians that, although Communist China desired to negotiate with Chiang Kai-shek, it was in no hurry. This playing down of the urgency of the Taiwan problem is in contrast to former Chinese Communist statements which stressed the ""inevitable"" early ""liberation of Taiwan."" [STILL REDACTED]",ASSIGNED_FULL,1.0,47,47,1,1,"[""ASSIGNED_FULL""]","[""page_010_012_69c8aa3707""]"
CIA-RDP79T00975A002700270001-2:6.0,CIA-RDP79T00975A002700270001-2,"September 9, 1956",fully,about a sentence,False,"according to the American army attaché in Buenos Aires. He predicts ""trouble"" in several provinces by 11 September,",ASSIGNED_FULL,1.0,18,18,1,1,"[""ASSIGNED_FULL""]","[""page_006_010_ccaa5a51d1""]"
CIA-RDP79T00975A002700320001-6:17.0,CIA-RDP79T00975A002700320001-6,"September 15, 1956",partly,a paragraph,False,"Press [STILL REDACTED] the bulk of the Jordanian army has moved in recent days into West Jordan and that there is always a possibility that the Jordanian army ""will take matters into its own hands, causing a major action."" [STILL REDACTED] nly limited and sporadic retaliation for the recent Israeli attacks in the form of fedayeen terrorist activity. [STILL REDACTED] there were no signs of a large-scale mobilization of Israeli forces, but that very heavy concentrations of Israeli troops had been observed in the Beersheba area. [STILL REDACTED]",ASSIGNED_FULL,0.989583,95,96,1,1,"[""ASSIGNED_FULL""]","[""page_017_018_f68a8a4f04""]"
CIA-RDP79T00975A002700440001-3:5.0,CIA-RDP79T00975A002700440001-3,"September 28, 1956",partly,a paragraph,False,[STILL REDACTED] Tito proposed such an organization when he was in Moscow in June but was turned down by Khrushchev. A sticking-point might have been a desire by Tito to include non-Communist Socialist parties.,ASSIGNED_FULL,1.0,33,33,1,1,"[""ASSIGNED_FULL""]","[""page_005_006_6d994dc547""]"
CIA-RDP79T00975A002700450001-2:8.0,CIA-RDP79T00975A002700450001-2,"September 29, 1956",fully,a paragraph,False,"On 5 September, the president told his staff that if the opposition continues to collaborate with the ""Japanese and Communists,"" the government will have to take action. He added that Chang ""must pay the price one way or another.""",ASSIGNED_FULL,1.0,39,39,1,1,"[""ASSIGNED_FULL""]","[""page_008_008_b6ecdb76b9""]"
CIA-RDP79T00975A002700490001-8:5.0,CIA-RDP79T00975A002700490001-8,"October 4, 1956",fully,a paragraph,False,"Comment Britain is probably assisting Iraq to strengthen its influence in Jordan in order to be in a position to profit from an eventual partition of Jordan and to strengthen Iraq as a counterweight to Egypt. In addition to recent diplomatic moves aimed at promoting the proposed Iraqi troop movement, the British are evidently active in Jordan itself on Iraq's behalf.",ASSIGNED_FULL,1.0,62,62,1,1,"[""ASSIGNED_FULL""]","[""page_005_005_28290369b3""]"
CIA-RDP79T00975A002700520001-4:5.0,CIA-RDP79T00975A002700520001-4,"October 9, 1956",fully,a paragraph,False,"He reports that an Israeli infantry brigade was mobilized on the night of 4-5 October, that an artillery battalion left for an unknown destination on 7 October, that troops were headed north by train on the same date, that an armored brigade was mobilizing and tanks were being removed from storage on the 8th.",ASSIGNED_FULL,1.0,53,53,1,1,"[""ASSIGNED_FULL""]","[""page_005_005_244f5f3bca""]"
CIA-RDP79T00975A002700530001-3:7.0,CIA-RDP79T00975A002700530001-3,"October 10, 1956",fully,part of a sentence,False,of at least five brigades.,ASSIGNED_FULL,1.0,5,5,1,1,"[""ASSIGNED_FULL""]","[""page_007_007_e61baffab1""]"
CIA-RDP79T00975A002700580001-8:11.0,CIA-RDP79T00975A002700580001-8,"October 16, 1956",partly,about a sentence,False,"[STILL REDACTED] The Israeli high command, according to Colonel Neeman, is aware that a planning team has been preparing plans for the possible introduction of Syrian forces into",ASSIGNED_FULL,1.0,26,26,1,1,"[""ASSIGNED_FULL""]","[""page_011_011_31a4e0e0d8""]"
CIA-RDP79T00975A002700590001-7:10.0,CIA-RDP79T00975A002700590001-7,"October 17, 1956",partly,a paragraph,False,. [STILL REDACTED] reports that the Israeli defense force has obviously changed its mobilization procedure and that observation of military movements has become more difficult. [STILL REDACTED] some movement of tools and materials to north Israel was noted on 13-14 October.,ASSIGNED_FULL,1.0,38,38,1,1,"[""ASSIGNED_FULL""]","[""page_010_011_9a8d1d5199""]"
CIA-RDP79T00975A002700610001-4:5.0,CIA-RDP79T00975A002700610001-4,"October 18, 1956",partly,a paragraph,False,"[STILL REDACTED] the USSR will withdraw its troops from Hungary before the end of this year, and that unspecified Soviet conditions for such a withdrawal have been accepted by Hungary, [STILL REDACTED] Soviet forces allegedly have begun to crate equipment and make other preparations for departure. A Hungarian official reportedly has stated that the USSR intends to retain only two ""military bases"" in Hungary. [STILL REDACTED]",ASSIGNED_FULL,1.0,64,64,1,1,"[""ASSIGNED_FULL""]","[""page_005_005_c43b9f75f9""]"
CIA-RDP79T00975A002800060001-4:12.0,CIA-RDP79T00975A002800060001-4,"October 26, 1956",fully,a paragraph,False,A Lebanese approach to King Saud is likely only to increase his suspicions that Chamoun is a Western tool. Saud almost certainly would refuse to join any pro-Western bloc at least until his disputes with Britain were settled to his satisfaction.,ASSIGNED_FULL,1.0,41,41,1,1,"[""ASSIGNED_FULL""]","[""page_012_012_fd88b5ee4f""]"
CIA-RDP79T00975A002800070001-3:5.0,CIA-RDP79T00975A002800070001-3,"October 27, 1956",partly,about a sentence,False,[STILL REDACTED] all Israeli military units are on a standby alert. Mobilization of personnel has been sufficient to curtail industrial activity.,ASSIGNED_FULL,1.0,21,21,1,1,"[""ASSIGNED_FULL""]","[""page_005_006_0a689e20e8""]"
CIA-RDP79T00975A002800070001-3:7.0,CIA-RDP79T00975A002800070001-3,"October 27, 1956",partly,a paragraph,False,[STILL REDACTED] The reported Druze role is to neutralize Syrian army units in that area. [STILL REDACTED] Iraqi agents are in contact with elements of the rightist Syrian Social Nationalist Party and certain conservative Syrian politicians.,ASSIGNED_FULL,1.0,35,35,1,1,"[""ASSIGNED_FULL""]","[""page_007_008_aaccdf7d32""]"
CIA-RDP79T00975A002800070001-3:7.1,CIA-RDP79T00975A002800070001-3,"October 27, 1956",fully,part of a sentence,False,French agents and Syrian leftists have also been reported in contact with the Druze.,ASSIGNED_FULL,1.0,14,14,1,1,"[""ASSIGNED_FULL""]","[""page_007_008_aaccdf7d32""]"
CIA-RDP79T00975A002800070001-3:12.0,CIA-RDP79T00975A002800070001-3,"October 27, 1956",partly,about a sentence,False,[STILL REDACTED] there is a movement of significant proportions to unseat President Rojas. The leaders of the present movement are not identified. Any substitute military regime would probably continue to be pro-US.,ASSIGNED_FULL,1.0,31,31,1,1,"[""ASSIGNED_FULL""]","[""page_012_013_d1fd950a5f""]"
CIA-RDP79T00975A002800080001-2:6.0,CIA-RDP79T00975A002800080001-2,"October 28, 1956",partly,a paragraph,False,"Iraqi interest in supporting a rightist coup in Syria is probably also known in Tel Aviv, where it is viewed with strong suspicion. Israel's strong attitude on this point may have caused postponement of an Iraqi-backed antileftist coup in Syria, reportedly originally scheduled for 28 October. [STILL REDACTED] on 28 October that the coup had been postponed for at least 24 hours.",ASSIGNED_FULL,1.0,57,57,1,1,"[""ASSIGNED_FULL""]","[""page_006_007_6f30ab0bcc""]"
CIA-RDP79T00975A002800080001-2:11.0,CIA-RDP79T00975A002800080001-2,"October 28, 1956",partly,a paragraph,False,"[STILL REDACTED] Wladyslaw Gomulka reportedly will ask the USSR for a large-scale, long-term loan before turning to the West, [STILL REDACTED] . If the USSR refuses, Gomulka will make the same request to the West through the International Bank or some similar agency. He will not accept any loan with strings attached, but will guarantee that the loan will not be used for military purposes.",ASSIGNED_FULL,1.0,60,60,1,1,"[""ASSIGNED_FULL""]","[""page_011_012_f5ab5e07a4""]"
CIA-RDP79T00975A002800100001-9:12.0,CIA-RDP79T00975A002800100001-9,"October 31, 1956",fully,a paragraph,False,"Documents captured during raids on pro-Communist labor union headquarters conducted during the riots contain evidence of a Communist conspiracy to overthrow the Singapore government. Political and union leaders who have been arrested will be held at least until the screening of these documents has been completed. In addition, legal technicalities are being exploited to continue the detention of Lim Chin Siong, a member of the Legislative Assembly and probably the colony's leading Communist.",ASSIGNED_FULL,1.0,76,76,1,1,"[""ASSIGNED_FULL""]","[""page_012_017_80d5897caa""]"
CIA-RDP79T00975A002800100001-9:14.0,CIA-RDP79T00975A002800100001-9,"October 31, 1956",partly,a paragraph,False,"[STILL REDACTED] Twenty Mystere jet fighters with what appeared to be French markings have been observed parked at Lod airfield in Israel. Eighteen French jet pilots arrived at Lod via transport aircraft on 30 October, [STILL REDACTED]",ASSIGNED_FULL,1.0,33,33,1,1,"[""ASSIGNED_FULL""]","[""page_014_019_9a29bc5287""]"
CIA-RDP79T00975A002800130001-6:4.0,CIA-RDP79T00975A002800130001-6,"November 3, 1956",partly,part of a sentence,False,[STILL REDACTED] that the USSR is sending heavy Soviet troop reinforcements into Hungary. [STILL REDACTED],ASSIGNED_FULL,1.0,13,13,1,1,"[""ASSIGNED_FULL""]","[""page_004_004_98f50b2314""]"
CIA-RDP79T00975A002800150001-4:10.0,CIA-RDP79T00975A002800150001-4,"November 6, 1956",partly,a paragraph,False,"[STILL REDACTED] Jordan was breaking diplomatic relations with France and ordered its personnel home. A SHAPE report [STILL REDACTED] that 100 or more Soviet jet aircraft are being ferried to Syria or Egypt from the Soviet bloc has not been substantiated [STILL REDACTED] the Jordanian government will permit the entry of ""the greatest number of Arab forces"" including Iraqi, Syrian and Saudi troops. [STILL REDACTED] popular morale in Jordan is high but General Nuwar, the commander of the Jordanian forces, is pessimistic [STILL REDACTED]",ASSIGNED_FULL,1.0,77,77,1,1,"[""ASSIGNED_FULL""]","[""page_010_010_5032016b80""]"
CIA-RDP79T00975A002800150001-4:11.0,CIA-RDP79T00975A002800150001-4,"November 6, 1956",partly,a paragraph,False,"[STILL REDACTED] the Egyptian-Syrian-Jordanian joint military command agreed to commence immediately ""wide-scale"" commando raids on the Syrian and Jordanian fronts. [STILL REDACTED] Commando activities will furnish Israel, if it chooses, the occasion for initiating military action against Jordan and Syria.",ASSIGNED_FULL,1.0,35,35,1,1,"[""ASSIGNED_FULL""]","[""page_011_011_227cbf6164""]"
CIA-RDP79T00975A002800180001-0:4.0,CIA-RDP79T00975A002800180001-0,"November 9, 1956",partly,about a sentence,False,"[STILL REDACTED] reported that 40,000 Israeli troops were already massed on the Jordan-Syrian border ""poised for a sudden attack at any moment. Air reconnaissance over Syria and Jordan has increased recently.""",ASSIGNED_FULL,1.0,29,29,1,1,"[""ASSIGNED_FULL""]","[""page_004_004_a531417697""]"
CIA-RDP79T00975A002800180001-0:9.0,CIA-RDP79T00975A002800180001-0,"November 9, 1956",partly,about a sentence,False,"[STILL REDACTED] location stated that Hungarian soldiers were throwing their weapons away but that the ""population is arming itself and getting prepared.""",ASSIGNED_FULL,1.0,22,22,1,1,"[""ASSIGNED_FULL""]","[""page_009_010_23e7c54aa4""]"
CIA-RDP79T00975A002800180001-0:13.0,CIA-RDP79T00975A002800180001-0,"November 9, 1956",partly,about a sentence,False,[STILL REDACTED] Chou En-lai has asked what sort of material assistance President Nasr needs and how it should be sent. [STILL REDACTED],ASSIGNED_FULL,1.0,17,17,1,1,"[""ASSIGNED_FULL""]","[""page_013_014_83866eab56""]"
CIA-RDP79T00975A002800200001-8:4.0,CIA-RDP79T00975A002800200001-8,"November 12, 1956",partly,part of a sentence,False,[STILL REDACTED] the Saudi government expects the Soviet bloc to buy some of this oil.,ASSIGNED_FULL,1.0,13,13,1,1,"[""ASSIGNED_FULL""]","[""page_004_004_9974ef9526""]"
CIA-RDP79T00975A002800200001-8:9.0+10.0,CIA-RDP79T00975A002800200001-8,"November 12, 1956",partly,a paragraph,True,"[STILL REDACTED] indicated Jordanian government concern that the British subsidy of some $33,000,000 annually might be stopped or that ""the turn of events will force Jordan to refuse it."" [STILL REDACTED] the Soviet military attaché in Damascus, had intimated [STILL REDACTED] the USSR is prepared to pay the subsidy to Jordan which Britain now pays and to arm the national guard. [STILL REDACTED] Egypt, Syria, and Saudi Arabia have previously offered to undertake the support of the Jordanian national guard, and have discussed subsidizing Jordan if it would abrogate the Anglo-Jordanian treaty.",ASSIGNED_FULL,1.0,81,81,2,2,"[""ASSIGNED_FULL"", ""ASSIGNED_FULL""]","[""page_009_009_0256d350d6"", ""page_010_010_00efec2aa5""]"
CIA-RDP79T00975A002800200001-8:11.0,CIA-RDP79T00975A002800200001-8,"November 12, 1956",partly,part of a sentence,False,The virtual cessation of fighting appears to be confirmed [STILL REDACTED],ASSIGNED_FULL,0.857143,6,7,1,1,"[""ASSIGNED_FULL""]","[""page_011_011_77bd424150""]"
CIA-RDP79T00975A002800200001-8:13.0,CIA-RDP79T00975A002800200001-8,"November 12, 1956",partly,about a sentence,False,[STILL REDACTED] no more than 20 percent of Nenni's party will defect to the Communists if his party merges with Saragat's Democratic Socialists. [STILL REDACTED],ASSIGNED_FULL,0.88,22,25,1,1,"[""ASSIGNED_FULL""]","[""page_013_013_dd6868d294""]"
CIA-RDP79T00975A002800260001-2:10.0,CIA-RDP79T00975A002800260001-2,"November 18, 1956",partly,a paragraph,False,"[STILL REDACTED] Comment [STILL REDACTED] an explosion occurred in the vicinity of the Semipalatinsk nuclear weapons proving ground at about 0820Z on 17 November. Preliminary data [STILL REDACTED] the weapon was detonated at an altitude not greater than 10,000 feet. The yield is tentatively estimated to fall within the high kiloton or low megaton range. [STILL REDACTED]",ASSIGNED_FULL,1.0,51,51,1,1,"[""ASSIGNED_FULL""]","[""page_010_010_0f58c9709f""]"
CIA-RDP79T00975A002800310001-6:4.0,CIA-RDP79T00975A002800310001-6,"November 25, 1956",partly,about a sentence,False,"Additionally, on 20 November [STILL REDACTED] the Israeli air force had released those individuals called up for the hostilities in Egypt, and had returned to normal training programs.",ASSIGNED_FULL,1.0,27,27,1,1,"[""ASSIGNED_FULL""]","[""page_004_004_873a4e5aa0""]"
CIA-RDP79T00975A002800310001-6:11.0,CIA-RDP79T00975A002800310001-6,"November 25, 1956",partly,about a sentence,False,", and underlines Chancellor of the Exchequer Macmillan's [STILL REDACTED] statement [STILL REDACTED] that the October losses, which preceded the Anglo-French invasion of Egypt, would be ""as nothing"" compared to those of November.",ASSIGNED_FULL,1.0,30,30,1,1,"[""ASSIGNED_FULL""]","[""page_011_011_88811867e6""]"
CIA-RDP79T00975A002800320001-5:9.0,CIA-RDP79T00975A002800320001-5,"November 27, 1956",partly,a paragraph,False,"[STILL REDACTED] the president is pleased with the success of the army centralization program, since he can now contemplate a ""compact army"" with which to ""reduce the importance of political parties."" [STILL REDACTED] Sukarno might be considering the use of the army to establish himself as a dictator.",ASSIGNED_FULL,1.0,45,45,1,1,"[""ASSIGNED_FULL""]","[""page_009_009_8f6a5868cb""]"
CIA-RDP79T00975A002800350001-2:5.0,CIA-RDP79T00975A002800350001-2,"November 30, 1956",fully,about a sentence,False,reportedly told a secret session of parliament on 26 November that he preferred to add new members to his cabinet rather than resign. Asali,ASSIGNED_FULL,1.0,26,26,1,1,"[""ASSIGNED_FULL""]","[""page_005_005_05e0ea9962""]"
CIA-RDP79T00975A002800360001-1:8.0,CIA-RDP79T00975A002800360001-1,"December 1, 1956",partly,a paragraph,False,"The Santiago outbreak may be related to a revolution which [STILL REDACTED] is to begin on 4 December at strategic Camp Columbia in Havana and involve simultaneous uprisings throughout the island. [STILL REDACTED] all insurrection groups, united under Castro, were well organized and had sufficient arms; he added that the conspiracy included elements in the navy, the police, and the military at an army post in Havana. Planes and additional men and arms were expected from Mexico, Haiti, and the Dominican Republic and Costa Rica.",ASSIGNED_FULL,1.0,81,81,1,1,"[""ASSIGNED_FULL""]","[""page_008_009_d39d17ff6e""]"
CIA-RDP79T00975A002800380001-9:7.0,CIA-RDP79T00975A002800380001-9,"December 4, 1956",fully,about a sentence,False,"The minister reports that the Yugoslav ambassador in Bulgaria estimates the number arrested at 1,200, with 300 of these in Sofia.",ASSIGNED_FULL,1.0,21,21,1,1,"[""ASSIGNED_FULL""]","[""page_007_010_077d962579""]"
CIA-RDP79T00975A002800470001-9:11.0,CIA-RDP79T00975A002800470001-9,"December 14, 1956",partly,about a sentence,False,"Nu [STILL REDACTED] stated [STILL REDACTED] that he could work better as prime minister if supported by a more all-embracing coalition which would attract ""disillusioned"" members of the pro-Communist opposition.",ASSIGNED_FULL,1.0,27,27,1,1,"[""ASSIGNED_FULL""]","[""page_011_013_f3f2ee5212""]"
CIA-RDP79T00975A002900030001-6:8.0,CIA-RDP79T00975A002900030001-6,"December 18, 1956",fully,a paragraph,False,"Following discussions with Lennox-Boyd on 14 December, Greek government leaders agreed unanimously to reject the constitution because it made no provision for self-determination and did not offer real self-government, since many powers were reserved to the British governor.",ASSIGNED_FULL,1.0,40,40,1,1,"[""ASSIGNED_FULL""]","[""page_008_008_87f3294570""]"
CIA-RDP79T00975A002900060001-3:8.1,CIA-RDP79T00975A002900060001-3,"December 21, 1956",partly,a paragraph,False,"There have been indications of increasing co-operation between Sukarno and Nasution. [STILL REDACTED] have recently intimated that when Sukarno returned from his vacation this week he would initiate a series of actions, with Nasution's support, to enhance his personal control over the government.",ASSIGNED_FULL,1.0,41,41,1,1,"[""ASSIGNED_FULL""]","[""page_008_009_f9679c6624""]"
CIA-RDP79T00975A002900060001-3:9.1,CIA-RDP79T00975A002900060001-3,"December 21, 1956",partly,a paragraph,False,"[STILL REDACTED] reports from Djakarta suggest that agreement has already been reached with the USSR for the supply of a large number of jeeps. [STILL REDACTED] an initial shipment of 550 will arrive in March 1957, with 5,000 others scheduled for later in the year. The Soviet [STILL REDACTED] long-term credit had been agreed on to permit Indonesian arms purchases.",ASSIGNED_FULL,1.0,56,56,1,1,"[""ASSIGNED_FULL""]","[""page_009_010_90ac4607cb""]"
CIA-RDP79T00975A002900070001-2:5.1,CIA-RDP79T00975A002900070001-2,"December 22, 1956",partly,a paragraph,False,"Mario Torres, influential labor leader of the Bolivian Worker Central (COB), made an urgent visit to a mining district on 20 December in an effort to quell labor violence in protest against the program, [STILL REDACTED] Torres telegraphed labor militia units in the mining districts on 19 December that the program was a ""criminal act"" forced upon them by the US head of the stabilization council. The COB leaders reportedly were scheduled to meet in La Paz on 21 December, apparently to discuss the future attitude of the organization toward the program.",ASSIGNED_FULL,1.0,93,93,1,1,"[""ASSIGNED_FULL""]","[""page_005_005_609f735555""]"
CIA-RDP79T00975A002900130001-5:4.0,CIA-RDP79T00975A002900130001-5,"December 30, 1956",partly,a paragraph,False,"Indications that the rebels intend to step up their terrorist acts, including indiscriminate street bombings and selected political assassinations, have been noted [STILL REDACTED] Two members of the Algiers diplomatic corps were reportedly warned by rebel contacts recently to remain at home on 31 December and 1 January.",ASSIGNED_FULL,1.0,48,48,1,1,"[""ASSIGNED_FULL""]","[""page_004_004_c194ec43eb""]"
CIA-RDP79T00975A002900270001-0:6.1,CIA-RDP79T00975A002900270001-0,"January 17, 1957",partly,a paragraph,False,"In the face of the Djakarta government's delaying tactics and political promises, Colonel Simbolon, the rebel commander in North Sumatra, and Lt. Col. Hussein, successful coup leader in Central Sumatra, are organizing and arming a guerrilla force of 1,000 men, [STILL REDACTED] They will resort to force, however, only if Djakarta continues to refuse their political demands. These are the resignation of the Ali cabinet, more autonomy for Sumatra, and the establishment of six provinces there. [STILL REDACTED]",ASSIGNED_FULL,1.0,81,81,1,1,"[""ASSIGNED_FULL""]","[""page_006_006_7b388964a7""]"
CIA-RDP79T00975A002900310001-5:3.1,CIA-RDP79T00975A002900310001-5,"January 22, 1957",fully,a paragraph,False,and by the Catholic Church. Support by the church was probably also decisive in persuading a large majority of voters--reportedly between 60 and 70 percent--to heed a last-minute plea by Gomulka to vote the straight ticket without deleting names of regime-favored candidates.,ASSIGNED_FULL,1.0,42,42,1,1,"[""ASSIGNED_FULL""]","[""page_003_004_8b0e260c3f""]"
CIA-RDP79T00975A002900330001-3:4.0,CIA-RDP79T00975A002900330001-3,"January 24, 1957",partly,about a sentence,False,"At this rate of delivery, essentially all of the Soviet arms contracted for in November 1956 ($25,000,000 worth) will be delivered during the first quarter of 1957. [STILL REDACTED]",ASSIGNED_FULL,1.0,31,31,1,1,"[""ASSIGNED_FULL""]","[""page_004_004_484e6de910""]"
CIA-RDP79T00975A002900360001-0:4.0,CIA-RDP79T00975A002900360001-0,"January 27, 1957",fully,a paragraph,False,"Comment This information supports other reports that the rebels intend to promote widespread violence throughout Algeria when the General Assembly's political committee takes up the Algerian item, probably this week. Any success the rebels achieve is likely to prolong and exacerbate the UN discussions and reduce prospects of terminating them without a French ""walkout.""",ASSIGNED_FULL,1.0,57,57,1,1,"[""ASSIGNED_FULL""]","[""page_004_004_5f314151b5""]"
CIA-RDP79T00975A002900370001-9:4.0,CIA-RDP79T00975A002900370001-9,"January 30, 1957",partly,about a sentence,False,"Comment on: [STILL REDACTED] The Indian army is ""fully mobilized"" against the threat of Pakistani military action in Kashmir, [STILL REDACTED] the Indian army will strike only if Pakistan initiates hostilities.",ASSIGNED_FULL,1.0,32,32,1,1,"[""ASSIGNED_FULL""]","[""page_004_004_e4c0de2d83""]"
CIA-RDP79T00975A002900400001-5:5.0,CIA-RDP79T00975A002900400001-5,"February 1, 1957",partly,a paragraph,False,"[STILL REDACTED] Soviet boats unloaded 200,000 rifles, 180 artillery pieces, and 18,000 cases of ammunition at Afghan entry ports on the Oxus River on 30 October and 5 November 1956, [STILL REDACTED] 45 Soviet jets, 30 piston aircraft, and two helicopters are at Mazar-i-Sharif, and that 50 Afghan pilots are being trained there by six Russians. [STILL REDACTED] only half the arms promised to Afghanistan by the USSR have been delivered. [STILL REDACTED]",ASSIGNED_FULL,1.0,69,69,1,1,"[""ASSIGNED_FULL""]","[""page_005_006_ac9cc3cec1""]"
CIA-RDP79T00975A002900400001-5:5.2,CIA-RDP79T00975A002900400001-5,"February 1, 1957",fully,a paragraph,False,"Eleven to 17 jet fighters apparently arrived at Mazar in late October. However, a subsequent report from a usually reliable source has indicated that the number of aircraft at Mazar was substantially greater.",ASSIGNED_FULL,1.0,35,35,1,1,"[""ASSIGNED_FULL""]","[""page_005_006_ac9cc3cec1""]"
CIA-RDP79T00975A002900450001-0:7.0,CIA-RDP79T00975A002900450001-0,"February 7, 1957",fully,part of a sentence,False,reportedly at half the price of Canberras.,ASSIGNED_FULL,1.0,7,7,1,1,"[""ASSIGNED_FULL""]","[""page_007_008_11aa1649f2""]"
CIA-RDP79T00975A003000010001-6:4.0,CIA-RDP79T00975A003000010001-6,"February 21, 1957",fully,part of a sentence,False,Adenauer's coalition deputies believe the Socialist opposition will not profit greatly from the announcement.,ASSIGNED_FULL,1.0,14,14,1,1,"[""ASSIGNED_FULL""]","[""page_004_004_0c794faa91""]"
CIA-RDP79T00975A003000050001-2:5.1,CIA-RDP79T00975A003000050001-2,"February 26, 1957",fully,a paragraph,False,"Although he will probably first seek to win their support through negotiation, compromise, and the impact of mass support, Sukarno is reportedly planning the arrest of numerous opposition leaders should they fail to accept his plans. Sukarno is also reportedly planning to declare martial law if he runs into serious opposition, and to implement his concept through force.",ASSIGNED_FULL,1.0,58,58,1,1,"[""ASSIGNED_FULL""]","[""page_005_007_0d1927ecac""]"
CIA-RDP79T00975A003000070001-0:11.1,CIA-RDP79T00975A003000070001-0,"February 28, 1957",partly,about a sentence,False,"In this connection, [STILL REDACTED] he arrest of two Vietnamese army officers and two French civilians for allegedly plotting to organize an army ""coup"" in concert with anti-Diem elements in Cambodia.",ASSIGNED_FULL,0.931034,27,29,1,1,"[""ASSIGNED_FULL""]","[""page_011_012_680748027c""]"
CIA-RDP79T00975A003000080001-9:5.0,CIA-RDP79T00975A003000080001-9,"March 1, 1957",fully,about a sentence,False,"Sukarno and the Communists, however, have already used a campaign of intimidation against political leaders without interference from the army.",ASSIGNED_FULL,1.0,20,20,1,1,"[""ASSIGNED_FULL""]","[""page_005_007_52af242e10""]"
CIA-RDP79T00975A003000090001-8:6.1,CIA-RDP79T00975A003000090001-8,"March 2, 1957",partly,a paragraph,False,"[STILL REDACTED] the Kremlin also promised that Soviet propagandists will stop attacking Polish leaders at closed meetings in the USSR. These assurances, [STILL REDACTED] followed a Polish protest against the anti-Gomulka campaign in the Soviet, Czechoslovak, Bulgarian and East German press.",ASSIGNED_FULL,1.0,38,38,1,1,"[""ASSIGNED_FULL""]","[""page_006_009_cac05959e4""]"
CIA-RDP79T00975A003000130001-3:6.0,CIA-RDP79T00975A003000130001-3,"March 7, 1957",fully,a few words,False,is authoritarian and,ASSIGNED_FULL,1.0,3,3,1,1,"[""ASSIGNED_FULL""]","[""page_006_007_3e68e4bf2b""]"
CIA-RDP79T00975A003000130001-3:6.1,CIA-RDP79T00975A003000130001-3,"March 7, 1957",fully,about a sentence,False,His great self-confidence may make him believe that he can manipulate the Communists to his own advantage.,ASSIGNED_FULL,1.0,17,17,1,1,"[""ASSIGNED_FULL""]","[""page_006_007_3e68e4bf2b""]"
CIA-RDP79T00975A003000150001-1:7.0,CIA-RDP79T00975A003000150001-1,"March 9, 1957",partly,a paragraph,False,"[STILL REDACTED] During a recent conference with the editorial staffs of two leading Polish intellectual journals, Gomulka demanded an end to their anti-Stalinist campaign, [STILL REDACTED] Gomulka told the editors that Moscow would be at his throat if their press campaign continued. [STILL REDACTED]",ASSIGNED_FULL,1.0,40,40,1,1,"[""ASSIGNED_FULL""]","[""page_007_008_c62937c0d7""]"
CIA-RDP79T00975A003000150001-1:7.1,CIA-RDP79T00975A003000150001-1,"March 9, 1957",fully,part of a sentence,False,"after Gomulka's admonition, and therefore",ASSIGNED_FULL,1.0,5,5,1,1,"[""ASSIGNED_FULL""]","[""page_007_008_c62937c0d7""]"
CIA-RDP79T00975A003000170001-9:5.1,CIA-RDP79T00975A003000170001-9,"March 12, 1957",fully,a paragraph,False,"Sukarno is reported to have been negotiating with former vice president Hatta, who is both Sumatran and strongly anti-Communist, apparently to discuss his resumption of an official post. A working arrangement between the two would be difficult to achieve, however, in view of their opposing attitudes on Communist participation in the government and provincial autonomy.",ASSIGNED_FULL,1.0,58,58,1,1,"[""ASSIGNED_FULL""]","[""page_005_008_e3683382f4""]"
CIA-RDP79T00975A003000170001-9:6.1,CIA-RDP79T00975A003000170001-9,"March 12, 1957",fully,a paragraph,False,"With regard to Phao, Sarit is said to be planning to keep the emergency in force until he is sure that the police chief will not ""try anything,"" and to arrest him if he does.",ASSIGNED_FULL,1.0,35,35,1,1,"[""ASSIGNED_FULL""]","[""page_006_009_a2a8af6aa0""]"
CIA-RDP79T00975A003000190001-7:6.1,CIA-RDP79T00975A003000190001-7,"March 14, 1957",partly,a paragraph,False,"On 12 March [STILL REDACTED] a revolutionary group whose main force was led by Echeverria was ready to act, convinced that any uprising begun in Havana would succeed. Last summer the student leader signed a pact with rebel leader Fidel Castro, who, [STILL REDACTED] has called for an island-wide general strike for 15 March.",ASSIGNED_FULL,1.0,51,51,1,1,"[""ASSIGNED_FULL""]","[""page_006_007_b9f7fdfd09""]"
CIA-RDP79T00975A003000220001-3:7.1,CIA-RDP79T00975A003000220001-3,"March 17, 1957",partly,a paragraph,False,All other information from Damascus--such as the government's 17 March announcement that a contract had been signed with a Czechoslovak firm to build an oil refinery--indicates that Syria's leftward drift continues. [STILL REDACTED],ASSIGNED_FULL,1.0,34,34,1,1,"[""ASSIGNED_FULL""]","[""page_007_010_e977299fd9""]"
CIA-RDP79T00975A003000220001-3:10.0,CIA-RDP79T00975A003000220001-3,"March 17, 1957",partly,a paragraph,False,"The Yugoslav ambassador in Moscow has said that the promised Soviet reactor ""will not be delivered"" to Yugoslavia, [STILL REDACTED] During an ""exploratory"" visit to Yugoslavia by the French high commissioner of atomic energy on 13 March, Yugoslavs at the plant designed for the Soviet reactor ""as much as admitted"" that further construction had been ""stymied.""",ASSIGNED_FULL,1.0,57,57,1,1,"[""ASSIGNED_FULL""]","[""page_010_013_e2b5ad8b48""]"
CIA-RDP79T00975A003000260001-9:4.1,CIA-RDP79T00975A003000260001-9,"March 22, 1957",fully,about a sentence,False,The delegation's instructions from Ottawa to this effect are probably directly attributable to the reported growing concern in Canada over the high concentrations of radioactivity in British Columbia.,ASSIGNED_FULL,1.0,30,30,1,1,"[""ASSIGNED_FULL""]","[""page_004_004_abd741eb65""]"
CIA-RDP79T00975A003000260001-9:11.1,CIA-RDP79T00975A003000260001-9,"March 22, 1957",fully,a paragraph,False,"The army commanders, although believed unanimous in desiring a key role for Hatta, were reported split by a vote of six to three as to their support of General Nasution in his administration of the army and his support of the central government. The three dissenting votes came from the commanders of Central and South Sumatra and East Indonesia. There is no indication that the dissenting commanders feel bound by the majority decision to annul autonomous measures in their respective areas.",ASSIGNED_FULL,1.0,84,84,1,1,"[""ASSIGNED_FULL""]","[""page_011_013_4cf466bbe8""]"
CIA-RDP79T00975A003000270001-8:8.1,CIA-RDP79T00975A003000270001-8,"March 23, 1957",fully,a paragraph,False,"It is nevertheless widely believed that he would have become president, when he ran as the Nacionalista candidate in 1949, had the elections not been rigged by the Liberal administration of the late Elpidio Quirino.",ASSIGNED_FULL,1.0,36,36,1,1,"[""ASSIGNED_FULL""]","[""page_008_008_49433d5c75""]"
CIA-RDP79T00975A003000290001-6:7.1,CIA-RDP79T00975A003000290001-6,"March 26, 1957",partly,a paragraph,False,"Following the Communists' announcement that they would call out SOBSI, Indonesia's largest labor federation, in a general strike if the Masjumi is included in the cabinet and the Communists are barred, army headquarters and the territorial commanders reportedly have agreed to deal ""ruthlessly"" with Communist strikers if unrest develops. [STILL REDACTED]",ASSIGNED_FULL,1.0,50,50,1,1,"[""ASSIGNED_FULL""]","[""page_007_007_78d2e5210a""]"
CIA-RDP79T00975A003000290001-6:8.1,CIA-RDP79T00975A003000290001-6,"March 26, 1957",fully,about a sentence,False,Suhrawardy reportedly planned to urge his followers at party meetings in Dacca on 25-26 March to accept the resignation.,ASSIGNED_FULL,1.0,20,20,1,1,"[""ASSIGNED_FULL""]","[""page_008_008_ef80dded1d""]"
CIA-RDP79T00975A003000320001-2:6.1,CIA-RDP79T00975A003000320001-2,"March 29, 1957",fully,a paragraph,False,"The Colonial Office said Makarios was released because the British are ""heartily sick of carrying him like an albatross around their necks,"" but it believes he is not likely to co-operate on anything less than early enosis.",ASSIGNED_FULL,1.0,37,37,1,1,"[""ASSIGNED_FULL""]","[""page_006_007_5ee7705dad""]"
CIA-RDP79T00975A003000350001-9:7.1,CIA-RDP79T00975A003000350001-9,"April 2, 1957",partly,a paragraph,False,"[STILL REDACTED] Sukarno threatened to arrest his leading opponents and rule as a military dictator if Suwirjo failed. In this connection, the army, which has been assuming an increasingly important role in administrative measures, is already investigating and interrogating at least 30 prominent politicians, most of whom are opposed to Sukarno's ""concept."" [STILL REDACTED]",ASSIGNED_FULL,1.0,50,50,1,1,"[""ASSIGNED_FULL""]","[""page_007_015_a31673c38e""]"
CIA-RDP79T00975A003000380001-6:6.1,CIA-RDP79T00975A003000380001-6,"April 5, 1957",fully,a paragraph,False,"Sukarno can also threaten to smear--or he can jail--his opponents as ""imperialist agents"" with evidence the army may have turned up in its current ""anti-corruption"" drive. In this connection, political leaders in Djakarta are already reported to be badly frightened.",ASSIGNED_FULL,1.0,41,41,1,1,"[""ASSIGNED_FULL""]","[""page_006_007_8d7f0b142d""]"
CIA-RDP79T00975A003000400001-3:7.0,CIA-RDP79T00975A003000400001-3,"April 7, 1957",partly,a paragraph,False,"Comment on: [STILL REDACTED] The government reportedly is laying plans to deal with any insurgent action after President Sukarno announces his cabinet, which he has promised to do ""in a few days."" To this end, [STILL REDACTED] a joint planning board composed of members of the army, navy, air force, national police, and the attorney general's office, has been established in Djakarta.",ASSIGNED_FULL,1.0,59,59,1,1,"[""ASSIGNED_FULL""]","[""page_007_008_0fb4a62878""]"
CIA-RDP79T00975A003000500001-2:6.1,CIA-RDP79T00975A003000500001-2,"April 19, 1957",fully,about a sentence,False,"Menderes characterized Makarios as ""nothing but a notorious terrorist"" and placed responsibility for his words and deeds on Athens.",ASSIGNED_FULL,1.0,19,19,1,1,"[""ASSIGNED_FULL""]","[""page_006_006_30c045aee3""]"
CIA-RDP79T00975A003000510001-1:7.0,CIA-RDP79T00975A003000510001-1,"April 20, 1957",partly,a paragraph,False,"[STILL REDACTED] Kadar will probably be removed from leadership in the near future because Moscow is dissatisfied with his inability to stabilize the situation. Kadar, [STILL REDACTED] resents continued Soviet control over the Hungarian economy. [STILL REDACTED]",ASSIGNED_FULL,1.0,33,33,1,1,"[""ASSIGNED_FULL""]","[""page_007_009_b83cfaa727""]"
CIA-RDP79T00975A003000520001-0:4.1+5.0,CIA-RDP79T00975A003000520001-0,"April 21, 1957",partly,a paragraph,True,"[STILL REDACTED] King Hussain was trying to get Syrian forces to withdraw from Jordan and was attempting to gain control of the army in preparation for making an alliance with the West and accepting the American proposals on the Middle East. [STILL REDACTED] Foreign Minister Nabulsi and others had been forced to join the cabinet by the king's threats, and would take the first opportunity to escape.",ASSIGNED_FULL,1.0,71,71,2,2,"[""ASSIGNED_FULL"", ""ASSIGNED_FULL""]","[""page_004_004_5afb373a81"", ""page_005_005_31d1fcd7cd""]"
CIA-RDP79T00975A003000520001-0:6.1,CIA-RDP79T00975A003000520001-0,"April 21, 1957",partly,about a sentence,False,"[STILL REDACTED] the USSR never expected the West to accept the declaration proposed in its note of 11 February, but considered that the note had a high propaganda potential. [STILL REDACTED]",ASSIGNED_FULL,1.0,27,27,1,1,"[""ASSIGNED_FULL""]","[""page_006_006_822195556c""]"
CIA-RDP79T00975A003000520001-0:8.1,CIA-RDP79T00975A003000520001-0,"April 21, 1957",partly,a paragraph,False,"[STILL REDACTED] Cambodia is concerned that South Vietnam--with which its relations have been gradually improving--will not permit these shipments to transit its waters, thereby forcing them to be off-loaded in lighters at the new Cambodian port of Kampong Som in the Gulf of Siam. [STILL REDACTED]",ASSIGNED_FULL,1.0,40,40,1,1,"[""ASSIGNED_FULL""]","[""page_008_008_b113424c14""]"
CIA-RDP79T00975A003100030001-3:8.1,CIA-RDP79T00975A003100030001-3,"April 27, 1957",partly,about a sentence,False,and to give Israel private assurances that he does not intend to interfere with Israeli shipping. [STILL REDACTED],ASSIGNED_FULL,1.0,17,17,1,1,"[""ASSIGNED_FULL""]","[""page_008_009_58b0a8af8a""]"
CIA-RDP79T00975A003100050001-1:5.0,CIA-RDP79T00975A003100050001-1,"April 30, 1957",partly,a paragraph,False,"[STILL REDACTED] Hussain had presented Saud with evidence of Syrian and Egyptian efforts to overthrow the Jordanian monarchy, and Saud has recently expressed displeasure over Egyptian intrigue in both Jordan and the Saudi kingdom. [STILL REDACTED] a ""Free Jordan Army"" is being organized in Syria under former army chief of staff Nuwar.",ASSIGNED_FULL,1.0,49,49,1,1,"[""ASSIGNED_FULL""]","[""page_005_005_3400a42ca6""]"
CIA-RDP79T00975A003100060001-0:11.0,CIA-RDP79T00975A003100060001-0,"May 1, 1957",partly,part of a sentence,False,[STILL REDACTED] the people are increasingly disposed to make more critical judgments of the regime.,ASSIGNED_FULL,1.0,12,12,1,1,"[""ASSIGNED_FULL""]","[""page_011_012_5cb0e9d387""]"
CIA-RDP79T00975A003100090001-7:5.0,CIA-RDP79T00975A003100090001-7,"May 4, 1957",partly,about a sentence,False,and Averoff recently told the Turkish ambassador that any new crisis in Greek-Turkish relations would result in a diplomatic break. [STILL REDACTED],ASSIGNED_FULL,1.0,21,21,1,1,"[""ASSIGNED_FULL""]","[""page_005_005_c9a7ced3aa""]"
CIA-RDP79T00975A003100110001-4:11.3,CIA-RDP79T00975A003100110001-4,"May 7, 1957",fully,a few words,False,Phoui recommends that,ASSIGNED_FULL,1.0,3,3,1,1,"[""ASSIGNED_FULL""]","[""page_011_011_8abaedcd7d""]"
CIA-RDP79T00975A003100110001-4:11.5,CIA-RDP79T00975A003100110001-4,"May 7, 1957",fully,a paragraph,False,"Phoui would be a leading contender for the prime ministership, if, as recent reports indicate, Souvanna Phouma should resign or be overthrown after the National Assembly opens on 11 May. This report presumably reflects the program that Phoui would present to the assembly if called on to form a new government. Phoui's",ASSIGNED_FULL,1.0,55,55,1,1,"[""ASSIGNED_FULL""]","[""page_011_011_8abaedcd7d""]"
CIA-RDP79T00975A003100290001-5:4.1,CIA-RDP79T00975A003100290001-5,"May 28, 1957",partly,a paragraph,False,"[STILL REDACTED] the police have ""complete evidence"" that three of ten persons arrested at the scene of the embassy riot are ""Communists."" He added that the ""files"" of 75 others arrested during the riots reveal ""Communist backgrounds."" [STILL REDACTED] this claim of Communist involvement is ""almost inevitable"" and without basis. In the Philippines, a small number of Chinese ""hotheads"" reportedly met on the night of 25 May to organize a demonstration against local American installations. No demonstration took place, however, and it is not believed the local Kuomintang approved of the plan.",ASSIGNED_FULL,1.0,89,89,1,1,"[""ASSIGNED_FULL""]","[""page_004_004_4d5c234db9""]"
CIA-RDP79T00975A003100300001-3:8.0,CIA-RDP79T00975A003100300001-3,"May 29, 1957",partly,about a sentence,False,"[STILL REDACTED] high armed forces officials held an all-night meeting [STILL REDACTED] to co-ordinate the defense of Havana, indicating the extent of official concern over increasing reports of disturbances throughout the nation.",ASSIGNED_FULL,1.0,28,28,1,1,"[""ASSIGNED_FULL""]","[""page_008_009_697e3ead8f""]"
CIA-RDP79T00975A003100370001-6:4.0,CIA-RDP79T00975A003100370001-6,"June 7, 1957",partly,a paragraph,False,"[STILL REDACTED] the demonstrators also will demand an end to nuclear tests and the return of Okinawa to Japan. The Socialists reportedly are not planning any violence, but their leaders have expressed fear that the Communist-infiltrated students' federation might get out of control. [STILL REDACTED]",ASSIGNED_FULL,1.0,45,45,1,1,"[""ASSIGNED_FULL""]","[""page_004_004_d598747bb8""]"
CIA-RDP79T00975A003100430001-9:10.0,CIA-RDP79T00975A003100430001-9,"June 14, 1957",partly,a paragraph,False,"Comment [STILL REDACTED] EOKA plans soon to resume an anti-British campaign of violence. However, both Athens and the Greek-Cypriot leadership appear to believe that such a course would damage their cause at the UN; they apparently also believe that the lack of progress toward a Cyprus solution since the UN resolution of last February enhances the prospects of a more favorable UN decision this fall. [STILL REDACTED]",ASSIGNED_FULL,1.0,63,63,1,1,"[""ASSIGNED_FULL""]","[""page_010_012_5e9dc25e7a""]"
CIA-RDP79T00975A003100450001-7:6.0,CIA-RDP79T00975A003100450001-7,"June 16, 1957",fully,a paragraph,False,"In Sumatra the deposed rebel commander, Colonel Simbolon, is making plans for a bloodless coup in the Medan-Siantar area of North Sumatra, the only part of that island where the central government retains control. He plans to commence military and political activity toward this end early in July. Army chief of staff General Nasution is believed to be aware of Simbolon's strength, and appears to be trying feverishly to solve military problems in East Indonesia, another disaffected area, in order to devote his full attention to Sumatra.",ASSIGNED_FULL,1.0,88,88,1,1,"[""ASSIGNED_FULL""]","[""page_006_007_43a10f6f21""]"
CIA-RDP79T00975A003100480001-4:6.1,CIA-RDP79T00975A003100480001-4,"June 20, 1957",fully,a paragraph,False,"Indonesia has already ordered approximately 500 Soviet jeeps, some of which have been delivered, and reportedly has an option to purchase a total of 4,000 jeeps. The purchase of the jeeps--for the armed forces--was undertaken independently of the $100,000,000 Soviet technical aid agreement, and any contract for aircraft would probably also be a separate arrangement.",ASSIGNED_FULL,1.0,58,58,1,1,"[""ASSIGNED_FULL""]","[""page_006_006_5ee96e25a1""]"
CIA-RDP79T00975A003200010001-4:4.0,CIA-RDP79T00975A003200010001-4,"July 2, 1957",partly,about a sentence,False,"Comment on: [STILL REDACTED] The Chinese Nationalist Ministry of Defense has ordered artillery units in the Quemoy area to cease all fire unless ""lucrative targets"" appear.",ASSIGNED_FULL,1.0,23,23,1,1,"[""ASSIGNED_FULL""]","[""page_004_004_070014641d""]"
CIA-RDP79T00975A003200090001-6:12.0,CIA-RDP79T00975A003200090001-6,"July 11, 1957",partly,a paragraph,False,Comment on: [STILL REDACTED] Prime Minister Nehru has again indicated [STILL REDACTED] that he is considering resigning. [STILL REDACTED] he is increasingly unable to deal with the country's problems and should leave the administration to stronger hands.,ASSIGNED_FULL,1.0,35,35,1,1,"[""ASSIGNED_FULL""]","[""page_012_012_c26eb6a2f0""]"
CIA-RDP79T00975A003200100001-4:8.0,CIA-RDP79T00975A003200100001-4,"July 12, 1957",partly,part of a sentence,False,[STILL REDACTED] this development had produced great confusion within the party.,ASSIGNED_FULL,1.0,10,10,1,1,"[""ASSIGNED_FULL""]","[""page_008_008_a79c14bf89""]"
CIA-RDP79T00975A003200160001-8:4.1,CIA-RDP79T00975A003200160001-8,"July 19, 1957",partly,a paragraph,False,"Nevertheless, Tito in referring to the speech said, [STILL REDACTED] ""Oh, I know Khrushchev. The moment he has a drink he must curse someone or something. It does not have to mean anything at all, and I prefer to ignore it unless he makes it a habit.""",ASSIGNED_FULL,1.0,46,46,1,1,"[""ASSIGNED_FULL""]","[""page_004_004_2754c937a2""]"
CIA-RDP79T00975A003200180001-6:10.0,CIA-RDP79T00975A003200180001-6,"July 21, 1957",fully,about a sentence,False,"They may also seek American assistance in removing French forces from those jointly operated American bases which are essentially American in character, and a commitment regarding the defense of Morocco.",ASSIGNED_FULL,1.0,31,31,1,1,"[""ASSIGNED_FULL""]","[""page_010_013_389952215b""]"
CIA-RDP79T00975A003200240001-9:7.0,CIA-RDP79T00975A003200240001-9,"July 28, 1957",partly,a paragraph,False,"[STILL REDACTED] The Italian Foreign Ministry is reportedly divided over tactics, with one group advocating an immediate request that the USSR renounce its unsettled financial claims against Italy. The present plan, however, is probably to stall on negotiations. [STILL REDACTED]",ASSIGNED_FULL,1.0,36,36,1,1,"[""ASSIGNED_FULL""]","[""page_007_007_44aa1e1c0e""]"
CIA-RDP79T00975A003200270001-6:9.0,CIA-RDP79T00975A003200270001-6,"August 1, 1957",partly,about a sentence,False,[STILL REDACTED] Kia claims that Eqbal has lost the confidence of the Shah as well as that of his own supporters. [STILL REDACTED],ASSIGNED_FULL,1.0,18,18,1,1,"[""ASSIGNED_FULL""]","[""page_009_009_32bb18c51b""]"
CIA-RDP79T00975A003200300001-2:7.0,CIA-RDP79T00975A003200300001-2,"August 4, 1957",partly,a paragraph,False,"[STILL REDACTED] The Turkish position on Cyprus is not irrevocably tied to partition of the island as previously indicated, [STILL REDACTED] . In order to establish a strong position in any future negotiations, the Turks would demand partition at the 35th parallel but would be prepared to accept ""any lesser"" geographical [STILL REDACTED]",ASSIGNED_FULL,1.0,46,46,1,1,"[""ASSIGNED_FULL""]","[""page_007_008_0070068bdf""]"
CIA-RDP79T00975A003200370001-5:4.0,CIA-RDP79T00975A003200370001-5,"August 13, 1957",fully,about a sentence,False,at least 60 officers of the Committee of State Security (KGB) and military intelligence service (GRU) have also been called home.,ASSIGNED_FULL,1.0,21,21,1,1,"[""ASSIGNED_FULL""]","[""page_004_004_2952a485d0""]"
CIA-RDP79T00975A003200370001-5:4.1,CIA-RDP79T00975A003200370001-5,"August 13, 1957",fully,part of a sentence,False,both the diplomatic and intelligence personnel,ASSIGNED_FULL,1.0,6,6,1,1,"[""ASSIGNED_FULL""]","[""page_004_004_2952a485d0""]"
CIA-RDP79T00975A003200370001-5:4.2,CIA-RDP79T00975A003200370001-5,"August 13, 1957",fully,about a sentence,False,"In the case of the intelligence officers, these briefings might deal with a change in the future conduct of foreign intelligence operations or in the priority of Soviet intelligence targets.",ASSIGNED_FULL,1.0,32,32,1,1,"[""ASSIGNED_FULL""]","[""page_004_004_2952a485d0""]"
CIA-RDP79T00975A003200450001-6:4.0,CIA-RDP79T00975A003200450001-6,"August 22, 1957",partly,about a sentence,False,"[STILL REDACTED] Nasr feels the present leftist orientation of the Syrian government is ""not favorable to Egyptian interests,"" and places the blame on American ""playing around.""",ASSIGNED_FULL,1.0,25,25,1,1,"[""ASSIGNED_FULL""]","[""page_004_004_e23ea54400""]"
CIA-RDP79T00975A003200450001-6:4.1,CIA-RDP79T00975A003200450001-6,"August 22, 1957",fully,about a sentence,False,"Nasr added his belief that the apparent Communist nature of the regime may provide the United States with an opportunity for interference in Syria, working through Iraq, Turkey, and Jordan.",ASSIGNED_FULL,1.0,31,31,1,1,"[""ASSIGNED_FULL""]","[""page_004_004_e23ea54400""]"
CIA-RDP79T00975A003300010001-3:6.1,CIA-RDP79T00975A003300010001-3,"September 2, 1957",partly,a paragraph,False,"[STILL REDACTED] American-owned Manabí Exploration Company--Ecuador's second largest oil producer--has advised the American embassy in Quito that Communists are behind ""impossible"" demands for a new union contract and will strike his company as a means of launching a general strike to embarrass Ponce. The company's planned dismissal of 100 workers about 4 September is likely to precipitate the movement.",ASSIGNED_FULL,1.0,61,61,1,1,"[""ASSIGNED_FULL""]","[""page_006_006_a3510129da""]"
CIA-RDP79T00975A003300010001-3:7.0,CIA-RDP79T00975A003300010001-3,"September 2, 1957",fully,about a sentence,False,Comment Raab was reported on 31 August to have suffered a mild stroke or heart attack which may restrict his traveling.,ASSIGNED_FULL,1.0,22,22,1,1,"[""ASSIGNED_FULL""]","[""page_007_007_a6023ac17b""]"
CIA-RDP79T00975A003300030001-1:7.0,CIA-RDP79T00975A003300030001-1,"September 5, 1957",fully,a paragraph,False,"Abd al-Ilah is worried over King Saud's attitude. He said that while Saud had expressed concern to him over the Syrian developments, implying that Egyptian President Nasr was to blame, he nevertheless said the situation must not be remedied by force of arms.",ASSIGNED_FULL,1.0,44,44,1,1,"[""ASSIGNED_FULL""]","[""page_007_007_89c26d6710""]"
CIA-RDP79T00975A003300040001-0:4.1+5.0,CIA-RDP79T00975A003300040001-0,"September 6, 1957",fully,a paragraph,True,"The Cienfuegos outbreak may have been meant to coincide with an attack on the government reportedly planned for 5 September by military and civilian revolutionary groups in Havana but postponed at the last minute. According to several sources, the plan included use of the naval air base at Mariel by air force and navy planes flown by revolutionary officers.",ASSIGNED_FULL,1.0,62,62,2,2,"[""ASSIGNED_FULL"", ""ASSIGNED_FULL""]","[""page_004_004_9f8d7a7ecd"", ""page_005_005_b0a0bb0207""]"
CIA-RDP79T00975A003300070001-7:7.0,CIA-RDP79T00975A003300070001-7,"September 10, 1957",partly,about a sentence,False,[STILL REDACTED] Chong's resignation would not be accepted by President Rhee or Defense Minister Kim unless further interrogation of the agents discloses that Chong was involved in their schemes. [STILL REDACTED],ASSIGNED_FULL,1.0,28,28,1,1,"[""ASSIGNED_FULL""]","[""page_007_009_f8d9beb164""]"
CIA-RDP79T00975A003300110001-2:12.1,CIA-RDP79T00975A003300110001-2,"September 14, 1957",fully,a paragraph,False,"The Kishi cabinet, in response to pressure from business and political interests, has waived fingerprint requirements for the five Chinese, offered them the use of secret codes and freedom of travel within Japan, and exempted them from customs duties and taxes.",ASSIGNED_FULL,1.0,44,44,1,1,"[""ASSIGNED_FULL""]","[""page_012_013_e653f2fdf7""]"
CIA-RDP79T00975A003300110001-2:14.0,CIA-RDP79T00975A003300110001-2,"September 14, 1957",partly,a paragraph,False,"[STILL REDACTED] Sarit has reached ""the point of no return"" and will resort to an armed coup d'etat if no other means can be found to oust Phibun. The source feels that the army chief now has sufficient support to overthrow the government but must act soon or lose some of this following.",ASSIGNED_FULL,1.0,54,54,1,1,"[""ASSIGNED_FULL""]","[""page_014_015_04967ac4f0""]"
CIA-RDP79T00975A003300110001-2:15.1,CIA-RDP79T00975A003300110001-2,"September 14, 1957",partly,about a sentence,False,"A key Velasco supporter has stated, [STILL REDACTED] that Velasco has enough military backing for a coup to restore him to power. [STILL REDACTED]",ASSIGNED_FULL,1.0,19,19,1,1,"[""ASSIGNED_FULL""]","[""page_015_016_cb5a82ad73""]"
CIA-RDP79T00975A003300120001-1:6.0,CIA-RDP79T00975A003300120001-1,"September 15, 1957",partly,about a sentence,False,"[STILL REDACTED] Khrushchev's tougher internal rule, coupled with Tito's ""pro-Soviet course,"" must be distasteful to Kardelj and the more ""Westernized"" sector of the party.",ASSIGNED_FULL,1.0,24,24,1,1,"[""ASSIGNED_FULL""]","[""page_006_007_9a286362ff""]"
CIA-RDP79T00975A003300120001-1:6.1,CIA-RDP79T00975A003300120001-1,"September 15, 1957",partly,a paragraph,False,"[STILL REDACTED] , on the basis of their talks with Yugoslav leaders in Belgrade earlier this month, Yugoslavia is moving closer to the USSR, especially on international issues, and that the major significance of the Tito-Khrushchev talks in Rumania was Tito's agreement not to ""provoke matters"" in Eastern Europe.",ASSIGNED_FULL,1.0,49,49,1,1,"[""ASSIGNED_FULL""]","[""page_006_007_9a286362ff""]"
CIA-RDP79T00975A003300140001-9:4.0,CIA-RDP79T00975A003300140001-9,"September 18, 1957",partly,about a sentence,False,[STILL REDACTED] Sarit planned to advance permanent civil servants to senior ministerial posts. This may indicate he intends to form a provisional cabinet of nonpolitical experts until the assembly meets.,ASSIGNED_FULL,1.0,27,27,1,1,"[""ASSIGNED_FULL""]","[""page_004_004_6d4c722983""]"
CIA-RDP79T00975A003300150001-8:6.1,CIA-RDP79T00975A003300150001-8,"September 19, 1957",partly,a paragraph,False,"[STILL REDACTED] the unspecified plan mentioned in a recent Cairo newspaper article is the one devised by President Nasir last July. At that time Nasir reportedly said that in September he would request the International Monetary Fund to collect Egypt's $30,000,000 debt to the fund from the approximately $42,000,000 held in the United States.",ASSIGNED_FULL,1.0,49,49,1,1,"[""ASSIGNED_FULL""]","[""page_006_007_f4352100bb""]"
CIA-RDP79T00975A003300250001-7:9.1,CIA-RDP79T00975A003300250001-7,"October 1, 1957",partly,part of a sentence,False,These arrests [STILL REDACTED] have been ordered by Nasution without President Sukarno's knowledge.,ASSIGNED_FULL,1.0,12,12,1,1,"[""ASSIGNED_FULL""]","[""page_009_009_90e0bb85fa""]"
CIA-RDP79T00975A003300300001-1:10.0,CIA-RDP79T00975A003300300001-1,"October 6, 1957",partly,about a sentence,False,The French government reportedly approached the Yugoslav delegation at the United Nations and informed it that recognition of East Germany would be considered an unneutral act. [STILL REDACTED],ASSIGNED_FULL,1.0,26,26,1,1,"[""ASSIGNED_FULL""]","[""page_010_011_fc004df704""]"
CIA-RDP79T00975A003300300001-1:11.1,CIA-RDP79T00975A003300300001-1,"October 6, 1957",partly,a paragraph,False,"[STILL REDACTED] supporters of De Gaulle had brought about Bourges-Maunoury's downfall and that De Gaulle is working toward a coup. [STILL REDACTED] the Socialist belief that the recall of De Gaulle would lead to rank-and-file Socialists cooperating with the Communists, despite Socialist party leaders' desire to prevent it.",ASSIGNED_FULL,1.0,47,47,1,1,"[""ASSIGNED_FULL""]","[""page_011_012_a1ea054235""]"
CIA-RDP79T00975A003300300001-1:12.1,CIA-RDP79T00975A003300300001-1,"October 6, 1957",partly,a paragraph,False,"[STILL REDACTED] a courier of the ""Peronista High Command"" arrived in Buenos Aires from Chile on 26 September with instructions for widespread demonstrations on 17 October, and the government may now have learned of these plans.",ASSIGNED_FULL,1.0,35,35,1,1,"[""ASSIGNED_FULL""]","[""page_012_013_4710561798""]"
CIA-RDP79T00975A003300310001-0:8.0,CIA-RDP79T00975A003300310001-0,"October 8, 1957",partly,a paragraph,False,"[STILL REDACTED] of great significance and potentiality for expanding rice production and promoting social welfare. While rice earns 70 percent of Burma's foreign exchange, rice exports are still only about two thirds of pre-war levels.",ASSIGNED_FULL,0.972222,35,36,1,1,"[""ASSIGNED_FULL""]","[""page_008_009_df06408943""]"
CIA-RDP79T00975A003300350001-6:6.1,CIA-RDP79T00975A003300350001-6,"October 12, 1957",partly,about a sentence,False,"[STILL REDACTED] Yugoslav Ambassador Kveder, who is returning to Bonn on 13 October, has requested an urgent appointment with [STILL REDACTED] rentano and will advise him of the [STILL REDACTED]",ASSIGNED_FULL,1.0,26,26,1,1,"[""ASSIGNED_FULL""]","[""page_006_006_c20c525308""]"
CIA-RDP79T00975A003300350001-6:8.1,CIA-RDP79T00975A003300350001-6,"October 12, 1957",partly,about a sentence,False,"Although the program was to have been completed this year, [STILL REDACTED] it is nonsense to say that the mistakes have been corrected.",ASSIGNED_FULL,1.0,23,23,1,1,"[""ASSIGNED_FULL""]","[""page_008_008_61625ee4de""]"
CIA-RDP79T00975A003300360001-5:6.0,CIA-RDP79T00975A003300360001-5,"October 13, 1957",partly,about a sentence,False,"This Communist ""day of action"" is expected [STILL REDACTED] to be a very extensive nationwide propaganda effort. [STILL REDACTED] the demonstrations will not be violent. Nevertheless,",ASSIGNED_FULL,1.0,24,24,1,1,"[""ASSIGNED_FULL""]","[""page_006_009_bab4b22c90""]"
CIA-RDP79T00975A003300370001-4:4.1,CIA-RDP79T00975A003300370001-4,"October 15, 1957",partly,about a sentence,False,"[STILL REDACTED] Soviet Foreign Minister Gromyko and UN delegate Kuznetsov have pressed Syrian Foreign Minister Bitar to introduce a complaint, but Bitar reportedly ""feels lost"" and has not received instructions from Damascus.",ASSIGNED_FULL,0.967742,30,31,1,1,"[""ASSIGNED_FULL""]","[""page_004_004_4a9b9bc461""]"
CIA-RDP79T00975A003300370001-4:4.2,CIA-RDP79T00975A003300370001-4,"October 15, 1957",partly,a paragraph,False,"Khrushchev [STILL REDACTED] did not expect that the United States and Britain would encourage Syria's neighbors to invade, but would instead attempt to bring about a coup, followed by an appeal by the new leaders to Syria's neighbors to send military forces to support the new regime. [STILL REDACTED]",ASSIGNED_FULL,1.0,46,46,1,1,"[""ASSIGNED_FULL""]","[""page_004_004_4a9b9bc461""]"
CIA-RDP79T00975A003300380001-3:12.2,CIA-RDP79T00975A003300380001-3,"October 16, 1957",partly,about a sentence,False,"On 11 October, he reportedly warned National party leaders that unless they cooperated with the ""progressive forces"" in Indonesia their party would ""decline."" [STILL REDACTED]",ASSIGNED_FULL,1.0,23,23,1,1,"[""ASSIGNED_FULL""]","[""page_012_013_5dafd69a3a""]"
CIA-RDP79T00975A003300380001-3:15.1,CIA-RDP79T00975A003300380001-3,"October 16, 1957",fully,a paragraph,False,Reports that a high-level delegation from the Dominican Republic is scheduled to confer on Kebreau one of the highest Dominican decorations suggest that he may have made a deal with Dominican dictator Trujillo.,ASSIGNED_FULL,1.0,34,34,1,1,"[""ASSIGNED_FULL""]","[""page_015_016_f380652c8a""]"
CIA-RDP79T00975A003300390001-2:9.1,CIA-RDP79T00975A003300390001-2,"October 17, 1957",fully,about a sentence,False,and may secretly subsidize other candidates as an alternative grouping should the Unionists prove inadequate for his purposes.,ASSIGNED_FULL,1.0,19,19,1,1,"[""ASSIGNED_FULL""]","[""page_009_011_00cb6afb27""]"
CIA-RDP79T00975A003300390001-2:9.2,CIA-RDP79T00975A003300390001-2,"October 17, 1957",fully,about a sentence,False,The decision to do so was reportedly taken on the insistence of Premier Pote and with Sarit's approval.,ASSIGNED_FULL,1.0,18,18,1,1,"[""ASSIGNED_FULL""]","[""page_009_011_00cb6afb27""]"
CIA-RDP79T00975A003300390001-2:9.3,CIA-RDP79T00975A003300390001-2,"October 17, 1957",partly,a paragraph,False,"Sarit is currently on a 15-day vacation at a seaside resort. Although his close associates insist that he is being consulted on all major decisions, there is a growing body of evidence indicating that he may be gravely ill. [STILL REDACTED]",ASSIGNED_FULL,1.0,39,39,1,1,"[""ASSIGNED_FULL""]","[""page_009_011_00cb6afb27""]"
CIA-RDP79T00975A003300390001-2:10.1,CIA-RDP79T00975A003300390001-2,"October 17, 1957",partly,a paragraph,False,[STILL REDACTED] a group of retired army generals is laying plans for a counter-coup should the conservatives seize on the current unrest to oust Aramburu and postpone the general elections scheduled for next February.,ASSIGNED_FULL,1.0,33,33,1,1,"[""ASSIGNED_FULL""]","[""page_010_012_95ca06f7e3""]"
CIA-RDP79T00975A003300400001-0:7.1,CIA-RDP79T00975A003300400001-0,"October 18, 1957",partly,about a sentence,False,"[STILL REDACTED] The Czechs allegedly have offered the Burmese anything they need, from small arms to field artillery, on favorable terms.",ASSIGNED_FULL,1.0,19,19,1,1,"[""ASSIGNED_FULL""]","[""page_007_009_9d227ad7f2""]"
CIA-RDP79T00975A003300400001-0:8.1,CIA-RDP79T00975A003300400001-0,"October 18, 1957",partly,a paragraph,False,Souvanna [STILL REDACTED] told a leader of the conservative Independent party that enlargement of the cabinet should serve both to bring in former ministers who voluntarily stepped aside during the formation of the present government and to allow the incorporation of Pathet Lao officials into the government.,ASSIGNED_FULL,1.0,49,49,1,1,"[""ASSIGNED_FULL""]","[""page_008_010_5d6c3f65a9""]"
CIA-RDP79T00975A003300430001-7:15.1,CIA-RDP79T00975A003300430001-7,"October 22, 1957",partly,a paragraph,False,"Peronista plans call for revolutionary action with army support between 31 October and 2 November, [STILL REDACTED] These plans include a ""campaign"" into northern Argentina from Bolivia. The Chilean and Paraguayan presidents recently warned Aramburu to be alert for ""early action"" by the Peronistas. The government reportedly feels confident of army loyalty, however, and of its ability to suppress any Peronista action. [STILL REDACTED]",ASSIGNED_FULL,1.0,60,60,1,1,"[""ASSIGNED_FULL""]","[""page_015_015_641fbb1b40""]"
CIA-RDP79T00975A003300450001-5:6.1,CIA-RDP79T00975A003300450001-5,"October 24, 1957",partly,about a sentence,False,"To divert public attention from these difficulties, the Jordanians are against complaining to the UN about Israeli activities in the contested Jerusalem area. [STILL REDACTED]",ASSIGNED_FULL,1.0,22,22,1,1,"[""ASSIGNED_FULL""]","[""page_006_006_6047eba57c""]"
CIA-RDP79T00975A003300470001-3:7.1,CIA-RDP79T00975A003300470001-3,"October 26, 1957",fully,about a sentence,False,is reportedly prepared to use force against Ydigoras' followers rather than give in to his demands. It,ASSIGNED_FULL,1.0,17,17,1,1,"[""ASSIGNED_FULL""]","[""page_007_007_659c727f82""]"
CIA-RDP79T00975A003300490001-1:8.1,CIA-RDP79T00975A003300490001-1,"October 29, 1957",partly,a paragraph,False,"Commenting on Kardelj's remarks, a high [STILL REDACTED] official said he believes the Yugoslavs are sincere in their general position, genuinely wish a revival of the Balkan pact, and prefer that Greece remain in NATO ""for the time being and perhaps for the foreseeable future."" [STILL REDACTED]",ASSIGNED_FULL,1.0,43,43,1,1,"[""ASSIGNED_FULL""]","[""page_008_008_7e72daa6cb""]"
CIA-RDP79T00975A003300510001-8:5.1,CIA-RDP79T00975A003300510001-8,"October 31, 1957",partly,a paragraph,False,"On 30 October, the Yugoslav ambassador in Moscow told a foreign journalist that neither he nor his military attaché, who had accompanied Zhukov on his recent trip, was aware of any development which could justify action against the marshal. He said he felt certain Zhukov had had no idea what was awaiting him when he returned to Moscow on 26 October. [STILL REDACTED]",ASSIGNED_FULL,1.0,61,61,1,1,"[""ASSIGNED_FULL""]","[""page_005_005_96f05abbe6""]"
CIA-RDP79T00975A003300510001-8:6.0,CIA-RDP79T00975A003300510001-8,"October 31, 1957",fully,a paragraph,False,"The army's upper echelons, which have become aware of strong efforts by Rhee's Liberal party to ensure army support for the party in the 1958 elections, are now participating in political intrigue. Rhee's plan to remove all his four-star generals from active duty has become generally known and has resulted in intensified infighting among ambitious general officers aspiring to top commands.",ASSIGNED_FULL,1.0,62,62,1,1,"[""ASSIGNED_FULL""]","[""page_006_006_2a831a8c8a""]"
CIA-RDP79T00975A003300510001-8:10.1,CIA-RDP79T00975A003300510001-8,"October 31, 1957",fully,part of a sentence,False,"Government sources have reportedly blamed this sentiment on propaganda from the Brazilian petroleum monopoly, Petrobras.",ASSIGNED_FULL,1.0,15,15,1,1,"[""ASSIGNED_FULL""]","[""page_010_011_32cd751795""]"
CIA-RDP79T00975A003400010001-2:14.0,CIA-RDP79T00975A003400010001-2,"November 1, 1957",partly,a paragraph,False,"C. Unstable conditions and tensions stemming from developments concerning Syria continue to create possibilities for conflict in the Middle East. Although major Turkish forces continue to be deployed on the Syrian frontier and in position to attack Syria, we have no evidence that Turkey has reached a decision to launch such an attack. The situation; however, remains tense. [STILL REDACTED]",ASSIGNED_FULL,1.0,60,60,1,1,"[""ASSIGNED_FULL""]","[""page_014_015_e92fba4217""]"
CIA-RDP79T00975A003400040001-9:9.0,CIA-RDP79T00975A003400040001-9,"November 5, 1957",fully,a paragraph,False,"The labor minister has usually been friendly to the United States, though the solid support given him by local leftist elements may indicate they expect even more opportunity for action under his presidency than Mexico's traditional indulgence of political leftists has previously provided.",ASSIGNED_FULL,1.0,44,44,1,1,"[""ASSIGNED_FULL""]","[""page_009_011_0fecf2196a""]"
CIA-RDP79T00975A003400060001-7:12.0,CIA-RDP79T00975A003400060001-7,"November 7, 1957",partly,a paragraph,False,"Comment on: [STILL REDACTED] The director of the Lebanese Interior Ministry has linked the attempted dynamiting of the Lebanese parliament building and government executive offices in Beirut on 6 November to the activities of outlawed Communist and rightist Syrian Socialist Nationalist parties. It is unlikely that the diametrically opposed Communists and Syrian Nationalists would cooperate in any operations, but the Syrian deuxieme bureau might be involved in terrorist actions of this kind under its present policy of fomenting subversive activities in Lebanon.",ASSIGNED_FULL,1.0,83,83,1,1,"[""ASSIGNED_FULL""]","[""page_012_012_f4c7428ba8""]"
CIA-RDP79T00975A003400060001-7:14.1,CIA-RDP79T00975A003400060001-7,"November 7, 1957",fully,a paragraph,False,"Hatta, for his part, reportedly is prepared to announce open support for anti-Communist forces, including dissident groups in Sumatra and Celebes, if he is unsuccessful in achieving his own demands for participation in and reorganization of the government to eliminate Communist influences.",ASSIGNED_FULL,1.0,43,43,1,1,"[""ASSIGNED_FULL""]","[""page_014_014_99f5518004""]"
CIA-RDP79T00975A003400160001-6:12.0,CIA-RDP79T00975A003400160001-6,"November 20, 1957",fully,a paragraph,False,"The request marks a crucial turn in Japanese defense planning and exposes the Kishi government to considerable political risk because of widespread pacifist sentiment in Japan. The Japanese have informed American officials that while the government is willing to acquire non-nuclear guided missiles, it cannot in the face of possible impending elections initiate a controversy over the security legislation which is ordinarily required before the United States will provide modern weapons and information.",ASSIGNED_FULL,1.0,76,76,1,1,"[""ASSIGNED_FULL""]","[""page_012_012_db4a1b6f95""]"
CIA-RDP79T00975A003400160001-6:14.0,CIA-RDP79T00975A003400160001-6,"November 20, 1957",fully,a few words,False,ambitious and venal,ASSIGNED_FULL,1.0,3,3,1,1,"[""ASSIGNED_FULL""]","[""page_014_014_84169c0d18""]"
CIA-RDP79T00975A003400160001-6:14.1,CIA-RDP79T00975A003400160001-6,"November 20, 1957",partly,a paragraph,False,"Villeda said [STILL REDACTED] that he will fight Lopez' maneuvers, if necessary by a national plebiscite seeking approval of his election as President and determining the public's attitude toward the constitutional status of the armed forces.",ASSIGNED_FULL,1.0,35,35,1,1,"[""ASSIGNED_FULL""]","[""page_014_014_84169c0d18""]"
CIA-RDP79T00975A003400170001-5:7.1,CIA-RDP79T00975A003400170001-5,"November 21, 1957",partly,about a sentence,False,"[STILL REDACTED] a Soviet boycott will induce world public opinion ""to bring greater pressure to bear on the governments of the capitalist countries,"" which eventually ""will be compelled to seek agreement. [STILL REDACTED]",ASSIGNED_FULL,1.0,36,36,1,1,"[""ASSIGNED_FULL""]","[""page_007_007_b86322e600""]"
CIA-RDP79T00975A003400190001-3:6.1,CIA-RDP79T00975A003400190001-3,"November 23, 1957",fully,part of a sentence,False,"She said, ""We pray for Hussayn even though we may not like him.""",ASSIGNED_FULL,1.0,13,13,1,1,"[""ASSIGNED_FULL""]","[""page_006_007_3291e4e38d""]"
CIA-RDP79T00975A003400190001-3:10.1,CIA-RDP79T00975A003400190001-3,"November 23, 1957",fully,a few words,False,by Seoul's stubbornness.,ASSIGNED_FULL,1.0,3,3,1,1,"[""ASSIGNED_FULL""]","[""page_010_011_386e8c308b""]"
CIA-RDP79T00975A003400220001-9:5.1,CIA-RDP79T00975A003400220001-9,"November 27, 1957",fully,about a sentence,False,This latest report suggests that in discussions with Mao and other bloc leaders he did not receive the degree of support he had expected.,ASSIGNED_FULL,1.0,25,25,1,1,"[""ASSIGNED_FULL""]","[""page_005_007_10f93c995d""]"
CIA-RDP79T00975A003400250001-6:5.1,CIA-RDP79T00975A003400250001-6,"December 1, 1957",fully,about a sentence,False,Some of the measures appear to be aimed at Western intelligence activities based in West Berlin.,ASSIGNED_FULL,1.0,15,15,1,1,"[""ASSIGNED_FULL""]","[""page_005_007_9f04197255""]"
CIA-RDP79T00975A003400280001-3:5.1,CIA-RDP79T00975A003400280001-3,"December 5, 1957",partly,a paragraph,False,[STILL REDACTED] no evidence of a nuclear weapons test in the Sahara. It has been estimated that France can conduct its first test of a nominal yield nuclear device in North Africa during 1958. French officials recently stated that work is under way on manufacture of a nuclear weapon. Sufficient French plutonium is currently available for the production of two or three nominal yield weapons. [STILL REDACTED],ASSIGNED_FULL,1.0,63,63,1,1,"[""ASSIGNED_FULL""]","[""page_005_005_3a77d3314a""]"
CIA-RDP79T00975A003400280001-3:11.1,CIA-RDP79T00975A003400280001-3,"December 5, 1957",partly,about a sentence,False,A recent report states that the Indonesian government has approached the USSR on the possibility of purchasing rice. [STILL REDACTED],ASSIGNED_FULL,1.0,22,22,1,1,"[""ASSIGNED_FULL""]","[""page_011_011_caace51ee8""]"
CIA-RDP79T00975A003400280001-3:12.1,CIA-RDP79T00975A003400280001-3,"December 5, 1957",fully,a paragraph,False,"according to another Iranian journalist. Pegov's statements, if published, would stimulate the aspirations of all Middle East oil-producing countries for a larger share of oil profits than they now receive, and strengthen Moscow's propaganda campaign against Western oil interests.",ASSIGNED_FULL,1.0,40,40,1,1,"[""ASSIGNED_FULL""]","[""page_012_012_c3df3e49c5""]"
CIA-RDP79T00975A003400280001-3:12.2,CIA-RDP79T00975A003400280001-3,"December 5, 1957",fully,part of a sentence,False,Pegov's remarks may have been intended to induce Iran to accept some of these offers.,ASSIGNED_FULL,1.0,16,16,1,1,"[""ASSIGNED_FULL""]","[""page_012_012_c3df3e49c5""]"
CIA-RDP79T00975A003400300001-0:10.1,CIA-RDP79T00975A003400300001-0,"December 7, 1957",partly,a paragraph,False,"Several reports indicate that, in the interests of stable government, Pakistan's army leadership favors a revival of the Republican - Awami League coalition under Suhrawardy. Pressure from this quarter on Mirza, whose position is dependent on army backing, could cause the President to withdraw his support of Chundrigar's government and come to terms with Suhrawardy. [STILL REDACTED]",ASSIGNED_FULL,1.0,68,68,1,1,"[""ASSIGNED_FULL""]","[""page_010_012_5a1ca7296d""]"
CIA-RDP79T00975A003400310001-9:4.1,CIA-RDP79T00975A003400310001-9,"December 8, 1957",partly,a paragraph,False,"[STILL REDACTED] the union wished to take over all Dutch estates. [STILL REDACTED] such action could be undertaken only by the government, the SOBSI official said that labor, not the government, is in control and that labor would take over when the present cab- [STILL REDACTED]",ASSIGNED_FULL,1.0,41,41,1,1,"[""ASSIGNED_FULL""]","[""page_004_004_7147b2525c""]"
CIA-RDP79T00975A003400310001-9:5.1,CIA-RDP79T00975A003400310001-9,"December 8, 1957",partly,a paragraph,False,"Mancinelli thought the agreement might be extended to cover the Benelux countries, but he specifically excluded the UK on grounds of its ""traditional obstructionism toward European unity measures""--thus implying an expansion of the six-nation integration along the lines of the CSC, EURATOM, and the Common Market, and a rejection of WEU, of which Britain is a member. He referred to the ""somewhat chauvinistic French attitudes"" involved, but thought German and Italian participation would provide a stabilizing factor. [STILL REDACTED]",ASSIGNED_FULL,1.0,76,76,1,1,"[""ASSIGNED_FULL""]","[""page_005_005_e4ac731c81""]"
CIA-RDP79T00975A003400340001-6:7.1,CIA-RDP79T00975A003400340001-6,"December 12, 1957",partly,a paragraph,False,"[STILL REDACTED] the Communist-led General Labor Confederation and other extreme leftist groups would go on strike and that they would be joined by rightist groups. [STILL REDACTED] if President Eisenhower arrives at Villacoublay airport near Paris, 40 percent of the employees will walk out, and that a mass demonstration will be held outside the American embassy during any reception. [STILL REDACTED]",ASSIGNED_FULL,1.0,57,57,1,1,"[""ASSIGNED_FULL""]","[""page_007_007_0f0f633a65""]"
CIA-RDP79T00975A003400360001-4:8.1,CIA-RDP79T00975A003400360001-4,"December 14, 1957",partly,about a sentence,False,"[STILL REDACTED] The reports suggest that Nuri will not assume the premiership, although he may become a member of the cabinet.",ASSIGNED_FULL,1.0,19,19,1,1,"[""ASSIGNED_FULL""]","[""page_008_009_9e815bab29""]"
CIA-RDP79T00975A003400390001-1:4.1,CIA-RDP79T00975A003400390001-1,"December 18, 1957",partly,a paragraph,False,"The latest report [STILL REDACTED] states that Sukarno is apparently leaving because of the ""advice"" of both ""military and government leaders."" [STILL REDACTED] Premier Djuanda and Chief of Staff Nasution realize that the only hope of redressing the present situation is to get Sukarno out of the country.",ASSIGNED_FULL,1.0,49,49,1,1,"[""ASSIGNED_FULL""]","[""page_004_004_d21dd7227e""]"
CIA-RDP79T00975A003400390001-1:4.2,CIA-RDP79T00975A003400390001-1,"December 18, 1957",partly,about a sentence,False,"Outside Java, a Sumatran independence declaration is reported scheduled for 20 December, the first anniversary of autonomy in Central Sumatra. [STILL REDACTED]",ASSIGNED_FULL,1.0,20,20,1,1,"[""ASSIGNED_FULL""]","[""page_004_004_d21dd7227e""]"
CIA-RDP79T00975A003400410001-8:12.1,CIA-RDP79T00975A003400410001-8,"December 20, 1957",partly,about a sentence,False,"Several rightist groups continue to plot a pre-election revolt, but the majority of army officers are believed desirous of awaiting the election results. [STILL REDACTED]",ASSIGNED_FULL,1.0,24,24,1,1,"[""ASSIGNED_FULL""]","[""page_012_014_32563cc0fd""]"
CIA-RDP79T00975A003400410001-8:13.1,CIA-RDP79T00975A003400410001-8,"December 20, 1957",partly,about a sentence,False,[STILL REDACTED] Nagy and some 20 high officers are in the same prison with General Maleter and corroborates earlier information that Maleter's trial started last week. [STILL REDACTED],ASSIGNED_FULL,1.0,23,23,1,1,"[""ASSIGNED_FULL""]","[""page_013_015_e44710100b""]"
CIA-RDP79T00975A003400430001-6:6.1,CIA-RDP79T00975A003400430001-6,"December 22, 1957",partly,part of a sentence,False,"[STILL REDACTED] Nasir planned to make such a demand during December, and",ASSIGNED_FULL,1.0,10,10,1,1,"[""ASSIGNED_FULL""]","[""page_006_007_22a0a5e5c0""]"
CIA-RDP79T00975A003400450001-4:12.0,CIA-RDP79T00975A003400450001-4,"December 26, 1957",partly,about a sentence,False,[STILL REDACTED] Two senior members of the Algerian rebel organization passed through Tripoli on 10 December en route to Cairo to dis- [STILL REDACTED],ASSIGNED_FULL,1.0,22,22,1,1,"[""ASSIGNED_FULL""]","[""page_012_012_efbf932821""]"
CIA-RDP79T00975A003400490001-0:10.1,CIA-RDP79T00975A003400490001-0,"December 31, 1957",partly,a paragraph,False,"[STILL REDACTED] The Imam's growing collaboration with the Soviet bloc has aroused the concern of King Saud, who on 24 December warned the Imam against this ""partiality for the Communist side."" Pointing out that the presence of Communist missions in Yemen would create a threat to Saudi Arabia, Saud gave veiled warning of possible punitive measures against Yemen.",ASSIGNED_FULL,1.0,57,57,1,1,"[""ASSIGNED_FULL""]","[""page_010_010_b04abddc85""]"
CIA-RDP79T00975A003400490001-0:15.1,CIA-RDP79T00975A003400490001-0,"December 31, 1957",partly,about a sentence,False,"An official Dutch service has recently estimated the party and EVC membership at 18,000 and 35,000 respectively. [STILL REDACTED]",ASSIGNED_FULL,1.0,18,18,1,1,"[""ASSIGNED_FULL""]","[""page_015_015_5b93c0b646""]"
CIA-RDP79T00975A003500020001-0:6.0,CIA-RDP79T00975A003500020001-0,"February 3, 1958",partly,part of a sentence,False,British security forces have taken special precautions. [STILL REDACTED],ASSIGNED_FULL,1.0,7,7,1,1,"[""ASSIGNED_FULL""]","[""page_006_007_28044c521b""]"
CIA-RDP79T00975A003500020001-0:8.0,CIA-RDP79T00975A003500020001-0,"February 3, 1958",fully,about a sentence,False,British security forces have already taken special precautions to deal with any disorders resulting from a leak concerning the secret Ankara talks.,ASSIGNED_FULL,1.0,24,24,1,1,"[""ASSIGNED_FULL""]","[""page_008_009_87a1962be5""]"
CIA-RDP79T00975A003500040001-8:5.1,CIA-RDP79T00975A003500040001-8,"February 5, 1958",partly,part of a sentence,False,and Syria has cabled a protest to the UN Security Council. [STILL REDACTED] Map,ASSIGNED_FULL,0.909091,10,11,1,1,"[""ASSIGNED_FULL""]","[""page_005_006_0dcd8dcca8""]"
CIA-RDP79T00975A003500040001-8:14.0,CIA-RDP79T00975A003500040001-8,"February 5, 1958",partly,about a sentence,False,"While these statements represent the editor's own views, they confirm other reports in recent months of mounting frustration and irritation within Iran. [STILL REDACTED]",ASSIGNED_FULL,1.0,22,22,1,1,"[""ASSIGNED_FULL""]","[""page_014_015_3bca5f9cfb""]"
CIA-RDP79T00975A003500050001-7:12.0,CIA-RDP79T00975A003500050001-7,"February 6, 1958",partly,a paragraph,False,Maintenance of Israeli pressure on the northern part of the Syrian border continues to suggest that the Israelis may attempt to provoke an incident with the Syrians which would give them a pretext for an action against Syrian military positions. [STILL REDACTED],ASSIGNED_FULL,1.0,41,41,1,1,"[""ASSIGNED_FULL""]","[""page_012_015_b5f84c8e9b""]"
CIA-RDP79T00975A003500070001-5:6.1,CIA-RDP79T00975A003500070001-5,"February 8, 1958",partly,part of a sentence,False,[STILL REDACTED] Tunisia and the USSR may soon exchange ambassadors.,ASSIGNED_FULL,1.0,9,9,1,1,"[""ASSIGNED_FULL""]","[""page_006_007_76946e631c""]"
CIA-RDP79T00975A003500070001-5:11.0,CIA-RDP79T00975A003500070001-5,"February 8, 1958",partly,a paragraph,False,"[STILL REDACTED] a permanent Soviet trade delegation would probably be established in Tunis and that it was ""not beyond the bounds of possibility that before long the Soviet and Tunisian governments would exchange ambassadors."" [STILL REDACTED]",ASSIGNED_FULL,1.0,31,31,1,1,"[""ASSIGNED_FULL""]","[""page_011_012_acebca0967""]"
CIA-RDP79T00975A003500110001-0:5.0,CIA-RDP79T00975A003500110001-0,"February 13, 1958",fully,part of a sentence,False,", and feels the fight has just begun.",ASSIGNED_FULL,1.0,7,7,1,1,"[""ASSIGNED_FULL""]","[""page_005_008_59218f5025""]"
CIA-RDP79T00975A003500110001-0:6.0,CIA-RDP79T00975A003500110001-0,"February 13, 1958",partly,a paragraph,False,"Indonesian dissidents in Central Sumatra are split over their next move. Two key figures in the dissident group, Colonels Simbolon and Lubis, [STILL REDACTED] have little hope of pushing through their original plan to form a provisional government. The central government in Djakarta may already be planning to exploit this disunity. [STILL REDACTED] , Djakarta may send limited numbers of troops to areas where foreign economic interests are concentrated, to ensure continued foreign exchange remittances to Djakarta.",ASSIGNED_FULL,1.0,72,72,1,1,"[""ASSIGNED_FULL""]","[""page_006_009_2a1d04abe9""]"
CIA-RDP79T00975A003500110001-0:8.0,CIA-RDP79T00975A003500110001-0,"February 13, 1958",fully,about a sentence,False,"Prior to this formulation of Tunisian aims, UN Secretary General Hammarskjold had advised Tunisian delegate Mongi Slim to ""play for time"" before formally requesting a Security Council meeting.",ASSIGNED_FULL,1.0,28,28,1,1,"[""ASSIGNED_FULL""]","[""page_008_012_556e79e7ad""]"
CIA-RDP79T00975A003500120001-9:12.0,CIA-RDP79T00975A003500120001-9,"February 14, 1958",partly,a paragraph,False,[STILL REDACTED] the Philippine foreign secretary is now considering a statement at the SEATO meeting in March that a more neutral policy for Asian nations is desirable unless the US is willing to increase financial aid to Asian SEATO members. [STILL REDACTED],ASSIGNED_FULL,1.0,40,40,1,1,"[""ASSIGNED_FULL""]","[""page_012_013_cf873e1bf8""]"
CIA-RDP79T00975A003500130001-8:9.0,CIA-RDP79T00975A003500130001-8,"February 15, 1958",partly,about a sentence,False,He has also been named repeatedly as a prominent figure in clandestine plans for the overthrow of the Jordanian Government by pro-Egyptian elements. [STILL REDACTED],ASSIGNED_FULL,1.0,23,23,1,1,"[""ASSIGNED_FULL""]","[""page_009_010_036388b89a""]"
CIA-RDP79T00975A003500160001-5:4.0,CIA-RDP79T00975A003500160001-5,"February 19, 1958",fully,part of a sentence,False,but with orders not to fire even if fired on.,ASSIGNED_FULL,1.0,9,9,1,1,"[""ASSIGNED_FULL""]","[""page_004_007_527c6e80c2""]"
CIA-RDP79T00975A003500160001-5:9.0,CIA-RDP79T00975A003500160001-5,"February 19, 1958",fully,part of a sentence,False,from Port Sudan with orders not to fire even if fired on.,ASSIGNED_FULL,1.0,12,12,1,1,"[""ASSIGNED_FULL""]","[""page_009_013_64984aa592""]"
CIA-RDP79T00975A003500160001-5:11.0,CIA-RDP79T00975A003500160001-5,"February 19, 1958",partly,about a sentence,False,"British security forces on Cyprus have been alerted for serious clashes. The Greek Cypriots, however, may follow a plan of EOKA-enforced passive resistance, pending clarification of British intentions. [STILL REDACTED]",ASSIGNED_FULL,1.0,28,28,1,1,"[""ASSIGNED_FULL""]","[""page_011_016_eae9be653c""]"
CIA-RDP79T00975A003500170001-4:10.0,CIA-RDP79T00975A003500170001-4,"February 20, 1958",partly,a paragraph,False,"[STILL REDACTED] The proposed center seems designed for testing nuclear weapons. The center's future commander is subordinate to army Brigadier General Charles Ailleret, French armed forces chief of special arms, who has aggressively pushed the French military atomic energy program. General Ailleret is a member of a French delegation now visiting the atomic test center in Nevada.",ASSIGNED_FULL,1.0,56,56,1,1,"[""ASSIGNED_FULL""]","[""page_010_011_4d6ea6cb84""]"
CIA-RDP79T00975A003500200001-0:5.1,CIA-RDP79T00975A003500200001-0,"February 24, 1958",partly,a paragraph,False,"Despite its limited military capabilities, Djakarta apparently is proceeding with preparations for land, sea, and air operations against Central Sumatra with the objective of seizing key positions in the area. The dissidents, who may not be getting the support from the surrounding areas which they had counted on, seem, nevertheless, committed to conducting guerrilla warfare against government forces should they lose their strongholds. [STILL REDACTED]",ASSIGNED_FULL,0.984615,64,65,1,1,"[""ASSIGNED_FULL""]","[""page_005_006_9a657c2420""]"
CIA-RDP79T00975A003500200001-0:11.0,CIA-RDP79T00975A003500200001-0,"February 24, 1958",partly,about a sentence,False,"[STILL REDACTED] efforts are needed to improve army morale and discipline. Some Turkish government circles apparently believe, however, that dissatisfaction within the army goes deeper than suspected.",ASSIGNED_FULL,1.0,26,26,1,1,"[""ASSIGNED_FULL""]","[""page_011_012_553f1add31""]"
CIA-RDP79T00975A003500220001-8:5.0,CIA-RDP79T00975A003500220001-8,"February 26, 1958",partly,about a sentence,False,"The Tunisian [STILL REDACTED] insists that his government is ""convinced"" that France plans to attempt to reoccupy the country, and ""resistance units"" are being planned by the Tunisian Government.",ASSIGNED_FULL,0.823529,28,34,1,1,"[""ASSIGNED_FULL""]","[""page_005_006_bbc8e2100a""]"
CIA-RDP79T00975A003500220001-8:7.1,CIA-RDP79T00975A003500220001-8,"February 26, 1958",fully,about a sentence,False,"The King has been warned of a new radical nationalist conspiracy among army officers, and he intends to crack down on the plotters.",ASSIGNED_FULL,0.92,23,25,1,1,"[""ASSIGNED_FULL""]","[""page_007_008_256cf12cf0""]"
CIA-RDP79T00975A003500220001-8:12.0,CIA-RDP79T00975A003500220001-8,"February 26, 1958",partly,about a sentence,False,"The Tunisian Government, convinced that France plans to attempt to reoccupy the country, is planning ""resistance units"" and erection of barricades as a countermeasure, [STILL REDACTED]",ASSIGNED_FULL,1.0,25,25,1,1,"[""ASSIGNED_FULL""]","[""page_012_013_9bb83856f5""]"
CIA-RDP79T00975A003500240001-6:15.0,CIA-RDP79T00975A003500240001-6,"February 28, 1958",partly,a paragraph,False,"Frondizi, who has been critical of the United States, is essentially an opportunist, and [STILL REDACTED] plans to conduct his dealings in a ""businesslike way"" since he considers his position analogous to that of a ""chairman of the board of a corporation with 20,000,000 stockholders.""",ASSIGNED_FULL,1.0,44,44,1,1,"[""ASSIGNED_FULL""]","[""page_015_017_502a011f36""]"
CIA-RDP79T00975A003500250001-5:4.0,CIA-RDP79T00975A003500250001-5,"January 2, 1958",partly,a paragraph,False,Comment on: [STILL REDACTED] dockworkers' unions in Afro-Asian countries have started a boycott of Dutch shipping. [STILL REDACTED] it will be accelerated by a resolution introduced at the Afro-Asian conference in Cairo calling for a boycott of all Dutch shipping carrying goods for use against Indonesia.,ASSIGNED_FULL,1.0,42,42,1,1,"[""ASSIGNED_FULL""]","[""page_004_004_a22dd13842""]"
CIA-RDP79T00975A003500250001-5:7.1,CIA-RDP79T00975A003500250001-5,"January 2, 1958",fully,part of a sentence,False,"but the prospects are ""highly promising,"" according to the company's general manager in Libya.",ASSIGNED_FULL,1.0,15,15,1,1,"[""ASSIGNED_FULL""]","[""page_007_009_3c6c5de1eb""]"
CIA-RDP79T00975A003500250001-5:7.2,CIA-RDP79T00975A003500250001-5,"January 2, 1958",fully,about a sentence,False,"Details of the depth of the strike (2,110 feet) and the petroleum layer (40 feet) are similar to French findings at Edjele.",ASSIGNED_FULL,1.0,22,22,1,1,"[""ASSIGNED_FULL""]","[""page_007_009_3c6c5de1eb""]"
CIA-RDP79T00975A003500270001-3:6.1,CIA-RDP79T00975A003500270001-3,"January 4, 1958",partly,about a sentence,False,The extreme sensitivity of this development is underlined by the complete news blackout in Turkey concerning the arrests. [STILL REDACTED],ASSIGNED_FULL,1.0,19,19,1,1,"[""ASSIGNED_FULL""]","[""page_006_007_31fc79d241""]"
CIA-RDP79T00975A003500280001-2:6.1,CIA-RDP79T00975A003500280001-2,"January 6, 1958",partly,about a sentence,False,"about 10 January, [STILL REDACTED] The personalities involved in an anticipated simultaneous shake-up of the top army command indicate that pro-Western influence will remain dominant.",ASSIGNED_FULL,1.0,27,27,1,1,"[""ASSIGNED_FULL""]","[""page_006_007_a95952967a""]"
CIA-RDP79T00975A003500290001-1:6.0,CIA-RDP79T00975A003500290001-1,"January 7, 1958",partly,about a sentence,False,"[STILL REDACTED] the opposition includes five of the nine politburo members, deputy premier, and the former security chief, most of whom are also fundamentally hard-line Communists.",ASSIGNED_FULL,1.0,25,25,1,1,"[""ASSIGNED_FULL""]","[""page_006_006_4d28d2d718""]"
CIA-RDP79T00975A003500290001-1:8.0,CIA-RDP79T00975A003500290001-1,"January 7, 1958",partly,about a sentence,False,"Indonesia's dissident leaders [STILL REDACTED] have met in Padang, Central Sumatra, to discuss the policy they will follow during President Sukarno's trip abroad, which began on 6 January. [STILL REDACTED]",ASSIGNED_FULL,1.0,26,26,1,1,"[""ASSIGNED_FULL""]","[""page_008_008_ad98495ccb""]"
CIA-RDP79T00975A003500300001-9:9.1,CIA-RDP79T00975A003500300001-9,"January 8, 1958",fully,a paragraph,False,"Former Vice President Hatta and General Nasution plan to visit Sumatra in the near future. The strongly anti-Communist governor of the Bank of Indonesia, Sjafruddin, who has either ""resigned"" or is on extended ""leave"" from his job, is also in Sumatra. Hatta and Sjafruddin undoubtedly will hold discussions with the dissident colonels and other civilian leaders who have already met at Padang to discuss activity during Sukarno's absence. Nasution also will probably consult with many of them.",ASSIGNED_FULL,1.0,78,78,1,1,"[""ASSIGNED_FULL""]","[""page_009_010_a044c5ad20""]"
CIA-RDP79T00975A003500300001-9:10.1,CIA-RDP79T00975A003500300001-9,"January 8, 1958",partly,a paragraph,False,"[STILL REDACTED] Indonesia is preparing to reactivate former Dutch shipping which was confiscated and has been lying idle in Java. [STILL REDACTED] if such ships sailing under Indonesian command are found in international waters by Dutch warships, they will be seized and forced into a Dutch or neutral port.",ASSIGNED_FULL,1.0,43,43,1,1,"[""ASSIGNED_FULL""]","[""page_010_011_afc5a8b34a""]"
CIA-RDP79T00975A003500300001-9:10.2,CIA-RDP79T00975A003500300001-9,"January 8, 1958",partly,a paragraph,False,"[STILL REDACTED] Foreign Minister Subandrio warned the British ambassador in Djakarta [STILL REDACTED] that continued use by Dutch warships of Singapore facilities ""would benefit neither British interests in Indonesia nor trade in Singapore."" [STILL REDACTED] the Singapore Council of Ministers [STILL REDACTED] had unanimously protested to the British governor the Dutch use of Singapore as a base for naval operations. The Dutch naval attaché believes the Netherlands will seek to avoid embarrassing the British. [STILL REDACTED] reluctance to take any action which might aggravate their ""cold war"" with Indonesia. [STILL REDACTED]",ASSIGNED_FULL,1.0,79,79,1,1,"[""ASSIGNED_FULL""]","[""page_010_011_afc5a8b34a""]"
CIA-RDP79T00975A003500300001-9:13.1,CIA-RDP79T00975A003500300001-9,"January 8, 1958",partly,a paragraph,False,"[STILL REDACTED] the Soviet bloc has made several offers of economic assistance in contrast to what he termed the ""indifference"" of the United States, and [STILL REDACTED] expected Uruguay to accept one or more of these offers soon.",ASSIGNED_FULL,1.0,34,34,1,1,"[""ASSIGNED_FULL""]","[""page_013_014_4564e89410""]"
CIA-RDP79T00975A003500300001-9:13.2,CIA-RDP79T00975A003500300001-9,"January 8, 1958",partly,a paragraph,False,[STILL REDACTED] American oil companies have been pressing excessively hard for overdue payments whereas [STILL REDACTED] the Soviet Union had offered oil on a ten-year credit basis. Uruguayan officials may be making use of some new or past bloc economic offers or even inventing them to exact favorable consideration from the United States on loans and tariff policy.,ASSIGNED_FULL,1.0,56,56,1,1,"[""ASSIGNED_FULL""]","[""page_013_014_4564e89410""]"
CIA-RDP79T00975A003500320001-7:12.0,CIA-RDP79T00975A003500320001-7,"January 10, 1958",fully,part of a sentence,False,"previously ordered military vehicles continue to be delivered, and",ASSIGNED_FULL,1.0,10,10,1,1,"[""ASSIGNED_FULL""]","[""page_012_017_70b3093abe""]"
CIA-RDP79T00975A003500330001-6:5.1,CIA-RDP79T00975A003500330001-6,"January 11, 1958",partly,a paragraph,False,"[STILL REDACTED] while the dissidents may be willing to await Sukarno's return before acting, they are proceeding with the organization of an ""emergency cabinet"" to take office at once if for any reason the Djuanda government is ""unable to continue functioning."" [STILL REDACTED] both STAN-VAC and the American Embassy can, in any event, expect to be increasingly accused by the Communists of supporting efforts to overthrow the present government.",ASSIGNED_FULL,1.0,67,67,1,1,"[""ASSIGNED_FULL""]","[""page_005_005_686ab933bd""]"
CIA-RDP79T00975A003500330001-6:6.0,CIA-RDP79T00975A003500330001-6,"January 11, 1958",partly,a paragraph,False,"Chiang Kai-shek, however, has supported Yui, and, [STILL REDACTED] has refused to accept his resignation. [STILL REDACTED] Chiang has assigned his top Kuomintang party officials the task of settling the rift with the admonition that unspecified ""drastic changes"" will be made if they fail.",ASSIGNED_FULL,1.0,40,40,1,1,"[""ASSIGNED_FULL""]","[""page_006_006_507e001914""]"
CIA-RDP79T00975A003500330001-6:6.1,CIA-RDP79T00975A003500330001-6,"January 11, 1958",partly,part of a sentence,False,"but party cells, [STILL REDACTED] are no longer functioning in the Control Yuan.",ASSIGNED_FULL,1.0,11,11,1,1,"[""ASSIGNED_FULL""]","[""page_006_006_507e001914""]"
CIA-RDP79T00975A003500330001-6:12.1,CIA-RDP79T00975A003500330001-6,"January 11, 1958",fully,a paragraph,False,"Earlier in the day, the government was said to have quelled an uprising among units of the navy, the only component of the armed forces not implicated in the 1-2 January revolt.",ASSIGNED_FULL,1.0,32,32,1,1,"[""ASSIGNED_FULL""]","[""page_012_013_2a8923c8e2""]"
CIA-RDP79T00975A003500350001-4:7.0,CIA-RDP79T00975A003500350001-4,"January 14, 1958",partly,part of a sentence,False,"The Finnish ambassador to the USSR also expects ""radical"" new Soviet proposals on disarmament, [STILL REDACTED]",ASSIGNED_FULL,1.0,14,14,1,1,"[""ASSIGNED_FULL""]","[""page_007_007_d609749746""]"
CIA-RDP79T00975A003500350001-4:7.1,CIA-RDP79T00975A003500350001-4,"January 14, 1958",partly,a paragraph,False,"In connection with Soviet bids for bilateral talks with the United States, [STILL REDACTED] either Nehru or Burmese Premier U Nu would be acceptable to the USSR in the event a third party were added to such discussions. [STILL REDACTED]",ASSIGNED_FULL,0.971429,34,35,1,1,"[""ASSIGNED_FULL""]","[""page_007_007_d609749746""]"
CIA-RDP79T00975A003500360001-3:5.0,CIA-RDP79T00975A003500360001-3,"January 15, 1958",partly,part of a sentence,False,[STILL REDACTED] a new shipment of weapons from Syria is en route across Tunisia to Algeria,ASSIGNED_FULL,0.888889,16,18,1,1,"[""ASSIGNED_FULL""]","[""page_005_005_d54f479ed0""]"
CIA-RDP79T00975A003500360001-3:12.0,CIA-RDP79T00975A003500360001-3,"January 15, 1958",partly,a paragraph,False,"The French cabinet was previously reported [STILL REDACTED] to be divided on the question of joint action with Spain. In any case, French hope for Moroccan mediation of the Algerian problem is likely to limit the extent of French action against the irregulars.",ASSIGNED_FULL,1.0,41,41,1,1,"[""ASSIGNED_FULL""]","[""page_012_012_f54483827b""]"
CIA-RDP79T00975A003500380001-1:4.0,CIA-RDP79T00975A003500380001-1,"January 17, 1958",fully,about a sentence,False,"probably to counter arguments for a military coup advanced by the group headed by Syrian Chief of Staff Bizri, who talked to Nasir on 15 January.",ASSIGNED_FULL,1.0,26,26,1,1,"[""ASSIGNED_FULL""]","[""page_004_004_0f8cfae428""]"
CIA-RDP79T00975A003500380001-1:10.0,CIA-RDP79T00975A003500380001-1,"January 17, 1958",partly,about a sentence,False,"[STILL REDACTED] such an acquisition, even through Egypt, could be the signal for the declaration of a rival Indonesian government by the dissidents. [STILL REDACTED]",ASSIGNED_FULL,1.0,23,23,1,1,"[""ASSIGNED_FULL""]","[""page_010_011_9c91dff0e0""]"
CIA-RDP79T00975A003500390001-0:6.1,CIA-RDP79T00975A003500390001-0,"January 18, 1958",partly,about a sentence,False,[STILL REDACTED] they are assigning their best cadres for political work and are developing a left-wing popular front. [STILL REDACTED],ASSIGNED_FULL,1.0,20,20,1,1,"[""ASSIGNED_FULL""]","[""page_006_006_0a96035df9""]"
CIA-RDP79T00975A003500400001-8:6.0,CIA-RDP79T00975A003500400001-8,"January 20, 1958",partly,about a sentence,False,"[STILL REDACTED] Nasir [STILL REDACTED] told the Syrian military delegation he opposed union as not being in the interest of Syria, Egypt, or himself.",ASSIGNED_FULL,1.0,22,22,1,1,"[""ASSIGNED_FULL""]","[""page_006_007_e7b3c96e80""]"
CIA-RDP79T00975A003500410001-7:11.1,CIA-RDP79T00975A003500410001-7,"January 21, 1958",fully,a paragraph,False,"Foreign Minister Rapacki has stated privately, that withdrawal of all troops from Europe and the concept of a neutralized, reunified Germany are utopian ideas and has indicated that he did not expect his own plan to be acceptable to the West. The Polish ambassador in Washington indicated that",ASSIGNED_FULL,0.93617,44,47,1,1,"[""ASSIGNED_FULL""]","[""page_011_011_adf638bef9""]"
CIA-RDP79T00975A003500420001-6:13.0,CIA-RDP79T00975A003500420001-6,"January 22, 1958",partly,a paragraph,False,"Moreover, the organizers of the strike have apparently made contact with dissident military groups to win their co-operation. [STILL REDACTED] elements of varying size in all armed forces components may defect if the strike appears to be successful.",ASSIGNED_FULL,1.0,37,37,1,1,"[""ASSIGNED_FULL""]","[""page_013_014_c24d72c918""]"
CIA-RDP79T00975A003500440001-4:11.0,CIA-RDP79T00975A003500440001-4,"January 24, 1958",partly,about a sentence,False,[STILL REDACTED] Ydigoras' plurality is so large that any attempt to deny him the presidency would provoke civil war.,ASSIGNED_FULL,1.0,16,16,1,1,"[""ASSIGNED_FULL""]","[""page_011_011_b9f6e0576c""]"
CIA-RDP79T00975A003500480001-0:7.0,CIA-RDP79T00975A003500480001-0,"January 29, 1958",partly,about a sentence,False,[STILL REDACTED] G-2 chief Sarraj union would require a new agreement on Soviet arms to Syria since the Soviet-Syrian agreement provided arms would not be handed over to a third country. [STILL REDACTED],ASSIGNED_FULL,1.0,29,29,1,1,"[""ASSIGNED_FULL""]","[""page_007_008_753326809c""]"
CIA-RDP79T00975A003500490001-9:10.1,CIA-RDP79T00975A003500490001-9,"January 30, 1958",partly,a paragraph,False,"The Egyptian military attaché in Damascus has sought to overcome Bakdash's suspicion of the union proposals with the argument that union would strengthen Egypt's and Syria's ability to work against ""the machinations of the imperialists."" [STILL REDACTED]",ASSIGNED_PARTIAL,0.775,31,40,1,1,"[""ASSIGNED_PARTIAL""]","[""page_010_012_ef924bfd29""]"
CIA-RDP79T00975A003500500001-7:6.0,CIA-RDP79T00975A003500500001-7,"January 31, 1958",fully,a paragraph,False,as well as training for Moroccan officers in American military schools. Arrangements are now being made for Moroccan Chief of Staff Crown Prince Moulay Hassan to take an intensified short course at West Point.,ASSIGNED_FULL,1.0,35,35,1,1,"[""ASSIGNED_FULL""]","[""page_006_008_d5c37b4fab""]"
CIA-RDP79T00975A003600010001-0:12.0,CIA-RDP79T00975A003600010001-0,"March 1, 1958",fully,a paragraph,False,"The Gharani group was known to be conspiring last June, but its plot against the Shah was not implemented because it failed to obtain desired support. Action was then planned for March 1958, to begin with a series of interpellations in the Parliament designed to bring a no-confidence vote, after which the Shah would be forced to accept a new prime minister responsible to the Majlis--presumably Gharani himself. The current arrests, which included Gharani, may have paralyzed the group since its security, compartmentation, and communications have been poor.",ASSIGNED_FULL,1.0,90,90,1,1,"[""ASSIGNED_FULL""]","[""page_012_014_fa166003c8""]"
CIA-RDP79T00975A003600010001-0:16.0,CIA-RDP79T00975A003600010001-0,"March 1, 1958",partly,a paragraph,False,"One of Ydigoras' party officials, the ambitious Roberto Barrios Pena, already plans to break with Ydigoras and set up his own party, [STILL REDACTED] Barrios says he doubts Ydigoras' ability to retain sufficient support to remain in power for long.",ASSIGNED_FULL,1.0,38,38,1,1,"[""ASSIGNED_FULL""]","[""page_016_018_91a30387f6""]"
CIA-RDP79T00975A003600060001-5:3.0,CIA-RDP79T00975A003600060001-5,"March 7, 1958",partly,a paragraph,False,"Indonesia: British air reconnaissance on 5 March of the Indonesian Government's ""staging area"" in the Riau Islands for an attack on Central Sumatra showed three aircraft and no unusual concentration of shipping there. Another sweep on 6 March revealed no unusual shipping in the Siak River area. Nevertheless, other indications continue to suggest that the central government is proceeding with plans for military action against the dissidents whenever its capabilities permit. [STILL REDACTED]",ASSIGNED_FULL,0.885057,77,87,1,1,"[""ASSIGNED_FULL""]","[""page_003_004_df2b3e83aa""]"
CIA-RDP79T00975A003600120001-8:13.0,CIA-RDP79T00975A003600120001-8,"March 14, 1958",partly,a paragraph,False,"An amphibious attack on the Padang area of Central Sumatra is set for 17 March. [STILL REDACTED] The attack will be launched immediately north of Pariaman, a town approximately 30 miles north of Padang. [STILL REDACTED]",ASSIGNED_FULL,1.0,32,32,1,1,"[""ASSIGNED_FULL""]","[""page_013_014_cba34e38cd""]"
CIA-RDP79T00975A003600150001-5:7.0,CIA-RDP79T00975A003600150001-5,"March 18, 1958",fully,part of a sentence,False,had advised dissident leader Hussein that he,ASSIGNED_FULL,1.0,7,7,1,1,"[""ASSIGNED_FULL""]","[""page_007_008_fd0bc3280a""]"
CIA-RDP79T00975A003600180001-2:4.1,CIA-RDP79T00975A003600180001-2,"March 21, 1958",fully,a few words,False,30,ASSIGNED_FULL,1.0,1,1,1,1,"[""ASSIGNED_FULL""]","[""page_004_005_801c6ca991""]"
CIA-RDP79T00975A003600180001-2:4.2,CIA-RDP79T00975A003600180001-2,"March 21, 1958",fully,a few words,False,84,ASSIGNED_FULL,1.0,1,1,1,1,"[""ASSIGNED_FULL""]","[""page_004_005_801c6ca991""]"
CIA-RDP79T00975A003600250001-4:5.1,CIA-RDP79T00975A003600250001-4,"March 29, 1958",fully,a few words,False,a squadron of 15,ASSIGNED_FULL,1.0,4,4,1,1,"[""ASSIGNED_FULL""]","[""page_005_006_1272495116""]"
CIA-RDP79T00975A003600250001-4:9.0,CIA-RDP79T00975A003600250001-4,"March 29, 1958",fully,about a sentence,False,"Physically, the crown prince appeared far from well, although he contended that all he lacks is stamina since there is nothing organically wrong with him.",ASSIGNED_FULL,1.0,27,27,1,1,"[""ASSIGNED_FULL""]","[""page_009_011_846d1d9755""]"
CIA-RDP79T00975A003600290001-0:7.0,CIA-RDP79T00975A003600290001-0,"April 3, 1958",fully,a paragraph,False,"Soviet diplomatic and propaganda tactics in West Germany are designed to encourage the opposition parties in their stand against the government's armaments policy. To this end, Soviet Ambassador Smirnov and his staff have held numerous talks with leaders of opposition parties in Bonn, hinting at a more flexible Soviet policy on unification and, in the case of the 19 March aide-memoire concerning peace treaty negotiations, leaking the text to the Free Democratic party.",ASSIGNED_FULL,1.0,75,75,1,1,"[""ASSIGNED_FULL""]","[""page_007_008_b076d55dc4""]"
CIA-RDP79T00975A003600330001-5:3.1,CIA-RDP79T00975A003600330001-5,"April 8, 1958",partly,about a sentence,False,[STILL REDACTED] The UAR Air Force has flown some reconnaissance missions over Israel. This could add another point of conflict. [STILL REDACTED],ASSIGNED_FULL,1.0,18,18,1,1,"[""ASSIGNED_FULL""]","[""page_003_004_6a56eb2e1e""]"
CIA-RDP79T00975A003600330001-5:9.1,CIA-RDP79T00975A003600330001-5,"April 8, 1958",partly,about a sentence,False,[STILL REDACTED] The UAR Air Force has flown some reconnaissance missions over Israel. This could add another point of conflict. [STILL REDACTED],ASSIGNED_FULL,1.0,19,19,1,1,"[""ASSIGNED_FULL""]","[""page_009_012_51e49a6714""]"
CIA-RDP79T00975A003600510001-5:4.0,CIA-RDP79T00975A003600510001-5,"April 29, 1958",partly,about a sentence,False,and one ranking officer recently has suggested that elections postponed for several years--presumably to limit further Communist gains--and that Indonesia should look to the army for leadership. [STILL REDACTED],ASSIGNED_FULL,1.0,29,29,1,1,"[""ASSIGNED_FULL""]","[""page_004_005_2af0ef0c5e""]"
CIA-RDP79T00975A003600510001-5:9.0,CIA-RDP79T00975A003600510001-5,"April 29, 1958",partly,about a sentence,False,"Djatikusumo reportedly further stated that ""the Communists are getting too strong and we must stop them,"" and proposed that national elections--scheduled for 1959--be postponed for five years. [STILL REDACTED]",ASSIGNED_FULL,1.0,28,28,1,1,"[""ASSIGNED_FULL""]","[""page_009_011_c53cb02e66""]"
CIA-RDP79T00975A003600520001-4:4.0,CIA-RDP79T00975A003600520001-4,"April 30, 1958",partly,about a sentence,False,"[STILL REDACTED] the internal political situation in Lebanon is critical and that ""American understanding"" of the need for aid would help ""immensely."" [STILL REDACTED]",ASSIGNED_FULL,1.0,21,21,1,1,"[""ASSIGNED_FULL""]","[""page_004_005_521ce15227""]"
CIA-RDP79T00975A003600520001-4:4.1,CIA-RDP79T00975A003600520001-4,"April 30, 1958",partly,a paragraph,False,join the dissident regime in North Celebes. [STILL REDACTED] Dissident air attacks have forced the Indonesian navy chief of staff to issue fresh instructions to naval vessels to be increasingly alert and to fire at suspicious aircraft. [STILL REDACTED],ASSIGNED_FULL,0.972973,36,37,1,1,"[""ASSIGNED_FULL""]","[""page_004_005_521ce15227""]"
CIA-RDP79T00975A003600520001-4:7.0,CIA-RDP79T00975A003600520001-4,"April 30, 1958",partly,a paragraph,False,"[STILL REDACTED] Foreign Minister Malik emphasized the critical internal situation and the necessity for ""American understanding"" of Lebanon's need for help. He said the granting of aid would ""help immensely in improving the situation.""",ASSIGNED_FULL,1.0,33,33,1,1,"[""ASSIGNED_FULL""]","[""page_007_009_c4efe73dc0""]"
CIA-RDP79T00975A003700010001-9:14.0,CIA-RDP79T00975A003700010001-9,"May 1, 1958",fully,part of a sentence,False,"Apparently with the encouragement of President Sukarno,",ASSIGNED_FULL,1.0,7,7,1,1,"[""ASSIGNED_FULL""]","[""page_014_016_4c453237f3""]"
CIA-RDP79T00975A003700010001-9:14.1,CIA-RDP79T00975A003700010001-9,"May 1, 1958",partly,part of a sentence,False,"In any event, [STILL REDACTED] the area to be under Djakarta's control by the end of May.",ASSIGNED_FULL,1.0,15,15,1,1,"[""ASSIGNED_FULL""]","[""page_014_016_4c453237f3""]"
CIA-RDP79T00975A003700010001-9:15.0,CIA-RDP79T00975A003700010001-9,"May 1, 1958",partly,about a sentence,False,"The Moroccan King is [STILL REDACTED] to have promised increased aid to the FLN delegates. The Tunisians, who have furnished substantially more assistance than the Moroccans, presumably will continue their support.",ASSIGNED_FULL,1.0,30,30,1,1,"[""ASSIGNED_FULL""]","[""page_015_017_e525f0f311""]"
CIA-RDP79T00975A003700010001-9:15.1,CIA-RDP79T00975A003700010001-9,"May 1, 1958",partly,a paragraph,False,"The chief Tunisian delegate said that his delegation and the Moroccans had persuaded the FLN delegates, who came to Tangier with ""governmental lists"" in their pockets, to postpone establishing a government. He claimed that Ferhat Abbas, well-known moderate member of the FLN's nine-member directorate and delegate to the Tangier conference, had been included on these lists as president of the proposed Algerian government. [STILL REDACTED]",ASSIGNED_FULL,0.984615,64,65,1,1,"[""ASSIGNED_FULL""]","[""page_015_017_e525f0f311""]"
CIA-RDP79T00975A003700050001-5:3.0,CIA-RDP79T00975A003700050001-5,"May 6, 1958",partly,a paragraph,False,"[STILL REDACTED] the government combat aircraft now concentrated in Sumatra will soon be transferred to East Indonesia. In addition, at least three MIG-15's are reportedly now being assembled in east Java; the first of the IL-14's will arrive in Medan, North Sumatra, on 12 May; and jet bombers are reported to have reached Cairo from Prague for later delivery to Indonesia. [STILL REDACTED]",ASSIGNED_FULL,1.0,69,69,1,1,"[""ASSIGNED_FULL""]","[""page_003_004_77860d22ab""]"
CIA-RDP79T00975A003700060001-4:11.0,CIA-RDP79T00975A003700060001-4,"May 7, 1958",partly,a paragraph,False,"A 500-man North Celebes dissident force under Lt. Col. Somba has embarked for an amphibious landing on 7 May at Toboli, just north of the government-occupied Palu area, [STILL REDACTED] After landing, the troops will move southwest toward Palu while at the same time 400 dissident troops already south of Palu will move north in a pincer movement against government forces. The dissidents plan to use air cover both for the landing and as required during the operation.",ASSIGNED_FULL,1.0,79,79,1,1,"[""ASSIGNED_FULL""]","[""page_011_012_8966cefaee""]"
CIA-RDP79T00975A003700090001-1:12.0,CIA-RDP79T00975A003700090001-1,"May 10, 1958",fully,part of a sentence,False,and this attitude was fostered by the French ambassador.,ASSIGNED_FULL,1.0,9,9,1,1,"[""ASSIGNED_FULL""]","[""page_012_015_93f56f5931""]"
CIA-RDP79T00975A003700120001-7:6.0,CIA-RDP79T00975A003700120001-7,"May 14, 1958",partly,part of a sentence,False,[STILL REDACTED] the rebels were not planning any military action to exploit the present situation.,ASSIGNED_PARTIAL,0.785714,11,14,1,1,"[""ASSIGNED_PARTIAL""]","[""page_006_007_126527a34e""]"
CIA-RDP79T00975A003700120001-7:11.0,CIA-RDP79T00975A003700120001-7,"May 14, 1958",partly,about a sentence,False,[STILL REDACTED] rebel leaders want time to evaluate the latest developments and have decided to defer temporarily an offensive planned for next month.,ASSIGNED_FULL,1.0,21,21,1,1,"[""ASSIGNED_FULL""]","[""page_011_012_49c55b7a93""]"
CIA-RDP79T00975A003700130001-6:12.0,CIA-RDP79T00975A003700130001-6,"May 15, 1958",partly,about a sentence,False,[STILL REDACTED] the Paris prefect is uncertain whether the entire police force will be reliable in the face of rightist pressures.,ASSIGNED_FULL,1.0,19,19,1,1,"[""ASSIGNED_FULL""]","[""page_012_018_5bb6937b45""]"
CIA-RDP79T00975A003700140001-5:4.1,CIA-RDP79T00975A003700140001-5,"May 16, 1958",partly,a paragraph,False,"General Gambiez, commanding some 22,000 French troops in Tunisia who have been confined to their bases since 8 February, is reported to be loyal to the Pflimlin government and has ordered his forces to make no moves. [STILL REDACTED]",ASSIGNED_FULL,0.902439,37,41,1,1,"[""ASSIGNED_FULL""]","[""page_004_006_143013f7bb""]"
CIA-RDP79T00975A003700150001-4:9.0,CIA-RDP79T00975A003700150001-4,"May 17, 1958",fully,a paragraph,False,The decree complements provisions of an unpublished supplement to Saud's decree of 22 March which detailed the authority relinquished to Faysal. The interval of nearly two months between the two decrees reflects the caution with which Faysal has moved in his effort to modernize the Saudi Government--a field in which the Saudis have little direct experience.,ASSIGNED_FULL,1.0,59,59,1,1,"[""ASSIGNED_FULL""]","[""page_009_014_d32646e176""]"
CIA-RDP79T00975A003700150001-4:10.0+11.0,CIA-RDP79T00975A003700150001-4,"May 17, 1958",partly,a paragraph,True,"[STILL REDACTED] control of any major demonstrations outside of Paris would be difficult since the concentration of security forces in Paris has now left the provinces virtually unprotected. [STILL REDACTED] the Communist demonstrations which are planned for 17 May will be supported by the Socialists and Radical Socialists. The Communist ""save the Republic"" campaign has made it difficult for the other leftist parties--particularly as represented in the Socialist and Catholic labor unions--to differentiate between their own approach and that of the Communist-led General Workers Confederation.",ASSIGNED_FULL,1.0,82,82,2,2,"[""ASSIGNED_FULL"", ""ASSIGNED_FULL""]","[""page_010_015_4110432938"", ""page_011_016_172885e4ca""]"
CIA-RDP79T00975A003700170001-1:5.1,CIA-RDP79T00975A003700170001-1,"May 20, 1958",partly,a paragraph,False,[STILL REDACTED] aircraft flying from Egypt to Syria carry enough fuel for the round trip in view of the situation in Lebanon and the fact that the air force in Syria has small reserves of 100-octane gasoline. [STILL REDACTED],ASSIGNED_FULL,0.972973,36,37,1,1,"[""ASSIGNED_FULL""]","[""page_005_006_a8a54aa97a""]"
CIA-RDP79T00975A003700170001-1:5.2,CIA-RDP79T00975A003700170001-1,"May 20, 1958",partly,about a sentence,False,"[STILL REDACTED] one American and one Menadonese were captured when a B-26, which the government claimed to have shot down on 18 May, ditched in the sea north of Ambon. [STILL REDACTED]",ASSIGNED_FULL,0.888889,24,27,1,1,"[""ASSIGNED_FULL""]","[""page_005_006_a8a54aa97a""]"
CIA-RDP79T00975A003700170001-1:14.0,CIA-RDP79T00975A003700170001-1,"May 20, 1958",partly,about a sentence,False,"[STILL REDACTED] an ""expedition"" to mop up Algerian rebel units in western Tunisia might occur should the Algerians launch an attack from Tunisia.",ASSIGNED_FULL,1.0,22,22,1,1,"[""ASSIGNED_FULL""]","[""page_014_015_4ee7175212""]"
CIA-RDP79T00975A003700170001-1:15.0,CIA-RDP79T00975A003700170001-1,"May 20, 1958",partly,about a sentence,False,"and [STILL REDACTED] army detachments in Paris will move to install De Gaulle on 20 May. There is no confirmation of this report, but",ASSIGNED_FULL,1.0,23,23,1,1,"[""ASSIGNED_FULL""]","[""page_015_016_8df014c74d""]"
CIA-RDP79T00975A003700170001-1:17.0,CIA-RDP79T00975A003700170001-1,"May 20, 1958",fully,a paragraph,False,"Defense Minister Castro and Chief of the General Staff Perez Morales, who are not members of the junta, are said to have threatened to take over the government unless junta president Admiral Larrazabal outlaws the Communist party by midnight on 21 May and also curbs the non-Communist Democratic Action party. Larrazabal, however, whose career advanced most rapidly when the Democratic Action party was in power from 1945 to 1948, apparently opposes the outlawing of any political party.",ASSIGNED_FULL,1.0,79,79,1,1,"[""ASSIGNED_FULL""]","[""page_017_018_3719390f28""]"
CIA-RDP79T00975A003700190001-0:3.0,CIA-RDP79T00975A003700190001-0,"May 22, 1958",partly,a paragraph,False,"[STILL REDACTED] Nasir's request for MIG-19 aircraft was turned down on the grounds that Egypt already was ""over-equipped"" despite Nasir's assertion that MIG-19's were needed to match latest model Western jets now in Israeli hands. The USSR agreed to sell the UAR several TU-104 jet passenger air transports, but refused to cut the asking price of approximately $3,000,000, well above what the UAR is offering.",ASSIGNED_FULL,1.0,64,64,1,1,"[""ASSIGNED_FULL""]","[""page_003_008_5a1c31eb0f""]"
CIA-RDP79T00975A003700190001-0:6.0,CIA-RDP79T00975A003700190001-0,"May 22, 1958",fully,about a sentence,False,"While the Algerians probably have larger supplies of arms, other sources recently estimated FLN strength in Tunisia at some 3,000 armed men. Tunisian security forces now number 6,600.",ASSIGNED_FULL,1.0,28,28,1,1,"[""ASSIGNED_FULL""]","[""page_006_016_e09719cf00""]"
CIA-RDP79T00975A003700200001-8:4.1,CIA-RDP79T00975A003700200001-8,"May 23, 1958",partly,a paragraph,False,"[STILL REDACTED] Indonesia: Four of the eleven Soviet IL-14 aircraft en route to Djakarta from Czechoslovakia arrived in Medan on 22 May. [STILL REDACTED] five of the six IL-14's observed in transit there on 21 May appeared to be combat cargo or troop carrier types, fitted with brackets possibly suited for airdrop of cargo carried externally. [STILL REDACTED]",ASSIGNED_FULL,1.0,49,49,1,1,"[""ASSIGNED_FULL""]","[""page_004_005_d97b4d459d""]"
CIA-RDP79T00975A003700200001-8:5.0,CIA-RDP79T00975A003700200001-8,"May 23, 1958",partly,about a sentence,False,[STILL REDACTED] Laos: Military leaders are seriously considering a coup if conservative political elements are unable to form a united front against the Communists and their allies. [STILL REDACTED],ASSIGNED_FULL,1.0,28,28,1,1,"[""ASSIGNED_FULL""]","[""page_005_006_165a370eb1""]"
CIA-RDP79T00975A003700200001-8:5.1,CIA-RDP79T00975A003700200001-8,"May 23, 1958",partly,a paragraph,False,"[STILL REDACTED] North Africa: A clash between French and Tunisian forces on 22 May and a reported French raid 40 miles inside Moroccan territory on 21 May are the type of incidents which may presage major retaliatory action by the French. In Algeria, French military and civilian leaders continue their determined stand in opposition to the government in Paris. [STILL REDACTED]",ASSIGNED_FULL,1.0,57,57,1,1,"[""ASSIGNED_FULL""]","[""page_005_006_165a370eb1""]"
CIA-RDP79T00975A003700200001-8:12.0,CIA-RDP79T00975A003700200001-8,"May 23, 1958",fully,a paragraph,False,"Laotian military circles are considering a coup d'etat to prevent Laos from falling under Communist domination. Most of the army's top officers are reportedly involved in preliminary planning under the direction of Defense Minister Ngon Sananikone. The army chief of staff claims that he has ""bluntly"" warned conservative political leaders to unite against the threat posed by the Communist Neo Lao Hak Zat (NLHZ) or face an army ""take-over.""",ASSIGNED_FULL,1.0,70,70,1,1,"[""ASSIGNED_FULL""]","[""page_012_017_a9edd59c48""]"
CIA-RDP79T00975A003700200001-8:13.0,CIA-RDP79T00975A003700200001-8,"May 23, 1958",partly,about a sentence,False,[STILL REDACTED] the plan was inspired by extensive reports in the Mogadiscio press of the destruction of installations in Lebanon.,ASSIGNED_FULL,1.0,17,17,1,1,"[""ASSIGNED_FULL""]","[""page_013_018_ed21b27472""]"
CIA-RDP79T00975A003700200001-8:17.0,CIA-RDP79T00975A003700200001-8,"May 23, 1958",fully,a few words,False,like Harmodio Arias,ASSIGNED_FULL,1.0,3,3,1,1,"[""ASSIGNED_FULL""]","[""page_017_022_ff49cf9a36""]"
CIA-RDP79T00975A003700210001-7:5.0,CIA-RDP79T00975A003700210001-7,"May 24, 1958",fully,a paragraph,False,"The Saudi Arabian ambassador in Khartoum stated on 20 May that he had ""incontestable proof"" that the UAR Embassy was ""buying"" members of the Sudanese Parliament and will make some move against the government within two weeks. The speaker of the Sudan's house of representatives has informed the US Embassy of the ""gloomy"" state of mind of many of his colleagues and of his fear that the Sudan might be next if Nasir wins out in Lebanon.",ASSIGNED_FULL,1.0,77,77,1,1,"[""ASSIGNED_FULL""]","[""page_005_013_00a9244b38""]"
CIA-RDP79T00975A003700210001-7:5.1,CIA-RDP79T00975A003700210001-7,"May 24, 1958",fully,part of a sentence,False,"Subversive activities have not slackened, and bribery may well have increased.",ASSIGNED_FULL,1.0,11,11,1,1,"[""ASSIGNED_FULL""]","[""page_005_013_00a9244b38""]"
CIA-RDP79T00975A003700220001-6:5.0,CIA-RDP79T00975A003700220001-6,"May 26, 1958",partly,a paragraph,False,"[STILL REDACTED] General Salan has told an emissary from Pflimlin that unless the premier resigns on 26 May, the military in Algeria will move against France. The dissidents claim support would come from the French army in Germany and from armored units near Paris.",ASSIGNED_FULL,1.0,43,43,1,1,"[""ASSIGNED_FULL""]","[""page_005_006_953b8ff6e2""]"
CIA-RDP79T00975A003700220001-6:9.0,CIA-RDP79T00975A003700220001-6,"May 26, 1958",fully,about a sentence,False,"Nasir has said that he became ""increasingly hostile"" toward Hawrani during their recent trip to the USSR, according to a usually reliable source.",ASSIGNED_FULL,1.0,24,24,1,1,"[""ASSIGNED_FULL""]","[""page_009_012_ca8778373e""]"
CIA-RDP79T00975A003700220001-6:10.0,CIA-RDP79T00975A003700220001-6,"May 26, 1958",partly,a paragraph,False,The Indonesian Army is making final plans for its assault on the dissident capital of Menado. [STILL REDACTED] both paratroops and amphibious forces will be used and that small marine detachments and intelligence agents have already infiltrated the area to prepare for the landings. [STILL REDACTED] Menado to fall within three days of the attack. [STILL REDACTED],ASSIGNED_FULL,1.0,55,55,1,1,"[""ASSIGNED_FULL""]","[""page_010_013_1e523df720""]"
CIA-RDP79T00975A003700220001-6:14.0,CIA-RDP79T00975A003700220001-6,"May 26, 1958",partly,a paragraph,False,"[STILL REDACTED] General Salan told Pflimlin's emissary that unless the premier resigned on 26 May, airborne troops would launch an attack on Paris. He claimed that they would be supported by French army units in Germany and two armored units outside Paris, and that French security forces have been won over to the side of the Algerian junta. The admiral of the Mediterranean fleet has announced that he fully supports the action of the army in Algeria. Public sentiment in favor of the general is apparently increasing. [STILL REDACTED]",ASSIGNED_FULL,1.0,86,86,1,1,"[""ASSIGNED_FULL""]","[""page_014_017_f24cda1020""]"
CIA-RDP79T00975A003700230001-5:11.0,CIA-RDP79T00975A003700230001-5,"May 27, 1958",partly,a paragraph,False,"Discouragement on the part of a key anti-Gaullist leader was reported on 24 May [STILL REDACTED] who quoted Socialist Guy Mollet as believing De Gaulle ""has but to sit in his tent and wait.""",ASSIGNED_FULL,1.0,34,34,1,1,"[""ASSIGNED_FULL""]","[""page_011_013_4fb8d6ab1d""]"
CIA-RDP79T00975A003700230001-5:11.1,CIA-RDP79T00975A003700230001-5,"May 27, 1958",fully,a few words,False,reliably reported as,ASSIGNED_FULL,1.0,4,4,1,1,"[""ASSIGNED_FULL""]","[""page_011_013_4fb8d6ab1d""]"
CIA-RDP79T00975A003700230001-5:11.2,CIA-RDP79T00975A003700230001-5,"May 27, 1958",partly,about a sentence,False,"[STILL REDACTED] the Republican Security Company flown to the island from mainland France joined the rebels ""after two minutes.""",ASSIGNED_FULL,1.0,19,19,1,1,"[""ASSIGNED_FULL""]","[""page_011_013_4fb8d6ab1d""]"
CIA-RDP79T00975A003700230001-5:11.3+12.0,CIA-RDP79T00975A003700230001-5,"May 27, 1958",fully,a paragraph,True,"Interior Minister Moch, whom several reports have characterized as personally doubtful of the reliability of the army and of security forces under his control, may be considering arming non-Communist leftist militants as a counterweight to the military.",ASSIGNED_FULL,1.0,38,38,2,2,"[""ASSIGNED_FULL"", ""ASSIGNED_FULL""]","[""page_011_013_4fb8d6ab1d"", ""page_012_014_9408781828""]"
CIA-RDP79T00975A003700240001-4:5.1,CIA-RDP79T00975A003700240001-4,"May 28, 1958",fully,a paragraph,False,"Drop zones are reported to have been prepared in France by advance paratroop elements and an invasion by air-borne troops may take place on 28 or 29 May, depending on the weather.",ASSIGNED_FULL,1.0,33,33,1,1,"[""ASSIGNED_FULL""]","[""page_005_006_5b4987f44f""]"
CIA-RDP79T00975A003700250001-3:5.0+6.0,CIA-RDP79T00975A003700250001-3,"May 29, 1958",partly,a paragraph,True,"and could set off the threatened military coup to install De Gaulle and result in serious civil disorders. [STILL REDACTED] the general wants to maintain legal procedures, but extralegal methods have not been ruled out. [STILL REDACTED]",ASSIGNED_FULL,0.894737,34,38,2,2,"[""ASSIGNED_FULL"", ""ASSIGNED_FULL""]","[""page_005_006_e85d2840e2"", ""page_006_007_1402e6744a""]"
CIA-RDP79T00975A003700250001-3:12.0,CIA-RDP79T00975A003700250001-3,"May 29, 1958",partly,about a sentence,False,The reporting officer expects the unanimous decision of 22 May to be used to exert pressure on the United States for increased aid on more favorable terms. [STILL REDACTED],ASSIGNED_FULL,1.0,27,27,1,1,"[""ASSIGNED_FULL""]","[""page_012_015_0e76d8b305""]"
CIA-RDP79T00975A003700270001-1:7.0,CIA-RDP79T00975A003700270001-1,"May 31, 1958",partly,a paragraph,False,"[STILL REDACTED] after the first clash at Remada, there was danger that Tunisian civilians would attack French military establishments, but [STILL REDACTED] had been able to maintain control. [STILL REDACTED] the Neo-Destour party was carefully organizing well-policed demonstrations as outlets for the public's emotions.",ASSIGNED_FULL,1.0,41,41,1,1,"[""ASSIGNED_FULL""]","[""page_007_014_6134fc3b7a""]"
CIA-RDP79T00975A003700300001-7:11.0,CIA-RDP79T00975A003700300001-7,"June 4, 1958",partly,about a sentence,False,"[STILL REDACTED] Syria has recruited several hundred unemployed Lebanese Moslem seasonal workers in Kuwait, who were flown to Damascus, armed, and sent into Lebanon as ""peoples' fighters"" against the Chamoun government.",ASSIGNED_FULL,1.0,32,32,1,1,"[""ASSIGNED_FULL""]","[""page_011_011_d60f4d0c22""]"
CIA-RDP79T00975A003700310001-6:3.2,CIA-RDP79T00975A003700310001-6,"June 5, 1958",partly,a few words,False,opposition leaders. [STILL REDACTED],ASSIGNED_FULL,1.0,2,2,1,1,"[""ASSIGNED_FULL""]","[""page_003_004_4074603fe8""]"
CIA-RDP79T00975A003700310001-6:8.0,CIA-RDP79T00975A003700310001-6,"June 5, 1958",fully,part of a sentence,False,", where army forces have reinforced hard-pressed progovernment irregulars, and in southern Lebanon. In",ASSIGNED_FULL,1.0,13,13,1,1,"[""ASSIGNED_FULL""]","[""page_008_009_c7ad562023""]"
CIA-RDP79T00975A003700310001-6:8.1,CIA-RDP79T00975A003700310001-6,"June 5, 1958",partly,a paragraph,False,". [STILL REDACTED] the success of the rebellion might well hinge on the struggle for Beirut. The message added that additional arms were urgently needed by opposition groups in Beirut, because reported government arming of Christian nationals might foreshadow an attack on Moslem sections of the city. [STILL REDACTED]",ASSIGNED_FULL,1.0,43,43,1,1,"[""ASSIGNED_FULL""]","[""page_008_009_c7ad562023""]"
CIA-RDP79T00975A003700310001-6:8.3,CIA-RDP79T00975A003700310001-6,"June 5, 1958",partly,a paragraph,False,", is reported to have been making a major effort to send reinforcements into Lebanon with or without the consent of Lebanese opposition leaders. [STILL REDACTED] the large influx of reinforcements from Syria appeared to have abated for the moment. Never-",ASSIGNED_FULL,1.0,40,40,1,1,"[""ASSIGNED_FULL""]","[""page_008_009_c7ad562023""]"
CIA-RDP79T00975A003700310001-6:8.4+9.0,CIA-RDP79T00975A003700310001-6,"June 5, 1958",fully,a paragraph,True,"Opposition extremists continue to envisage a plan whereby the opposition would gain effective control over northern Lebanon and the Biqa Valley, former Syrian regions attached to Lebanon by the French after World War I. Without these regions, Lebanon would be a small Christian enclave.",ASSIGNED_FULL,1.0,46,46,2,2,"[""ASSIGNED_FULL"", ""ASSIGNED_FULL""]","[""page_008_009_c7ad562023"", ""page_009_010_3b3523543d""]"
CIA-RDP79T00975A003700320001-5:4.0,CIA-RDP79T00975A003700320001-5,"June 6, 1958",partly,a paragraph,False,"[STILL REDACTED] Turkey-Iraq-Lebanon: Turkey and Iraq continue to be gravely concerned over developments in Lebanon. Iraq, on behalf of the Arab Union, has urged that Lebanon ask that the Eisenhower doctrine be invoked as the only way of saving Lebanon. Turkey is convinced that any political compromise involving the removal of Chamoun at this time will result in the loss of Lebanon to the UAR and the ultimate loss of the entire Middle East to the USSR. [STILL REDACTED]",ASSIGNED_FULL,1.0,77,77,1,1,"[""ASSIGNED_FULL""]","[""page_004_005_d4a66d593e""]"
CIA-RDP79T00975A003700320001-5:13.0,CIA-RDP79T00975A003700320001-5,"June 6, 1958",fully,about a sentence,False,"Kyaw Nyein, who fears his faction would be defeated, has warned U Nu that he will appeal to the army to intervene if elections are called.",ASSIGNED_FULL,1.0,26,26,1,1,"[""ASSIGNED_FULL""]","[""page_013_014_b03ff3c1a9""]"
CIA-RDP79T00975A003700320001-5:15.0,CIA-RDP79T00975A003700320001-5,"June 6, 1958",partly,a paragraph,False,"Rightist regrouping in France to block any of De Gaulle's policies which are considered too liberal, particularly on Algeria, is indicated [STILL REDACTED] Independent party leader Roger Duchet plans later this month to seize control of party machinery, oust his rival, Finance Minister Antoine Pinay, and reorganize the Independents along more ""nationalist"" lines. Duchet is said to believe now that De Gaulle has embarked on an ""irrevocably dictatorial"" course, and that the proposed constitutional revisions will completely change the French political situation. [STILL REDACTED]",ASSIGNED_FULL,1.0,81,81,1,1,"[""ASSIGNED_FULL""]","[""page_015_016_4ef3aa10ca""]"
CIA-RDP79T00975A003700330001-4:9.0,CIA-RDP79T00975A003700330001-4,"June 7, 1958",fully,a paragraph,False,"At a recent meeting Prime Minister Nuri Said told American and British representatives of IPC that they might see a repetition in Iraq of the events which led to the nationalization of Iranian oil concessions if the company ""failed to assess the needs of the moment.""",ASSIGNED_FULL,1.0,47,47,1,1,"[""ASSIGNED_FULL""]","[""page_009_013_6ef4af815e""]"
CIA-RDP79T00975A003700330001-4:12.0,CIA-RDP79T00975A003700330001-4,"June 7, 1958",fully,about a sentence,False,who participated in plotting for last month's take-over and who share the present disappointments of local extremists.,ASSIGNED_FULL,1.0,17,17,1,1,"[""ASSIGNED_FULL""]","[""page_012_016_ce7dd61a62""]"
CIA-RDP79T00975A003700340001-3:5.0,CIA-RDP79T00975A003700340001-3,"June 9, 1958",partly,about a sentence,False,"Although the French Communists are preparing for clandestine activity, their principal aim is to make the party the rallying point of all anti-Gaullist forces for opposition by legal means. [STILL REDACTED]",ASSIGNED_FULL,1.0,31,31,1,1,"[""ASSIGNED_FULL""]","[""page_005_006_709833d183""]"
CIA-RDP79T00975A003700340001-3:6.0,CIA-RDP79T00975A003700340001-3,"June 9, 1958",partly,a paragraph,False,"[STILL REDACTED] President Chamoun, after a meeting with Lebanese Army Commander Shihab on 7 June, described him as elated over limited army success in the Tripoli area that day and apparently willing to take more forceful action against the insurgents.",ASSIGNED_FULL,1.0,40,40,1,1,"[""ASSIGNED_FULL""]","[""page_006_007_843674d939""]"
CIA-RDP79T00975A003700340001-3:9.0,CIA-RDP79T00975A003700340001-3,"June 9, 1958",fully,about a sentence,False,"According to one report De Gaulle even felt it necessary to summon General Massu and rebuke him for the manner in which he had presented the ""wishes of the committee.""",ASSIGNED_FULL,1.0,31,31,1,1,"[""ASSIGNED_FULL""]","[""page_009_012_c786939f99""]"
CIA-RDP79T00975A003700340001-3:9.1,CIA-RDP79T00975A003700340001-3,"June 9, 1958",partly,a paragraph,False,"[STILL REDACTED] the ""prudence and selectivity"" of current Communist party tactics has aroused active rank-and-file support and enhances the possibility of unity of action with other anti-Gaullist elements. The party stepped up preparations for clandestine activity last week, but will pursue mainly a nonviolent, legal course of action, at least until De Gaulle's program is made clear. Nevertheless, there is a widespread attitude, inside as well as outside the party, that De Gaulle should be given a chance.",ASSIGNED_FULL,1.0,79,79,1,1,"[""ASSIGNED_FULL""]","[""page_009_012_c786939f99""]"
CIA-RDP79T00975A003700350001-2:7.0,CIA-RDP79T00975A003700350001-2,"June 10, 1958",partly,part of a sentence,False,[STILL REDACTED] the bomb may have been thrown by Turks in full knowledge that violence would follow.,ASSIGNED_FULL,1.0,17,17,1,1,"[""ASSIGNED_FULL""]","[""page_007_013_72ccce39b2""]"
CIA-RDP79T00975A003700360001-1:6.0,CIA-RDP79T00975A003700360001-1,"June 11, 1958",partly,a paragraph,False,"The Christian Maronite community meanwhile is having second thoughts concerning the pro-opposition attitude of its Patriarch, who has openly criticized the government and praised the opposition during a recent press conference. His statement that many of his bishops had been bribed by the government has aroused the ire of the higher clergy, who are reported to have petitioned the Vatican against the Patriarch's stand. A majority of the Maronites are said to be furious at the Patriarch. [STILL REDACTED]",ASSIGNED_FULL,1.0,77,77,1,1,"[""ASSIGNED_FULL""]","[""page_006_011_5f2a1b5a92""]"
CIA-RDP79T00975A003700360001-1:7.0,CIA-RDP79T00975A003700360001-1,"June 11, 1958",fully,a paragraph,False,"He is reported to have told King Faysal that he would insist that the question of Kuwait's joining the AU also be resolved at once. Faysal has not accepted the resignation, however, and Nuri probably does not expect him to do so.",ASSIGNED_FULL,1.0,43,43,1,1,"[""ASSIGNED_FULL""]","[""page_007_012_fecfcf855d""]"
CIA-RDP79T00975A003700360001-1:7.1,CIA-RDP79T00975A003700360001-1,"June 11, 1958",fully,part of a sentence,False,"he had recently given the British ambassador in Baghdad a ""memorandum"" asserting that",ASSIGNED_FULL,1.0,13,13,1,1,"[""ASSIGNED_FULL""]","[""page_007_012_fecfcf855d""]"
CIA-RDP79T00975A003700360001-1:7.2,CIA-RDP79T00975A003700360001-1,"June 11, 1958",partly,about a sentence,False,"Since Britain probably cannot bring Kuwait to accept either of these courses, Nuri can be expected to make even stronger appeals for direct American and British assistance. [STILL REDACTED]",ASSIGNED_FULL,1.0,27,27,1,1,"[""ASSIGNED_FULL""]","[""page_007_012_fecfcf855d""]"
CIA-RDP79T00975A003700360001-1:8.0,CIA-RDP79T00975A003700360001-1,"June 11, 1958",fully,about a sentence,False,", and there have been several reports that he is concerned about the situation in Syria and has intended to take action since his return from Moscow.",ASSIGNED_FULL,1.0,28,28,1,1,"[""ASSIGNED_FULL""]","[""page_008_013_709dab4389""]"
CIA-RDP79T00975A003700370001-0:6.0,CIA-RDP79T00975A003700370001-0,"June 12, 1958",partly,a paragraph,False,"[STILL REDACTED] Saburov, Suslov, Pospelov, Molotov, and Kuusinen among the ""dogmatist"" group, and [STILL REDACTED] rigidly inflexible, Stalin-trained advocates of a hard-fist policy. Khrushchev himself is said to head a more flexible group which continues to advocate a softer policy and is genuinely interested in summit negotiations.",ASSIGNED_FULL,0.978261,45,46,1,1,"[""ASSIGNED_FULL""]","[""page_006_007_0e3a8ca602""]"
CIA-RDP79T00975A003700370001-0:7.0,CIA-RDP79T00975A003700370001-0,"June 12, 1958",fully,about a sentence,False,"However, at least 200 EMW of additional generating capacity based on the use of plutonium production reactors for by-product power will also be installed.",ASSIGNED_FULL,1.0,25,25,1,1,"[""ASSIGNED_FULL""]","[""page_007_008_17db61ee15""]"
CIA-RDP79T00975A003700370001-0:11.0,CIA-RDP79T00975A003700370001-0,"June 12, 1958",fully,a paragraph,False,"According to their reported plans, once such a ""government"" is set up, the opposition would attempt to consolidate its hold on the countryside and then capture all the main towns. The seizure of Beirut would be the ultimate objective. A ""free"" government would adhere to Nasir's United Arab Republic, possibly retaining autonomy in local affairs as Yemen has. Such a scheme might provide for a certain measure of autonomy for the Christian areas within Lebanon.",ASSIGNED_FULL,1.0,78,78,1,1,"[""ASSIGNED_FULL""]","[""page_011_013_b4f3394a1c""]"
CIA-RDP79T00975A003700370001-0:15.1,CIA-RDP79T00975A003700370001-0,"June 12, 1958",fully,part of a sentence,False,possibly at the direction of Ankara--,ASSIGNED_FULL,0.857143,6,7,1,1,"[""ASSIGNED_FULL""]","[""page_015_017_b6ce5d7766""]"
CIA-RDP79T00975A003700370001-0:15.2,CIA-RDP79T00975A003700370001-0,"June 12, 1958",fully,about a sentence,False,and both the Cypriot Ethnarchy and the Greek Government have secretly appealed to EOKA leader Grivas to take no retaliatory action against the Turks.,ASSIGNED_FULL,1.0,24,24,1,1,"[""ASSIGNED_FULL""]","[""page_015_017_b6ce5d7766""]"
CIA-RDP79T00975A003700380001-9:10.0,CIA-RDP79T00975A003700380001-9,"June 13, 1958",partly,a paragraph,False,"[STILL REDACTED] ""some"" Syrians are volunteering for action in Lebanon and that while not helping infiltrators, the UAR is ""doing nothing to prevent"" them from assisting their Lebanese brothers. Meanwhile, the Danish consul general in Damascus has stated that on 9 June Syrian authorities commandeered a Danish mission hospital near the Lebanese border for the treatment of ""Lebanese wounded."" [STILL REDACTED]",ASSIGNED_FULL,1.0,56,56,1,1,"[""ASSIGNED_FULL""]","[""page_010_011_0ea0782eff""]"
CIA-RDP79T00975A003700390001-8:3.1,CIA-RDP79T00975A003700390001-8,"June 14, 1958",partly,about a sentence,False,Some army officers are advocating that General Shihab take over as president and are considering a coup d'etat as a means to this end. [STILL REDACTED],ASSIGNED_FULL,0.958333,23,24,1,1,"[""ASSIGNED_FULL""]","[""page_003_004_13eb37a1bd""]"
CIA-RDP79T00975A003700390001-8:14.0,CIA-RDP79T00975A003700390001-8,"June 14, 1958",fully,about a sentence,False,"Chassin is characterized as a very energetic, impulsive individual; a Ministry of Interior official stated in late May that his following was mainly composed of scattered small groups.",ASSIGNED_FULL,1.0,28,28,1,1,"[""ASSIGNED_FULL""]","[""page_014_015_4abc0562cd""]"
CIA-RDP79T00975A003700400001-6:6.0,CIA-RDP79T00975A003700400001-6,"June 16, 1958",fully,part of a sentence,False,Greek security officials warn that demonstrations could develop into expressions of anti-Americanism.,ASSIGNED_FULL,1.0,13,13,1,1,"[""ASSIGNED_FULL""]","[""page_006_007_b12d70fe03""]"
CIA-RDP79T00975A003700420001-4:6.0,CIA-RDP79T00975A003700420001-4,"June 18, 1958",fully,a paragraph,False,Chamoun stated that interrogation of members of the Syrian armed forces captured in Tripoli by the Lebanese Army revealed that over 25 Syrian military personnel were in the Beirut Moslem quarter working with opposition leader Saib Salam.,ASSIGNED_FULL,1.0,32,32,1,1,"[""ASSIGNED_FULL""]","[""page_006_007_a196531ddd""]"
CIA-RDP79T00975A003800010001-8:3.0,CIA-RDP79T00975A003800010001-8,"June 20, 1958",partly,a paragraph,False,Lebanon: Rebel elements are apparently using the temporary lull in military activity to prepare for further action. The evacuation of families of employees of private American firms may be viewed in the UAR as an indication of imminent Western intervention. Plans by some military elements to oust Chamoun are reported to have suffered a setback on the night of 17 June. [STILL REDACTED],ASSIGNED_FULL,1.0,63,63,1,1,"[""ASSIGNED_FULL""]","[""page_003_004_18c261c035""]"
CIA-RDP79T00975A003800010001-8:3.1,CIA-RDP79T00975A003800010001-8,"June 20, 1958",fully,a paragraph,False,"There is evidence of continuing covert intervention by UAR irregulars and of the infiltration of considerable quantities of UAR arms. There is, however, no evidence of UAR intention to intervene with regular military forces.",ASSIGNED_FULL,0.97619,41,42,1,1,"[""ASSIGNED_FULL""]","[""page_003_004_18c261c035""]"
CIA-RDP79T00975A003800010001-8:11.0,CIA-RDP79T00975A003800010001-8,"June 20, 1958",partly,a paragraph,False,"Recent indications that the President may be planning to dispense with parliamentary government altogether and take over himself [STILL REDACTED] he is summoning all Pakistani army general officers to a conference within the next week to discuss the possibility of proclaiming a state of emergency under which the President would assume all governmental powers. Action would be taken on 14 August, Pakistan's independence day, if the army officers concurred in Mirza's plan. [STILL REDACTED]",ASSIGNED_FULL,1.0,75,75,1,1,"[""ASSIGNED_FULL""]","[""page_011_013_7b6823f198""]"
CIA-RDP79T00975A003800030001-6:13.0,CIA-RDP79T00975A003800030001-6,"June 23, 1958",partly,a paragraph,False,"The Moroccan King, however, [STILL REDACTED] expressed [STILL REDACTED] his displeasure that an agreement had been reached with Tunisia first. He commented that Morocco had been more reasonable than Tunisia in seeking evacuation of French troops, with ""only the result of being less successful.""",ASSIGNED_FULL,1.0,39,39,1,1,"[""ASSIGNED_FULL""]","[""page_013_016_ac2e136e14""]"
CIA-RDP79T00975A003800050001-4:5.2,CIA-RDP79T00975A003800050001-4,"June 25, 1958",fully,about a sentence,False,Some fighter units of the Greek Air Force have been placed on a partial alert as a result of heightened tensions with Turkey over Cyprus.,ASSIGNED_FULL,0.962963,26,27,1,1,"[""ASSIGNED_FULL""]","[""page_005_006_283095d0ad""]"
CIA-RDP79T00975A003800050001-4:6.0,CIA-RDP79T00975A003800050001-4,"June 25, 1958",partly,a paragraph,False,"[STILL REDACTED] Ethiopia: Emperor Haile Selassie is considering a Soviet offer of 34 jet fighters and training for an ""unlimited"" number of pilots in the Soviet Union, [STILL REDACTED] Although this is not the only reported bloc offer, it is the first report giving an indication of scope. Ethiopia may use this report as a pressure tactic in an effort to induce the US to increase aid to the Ethiopian Air Force. [STILL REDACTED]",ASSIGNED_PARTIAL,0.792683,65,82,1,1,"[""ASSIGNED_PARTIAL""]","[""page_006_007_c22bff3e07""]"
CIA-RDP79T00975A003800050001-4:8.0,CIA-RDP79T00975A003800050001-4,"June 25, 1958",fully,a paragraph,False,"Amid heightened tension over Cyprus, Greek Air Force officers are discussing possible operations against Turkey. There is evidence that the air force has tightened its alert status in recent days but is not yet on a full alert. Despite increased belligerency toward the Turks, many Greek Air Force officers regard hostilities as unlikely unless initiated by Turkey. Offensive action by Greece could not be ruled out, however, if attacks take place on the Greek minority in Turkey.",ASSIGNED_FULL,1.0,77,77,1,1,"[""ASSIGNED_FULL""]","[""page_008_012_4b3282e6bf""]"
CIA-RDP79T00975A003800050001-4:11.0,CIA-RDP79T00975A003800050001-4,"June 25, 1958",partly,a paragraph,False,"The USSR, [STILL REDACTED] has offered 34 jet fighters and suitable training facilities for an ""unlimited"" number of pilots in the Soviet Union. Earlier in 1958 the Czech Legation offered an unspecified number of MIG-15's, servicing facilities, and training for pilots and ground crews.",ASSIGNED_FULL,1.0,43,43,1,1,"[""ASSIGNED_FULL""]","[""page_011_015_200cf1a899""]"
CIA-RDP79T00975A003800060001-3:9.0,CIA-RDP79T00975A003800060001-3,"June 26, 1958",partly,about a sentence,False,"Archbishop Makarios does not want EOKA to renew violence ""for the moment,"" [STILL REDACTED] as he fears such violence would throw the British and Turks together to fight the Greeks.",ASSIGNED_FULL,0.967742,30,31,1,1,"[""ASSIGNED_FULL""]","[""page_009_011_3a15999ac3""]"
CIA-RDP79T00975A003800080001-1:4.0,CIA-RDP79T00975A003800080001-1,"June 28, 1958",partly,a paragraph,False,"Prime Minister Daud apparently agreed, before his departure for the United States, to commit $18,000,000 for the Naghlu hydroelectric project. This would make a total of about $43,000,000 committed thus far. [STILL REDACTED]",ASSIGNED_FULL,0.939394,31,33,1,1,"[""ASSIGNED_FULL""]","[""page_004_005_01a5780386""]"
CIA-RDP79T00975A003800080001-1:8.0,CIA-RDP79T00975A003800080001-1,"June 28, 1958",fully,a paragraph,False,"Just before his departure for the United States, Prime Minister Daud is reported to have agreed to commit, on his return about 10 July, $18,000,000 of this credit for the Naghlu hydroelectric project.",ASSIGNED_FULL,1.0,36,36,1,1,"[""ASSIGNED_FULL""]","[""page_008_010_ce3484fb8e""]"
CIA-RDP79T00975A003800080001-1:8.1,CIA-RDP79T00975A003800080001-1,"June 28, 1958",fully,about a sentence,False,"About $8,000,000 of the $18,000,000 for the Naghlu project is to consist of Soviet goods for generating local funds.",ASSIGNED_FULL,1.0,19,19,1,1,"[""ASSIGNED_FULL""]","[""page_008_010_ce3484fb8e""]"
CIA-RDP79T00975A003800100001-8:8.0,CIA-RDP79T00975A003800100001-8,"July 1, 1958",partly,a paragraph,False,"Basically, the arrangement is to bribe the tribes. Prisoners interrogated by the UN observation group have stated that Syrian military personnel have been actively engaged in operations against Lebanese security forces, as well as carrying out demolition activities. [STILL REDACTED] the UN group, after contacts with rebel leaders, claims [STILL REDACTED] they had received word they could ""no longer depend on any assistance from the outside.""",ASSIGNED_FULL,1.0,62,62,1,1,"[""ASSIGNED_FULL""]","[""page_008_009_7357c8a12f""]"
CIA-RDP79T00975A003800110001-7:12.0,CIA-RDP79T00975A003800110001-7,"July 2, 1958",partly,a paragraph,False,"[STILL REDACTED] the armed forces may move to take over the government. While the majority of the military still has a ""wait-and-see"" attitude, the small minority which tried to prevent Frondizi's election has resumed plotting and might be able to exploit further aggravation of military discontent.",ASSIGNED_FULL,1.0,43,43,1,1,"[""ASSIGNED_FULL""]","[""page_012_015_23b7f5e338""]"
CIA-RDP79T00975A003800140001-4:3.0,CIA-RDP79T00975A003800140001-4,"July 5, 1958",partly,a paragraph,False,"*Lebanon: Government leaders, faced with what they fear is a diminishing prospect of UN assistance against the UAR-supported rebellion, are seeking a military agreement with Iraq. [STILL REDACTED] The Druze threat to Beirut appears to have been averted for the moment. Cairo radio, meanwhile, declared on 4 July that rebel leaders would announce ""important resolutions"" on the Lebanese situation ""very soon."" [STILL REDACTED]",ASSIGNED_FULL,1.0,63,63,1,1,"[""ASSIGNED_FULL""]","[""page_003_004_fc18328403""]"
CIA-RDP79T00975A003800140001-4:3.1,CIA-RDP79T00975A003800140001-4,"July 5, 1958",fully,part of a sentence,False,There are some indications that the covert intervention by the UAR may diminish.,ASSIGNED_FULL,0.928571,13,14,1,1,"[""ASSIGNED_FULL""]","[""page_003_004_fc18328403""]"
CIA-RDP79T00975A003800140001-4:9.0,CIA-RDP79T00975A003800140001-4,"July 5, 1958",partly,a paragraph,False,"[STILL REDACTED] The Hague will probably ""keep waters riled"" until the US promises to protect New Guinea with its Seventh Fleet. [STILL REDACTED] reflecting Dutch fears that Indonesia will obtain US arms and will use them to attack New Guinea.",ASSIGNED_FULL,1.0,37,37,1,1,"[""ASSIGNED_FULL""]","[""page_009_013_08a3bb2975""]"
CIA-RDP79T00975A003800150001-3:12.0,CIA-RDP79T00975A003800150001-3,"July 7, 1958",fully,a paragraph,False,"De Gaulle is reported to have told the former president of the Algerian assembly, Abderrahmane Fares, that he had not yet decided on a solution, but would try to find it jointly with Algerian Arabs. He offered Fares a ministerial post, but Fares reserved his decision and advised negotiations with the FLN. Fares is reported to have sent an intermediary to see Ferhat Abbas.",ASSIGNED_FULL,1.0,64,64,1,1,"[""ASSIGNED_FULL""]","[""page_012_014_446c6a5f1d""]"
CIA-RDP79T00975A003800160001-2:11.0,CIA-RDP79T00975A003800160001-2,"July 8, 1958",fully,a paragraph,False,"Sarit is said to have lectured NSP members for two hours on 2 July concerning criticism of Thanom, warning them that if they wanted a strong, ruthless premier rather than Thanom, they could have one but that they would be ""sorry."" This was presumably a veiled threat that he would personally use strong-arm tactics if they did not fall into line voluntarily under Thanom.",ASSIGNED_FULL,1.0,65,65,1,1,"[""ASSIGNED_FULL""]","[""page_011_013_94fb394681""]"
CIA-RDP79T00975A003800190001-9:4.2,CIA-RDP79T00975A003800190001-9,"July 11, 1958",fully,part of a sentence,False,There are indications that covert intervention by the UAR has diminished somewhat.,ASSIGNED_FULL,1.0,15,15,1,1,"[""ASSIGNED_FULL""]","[""page_004_005_9480638338""]"
CIA-RDP79T00975A003800190001-9:5.1,CIA-RDP79T00975A003800190001-9,"July 11, 1958",partly,about a sentence,False,"[STILL REDACTED] anti-Americanism is rising in Morocco, and that such a declaration would facilitate the negotiations begun in May 1957 for a base agreement.",ASSIGNED_FULL,1.0,23,23,1,1,"[""ASSIGNED_FULL""]","[""page_005_006_4f205fd1b7""]"
CIA-RDP79T00975A003800190001-9:10.0,CIA-RDP79T00975A003800190001-9,"July 11, 1958",fully,a paragraph,False,"Istiqlal leader Allal el-Fassi, who demands the evacuation of all foreign troops, and at least two Moroccan officials believe that such a declaration by the United States might facilitate agreement and forestall the possibility of the United States being asked to evacuate. The Moroccan minister of defense is reported considering refusing entry to American military personnel--a measure occasionally used against French military personnel--unless a base agreement is soon reached with the United States.",ASSIGNED_FULL,1.0,77,77,1,1,"[""ASSIGNED_FULL""]","[""page_010_016_4749c7192c""]"
CIA-RDP79T00975A003800230001-4:5.0,CIA-RDP79T00975A003800230001-4,"July 16, 1958",partly,a paragraph,False,"There is no indication of Soviet air activity which might be directly related to the Middle East situation. Elements of the 50th Long Range Air Army based in the European USSR have been engaged in a probable deployment exercise to the Far East since approximately 10 July. [STILL REDACTED] As of early 15 July, Black Sea naval units appeared to be engaged in routine operations. [STILL REDACTED]",ASSIGNED_FULL,1.0,64,64,1,1,"[""ASSIGNED_FULL""]","[""page_005_010_f9d5438abe""]"
CIA-RDP79T00975A003800240001-3:9.0,CIA-RDP79T00975A003800240001-3,"July 17, 1958",partly,a paragraph,False,"[STILL REDACTED] Iranian Airways Company pilots have been alerted to be prepared to evacuate the firm's aircraft and families should revolution occur in Iran. [STILL REDACTED] the junior officers in the Iranian Army are not loyal to the Shah or to the top military leaders. While the validity of this report cannot be determined, US officials who recently returned from duty in Iran agree that there is discontent among junior officers.",ASSIGNED_FULL,1.0,66,66,1,1,"[""ASSIGNED_FULL""]","[""page_009_013_6668969b14""]"
CIA-RDP79T00975A003800240001-3:13.0,CIA-RDP79T00975A003800240001-3,"July 17, 1958",fully,about a sentence,False,"new Chinese Nationalist prime minister, said Nasir must be overthrown in order to solve the problems of the Middle East.",ASSIGNED_FULL,1.0,18,18,1,1,"[""ASSIGNED_FULL""]","[""page_013_017_3f1e5031b9""]"
CIA-RDP79T00975A003800240001-3:14.0,CIA-RDP79T00975A003800240001-3,"July 17, 1958",partly,about a sentence,False,"Combat missions by a Chinese Nationalist B-26 based on Taiwan are being flown at approximately three-day intervals and, [STILL REDACTED] the aircraft refuels at Sanga Sanga airfield in the southern Philippines.",ASSIGNED_FULL,1.0,31,31,1,1,"[""ASSIGNED_FULL""]","[""page_014_018_3f1b6d3596""]"
CIA-RDP79T00975A003800250001-2:5.0,CIA-RDP79T00975A003800250001-2,"July 18, 1958",partly,about a sentence,False,"Reported divisions within the Castro forces, whether due to poor communications or local independence of action, may limit their effectiveness, [STILL REDACTED]",ASSIGNED_FULL,1.0,20,20,1,1,"[""ASSIGNED_FULL""]","[""page_005_019_d471ab65b4""]"
CIA-RDP79T00975A003800250001-2:6.0,CIA-RDP79T00975A003800250001-2,"July 18, 1958",partly,about a sentence,False,"They are considering a coup and the establishment of a junta. Such an attempt might include assassination of the President or other high officials, but is unlikely to be successful. [STILL REDACTED]",ASSIGNED_FULL,1.0,32,32,1,1,"[""ASSIGNED_FULL""]","[""page_006_020_451ef5b4f0""]"
CIA-RDP79T00975A003800260001-1:5.0+6.0,CIA-RDP79T00975A003800260001-1,"July 19, 1958",fully,a paragraph,True,"Turkey has demonstrated an increasing eagerness to intervene in Iraq and has vigorously sought US support for such a move. While a unilateral Turkish move against Iraq is unlikely, the possibility cannot be dismissed.",ASSIGNED_FULL,1.0,34,34,2,2,"[""ASSIGNED_FULL"", ""ASSIGNED_FULL""]","[""page_005_006_3d49122b84"", ""page_006_007_2c1457164e""]"
CIA-RDP79T00975A003800260001-1:9.0,CIA-RDP79T00975A003800260001-1,"July 19, 1958",partly,part of a sentence,False,[STILL REDACTED] The Indian leader may propose negotiations as he did during the Suez crisis.,ASSIGNED_FULL,1.0,14,14,1,1,"[""ASSIGNED_FULL""]","[""page_009_016_f991a43d7d""]"
CIA-RDP79T00975A003800260001-1:9.1,CIA-RDP79T00975A003800260001-1,"July 19, 1958",fully,a paragraph,False,"Since Nehru was met in New Delhi on his return from a provincial tour by both the Soviet and UAR envoys, who reportedly delivered messages from their leaders, the appeal to Nehru may have been coordinated during Nasir's visit to Moscow on 17 July.",ASSIGNED_FULL,1.0,45,45,1,1,"[""ASSIGNED_FULL""]","[""page_009_016_f991a43d7d""]"
CIA-RDP79T00975A003800280001-9:10.0,CIA-RDP79T00975A003800280001-9,"July 21, 1958",fully,a paragraph,False,"Africa: The Ethiopian prime minister privately approves the US intervention, but has publicly deplored its necessity. The government is being pressed by the Yugoslavs, Indians, and others to join in condemnation of the United States, which the prime minister refuses to do. The government is exerting strong pressure on local newspapers to present a solid pro-Western view, and news dispatches unfavorable to the US are being suppressed.",ASSIGNED_FULL,1.0,68,68,1,1,"[""ASSIGNED_FULL""]","[""page_010_013_8c4f68dbfd""]"
CIA-RDP79T00975A003800310001-5:6.0,CIA-RDP79T00975A003800310001-5,"July 24, 1958",fully,a paragraph,False,"Turkey has expressed eagerness to intervene in Iraq and Syria and has vigorously sought US support for such a move. While a unilateral Turkish move is unlikely, the possibility cannot be dismissed.",ASSIGNED_FULL,1.0,33,33,1,1,"[""ASSIGNED_FULL""]","[""page_006_007_f7dfcf6400""]"
CIA-RDP79T00975A003800340001-2:10.0,CIA-RDP79T00975A003800340001-2,"July 28, 1958",partly,a paragraph,False,"The Tunisians, moreover, are probably aware that France is attempting to disrupt North African unity. French officials in Tunis, who claimed on 25 July that the Tunisian defense secretary had accepted proffered French arms, were obviously pleased with the prospect of using French arms to accentuate the growing tensions between the Tunisian Government and the FLN. [STILL REDACTED]",ASSIGNED_FULL,1.0,56,56,1,1,"[""ASSIGNED_FULL""]","[""page_010_014_065ae3d162""]"
CIA-RDP79T00975A003800360001-0:8.0,CIA-RDP79T00975A003800360001-0,"July 30, 1958",fully,a paragraph,False,"There have been constant reports of plotting against Duvalier since he took office eight months ago, and details of a plot by opposition leaders, including former Presidents Magloire and Daniel Fignole and defeated presidential candidate Louis Dejoie, with the covert support of Dominican dictator Trujillo, have been reported frequently during recent months. The unsuccessful attempt on 29 July may have been related to the Trujillo-backed plan.",ASSIGNED_FULL,1.0,68,68,1,1,"[""ASSIGNED_FULL""]","[""page_008_012_d69762b0e5""]"
CIA-RDP79T00975A003900010001-7:9.0,CIA-RDP79T00975A003900010001-7,"August 4, 1958",fully,about a sentence,False,"The investigation of Iranian officers by Savak, the Iranian national intelligence organ, at the Shah's direction, is aimed at uncovering any ""Qasim-type"" officers or other potentially dangerous elements.",ASSIGNED_FULL,1.0,31,31,1,1,"[""ASSIGNED_FULL""]","[""page_009_013_41e95a0695""]"
CIA-RDP79T00975A003900010001-7:9.1,CIA-RDP79T00975A003900010001-7,"August 4, 1958",fully,about a sentence,False,"and an unconfirmed report of a Soviet-sponsored plot to kidnap him and organize a new government,",ASSIGNED_FULL,1.0,17,17,1,1,"[""ASSIGNED_FULL""]","[""page_009_013_41e95a0695""]"
CIA-RDP79T00975A003900020001-6:6.0,CIA-RDP79T00975A003900020001-6,"August 5, 1958",fully,a paragraph,False,that Israel has had very confidential and high-level contacts with the other four countries during the past year or more and that it is encouraged at the interest they have shown in possibilities for mutual cooperation.,ASSIGNED_FULL,1.0,38,38,1,1,"[""ASSIGNED_FULL""]","[""page_006_009_64f918d62b""]"
CIA-RDP79T00975A003900040001-4:9.0,CIA-RDP79T00975A003900040001-4,"August 7, 1958",partly,about a sentence,False,[STILL REDACTED] Nationalist military officials now regard strategic control of the straits as lost and fear the ultimate loss of the offshore islands. [STILL REDACTED],ASSIGNED_FULL,1.0,21,21,1,1,"[""ASSIGNED_FULL""]","[""page_009_010_bfcd9ca17e""]"
CIA-RDP79T00975A003900070001-1:5.0,CIA-RDP79T00975A003900070001-1,"August 11, 1958",fully,a paragraph,False,"Aklilou stated that Khalil, who has a secret defense treaty with Emperor Haile Selassie, has asked for Ethiopian secret police agents and 3,000 to 5,000 Ethiopian troops if necessary and has received the Emperor's agreement. A similar promise of troops by the Emperor at the time of the Wadi Halfa border crisis in February reportedly served to strengthen Khalil's morale despite the serious logistics problem of transporting the Ethiopian troops. Aklilou also suggested that the 40,000 Ethiopian residents of the Sudan could be used to combat Egyptian penetration.",ASSIGNED_FULL,1.0,91,91,1,1,"[""ASSIGNED_FULL""]","[""page_005_010_87ee7db086""]"
CIA-RDP79T00975A003900120001-5:6.0,CIA-RDP79T00975A003900120001-5,"August 16, 1958",fully,a paragraph,False,"Although King Saud has indicated that Faysal will not enter into any agreement with Egypt at this time, Faysal is known to favor much closer relations with Nasir than does the King and could act on his own initiative.",ASSIGNED_FULL,1.0,39,39,1,1,"[""ASSIGNED_FULL""]","[""page_006_008_046ae21786""]"
CIA-RDP79T00975A003900150001-2:8.0,CIA-RDP79T00975A003900150001-2,"August 19, 1958",fully,part of a sentence,False,The notoriously corrupt and discredited,ASSIGNED_FULL,1.0,5,5,1,1,"[""ASSIGNED_FULL""]","[""page_008_009_eb759f359f""]"
CIA-RDP79T00975A003900150001-2:8.1,CIA-RDP79T00975A003900150001-2,"August 19, 1958",fully,part of a sentence,False,"His leading role associates the new government with the corruption of its predecessor and,",ASSIGNED_FULL,1.0,15,15,1,1,"[""ASSIGNED_FULL""]","[""page_008_009_eb759f359f""]"
CIA-RDP79T00975A003900170001-0:5.1,CIA-RDP79T00975A003900170001-0,"August 21, 1958",partly,part of a sentence,False,The King requested American help in evacuating the royal family by 27 August. [STILL REDACTED],ASSIGNED_FULL,0.928571,13,14,1,1,"[""ASSIGNED_FULL""]","[""page_005_007_9c42bdc0e9""]"
CIA-RDP79T00975A003900170001-0:7.0,CIA-RDP79T00975A003900170001-0,"August 21, 1958",fully,a paragraph,False,"Recently, however, Dr. E. Maung, minister of justice and president of the National United Front, reportedly has informed Nu that he can no longer guarantee that the whole Front will vote for the government, and extreme left-wing factions of the Front have secretly switched their support to the ""stable"" AFPFL.",ASSIGNED_FULL,1.0,51,51,1,1,"[""ASSIGNED_FULL""]","[""page_007_013_5f6c414fc3""]"
CIA-RDP79T00975A003900200001-6:3.1,CIA-RDP79T00975A003900200001-6,"August 25, 1958",partly,a paragraph,False,"Husayn said ""If Rifai goes, I go, too!"" The King is planning to evacuate his family within a few days. Rifai announced on 23 August that Jordan was willing to resume diplomatic relations with the UAR and Iraq. [STILL REDACTED]",ASSIGNED_FULL,0.888889,40,45,1,1,"[""ASSIGNED_FULL""]","[""page_003_005_ec54b654b5""]"
CIA-RDP79T00975A003900200001-6:5.0,CIA-RDP79T00975A003900200001-6,"August 25, 1958",fully,a paragraph,False,Husayn indicated that he did not expect his tenure to outlast by long that of Rifai's government. He plans to evacuate his family from Jordan in a British aircraft sometime this week.,ASSIGNED_FULL,1.0,33,33,1,1,"[""ASSIGNED_FULL""]","[""page_005_014_788fb1dd32""]"
CIA-RDP79T00975A003900210001-5:4.0,CIA-RDP79T00975A003900210001-5,"August 26, 1958",partly,a paragraph,False,"[STILL REDACTED] *Taiwan Strait Situation (as of 0100 EDT, 26 August): The Chinese Communists continued their artillery bombardment of the Chinmen (Quemoy) Islands on 26 August. [STILL REDACTED] Chinese Communist naval vessels continue to move into the Santu Bay area immediately to the north of the Matsu Islands. [STILL REDACTED]",ASSIGNED_FULL,1.0,39,39,1,1,"[""ASSIGNED_FULL""]","[""page_004_005_7bebaeb310""]"
CIA-RDP79T00975A003900230001-3:3.0,CIA-RDP79T00975A003900230001-3,"August 28, 1958",partly,a paragraph,False,"I. THE COMMUNIST BLOC *Taiwan Strait situation (as of 0100 EDT, 28 August): A heavy concentration of Chinese Communist artillery fire on Tatan and Erhtan in the Chinmens (Quemoys) on 27 August has led Chinese Nationalist officials to expect an attempt to seize these smaller islands soon. Chiang Kai-shek is seriously disturbed about ""creeping interdiction"" of the offshore islands. [STILL REDACTED] Preparation for increased Chinese Communist naval participation in the Taiwan Strait situation [STILL REDACTED] Maps",ASSIGNED_PARTIAL,0.794521,58,73,1,1,"[""ASSIGNED_PARTIAL""]","[""page_003_004_28427b3cb7""]"
CIA-RDP79T00975A003900230001-3:5.1,CIA-RDP79T00975A003900230001-3,"August 28, 1958",partly,part of a sentence,False,Two party factions are reported to be trying to obtain arms as rapidly as possible. [STILL REDACTED],ASSIGNED_FULL,1.0,15,15,1,1,"[""ASSIGNED_FULL""]","[""page_005_006_20c3603e9c""]"
CIA-RDP79T00975A003900230001-3:7.0,CIA-RDP79T00975A003900230001-3,"August 28, 1958",partly,a paragraph,False,"A resistance group headed by Basri and another controlled by party demagogue Allal el-Fassi, who is reported to be attempting to obtain arms as rapidly as possible, are the factions which may clash. Moderates within the party and government plan to reorganize the Moroccan labor union to weaken Ben Seddik's position. Earlier reports stated that Ben Seddik and former Minister of Labor Abdullah Ibrahim were about to form a labor party which they hope would attract the Istiqlal left wing. [STILL REDACTED]",ASSIGNED_FULL,1.0,84,84,1,1,"[""ASSIGNED_FULL""]","[""page_007_015_039bbd04fb""]"
CIA-RDP79T00975A003900230001-3:8.0,CIA-RDP79T00975A003900230001-3,"August 28, 1958",fully,a few words,False,thoroughly corrupt,ASSIGNED_FULL,1.0,2,2,1,1,"[""ASSIGNED_FULL""]","[""page_008_016_bd85fff05e""]"
CIA-RDP79T00975A003900250001-1:12.0,CIA-RDP79T00975A003900250001-1,"August 30, 1958",partly,a paragraph,False,"According to the most recent report, the FLN organization in France is estimated at 50,000 militants, including 7,000 terrorists in highly mobile ""shock groups,"" some of which are located in the countries bordering on France. The apparatus has its own bankers, arms passers, documentation shops, buildings, and vehicles. [STILL REDACTED]",ASSIGNED_FULL,1.0,49,49,1,1,"[""ASSIGNED_FULL""]","[""page_012_018_54b6176cd2""]"
CIA-RDP79T00975A003900280001-8:10.0,CIA-RDP79T00975A003900280001-8,"September 2, 1958",fully,about a sentence,False,and it is reliably reported that he stopped last week's riots only by making new concessions to the agitators.,ASSIGNED_FULL,1.0,19,19,1,1,"[""ASSIGNED_FULL""]","[""page_010_010_820d61c04e""]"
CIA-RDP79T00975A003900320001-3:3.0,CIA-RDP79T00975A003900320001-3,"September 6, 1958",partly,a paragraph,False,"*Taiwan Strait situation (information as of 0100 EDT, 6 September): Chinese Communist air and naval activity in the Taiwan Strait area increased on 5 September after a lull of several days probably caused by severe weather conditions. Peiping radio announced that Mao Tse-tung on 5 September convened the 15th Supreme State Conference, a forum for announcing major policy decisions, and reportedly gave an ""incisive analysis"" of the international situation. The Chinese Nationalists have expressed concern lest the Taiwan Strait situation be raised at the United Nations. [STILL REDACTED]",ASSIGNED_FULL,0.967742,90,93,1,1,"[""ASSIGNED_FULL""]","[""page_003_004_6adcc6521a""]"
CIA-RDP79T00975A003900330001-2:10.0,CIA-RDP79T00975A003900330001-2,"September 8, 1958",fully,part of a sentence,False,reportedly planned by former Defense Minister Castro Leon on 22 and 23 July.,ASSIGNED_FULL,1.0,13,13,1,1,"[""ASSIGNED_FULL""]","[""page_010_014_25b97fdce2""]"
CIA-RDP79T00975A003900340001-1:3.0,CIA-RDP79T00975A003900340001-1,"September 9, 1958",partly,a paragraph,False,Taiwan Strait situation: The Chinese Communists continue to augment their light naval elements in and near the strait. [STILL REDACTED] Increased military operations occurred on 8 September with the shelling of the second Kinmen resupply convoy and a Nationalist-Communist air clash over Chinese Communist territory near Swatow. High-level Nationalist officials have manifested dismay over indications that the United States is willing to resume negotiations with Communist China; this could lead to provocative Nationalist actions. [STILL REDACTED],ASSIGNED_FULL,0.916667,77,84,1,1,"[""ASSIGNED_FULL""]","[""page_003_004_eb665bbc08""]"
CIA-RDP79T00975A003900350001-0:8.0,CIA-RDP79T00975A003900350001-0,"September 10, 1958",partly,a paragraph,False,"President Nasir [STILL REDACTED] intended to request Western assistance in constructing the high dam at Aswan, provided the present UK-Egyptian financial talks in Rome end ""satisfactorily."" He feels that these talks are going well, and it appears that settlement of the claims arising out of the 1956 Suez conflict may be reached soon.",ASSIGNED_FULL,1.0,53,53,1,1,"[""ASSIGNED_FULL""]","[""page_008_010_5eb3e9d1b3""]"
CIA-RDP79T00975A003900360001-9:9.0,CIA-RDP79T00975A003900360001-9,"September 11, 1958",fully,part of a sentence,False,"who is reported to have offered to step aside ""if the people wish,""",ASSIGNED_FULL,1.0,13,13,1,1,"[""ASSIGNED_FULL""]","[""page_009_015_d93ac631c8""]"
CIA-RDP79T00975A004000010001-5:3.0,CIA-RDP79T00975A004000010001-5,"September 12, 1958",partly,a paragraph,False,"Taiwan Strait situation: Chinese Communist military activity is increasing; five North China Fleet vessels, including two submarines, are moving south from Tsingtao to Shanghai and some naval jet fighters from Hainan Island have moved north to Nanchang. [STILL REDACTED] Heavy Communist artillery fire prevented an attempt to resupply Kinmen on 11 September. [STILL REDACTED]",ASSIGNED_FULL,1.0,49,49,1,1,"[""ASSIGNED_FULL""]","[""page_003_004_7b91b50618""]"
CIA-RDP79T00975A004000020001-4:5.0,CIA-RDP79T00975A004000020001-4,"September 13, 1958",partly,about a sentence,False,"[STILL REDACTED] Arif was planning a coup against Prime Minister Qasim, who may have learned of Arif's plans and moved first.",ASSIGNED_FULL,1.0,19,19,1,1,"[""ASSIGNED_FULL""]","[""page_005_014_db6468595d""]"
CIA-RDP79T00975A004000060001-0:3.1,CIA-RDP79T00975A004000060001-0,"September 18, 1958",fully,a paragraph,False,"While not objecting to rebel leader Karame as premier, President Chamoun has indicated that the cabinet should be weighted with loyalist ministers, since the prime minister wields considerable power in the cabinet.",ASSIGNED_PARTIAL,0.756757,28,37,1,1,"[""ASSIGNED_PARTIAL""]","[""page_003_004_bc068145cf""]"
CIA-RDP79T00975A004000090001-7:9.0,CIA-RDP79T00975A004000090001-7,"September 22, 1958",fully,a paragraph,False,"Recent testimony from officers arrested in connection with the UAR-supported conspiracy against the King in July has further implicated Col. Salih Shara, brother of the deputy chief of staff. The King is concerned that if the colonel were arrested, his brother, and possibly Premier Rifai, would resign. Before bringing on such a crisis, Husayn would need to line up a considerable number of replacement officers and government officials, a most difficult task in view of the unpopularity of the King's pro-Western orientation.",ASSIGNED_FULL,1.0,85,85,1,1,"[""ASSIGNED_FULL""]","[""page_009_014_a83014d9d1""]"
CIA-RDP79T00975A004000090001-7:10.0,CIA-RDP79T00975A004000090001-7,"September 22, 1958",partly,about a sentence,False,[STILL REDACTED] at least three high-ranking Jordanian diplomatic officials abroad have recently received promises of financial reward if they defect to the UAR. [STILL REDACTED],ASSIGNED_FULL,1.0,24,24,1,1,"[""ASSIGNED_FULL""]","[""page_010_015_ea1c69ede6""]"
CIA-RDP79T00975A004000110001-4:6.0,CIA-RDP79T00975A004000110001-4,"September 24, 1958",fully,part of a sentence,False,Egyptian Marshal Amir is reported attempting to bring about a reconciliation.,ASSIGNED_FULL,1.0,14,14,1,1,"[""ASSIGNED_FULL""]","[""page_006_009_cfc9aa21b6""]"
CIA-RDP79T00975A004000120001-3:3.0,CIA-RDP79T00975A004000120001-3,"September 25, 1958",partly,a paragraph,False,"*Taiwan Strait situation: The Chinese Nationalists sent large numbers of aircraft, including photo reconnaissance planes, over the mainland on 23 and 24 September. Communist jet fighters reacting to these penetrations apparently suffered their heaviest losses to date on 24 September. No Nationalist losses were reported. [STILL REDACTED]",ASSIGNED_FULL,1.0,54,54,1,1,"[""ASSIGNED_FULL""]","[""page_003_004_78cb90ef0b""]"
CIA-RDP79T00975A004000120001-3:3.1,CIA-RDP79T00975A004000120001-3,"September 25, 1958",fully,a paragraph,False,"Indications suggest that the Chinese Nationalists, fearing US concessions in Warsaw talks, and increasingly concerned over the resupply of the Kinmens, might undertake independent provocative action probably calculated to embroil the US in hostilities. Individual pilots or flight leaders might also take independent provocative action. In any event, air clashes between Chinese Nationalist and Chinese Communist forces are likely to continue and could involve US forces.",ASSIGNED_FULL,1.0,78,78,1,1,"[""ASSIGNED_FULL""]","[""page_003_004_78cb90ef0b""]"
CIA-RDP79T00975A004000120001-3:4.1,CIA-RDP79T00975A004000120001-3,"September 25, 1958",partly,a paragraph,False,*Lebanon: President Shihab's appointment of rebel leader Rashid Karame as prime minister appears to be a major concession to the rebels and to Nasir. The violence on 24 September has seriously strained Christian-Moslem relations and is likely to be followed by further outbreaks. There is danger that the security forces will also split along confessional lines. [STILL REDACTED],ASSIGNED_FULL,0.828125,53,64,1,1,"[""ASSIGNED_FULL""]","[""page_004_005_0ca84dc676""]"
CIA-RDP79T00975A004000170001-8:4.1,CIA-RDP79T00975A004000170001-8,"October 1, 1958",partly,part of a sentence,False,[STILL REDACTED] a rightist army coup against Diem is being planned to take place soon. [STILL REDACTED],ASSIGNED_FULL,1.0,13,13,1,1,"[""ASSIGNED_FULL""]","[""page_004_005_c026586feb""]"
CIA-RDP79T00975A004000170001-8:6.0,CIA-RDP79T00975A004000170001-8,"October 1, 1958",partly,a paragraph,False,"In this context of dissatisfaction, plans for an early rightist coup by the army--possibly involving Diem's assassination--have been twice reported in some detail [STILL REDACTED] While the army is considered loyal, there is bitterness among some officers over political interference and favoritism.",ASSIGNED_FULL,1.0,42,42,1,1,"[""ASSIGNED_FULL""]","[""page_006_011_73c48c3b95""]"
CIA-RDP79T00975A004000180001-7:3.0,CIA-RDP79T00975A004000180001-7,"October 2, 1958",partly,a paragraph,False,"Taiwan Strait situation: Peiping has informed the Indian ambassador that Communist China can accept nothing less than evacuation of the offshore islands as a settlement of the immediate Taiwan Strait crisis, but that Taiwan itself could be the subject of separate, subsequent negotiation. [STILL REDACTED] There was no significant military activity in the Taiwan Strait area on 1 October, but a Nationalist commercial plane en route from the Matsus to Taipei with four Americans aboard has been reported missing. [STILL REDACTED]",ASSIGNED_FULL,1.0,78,78,1,1,"[""ASSIGNED_FULL""]","[""page_003_004_b2875671df""]"
CIA-RDP79T00975A004000180001-7:8.0,CIA-RDP79T00975A004000180001-7,"October 2, 1958",fully,about a sentence,False,"Ambitious leaders within the RLP, led by ex-Premier Souvanna Phouma, are exploring the prospects for toppling Phoui on this issue.",ASSIGNED_FULL,1.0,20,20,1,1,"[""ASSIGNED_FULL""]","[""page_008_011_2bbf244b51""]"
CIA-RDP79T00975A004000190001-6:8.0,CIA-RDP79T00975A004000190001-6,"October 3, 1958",fully,a few words,False,recently reported to be,ASSIGNED_FULL,1.0,4,4,1,1,"[""ASSIGNED_FULL""]","[""page_008_012_7b2d89357b""]"
CIA-RDP79T00975A004000200001-4:8.0,CIA-RDP79T00975A004000200001-4,"October 4, 1958",partly,a paragraph,False,"He is believed to be the contact man between the British and Indian Communist parties, which have long had the closest relationship of any of the Communist parties in the Commonwealth. [STILL REDACTED]",ASSIGNED_FULL,1.0,33,33,1,1,"[""ASSIGNED_FULL""]","[""page_008_013_28cf58f35e""]"
CIA-RDP79T00975A004000210001-3:4.0,CIA-RDP79T00975A004000210001-3,"October 6, 1958",partly,a paragraph,False,"[STILL REDACTED] Algeria: The Algerian rebel regime has adopted a conciliatory posture in its efforts to re-establish indirect contact with the De Gaulle government with a view toward eventual negotiations, according to statements made to a Western newsman by rebel leaders. These spokesmen warn that if this conciliatory policy fails, their regime--which they hope to set up informally in Tunisia--is prepared to ""take measures"" which might involve Tunisia and Morocco in the ""Algerian shooting war against France."" [STILL REDACTED]",ASSIGNED_FULL,0.868132,79,91,1,1,"[""ASSIGNED_FULL""]","[""page_004_006_fe9439b75d""]"
CIA-RDP79T00975A004000220001-2:7.0,CIA-RDP79T00975A004000220001-2,"October 7, 1958",fully,a paragraph,False,"One ranking Nationalist leader told an American official on 6 October that his government views the move as a threefold attempt to divide Taipei and Washington, to weaken the morale of the troops on Chinmen, and to provide a means to charge the United States with forcing hostilities, possibly as a prelude to a major assault.",ASSIGNED_FULL,1.0,57,57,1,1,"[""ASSIGNED_FULL""]","[""page_007_008_5e3da4c177""]"
CIA-RDP79T00975A004000230001-1:10.0,CIA-RDP79T00975A004000230001-1,"October 8, 1958",fully,part of a sentence,False,He reportedly returned to Damascus on 5 October.,ASSIGNED_FULL,1.0,8,8,1,1,"[""ASSIGNED_FULL""]","[""page_010_014_82a4a27277""]"
CIA-RDP79T00975A004000230001-1:10.1,CIA-RDP79T00975A004000230001-1,"October 8, 1958",fully,about a sentence,False,Nasir is reported recently to have expressed fear of such sabotage to Soviet presidium member Mukhitdinov.,ASSIGNED_FULL,1.0,16,16,1,1,"[""ASSIGNED_FULL""]","[""page_010_014_82a4a27277""]"
CIA-RDP79T00975A004000230001-1:12.0,CIA-RDP79T00975A004000230001-1,"October 8, 1958",fully,part of a sentence,False,"from unstable rule by Pakistan's ineffectual politicians,",ASSIGNED_FULL,1.0,7,7,1,1,"[""ASSIGNED_FULL""]","[""page_012_016_48b79fb803""]"
CIA-RDP79T00975A004000230001-1:14.0,CIA-RDP79T00975A004000230001-1,"October 8, 1958",partly,a paragraph,False,"[STILL REDACTED] the police estimate the hard core of the agitation to be from 60 to 100 members of the federation who are directing about 500 others out of a student body of 18,000.",ASSIGNED_FULL,1.0,31,31,1,1,"[""ASSIGNED_FULL""]","[""page_014_018_a0e18fad1b""]"
CIA-RDP79T00975A004000240001-0:4.0,CIA-RDP79T00975A004000240001-0,"October 9, 1958",partly,a paragraph,False,"Laos: A developing political storm over monetary reform could bring down Premier Phoui Sananikone's government. The recent intrigues of ex-Premier Souvanna Phouma suggest that he hopes, in this event, to replace Phoui as head of a coalition government including the Communist-dominated Neo Lao Hak Zat. Rightist elements might attempt a coup with army support if faced with the creation of such a government. [STILL REDACTED]",ASSIGNED_FULL,1.0,73,73,1,1,"[""ASSIGNED_FULL""]","[""page_004_006_b91d58e058""]"
CIA-RDP79T00975A004000240001-0:8.0,CIA-RDP79T00975A004000240001-0,"October 9, 1958",fully,about a sentence,False,Reports continue to indicate that rightist elements backed by the army would launch a coup if faced with the creation of such a government.,ASSIGNED_FULL,1.0,24,24,1,1,"[""ASSIGNED_FULL""]","[""page_008_015_b390a478eb""]"
CIA-RDP79T00975A004000260001-8:6.0,CIA-RDP79T00975A004000260001-8,"October 11, 1958",fully,about a sentence,False,"As an indication of his desire to reach a settlement, Karamanlis is reported to be willing to break publicly with the intransigent Archbishop Makarios.",ASSIGNED_FULL,1.0,24,24,1,1,"[""ASSIGNED_FULL""]","[""page_006_014_fb5b2b8414""]"
CIA-RDP79T00975A004000270001-7:6.0,CIA-RDP79T00975A004000270001-7,"October 13, 1958",fully,a paragraph,False,"Bourguiba's tactics, flouting the proprieties of Arab politics, which call for fervent lip service to the ""mystique"" of Arab unity on all official public occasions, appear to have left him, at least initially, without overt support from other Arab states and may have weakened his heretofore relatively strong domestic position.",ASSIGNED_FULL,1.0,50,50,1,1,"[""ASSIGNED_FULL""]","[""page_006_012_2e642e8896""]"
CIA-RDP79T00975A004000300001-3:3.0,CIA-RDP79T00975A004000300001-3,"October 16, 1958",partly,part of a sentence,False,*Taiwan Strait situation: There was no significant military [STILL REDACTED] ctivity on 15 October. [STILL REDACTED],ASSIGNED_FULL,1.0,9,9,1,1,"[""ASSIGNED_FULL""]","[""page_003_004_fc469dbf2a""]"
CIA-RDP79T00975A004000300001-3:12.0,CIA-RDP79T00975A004000300001-3,"October 16, 1958",partly,a paragraph,False,Kishi is anxious to avoid making a public issue of the difficulties with South Korea. The Socialists would use suspension of the negotiations as a peg for severe criticism of Kishi's foreign policy. Many Japanese believe that a major obstacle to a settlement with South Korea is Kishi's failure to persuade the United States to exercise a moderating influence on President Rhee's government. [STILL REDACTED],ASSIGNED_FULL,1.0,64,64,1,1,"[""ASSIGNED_FULL""]","[""page_012_014_ef93e3fd63""]"
CIA-RDP79T00975A004000310001-2:3.1,CIA-RDP79T00975A004000310001-2,"October 17, 1958",fully,a paragraph,False,"The Soviet Embassy in Cairo reportedly has requested Egyptian authorities to reserve all surplus cotton pending the imminent conclusion of a ""big deal"" between Egypt, Communist China, Czechoslovakia and the USSR.",ASSIGNED_FULL,1.0,31,31,1,1,"[""ASSIGNED_FULL""]","[""page_003_004_28ad1aeffa""]"
CIA-RDP79T00975A004000320001-1:7.0,CIA-RDP79T00975A004000320001-1,"October 18, 1958",fully,a few words,False,low-grade unconfirmed reports,ASSIGNED_FULL,1.0,3,3,1,1,"[""ASSIGNED_FULL""]","[""page_007_008_141de55fec""]"
CIA-RDP79T00975A004000320001-1:10.1,CIA-RDP79T00975A004000320001-1,"October 18, 1958",fully,about a sentence,False,"Any drive to limit corruption would be aimed primarily at Prapat, since he and some of his followers are among the worst offenders.",ASSIGNED_FULL,1.0,23,23,1,1,"[""ASSIGNED_FULL""]","[""page_010_012_129449f5b9""]"
CIA-RDP79T00975A004000330001-0:3.2,CIA-RDP79T00975A004000330001-0,"October 20, 1958",fully,a few words,False,authoritarian,ASSIGNED_FULL,1.0,1,1,1,1,"[""ASSIGNED_FULL""]","[""page_003_005_afddee79f5""]"
CIA-RDP79T00975A004000330001-0:6.0,CIA-RDP79T00975A004000330001-0,"October 20, 1958",fully,a few words,False,authoritarian,ASSIGNED_FULL,1.0,1,1,1,1,"[""ASSIGNED_FULL""]","[""page_006_012_94576ccfba""]"
CIA-RDP79T00975A004000330001-0:6.1,CIA-RDP79T00975A004000330001-0,"October 20, 1958",fully,about a sentence,False,One report states that a decision to resign was actually reached by the government on 18 October and that the resignation will be announced on 20 October.,ASSIGNED_FULL,1.0,28,28,1,1,"[""ASSIGNED_FULL""]","[""page_006_012_94576ccfba""]"
CIA-RDP79T00975A004000330001-0:8.0,CIA-RDP79T00975A004000330001-0,"October 20, 1958",partly,a paragraph,False,"[STILL REDACTED] Cuban rebel pilots at Ixtepec in southern Mexico are readying at least one bomber and possibly other planes for action in the near future. They may, as was reported in July, plan to bomb the presidential palace in Havana, but the supplying of men and equipment to rebel forces seems more likely.",ASSIGNED_FULL,1.0,52,52,1,1,"[""ASSIGNED_FULL""]","[""page_008_014_c658568924""]"
CIA-RDP79T00975A004000360001-7:3.0,CIA-RDP79T00975A004000360001-7,"October 23, 1958",partly,a paragraph,False,"[STILL REDACTED] Taiwan Strait situation: The Communists continued their bombardment of the Chinmens on 22 October, firing over 8,300 rounds between 0600 and 1800. The Chinese Nationalist Ministry of Defense has estimated that nearly 40,000 tons of supplies were delivered to Chinmen during the cease-fire period.",ASSIGNED_FULL,0.981132,52,53,1,1,"[""ASSIGNED_FULL""]","[""page_003_004_dc20b67653""]"
CIA-RDP79T00975A004000370001-6:6.0,CIA-RDP79T00975A004000370001-6,"October 24, 1958",partly,a paragraph,False,"CORRECTION: In the Central Intelligence Bulletin of 23 October, the following sentence should have been included in the USIB Watch Committee's conclusion concerning the Taiwan Strait situation: ""The Chinese Communists retain the capabilities to launch major attacks against the offshore islands with little or no warning as well as to launch air attacks on Taiwan and on the Penghus (Pescadores). [STILL REDACTED]",ASSIGNED_FULL,0.981818,54,55,1,1,"[""ASSIGNED_FULL""]","[""page_006_007_8582039c28""]"
CIA-RDP79T00975A004000370001-6:7.0,CIA-RDP79T00975A004000370001-6,"October 24, 1958",partly,about a sentence,False,[STILL REDACTED] The order stated that these are independent countries whose armed forces now are staffed by reliable [STILL REDACTED],ASSIGNED_FULL,1.0,16,16,1,1,"[""ASSIGNED_FULL""]","[""page_007_008_c29a0c83b7""]"
CIA-RDP79T00975A004200010001-3:10.0,CIA-RDP79T00975A004200010001-3,"December 3, 1958",partly,a paragraph,False,"[STILL REDACTED] De Gaulle plans following the elections to release the five Algerian rebel leaders imprisoned since 1956 suggests one way in which he may attempt to regain the initiative for contacts with the rebels. A civilian replacement is to take over the civil functions of General Salan, the French delegate general in Algeria. This may be announced, along with a general replacement by civilians, of army officers acting as prefects, in connection with the premier's 3-7 December visit. The transfer of General Massu is also likely to be announced. [STILL REDACTED]",ASSIGNED_FULL,1.0,89,89,1,1,"[""ASSIGNED_FULL""]","[""page_010_011_3892da303b""]"
CIA-RDP79T00975A004200010001-3:11.0,CIA-RDP79T00975A004200010001-3,"December 3, 1958",fully,a few words,False,"""forward scatter""",ASSIGNED_FULL,1.0,2,2,1,1,"[""ASSIGNED_FULL""]","[""page_011_012_ee44efd8a6""]"
CIA-RDP79T00975A004200020001-2:6.0,CIA-RDP79T00975A004200020001-2,"December 4, 1958",partly,about a sentence,False,Army chief Nasution is pressing Sukarno to support the extension of martial law and to approve recommended changes expanding the army's role in the cabinet and diplomatic fields. [STILL REDACTED],ASSIGNED_FULL,1.0,36,36,1,1,"[""ASSIGNED_FULL""]","[""page_006_007_2148e7843c""]"
CIA-RDP79T00975A004200020001-2:7.0,CIA-RDP79T00975A004200020001-2,"December 4, 1958",fully,a paragraph,False,"In recent talks with Chairman Ollenhauer of the Social Democratic party and Erich Mende of the Free Democrats, Soviet Ambassador Smirnov tried to convey an impression of Soviet flexibility, hinting that the recent notes on Berlin would not be Moscow's last word if Western counterproposals offered a basis for relaxing tensions in Europe.",ASSIGNED_FULL,1.0,56,56,1,1,"[""ASSIGNED_FULL""]","[""page_007_008_f869024f3c""]"
CIA-RDP79T00975A004200020001-2:7.1,CIA-RDP79T00975A004200020001-2,"December 4, 1958",fully,a paragraph,False,"In an effort to establish an appearance of bipartisan policy during the Berlin crisis, Chancellor Adenauer met with opposition leaders Ollenhauer and Mende on 1 December. They agreed that an isolated solution of the Berlin problem was impossible and that means should be sought to bring about broader negotiations. It was also agreed that a united front internally was necessary, and future meetings will be held to this end. There was, however, no resolution of the basic differences in foreign policy.",ASSIGNED_FULL,1.0,84,84,1,1,"[""ASSIGNED_FULL""]","[""page_007_008_f869024f3c""]"
CIA-RDP79T00975A004200020001-2:11.0,CIA-RDP79T00975A004200020001-2,"December 4, 1958",fully,a paragraph,False,"El-Fassi is reported to have included several left-wing leaders in his proposed cabinet without clearing the list with the present moderate premier, Ahmed Balafrej, who thereupon refused to participate in the El-Fassi government. As a result, El-Fassi is reported to be aligning himself with the left wing, and the party may eventually split into two or more political organizations.",ASSIGNED_FULL,1.0,59,59,1,1,"[""ASSIGNED_FULL""]","[""page_011_012_ec93106279""]"
CIA-RDP79T00975A004200020001-2:11.1,CIA-RDP79T00975A004200020001-2,"December 4, 1958",fully,about a sentence,False,"who has maneuvered behind the scenes in an effort to create a political party in competition with Istiqlal,",ASSIGNED_FULL,1.0,18,18,1,1,"[""ASSIGNED_FULL""]","[""page_011_012_ec93106279""]"
CIA-RDP79T00975A004200020001-2:14.0,CIA-RDP79T00975A004200020001-2,"December 4, 1958",partly,about a sentence,False,[STILL REDACTED] army chief Nasution is prodding Sukarno to give strong support to the extension of martial law and to his plans to broaden the army's participation in government.,ASSIGNED_FULL,1.0,27,27,1,1,"[""ASSIGNED_FULL""]","[""page_014_015_573ba6e87c""]"
CIA-RDP79T00975A004200020001-2:14.1,CIA-RDP79T00975A004200020001-2,"December 4, 1958",partly,about a sentence,False,"[STILL REDACTED] asserted that, beginning in January, they intend to place more personnel in key executive, legislative, and diplomatic posts, including all ambassadorships in Southeast Asia.",ASSIGNED_FULL,1.0,24,24,1,1,"[""ASSIGNED_FULL""]","[""page_014_015_573ba6e87c""]"
CIA-RDP79T00975A004200050001-9:4.1,CIA-RDP79T00975A004200050001-9,"December 8, 1958",fully,part of a sentence,False,-the arrests actually having taken place more than a month ago--,ASSIGNED_FULL,0.916667,11,12,1,1,"[""ASSIGNED_FULL""]","[""page_004_005_60df4532c8""]"
CIA-RDP79T00975A004200050001-9:11.0,CIA-RDP79T00975A004200050001-9,"December 8, 1958",fully,a paragraph,False,"One of those arrested furnished the information upon which the Glezos arrest was made. News of these arrests, which actually took place in October and early November, had been suppressed pending the outcome of the Cyprus debate in the United Nations.",ASSIGNED_FULL,1.0,41,41,1,1,"[""ASSIGNED_FULL""]","[""page_011_012_4eb9720170""]"
CIA-RDP79T00975A004200080001-6:4.0,CIA-RDP79T00975A004200080001-6,"December 11, 1958",partly,a paragraph,False,"[STILL REDACTED] Iraq: The general atmosphere in Baghdad appears to be tense but quiet. [STILL REDACTED] a growing apprehension by the UAR that the upshot of the coup attempt will be new opportunities for the Communists in Iraq. [STILL REDACTED] The Qasim regime is permitting the impression that the United States rather than the UAR is the ""foreign power"" behind recent plotting to go unchallenged. A Baghdad newspaper has repeated UAR and Soviet propaganda charges that the United States was involved. [STILL REDACTED]",ASSIGNED_FULL,1.0,78,78,1,1,"[""ASSIGNED_FULL""]","[""page_004_005_081ae6ac09""]"
CIA-RDP79T00975A004200080001-6:5.0,CIA-RDP79T00975A004200080001-6,"December 11, 1958",partly,part of a sentence,False,"However, plotting at this time is not believed to be in an advanced stage [STILL REDACTED]",TARGET_LOCALIZATION_UNCERTAIN,0.0,0,12,1,1,"[""TARGET_LOCALIZATION_UNCERTAIN""]","[""page_005_006_9e1b37949e""]"
CIA-RDP79T00975A004200100001-3:7.0,CIA-RDP79T00975A004200100001-3,"December 13, 1958",fully,part of a sentence,False,as they already have close working relations with the Israelis in military and intelligence matters.,ASSIGNED_FULL,1.0,16,16,1,1,"[""ASSIGNED_FULL""]","[""page_007_010_5aae41ffeb""]"
CIA-RDP79T00975A004200100001-3:10.0,CIA-RDP79T00975A004200100001-3,"December 13, 1958",partly,a paragraph,False,"The American Embassy doubts that the President appreciates the seriousness of the situation. By 11 December, three days after being handed the military ultimatum, he had not yet approached either opposition party about participating in the government. [STILL REDACTED]",ASSIGNED_FULL,1.0,40,40,1,1,"[""ASSIGNED_FULL""]","[""page_010_013_3acdf86e51""]"
CIA-RDP79T00975A004200100001-3:11.0,CIA-RDP79T00975A004200100001-3,"December 13, 1958",fully,a paragraph,False,"The Brazilian political police are backing this proposal as a means of precluding the establishment of a Soviet trade office in Rio de Janeiro, and of reducing the publicity which now frequently accompanies reports of bloc trade offers.",ASSIGNED_FULL,1.0,38,38,1,1,"[""ASSIGNED_FULL""]","[""page_011_014_56b9dd570e""]"
CIA-RDP79T00975A004200100001-3:11.1,CIA-RDP79T00975A004200100001-3,"December 13, 1958",partly,a paragraph,False,"It has been reported, meanwhile, that a special Czech trade mission may visit Brazil in January to discuss a five-year $400,000,000 barter deal involving a variety of industrial installations for Brazil's economic development program and an undetermined number of small aircraft, possibly Super Aero-45s of the type sold to Argentina in 1956. [STILL REDACTED]",ASSIGNED_FULL,1.0,53,53,1,1,"[""ASSIGNED_FULL""]","[""page_011_014_56b9dd570e""]"
CIA-RDP79T00975A004200130001-0:8.0,CIA-RDP79T00975A004200130001-0,"December 17, 1958",fully,a paragraph,False,"He has been asked by anti-Communist elements in Iraq to refrain from an overt attack on the Qasim regime pending the outcome of an army-supported coup attempt in Baghdad, of which he was reportedly advised by Iraqi Ambassador Sammarai on 11 December.",ASSIGNED_FULL,1.0,43,43,1,1,"[""ASSIGNED_FULL""]","[""page_008_013_7310ecba27""]"
CIA-RDP79T00975A004200140001-9:11.0,CIA-RDP79T00975A004200140001-9,"December 18, 1958",fully,a paragraph,False,Shia Moslem tribesmen employed in coastal areas left abruptly for the Biqa around 12 December on the orders of their leader. This move may be connected with the prevailing Shia-Sunni tension and could lead to further clashes.,ASSIGNED_FULL,1.0,37,37,1,1,"[""ASSIGNED_FULL""]","[""page_011_012_db8e443767""]"
CIA-RDP79T00975A004200150001-8:13.0,CIA-RDP79T00975A004200150001-8,"December 19, 1958",fully,about a sentence,False,Secret police are keeping Iraqis in Iran under surveillance and may soon arrest some of their Iranian contacts.,ASSIGNED_FULL,1.0,19,19,1,1,"[""ASSIGNED_FULL""]","[""page_013_015_4502898ced""]"
CIA-RDP79T00975A004200160001-7:14.0,CIA-RDP79T00975A004200160001-7,"December 20, 1958",partly,about a sentence,False,[STILL REDACTED] ENI contracted for the crude because it was quoted a price lower than the standard offering.,ASSIGNED_FULL,1.0,17,17,1,1,"[""ASSIGNED_FULL""]","[""page_014_018_18061f5c97""]"
CIA-RDP79T00975A004200160001-7:15.0,CIA-RDP79T00975A004200160001-7,"December 20, 1958",fully,a paragraph,False,"However, forthcoming moves by Britain in implementation of its interim ""partnership"" plan for Cyprus, including publication of a commission report recommending that the Turks be granted their own municipal council in five major cities, will probably spark a serious outbreak of violence.",ASSIGNED_FULL,1.0,44,44,1,1,"[""ASSIGNED_FULL""]","[""page_015_019_4436c54592""]"
CIA-RDP79T00975A004200210001-1:6.0,CIA-RDP79T00975A004200210001-1,"December 27, 1958",fully,a paragraph,False,"The new government is said to have an agreement with the Conservatives on immediate anti-inflation measures, but may encounter serious difficulties in making these measures effective because of opposition from the",ASSIGNED_FULL,0.970588,33,34,1,1,"[""ASSIGNED_FULL""]","[""page_006_007_c8636f3324""]"
CIA-RDP79T00975A004200210001-1:15.0,CIA-RDP79T00975A004200210001-1,"December 27, 1958",fully,a paragraph,False,"On the same day, a priest just returned from rebel territory is reported to have given Cantillo a letter from rebel leader Fidel Castro requesting him to surrender the city and offering honorable terms.",ASSIGNED_FULL,1.0,36,36,1,1,"[""ASSIGNED_FULL""]","[""page_015_017_1e9371f6a1""]"
CIA-RDP79T00975A004200210001-1:17.0,CIA-RDP79T00975A004200210001-1,"December 27, 1958",partly,a paragraph,False,"The Conservatives are reported [STILL REDACTED] to have promised Jonsson their support on a number of immediate measures for combating inflation. This reported agreement also includes an understanding to revise the electoral law, which now favors the largely rural Progressive party.",ASSIGNED_FULL,1.0,42,42,1,1,"[""ASSIGNED_FULL""]","[""page_017_019_97d380379e""]"
CIA-RDP79T00975A004200240001-8:4.0,CIA-RDP79T00975A004200240001-8,"December 31, 1958",partly,a paragraph,False,"[STILL REDACTED] Iraq: Nasir's attack on Arab Communists has intensified the struggle in Iraq between pro-UAR elements and Communists whose influence is increasingly pervasive. Prime Minister Qasim's position remains equivocal. [STILL REDACTED] Army leaders have been meeting in Baghdad, ostensibly to consider promotions, while the bulk of the army's armored equipment has been assembled near the capital. [STILL REDACTED]",ASSIGNED_FULL,1.0,50,50,1,1,"[""ASSIGNED_FULL""]","[""page_004_005_a6fc3d521c""]"
CIA-RDP79T00975A004200260001-6:16.0,CIA-RDP79T00975A004200260001-6,"January 3, 1959",partly,a paragraph,False,"The plan, [STILL REDACTED] calls for armed groups to cross from Argentina, a revolt by some military units controlled by junior officers favoring Mendez Fleitas, the assassination of Stroessner, and a popular uprising in Asuncion with strong student participation. The government, aware of the plot, has taken strong security precautions. An invasion attempt last October was discovered and prevented by Argentine police.",ASSIGNED_FULL,1.0,61,61,1,1,"[""ASSIGNED_FULL""]","[""page_016_018_bb74db2441""]"
CIA-RDP79T00975A004200270001-5:5.0,CIA-RDP79T00975A004200270001-5,"January 5, 1959",fully,a paragraph,False,"The King, however, appears to have been fully aware of Lyoussi's complicity in the affair and, moreover, to have deliberately permitted him to leave Rabat following his resignation and to take refuge among his tribal followers in the Middle Atlas region. This action, coupled with the King's apparent protection of two other anti-Istiqlal leaders implicated in the present Berber dissidence, may hasten a reckoning between Mohamed V and republic-minded Istiqlal extremists.",ASSIGNED_FULL,1.0,71,71,1,1,"[""ASSIGNED_FULL""]","[""page_005_008_b3985758c6""]"
CIA-RDP79T00975A004200270001-5:6.0,CIA-RDP79T00975A004200270001-5,"January 5, 1959",fully,part of a sentence,False,are reports that a decision has been taken to suppress the dissidents by force.,ASSIGNED_FULL,1.0,13,13,1,1,"[""ASSIGNED_FULL""]","[""page_006_009_602f657788""]"
CIA-RDP79T00975A004200290001-3:3.0,CIA-RDP79T00975A004200290001-3,"January 7, 1959",fully,a few words,False,"$170,000,000 arms",ASSIGNED_FULL,1.0,1,1,1,1,"[""ASSIGNED_FULL""]","[""page_003_004_335e92da1b""]"
CIA-RDP79T00975A004200300001-1:4.0,CIA-RDP79T00975A004200300001-1,"January 8, 1959",partly,a paragraph,False,"[STILL REDACTED] UAR: Nasir's large-scale arrests in Syria and Egypt have included key members of the Communist party. He is reported planning a general purge of the UAR press, radio, and department of information. Sino-Soviet bloc propaganda media have mentioned the arrests, but are avoiding comment on Nasir's role in the crackdown and his criticism of Communist activity in Iraq. Meanwhile the USSR reportedly has halted a training program for Egyptian jet pilots now in the USSR, and Nasir is said to be ""astonished."" [STILL REDACTED]",ASSIGNED_FULL,1.0,95,95,1,1,"[""ASSIGNED_FULL""]","[""page_004_005_a17505ea7d""]"
CIA-RDP79T00975A004200300001-1:7.1,CIA-RDP79T00975A004200300001-1,"January 8, 1959",partly,a paragraph,False,"[STILL REDACTED] Nasir intends to follow up with a general purge of the press and a cleanup of the Egyptian State Broadcasting System and department of information. The arrests have not been publicized in the UAR, allegedly in order to avoid forewarning the Communists of the government's intentions. However, the regime has nearly always been reluctant to give local publicity to the existence of any organized opposition. [STILL REDACTED]",ASSIGNED_FULL,1.0,66,66,1,1,"[""ASSIGNED_FULL""]","[""page_007_008_9db92073ef""]"
CIA-RDP79T00975A004200300001-1:8.1,CIA-RDP79T00975A004200300001-1,"January 8, 1959",partly,a paragraph,False,"The firm policy of Pakistan's military regime toward its Pathan, or Pushtoon, tribes may also heighten Afghan fears that Karachi intends to incite the tribes living in Afghanistan to revolt against Kabul. [STILL REDACTED]",ASSIGNED_FULL,1.0,29,29,1,1,"[""ASSIGNED_FULL""]","[""page_008_009_e2add6b9fb""]"
CIA-RDP79T00975A004200300001-1:11.0,CIA-RDP79T00975A004200300001-1,"January 8, 1959",partly,a paragraph,False,"The PSP is also represented on a self-constituted employee committee whose actions [STILL REDACTED] ""amounted in effect to a take-over of the management"" of the Cuban Electric Company, a subsidiary of the American and Foreign Power Company.",ASSIGNED_FULL,1.0,32,32,1,1,"[""ASSIGNED_FULL""]","[""page_011_012_4d49c962fd""]"
CIA-RDP79T00975A004200340001-7:10.0,CIA-RDP79T00975A004200340001-7,"January 13, 1959",fully,a paragraph,False,"An influential member of the cabinet has indicated that the government's policy is to rely on either the World Bank or the United States for external financial assistance for a development program. However,",ASSIGNED_FULL,1.0,34,34,1,1,"[""ASSIGNED_FULL""]","[""page_010_014_c99644537f""]"
CIA-RDP79T00975A004200350001-6:10.0,CIA-RDP79T00975A004200350001-6,"January 14, 1959",partly,a paragraph,False,"De Gaulle is [STILL REDACTED] reported to have stressed to top government and military leaders on 7 January the importance of Algeria and the Sahara to NATO and the ""inadequacy"" of present NATO naval command arrangements for north-south communications between France and Africa.",ASSIGNED_FULL,1.0,40,40,1,1,"[""ASSIGNED_FULL""]","[""page_010_011_b23d0d7de9""]"
CIA-RDP79T00975A004200360001-5:3.0,CIA-RDP79T00975A004200360001-5,"January 15, 1959",partly,a paragraph,False,"USSR: Former Soviet Secret Police (KGB) chief Serov has been appointed head of the Military Intelligence Service (GRU), [STILL REDACTED] rumors circulating in the General Staff that Serov will oversee the work of both the KGB and the GRU. Mikoyan has implied, however, that Serov was in some disfavor when he was relieved of his KGB post. [STILL REDACTED]",ASSIGNED_FULL,1.0,60,60,1,1,"[""ASSIGNED_FULL""]","[""page_003_004_a9121106b5""]"
CIA-RDP79T00975A004300030001-0:6.0,CIA-RDP79T00975A004300030001-0,"March 11, 1959",fully,a paragraph,False,"While Fujiyama did not suggest specific changes, presumably they involve those provisions which, in effect, give the US extraterritorial rights in Japan. These provisions cover criminal jurisdiction, control over US bases and their access, air traffic controls, and importation by the US of equipment and materiel, including nuclear weapons.",ASSIGNED_FULL,1.0,51,51,1,1,"[""ASSIGNED_FULL""]","[""page_006_008_682050e355""]"
CIA-RDP79T00975A004300060001-7:7.0,CIA-RDP79T00975A004300060001-7,"March 7, 1959",fully,part of a sentence,False,"egged on by agents of the Syrian Deuxieme Bureau,",ASSIGNED_FULL,1.0,9,9,1,1,"[""ASSIGNED_FULL""]","[""page_007_008_ce7a1b02bc""]"
CIA-RDP79T00975A004300070001-6:7.0,CIA-RDP79T00975A004300070001-6,"March 6, 1959",partly,a paragraph,False,"[STILL REDACTED] the Soviet leaders during the talks with Macmillan appeared determined to proceed with a separate peace treaty which they insisted would end all Allied rights in Berlin. They went out of their way to make clear that, except for minor details on timing, their intentions regarding Berlin were fixed. [STILL REDACTED] the Russians desire summit talks in order to avoid an international crisis and prefer to carry out the transfer of controls quietly and with Western consent.",ASSIGNED_FULL,1.0,78,78,1,1,"[""ASSIGNED_FULL""]","[""page_007_008_05f0dd2d41""]"
CIA-RDP79T00975A004300070001-6:15.0,CIA-RDP79T00975A004300070001-6,"March 6, 1959",partly,a paragraph,False,"De Gaulle's recent adoption of high-pressure tactics toward his allies, particularly his demand for backing in North Africa, may stem partly from the lack of results thus far from numerous reported secret French contacts with the rebels. Such contacts have been frequently reported and, [STILL REDACTED] are continuing and even ""well advanced.""",ASSIGNED_FULL,1.0,51,51,1,1,"[""ASSIGNED_FULL""]","[""page_015_016_1da05c8b7e""]"
CIA-RDP79T00975A004300110001-1:3.0,CIA-RDP79T00975A004300110001-1,"March 2, 1959",fully,part of a sentence,False,"who has been used in the past to plant information,",ASSIGNED_FULL,1.0,8,8,1,1,"[""ASSIGNED_FULL""]","[""page_003_004_112a5f48dd""]"
CIA-RDP79T00975A004300110001-1:6.0,CIA-RDP79T00975A004300110001-1,"March 2, 1959",fully,part of a sentence,False,"an official who is sometimes used to plant information,",ASSIGNED_FULL,1.0,10,10,1,1,"[""ASSIGNED_FULL""]","[""page_006_007_f8c16f5a94""]"
CIA-RDP79T00975A004300110001-1:10.1,CIA-RDP79T00975A004300110001-1,"March 2, 1959",fully,a paragraph,False,"in ""full vigor."" The Chief of the Greek General Staff, has counseled Karamanlis against such an approach to Tito, in the belief that the military relations between the two countries should not be stressed now and that a gradual evolution beginning in economic and cultural spheres would be more fruitful.",ASSIGNED_FULL,1.0,50,50,1,1,"[""ASSIGNED_FULL""]","[""page_010_011_f91207b677""]"
CIA-RDP79T00975A004300140001-8:11.0,CIA-RDP79T00975A004300140001-8,"February 26, 1959",fully,a paragraph,False,"An SPA party functionary recently told a US official that the party does not intend to set up branch organizations, but only working committees in districts in which it intends to compete.",ASSIGNED_FULL,1.0,32,32,1,1,"[""ASSIGNED_FULL""]","[""page_011_011_e705c8f612""]"
CIA-RDP79T00975A004300160001-6:11.0,CIA-RDP79T00975A004300160001-6,"February 24, 1959",fully,a paragraph,False,"Torres is reported to have demanded as his price for cooperation with the right wing a free hand in northern Morocco, early convocation of the postponed Istiqlal party congress, and adoption of a positive program. Should these conditions not be met, he probably would reconstitute the Islah party, which would further fragmentize Istiqlal and encourage a multiplicity of parties.",ASSIGNED_FULL,1.0,61,61,1,1,"[""ASSIGNED_FULL""]","[""page_011_013_7cb81097de""]"
CIA-RDP79T00975A004300180001-4:4.0,CIA-RDP79T00975A004300180001-4,"February 21, 1959",partly,a paragraph,False,"[STILL REDACTED] army chief Nasution recently stated in effect that the army, in order to promote its role as a buffer between extremists of both left and right, must risk criticism as an ""American pawn."" [STILL REDACTED]",ASSIGNED_FULL,1.0,38,38,1,1,"[""ASSIGNED_FULL""]","[""page_004_005_db0be34a57""]"
CIA-RDP79T00975A004300180001-4:7.0,CIA-RDP79T00975A004300180001-4,"February 21, 1959",partly,a paragraph,False,"Army Chief of Staff General Nasution stated [STILL REDACTED] to army commanders last week that the army, in order to promote its role as a stabilizing influence in Indonesia and to prevent a drift to either left or right, must risk criticism as ""an American pawn."" He anticipates continued opposition from both Communist and non-Communist parties to the army's role as a ""strong instrument of the state,"" and believes Communist penetration of the military will be undertaken actively.",ASSIGNED_FULL,1.0,79,79,1,1,"[""ASSIGNED_FULL""]","[""page_007_010_c8997610ce""]"
CIA-RDP79T00975A004300180001-4:8.0,CIA-RDP79T00975A004300180001-4,"February 21, 1959",partly,a paragraph,False,"Nasution also stated that the army must play a vital part in achieving President Sukarno's concept of ""guided democracy."" Nasution said that should the army fail, ""one party will reach overwhelming strength, which could be a serious threat to Indonesia's free policies."" [STILL REDACTED]",ASSIGNED_FULL,1.0,43,43,1,1,"[""ASSIGNED_FULL""]","[""page_008_011_d452ce9130""]"
CIA-RDP79T00975A004300180001-4:9.0,CIA-RDP79T00975A004300180001-4,"February 21, 1959",partly,about a sentence,False,Key military leaders reportedly discussed Phoui's maneuvering on 18 February and agreed that the army would launch a coup if Phoui attempted to include discredited former ministers in the cabinet. [STILL REDACTED],ASSIGNED_FULL,1.0,32,32,1,1,"[""ASSIGNED_FULL""]","[""page_009_012_4731e8296c""]"
CIA-RDP79T00975A004300180001-4:10.0,CIA-RDP79T00975A004300180001-4,"February 21, 1959",fully,a paragraph,False,"A recent report of Polish Ambassador to India Katz-Suchy on his 2-10 January visit to Kerala emphasizes the need for bloc economic and political aid to the Communist-governed Indian state. He also stressed the importance of Kerala, as a Communist provincial administration under a ""bourgeois"" central government, for demonstrating the possibility of a ""peaceful road to socialism."" Katz-Suchy pointed out that the position of the ""socialist countries"" in relation to Kerala is made difficult by the necessity for cultivating the best possible relations with Nehru.",ASSIGNED_FULL,1.0,86,86,1,1,"[""ASSIGNED_FULL""]","[""page_010_013_6e959afb60""]"
CIA-RDP79T00975A004300180001-4:10.1,CIA-RDP79T00975A004300180001-4,"February 21, 1959",partly,a paragraph,False,"If the bloc accepts the Katz-Suchy recommendation, Poland, as the bloc member most likely to be acceptable to the Indian Government, may be designated as the bloc agent to aid Kerala. [STILL REDACTED]",ASSIGNED_FULL,1.0,33,33,1,1,"[""ASSIGNED_FULL""]","[""page_010_013_6e959afb60""]"
CIA-RDP79T00975A004300180001-4:11.0,CIA-RDP79T00975A004300180001-4,"February 21, 1959",fully,about a sentence,False,"There are reports, however, that certain groups may seize the opportunity to create unrest elsewhere in the island and to extend the length of the strike.",ASSIGNED_FULL,1.0,26,26,1,1,"[""ASSIGNED_FULL""]","[""page_011_014_751d874b48""]"
CIA-RDP79T00975A004300190001-3:5.0,CIA-RDP79T00975A004300190001-3,"February 20, 1959",fully,part of a sentence,False,Plotting against Ydigoras has recently increased.,ASSIGNED_FULL,1.0,6,6,1,1,"[""ASSIGNED_FULL""]","[""page_005_006_5acc808659""]"
CIA-RDP79T00975A004300190001-3:9.0,CIA-RDP79T00975A004300190001-3,"February 20, 1959",fully,about a sentence,False,"The extreme venality among President Ydigoras' closest advisers, including members of his family, is receiving increasing public attention.",ASSIGNED_FULL,1.0,18,18,1,1,"[""ASSIGNED_FULL""]","[""page_009_010_3e890cabeb""]"
CIA-RDP79T00975A004300190001-3:9.1,CIA-RDP79T00975A004300190001-3,"February 20, 1959",fully,a paragraph,False,Plotting to oust him is increasing among several groups ranging from the extreme right to the moderate left and now appears more widespread than at any time since he assumed office last March.,ASSIGNED_FULL,1.0,34,34,1,1,"[""ASSIGNED_FULL""]","[""page_009_010_3e890cabeb""]"
CIA-RDP79T00975A004300200001-1:9.0,CIA-RDP79T00975A004300200001-1,"February 19, 1959",fully,a paragraph,False,"Karamanlis recently stated that regardless of the results in London, Greece intends to maintain cordial relations with Turkey, will order the return of the Greek NATO contingent withdrawn from Izmir last June, and will announce withdrawal of further support for the Greek Cypriot cause.",ASSIGNED_FULL,1.0,46,46,1,1,"[""ASSIGNED_FULL""]","[""page_009_010_ee1efc821a""]"
CIA-RDP79T00975A004300200001-1:10.0,CIA-RDP79T00975A004300200001-1,"February 19, 1959",partly,a paragraph,False,"The King [STILL REDACTED] hopes De Gaulle will invite him to stop in Paris on his return from Madagascar. Such an invitation, in the King's view, would provide an excellent opportunity for the two leaders, together with President Bourguiba of Tunisia who has publicly expressed a wish for consultations with De Gaulle, to discuss a solution of the Algerian rebellion. [STILL REDACTED]",ASSIGNED_FULL,1.0,59,59,1,1,"[""ASSIGNED_FULL""]","[""page_010_011_3c4a9ed8f1""]"
CIA-RDP79T00975A004300230001-8:3.1,CIA-RDP79T00975A004300230001-8,"February 16, 1959",partly,about a sentence,False,[STILL REDACTED] Chu's candidacy has been discussed by the local citizens' organizations which would normally prepare public opinion for the change.,ASSIGNED_FULL,1.0,19,19,1,1,"[""ASSIGNED_FULL""]","[""page_003_004_797093ba8e""]"
CIA-RDP79T00975A004300230001-8:4.0,CIA-RDP79T00975A004300230001-8,"February 16, 1959",partly,a paragraph,False,"[STILL REDACTED] Chu Teh's candidacy for the chairmanship of the Chinese People's Republic was being discussed as early as mid-January by ""street committees""--the local citizens' organizations which would normally prepare public opinion for such changes.",ASSIGNED_FULL,0.944444,34,36,1,1,"[""ASSIGNED_FULL""]","[""page_004_005_33619d7f1d""]"
CIA-RDP79T00975A004300230001-8:5.0,CIA-RDP79T00975A004300230001-8,"February 16, 1959",partly,part of a sentence,False,Phoui is reported tired and discouraged and anxious to avoid decisive action. [STILL REDACTED],ASSIGNED_FULL,1.0,12,12,1,1,"[""ASSIGNED_FULL""]","[""page_005_006_6137e742bd""]"
CIA-RDP79T00975A004300240001-7:3.0,CIA-RDP79T00975A004300240001-7,"February 14, 1959",fully,a paragraph,False,"*USSR: A Soviet official in Bonn recently gave the impression to an American correspondent that the USSR considers Britain to be the ""weakest link"" in the Western front and may hope to use Prime Minister Macmillan's visit to drive a ""hard bargain."" A Soviet Embassy officer in Paris has expressed doubt that Britain would participate in any Western military action to keep land access to Berlin open.",ASSIGNED_FULL,1.0,71,71,1,1,"[""ASSIGNED_FULL""]","[""page_003_004_01f574b30c""]"
CIA-RDP79T00975A004300240001-7:7.1,CIA-RDP79T00975A004300240001-7,"February 14, 1959",fully,about a sentence,False,The counselor of the Soviet Embassy in Paris has expressed doubts that Britain would participate in any Western military action to maintain land access to Berlin.,ASSIGNED_FULL,1.0,27,27,1,1,"[""ASSIGNED_FULL""]","[""page_007_008_8856940d76""]"
CIA-RDP79T00975A004300250001-6:6.0,CIA-RDP79T00975A004300250001-6,"February 13, 1959",partly,about a sentence,False,[STILL REDACTED] The Indian Government has cautioned him particularly against accepting projects which require the extended presence of Soviet technicians.,ASSIGNED_FULL,1.0,21,21,1,1,"[""ASSIGNED_FULL""]","[""page_006_007_4913c5a9cf""]"
CIA-RDP79T00975A004300250001-6:10.0,CIA-RDP79T00975A004300250001-6,"February 13, 1959",partly,a paragraph,False,"[STILL REDACTED] Paris reportedly intends to present this proposal initially to the United States and Britain, and then to the North Atlantic Council sometime after the 2-4 April meeting of NATO foreign ministers.",ASSIGNED_FULL,1.0,31,31,1,1,"[""ASSIGNED_FULL""]","[""page_010_011_8d45740c81""]"
CIA-RDP79T00975A004300260001-5:11.0,CIA-RDP79T00975A004300260001-5,"February 12, 1959",fully,about a sentence,False,Sources close to Betancourt are particularly concerned over the presence in Caracas of defeated presidential candidate Admiral Larrazabal and doubt that his backers--who include the Communists--have fully accepted his defeat.,ASSIGNED_FULL,1.0,31,31,1,1,"[""ASSIGNED_FULL""]","[""page_011_015_d77a8a7818""]"
CIA-RDP79T00975A004300260001-5:11.1,CIA-RDP79T00975A004300260001-5,"February 12, 1959",fully,part of a sentence,False,and are not known to be plotting against the inauguration of the new government.,ASSIGNED_FULL,1.0,14,14,1,1,"[""ASSIGNED_FULL""]","[""page_011_015_d77a8a7818""]"
CIA-RDP79T00975A004300280001-3:5.0,CIA-RDP79T00975A004300280001-3,"February 10, 1959",fully,part of a sentence,False,"no longer in firm control of the government,",ASSIGNED_FULL,1.0,9,9,1,1,"[""ASSIGNED_FULL""]","[""page_005_005_a1477f28be""]"
CIA-RDP79T00975A004300280001-3:7.0,CIA-RDP79T00975A004300280001-3,"February 10, 1959",fully,part of a sentence,False,and Managua has reported that,ASSIGNED_FULL,1.0,5,5,1,1,"[""ASSIGNED_FULL""]","[""page_007_007_a4fb34f2c1""]"
CIA-RDP79T00975A004300290001-2:12.0,CIA-RDP79T00975A004300290001-2,"February 9, 1959",partly,about a sentence,False,"[STILL REDACTED] only Minister of Education Drimmel favored a ban on the festival when it was discussed at a cabinet meeting on 3 February, and further government consideration is unlikely.",ASSIGNED_FULL,1.0,28,28,1,1,"[""ASSIGNED_FULL""]","[""page_012_016_0a43cb602f""]"
CIA-RDP79T00975A004300300001-0:8.0,CIA-RDP79T00975A004300300001-0,"February 7, 1959",fully,part of a sentence,False,by reducing allotments to the royal family,ASSIGNED_FULL,1.0,7,7,1,1,"[""ASSIGNED_FULL""]","[""page_008_009_6e0e81a448""]"
CIA-RDP79T00975A004300300001-0:8.1,CIA-RDP79T00975A004300300001-0,"February 7, 1959",fully,about a sentence,False,Tariki's complimentary references to Crown Prince Faysal during the discussion suggest that he believes Faysal is receptive to the idea of applying pressure for changes in the concession,ASSIGNED_FULL,1.0,29,29,1,1,"[""ASSIGNED_FULL""]","[""page_008_009_6e0e81a448""]"
CIA-RDP79T00975A004300310001-9:13.0,CIA-RDP79T00975A004300310001-9,"February 6, 1959",partly,about a sentence,False,"[STILL REDACTED] if URD-Communist riots during the inauguration period get out of control, the army may take over the government.",ASSIGNED_FULL,1.0,18,18,1,1,"[""ASSIGNED_FULL""]","[""page_013_016_b96a2ee0d7""]"
CIA-RDP79T00975A004300330001-7:15.0,CIA-RDP79T00975A004300330001-7,"February 4, 1959",fully,part of a sentence,False,She lacks both the experience and the political leadership necessary for such a big job.,ASSIGNED_FULL,1.0,16,16,1,1,"[""ASSIGNED_FULL""]","[""page_015_017_efc0dfb1fa""]"
CIA-RDP79T00975A004300340001-6:14.0,CIA-RDP79T00975A004300340001-6,"February 3, 1959",partly,a paragraph,False,"[STILL REDACTED] the security authorities are worried about how to handle demonstrations by Barcelona University students reportedly scheduled for early February. Failure to scotch them will encourage their spread, but forceful action may worsen the situation. The official adds that many of the police are trying to devise ways of avoiding rough tactics, since they do not want to be identified with the regime's strong-arm methods.",ASSIGNED_FULL,1.0,64,64,1,1,"[""ASSIGNED_FULL""]","[""page_014_020_84915b0385""]"
CIA-RDP79T00975A004300370001-3:6.0,CIA-RDP79T00975A004300370001-3,"January 30, 1959",fully,a paragraph,False,"There are also reports of ""intensive"" telephone traffic between the Iranian Foreign Ministry and the Soviet Embassy in Tehran during the past few days, as well as of numerous meetings between Pegov and Iranian Ambassador-designate to Moscow Masud Ansuri.",ASSIGNED_FULL,0.975,39,40,1,1,"[""ASSIGNED_FULL""]","[""page_006_007_ab08bdf08b""]"
CIA-RDP79T00975A004300390001-1:3.0,CIA-RDP79T00975A004300390001-1,"January 28, 1959",partly,about a sentence,False,"In Tehran, meanwhile, the Shah is reported to have instructed Foreign Minister Hekmat to prepare a draft Iranian-Soviet nonaggression pact for discussion with Soviet authorities. [STILL REDACTED]",ASSIGNED_FULL,0.958333,23,24,1,1,"[""ASSIGNED_FULL""]","[""page_003_004_5c49bb8782""]"
CIA-RDP79T00975A004300390001-1:12.0,CIA-RDP79T00975A004300390001-1,"January 28, 1959",partly,part of a sentence,False,"The Portuguese official insisted, however, that no open revolt of Angolan Africans was in sight. [STILL REDACTED]",ASSIGNED_FULL,1.0,15,15,1,1,"[""ASSIGNED_FULL""]","[""page_012_013_bfb81e2942""]"
CIA-RDP79T00975A004300410001-8:4.0,CIA-RDP79T00975A004300410001-8,"January 26, 1959",fully,about a sentence,False,"who is reportedly being encouraged by Cairo to expand his contacts with certain of the satellites,",ASSIGNED_FULL,1.0,20,20,1,1,"[""ASSIGNED_FULL""]","[""page_004_005_b7d4040748""]"
CIA-RDP79T00975A004300410001-8:4.2+5.0,CIA-RDP79T00975A004300410001-8,"January 26, 1959",fully,about a sentence,True,Fanfani charges that President Gronchi--who is known to favor a rapprochement between the Christian Democrats and a reunified Socialist party--wants to topple his cabinet and force new elections during 1959.,ASSIGNED_FULL,0.972222,35,36,2,2,"[""ASSIGNED_FULL"", ""ASSIGNED_FULL""]","[""page_004_005_b7d4040748"", ""page_005_006_b6b94e7a35""]"
CIA-RDP79T00975A004300410001-8:8.0,CIA-RDP79T00975A004300410001-8,"January 26, 1959",partly,part of a sentence,False,"Nkrumah, [STILL REDACTED] encouraged by Nasir to establish diplomatic relations with certain satellite countries. [STILL REDACTED]",ASSIGNED_FULL,1.0,13,13,1,1,"[""ASSIGNED_FULL""]","[""page_008_010_74d39dbf0b""]"
CIA-RDP79T00975A004300420001-7:7.0,CIA-RDP79T00975A004300420001-7,"January 24, 1959",partly,a paragraph,False,"[STILL REDACTED] Kissilev is also reported to have told Nasir aide Ali Sabry that the presence of an anti-Communist editor as one of two UAR newsmen attending the signing of the Aswan Dam agreement is a ""bad omen"" for the agreement.",ASSIGNED_FULL,0.97561,40,41,1,1,"[""ASSIGNED_FULL""]","[""page_007_008_22f4dfb7f1""]"
CIA-RDP79T00975A004300420001-7:10.1,CIA-RDP79T00975A004300420001-7,"January 24, 1959",fully,a paragraph,False,"They may, however, feel forced to move against Sarit in self-defense. Recently he is reported to have drawn up orders for the arrest of Thanom and Prapat, only to tear them up a few minutes later.",ASSIGNED_FULL,1.0,36,36,1,1,"[""ASSIGNED_FULL""]","[""page_010_014_fc45282ae8""]"
CIA-RDP79T00975A004300420001-7:11.0,CIA-RDP79T00975A004300420001-7,"January 24, 1959",partly,a paragraph,False,"[STILL REDACTED] Nasir told Fanfani he had no objection to a solution which would give Algeria membership in the French Community, a suggestion said to have been advanced in recent French soundings of rebel leaders.",ASSIGNED_FULL,1.0,34,34,1,1,"[""ASSIGNED_FULL""]","[""page_011_015_e8b804a17d""]"
CIA-RDP79T00975A004300430001-6:3.1,CIA-RDP79T00975A004300430001-6,"January 23, 1959",fully,a few words,False,six,ASSIGNED_FULL,1.0,1,1,1,1,"[""ASSIGNED_FULL""]","[""page_003_004_be61479db8""]"
CIA-RDP79T00975A004300430001-6:3.2,CIA-RDP79T00975A004300430001-6,"January 23, 1959",fully,a few words,False,15,ASSIGNED_FULL,1.0,1,1,1,1,"[""ASSIGNED_FULL""]","[""page_003_004_be61479db8""]"
CIA-RDP79T00975A004300430001-6:4.0,CIA-RDP79T00975A004300430001-6,"January 23, 1959",fully,part of a sentence,False,has halted the power struggle temporarily and,ASSIGNED_FULL,1.0,7,7,1,1,"[""ASSIGNED_FULL""]","[""page_004_005_06dec4517e""]"
CIA-RDP79T00975A004300430001-6:4.1,CIA-RDP79T00975A004300430001-6,"January 23, 1959",partly,part of a sentence,False,but his position remains basically weak. [STILL REDACTED],ASSIGNED_FULL,1.0,6,6,1,1,"[""ASSIGNED_FULL""]","[""page_004_005_06dec4517e""]"
CIA-RDP79T00975A004300430001-6:13.0,CIA-RDP79T00975A004300430001-6,"January 23, 1959",fully,about a sentence,False,Prime Minister Kishi and his rivals in the governing Liberal-Democratic party have agreed to halt the factional struggle which has diminished conservative prestige and impeded Kishi's exercise of effective leadership.,ASSIGNED_FULL,1.0,32,32,1,1,"[""ASSIGNED_FULL""]","[""page_013_014_852af20c73""]"
CIA-RDP79T00975A004300430001-6:13.2,CIA-RDP79T00975A004300430001-6,"January 23, 1959",fully,part of a sentence,False,"the schism within conservative ranks,",ASSIGNED_FULL,1.0,5,5,1,1,"[""ASSIGNED_FULL""]","[""page_013_014_852af20c73""]"
CIA-RDP79T00975A004300440001-5:4.0,CIA-RDP79T00975A004300440001-5,"January 22, 1959",partly,a paragraph,False,"Cambodia: General Dap Chhuon, commander in western Cambodia, plans to mount a coup against the regime of Premier Sihanouk on 9 or 10 February [STILL REDACTED] Chhuon apparently is counting on the cooperation of several high-ranking military figures. [STILL REDACTED] The attitude of the army chief of staff, as yet unknown, would determine whether a coup could be bloodless. The reported dates coincide with Sihanouk's planned visit to Indonesia and also with Chinese New Year celebrations. [STILL REDACTED]",ASSIGNED_FULL,0.977273,86,88,1,1,"[""ASSIGNED_FULL""]","[""page_004_005_b86400acfa""]"
CIA-RDP79T00975A004300450001-4:9.0,CIA-RDP79T00975A004300450001-4,"January 21, 1959",partly,a paragraph,False,"[STILL REDACTED] ""intense Spanish activity"" throughout northern Morocco and the return to that area of many former Spanish native-affairs officers. Some of these officers may be considering--as they did during the French-imposed exile of the present King--the idea of establishing an autonomous northern Morocco.",ASSIGNED_FULL,1.0,43,43,1,1,"[""ASSIGNED_FULL""]","[""page_009_011_fe23801f29""]"
CIA-RDP79T00975A004300450001-4:9.1,CIA-RDP79T00975A004300450001-4,"January 21, 1959",partly,about a sentence,False,"[STILL REDACTED] , is supporting tribal dissidence as a means of forcing Morocco to commit itself to recognizing Spain's sovereignty over its present enclaves.",ASSIGNED_FULL,1.0,22,22,1,1,"[""ASSIGNED_FULL""]","[""page_009_011_fe23801f29""]"
CIA-RDP79T00975A004300490001-0:5.1,CIA-RDP79T00975A004300490001-0,"January 16, 1959",partly,about a sentence,False,Paraguayan revolutionaries are [STILL REDACTED] to have been offered arms by the new Cuban Government. Castro also appears to be lining up with the foes of Haitian President Duvalier. [STILL REDACTED],ASSIGNED_FULL,1.0,27,27,1,1,"[""ASSIGNED_FULL""]","[""page_005_006_13343a39d7""]"
CIA-RDP79T00975A004400010001-1:12.0,CIA-RDP79T00975A004400010001-1,"March 14, 1959",partly,about a sentence,False,"The International Federation of Miners' Unions, an affiliate of the Communist-dominated WFTU, has sent a sympathy cable to the Bolivian miners. [STILL REDACTED]",ASSIGNED_FULL,1.0,20,20,1,1,"[""ASSIGNED_FULL""]","[""page_012_013_5dd1c6e444""]"
CIA-RDP79T00975A004400040001-8:4.0,CIA-RDP79T00975A004400040001-8,"March 18, 1959",partly,about a sentence,False,"A top foreign policy adviser in Adenauer's party, feeling it necessary to make concessions to public opinion, favor [STILL REDACTED] putting forward a disengagement plan designed, however, to be unacceptable to Moscow. [STILL REDACTED]",ASSIGNED_FULL,1.0,38,38,1,1,"[""ASSIGNED_FULL""]","[""page_004_005_3ea07899b4""]"
CIA-RDP79T00975A004400040001-8:8.0,CIA-RDP79T00975A004400040001-8,"March 18, 1959",partly,about a sentence,False,"[STILL REDACTED] Adenauer is reported to have shown ""rigid"" resistance to any departure from established positions in the direction of disengagement.",ASSIGNED_FULL,1.0,18,18,1,1,"[""ASSIGNED_FULL""]","[""page_008_009_5204b144fd""]"
CIA-RDP79T00975A004400040001-8:8.1,CIA-RDP79T00975A004400040001-8,"March 18, 1959",partly,about a sentence,False,"Adenauer, however, is opposed to such a plan, even if it is deliberately designed to be unacceptable to Moscow. [STILL REDACTED]",ASSIGNED_FULL,1.0,19,19,1,1,"[""ASSIGNED_FULL""]","[""page_008_009_5204b144fd""]"
CIA-RDP79T00975A004400050001-7:3.0+4.0,CIA-RDP79T00975A004400050001-7,"March 19, 1959",partly,a paragraph,True,"[STILL REDACTED] II. ASIA-AFRICA [STILL REDACTED] UAR-Iraq: Nasir's continuation of a strong propaganda campaign against the Qasim regime apparently is designed to compensate for the defeat the pro-UAR elements in Iraq suffered with the suppression of the Mosul rising. With UAR assets in Iraq depleted, some UAR officials estimate that it may be a year or more before a new effort against Qasim can be made. The UAR evidently intends nonetheless to maintain as much pressure as it can, [STILL REDACTED]",ASSIGNED_FULL,1.0,83,83,2,2,"[""ASSIGNED_FULL"", ""ASSIGNED_FULL""]","[""page_003_004_e3b868f91a"", ""page_004_005_c8342ef296""]"
CIA-RDP79T00975A004400050001-7:4.1,CIA-RDP79T00975A004400050001-7,"March 19, 1959",partly,a paragraph,False,"and with reports of an imminent attempt by Bedouin army officers to seize control of the Jordanian Government, possibly abetted by the UAR. The Israelis, who presumably are aware of these developments, might react to an upheaval in Amman by moving into the Jordanian sector of Jerusalem and possibly West Jordan. [STILL REDACTED]",ASSIGNED_FULL,0.966667,58,60,1,1,"[""ASSIGNED_FULL""]","[""page_004_005_c8342ef296""]"
CIA-RDP79T00975A004400050001-7:5.0,CIA-RDP79T00975A004400050001-7,"March 19, 1959",partly,part of a sentence,False,and has increased the likelihood of a coup attempt. [STILL REDACTED],ASSIGNED_PARTIAL,0.714286,5,7,1,1,"[""ASSIGNED_PARTIAL""]","[""page_005_006_5968458f3b""]"
CIA-RDP79T00975A004400050001-7:9.0,CIA-RDP79T00975A004400050001-7,"March 19, 1959",fully,a paragraph,False,"Bedouin army officers reportedly may attempt to take over the government during the absence of both King Husayn and Prime Minister Rifai, who left on 18 March to join the King in the United States. The Israelis are believed to have excellent intelligence sources in Jordan and presumably are aware of the dissident activity.",ASSIGNED_FULL,1.0,54,54,1,1,"[""ASSIGNED_FULL""]","[""page_009_010_b57fbf1e46""]"
CIA-RDP79T00975A004400050001-7:12.0,CIA-RDP79T00975A004400050001-7,"March 19, 1959",fully,a paragraph,False,"Air Force Chief of Staff General Jouhaud, who was born in Algeria and played a leading role in the revolt, is reported to have made more visits to Algeria recently than his position warrants.",ASSIGNED_FULL,1.0,36,36,1,1,"[""ASSIGNED_FULL""]","[""page_012_013_603661be4a""]"
CIA-RDP79T00975A004400050001-7:12.1,CIA-RDP79T00975A004400050001-7,"March 19, 1959",fully,part of a sentence,False,Rumors of secret French-rebel contacts also have upset these military and rightist circles.,ASSIGNED_FULL,1.0,14,14,1,1,"[""ASSIGNED_FULL""]","[""page_012_013_603661be4a""]"
CIA-RDP79T00975A004400080001-4:5.0,CIA-RDP79T00975A004400080001-4,"March 23, 1959",partly,a paragraph,False,"[STILL REDACTED] French policy differs both tactically and strategically from US policy; France seeks the establishment of avowedly neutral regimes in Laos and Cambodia with good covert ties to the West, rather than of strong, openly anti-Communist and pro-Western regimes. [STILL REDACTED] France intended to step up its efforts in Indochina, and he said he had heard that additional intelligence personnel were being sent there.",ASSIGNED_FULL,1.0,62,62,1,1,"[""ASSIGNED_FULL""]","[""page_005_007_ee78e4ebe2""]"
CIA-RDP79T00975A004400080001-4:5.2,CIA-RDP79T00975A004400080001-4,"March 23, 1959",fully,about a sentence,False,"The French also appear to have embarked on a smear campaign against South Vietnam's President Diem, whose influence they feel runs counter to French aspirations in the area.",ASSIGNED_FULL,1.0,29,29,1,1,"[""ASSIGNED_FULL""]","[""page_005_007_ee78e4ebe2""]"
CIA-RDP79T00975A004400100001-1:6.0,CIA-RDP79T00975A004400100001-1,"March 25, 1959",fully,a paragraph,False,4. Chancellor Adenauer is reported to have told his party's Bundestag faction on 16 March that he is willing to extend de facto recognition to the East German Government provided that in negotiating this concession the status quo in Berlin can be maintained.,ASSIGNED_FULL,1.0,44,44,1,1,"[""ASSIGNED_FULL""]","[""page_006_007_d92e9446d3""]"
CIA-RDP79T00975A004400100001-1:9.0,CIA-RDP79T00975A004400100001-1,"March 25, 1959",fully,a paragraph,False,"In preparing Law Yone for his mission, Ne Win said that once the Sino-Burma border dispute is settled, Burma will ""mince no words"" about Communism and Communist China. The prime minister indicated that he planned to press for an early decision on the question by giving Peiping a month in which to answer Burma's ""final"" offer, after which negotiations would be broken off. Ne Win told Law Yone Burma cannot commit itself to adhering to SEATO at this time, although he personally is glad that there is such an organization.",ASSIGNED_FULL,1.0,92,92,1,1,"[""ASSIGNED_FULL""]","[""page_009_011_c6a0a47608""]"
CIA-RDP79T00975A004400110001-0:7.0,CIA-RDP79T00975A004400110001-0,"March 26, 1959",fully,part of a sentence,False,--900 tons of light arms and ammunition--,ASSIGNED_FULL,0.857143,6,7,1,1,"[""ASSIGNED_FULL""]","[""page_007_009_a91dde3e68""]"
CIA-RDP79T00975A004400110001-0:8.0,CIA-RDP79T00975A004400110001-0,"March 26, 1959",fully,a paragraph,False,"Brigadier Shannan, leader of the junior dissident officers' movement, postponed and modified his plan to seize complete control of the government late last week, reportedly because he feared a violent reaction that might lead to civil war. However, he and the two other troop commanders who forced their inclusion in the government on 5 March are expected to make some attempt in the near future to improve their position.",ASSIGNED_FULL,1.0,70,70,1,1,"[""ASSIGNED_FULL""]","[""page_008_010_f4f0c9669e""]"
CIA-RDP79T00975A004400120001-9:8.0,CIA-RDP79T00975A004400120001-9,"March 27, 1959",fully,about a sentence,False,Figueres reportedly had hoped to convince Castro he should withdraw his support of those Nicaraguan and Dominican revolutionary exile groups which are Communist influenced.,ASSIGNED_FULL,1.0,26,26,1,1,"[""ASSIGNED_FULL""]","[""page_008_010_f1cdd32d64""]"
CIA-RDP79T00975A004400140001-7:7.0,CIA-RDP79T00975A004400140001-7,"March 30, 1959",partly,a paragraph,False,"The Portuguese [STILL REDACTED] consider the internal situation grave and believe the government is ""nowhere near the bottom of the situation"" that gave rise to the abortive coup attempt of 12 March. [STILL REDACTED] are convinced the military were the prime force in this, despite repeated assertions of the army minister that the army is loyal to the regime. [STILL REDACTED]",ASSIGNED_FULL,1.0,65,65,1,1,"[""ASSIGNED_FULL""]","[""page_007_010_b9e385ef2e""]"
CIA-RDP79T00975A004400150001-6:10.0,CIA-RDP79T00975A004400150001-6,"March 31, 1959",fully,about a sentence,False,"Venizelos, whose hatred of the government combined with his political opportunism make him a likely collaborator with the Communists, apparently has agreed to cooperate secretly with EDA in several municipalities.",ASSIGNED_FULL,1.0,33,33,1,1,"[""ASSIGNED_FULL""]","[""page_010_011_e9f26c842c""]"
CIA-RDP79T00975A004400180001-3:6.0,CIA-RDP79T00975A004400180001-3,"April 3, 1959",fully,part of a sentence,False,A reliable report confirms the Dalai Lama’s entry into India on 31 March.,ASSIGNED_FULL,1.0,12,12,1,1,"[""ASSIGNED_FULL""]","[""page_006_007_d03130767c""]"
CIA-RDP79T00975A004400210001-9:3.1,CIA-RDP79T00975A004400210001-9,"April 7, 1959",fully,part of a sentence,False,according to an estimate by former party leader Karl Schirdewan.,ASSIGNED_FULL,0.916667,11,12,1,1,"[""ASSIGNED_FULL""]","[""page_003_004_9ddd25ec21""]"
CIA-RDP79T00975A004400210001-9:7.1,CIA-RDP79T00975A004400210001-9,"April 7, 1959",fully,a paragraph,False,"Schirdewan, who lost his party position following a split with First Secretary Ulbricht early in 1958, reached these conclusions following a recent survey of party members employed as workers and administrators in major East German industrial centers. This survey was made at Schirdewan's request by friendly party members.",ASSIGNED_FULL,1.0,49,49,1,1,"[""ASSIGNED_FULL""]","[""page_007_011_42ac76f8b4""]"
CIA-RDP79T00975A004400210001-9:10.0+11.0,CIA-RDP79T00975A004400210001-9,"April 7, 1959",fully,about a sentence,True,"From Bomdila, where central government officials will greet him and discuss problems of asylum, he presumably could be transported by road or flown to a center on the Assam plains.",ASSIGNED_FULL,1.0,31,31,2,2,"[""ASSIGNED_FULL"", ""ASSIGNED_FULL""]","[""page_010_014_53dce5b1f3"", ""page_011_015_4bad5faae4""]"
CIA-RDP79T00975A004400210001-9:11.1,CIA-RDP79T00975A004400210001-9,"April 7, 1959",partly,about a sentence,False,Nehru [STILL REDACTED] has shown his irritation with Peiping since the Tibetan crisis began by refusing to see the Chinese ambassador.,ASSIGNED_FULL,1.0,20,20,1,1,"[""ASSIGNED_FULL""]","[""page_011_015_4bad5faae4""]"
CIA-RDP79T00975A004400220001-8:6.0,CIA-RDP79T00975A004400220001-8,"April 8, 1959",partly,a paragraph,False,"[STILL REDACTED] continuing strikes had weakened confidence in the government to the point where a small determined force could topple it. [STILL REDACTED] one military group had channeled through the army secretary a demand that President Frondizi rid the government of Communists, fellow travelers, and corrupt elements within 30 days.",ASSIGNED_FULL,1.0,48,48,1,1,"[""ASSIGNED_FULL""]","[""page_006_012_0621f3457c""]"
CIA-RDP79T00975A004400220001-8:6.1,CIA-RDP79T00975A004400220001-8,"April 8, 1959",partly,a paragraph,False,"[STILL REDACTED] Argentine Communist leaders told local meetings in late March that the USSR was supplying them with dollars to fight the Yankees and that the ""protest meeting"" on 3 April was just the ""beginning of a thrust"" to end Yankee rule in Latin America. [STILL REDACTED]",ASSIGNED_FULL,1.0,40,40,1,1,"[""ASSIGNED_FULL""]","[""page_006_012_0621f3457c""]"
CIA-RDP79T00975A004400240001-6:10.0,CIA-RDP79T00975A004400240001-6,"April 10, 1959",partly,a paragraph,False,"[STILL REDACTED] Pazos reportedly expressed pessimism concerning Cuba's future under the Castro regime. Several other observers of Cuban developments have recently voiced similar pessimism. Serafino Romualdi, AFL-CIO representative to the Inter-American Regional Labor Organization (ORIT), reported on 8 April that ORIT has concluded that the Castro government is opening the doors to Communism in Cuba. [STILL REDACTED]",ASSIGNED_FULL,1.0,56,56,1,1,"[""ASSIGNED_FULL""]","[""page_010_011_39872cbe95""]"
CIA-RDP79T00975A004400250001-5:11.0,CIA-RDP79T00975A004400250001-5,"April 11, 1959",partly,a paragraph,False,"[STILL REDACTED] Councilor Nardone had introduced the proposal and had accused the country's Communists of fomenting a strike to gain a political advantage. Another councilor, he said, called attention to the recent expulsions of Soviet diplomats from Argentina and Mexico and suggested that the council reconsider the question of Uruguay's own relations with the USSR.",ASSIGNED_FULL,1.0,56,56,1,1,"[""ASSIGNED_FULL""]","[""page_011_016_6c88616493""]"
CIA-RDP79T00975A004400260001-4:12.0,CIA-RDP79T00975A004400260001-4,"April 13, 1959",fully,a paragraph,False,"Manuel Gomez Flores, former Nicaraguan colonel and persistent revolutionary plotter for the past 12 years, apparently regards himself as qualified to lead the military phase of the movement. Now in Cuba, he claims he has already tentatively chosen the Man of War Keys--a few miles off the Nicaraguan Caribbean coast--as the rendezvous point for the invasion and the nearby Rio Grande estuary as the mainland landing area.",ASSIGNED_FULL,1.0,68,68,1,1,"[""ASSIGNED_FULL""]","[""page_012_017_d4184a4acc""]"
CIA-RDP79T00975A004400270001-3:3.1+4.0,CIA-RDP79T00975A004400270001-3,"April 14, 1959",fully,about a sentence,True,Catholic Church leaders are deeply disturbed over the Communist gains and are said to be planning the establishment of a political party to influence political events. A,ASSIGNED_PARTIAL,1.0,6,6,2,2,"[""ASSIGNED_FULL"", ""REGISTRATION_FAILED""]","[""page_003_005_ed22f1017a"", ""page_004_006_67bf1a1066""]"
CIA-RDP79T00975A004400270001-3:6.0,CIA-RDP79T00975A004400270001-3,"April 14, 1959",fully,a paragraph,False,"Leaders of the Catholic Church are also disturbed and are planning to organize a political party in an attempt to influence political events. They feel the revolution is opening the way for the Communists. After his return from his Cuban visit last month, former Costa Rican President Jose Figueres, who has always been slow to pin the Communist label on anyone without adequate proof, told US Ambassador Willauer that he was",ASSIGNED_FULL,1.0,71,71,1,1,"[""ASSIGNED_FULL""]","[""page_006_010_2073844c8e""]"
CIA-RDP79T00975A004400320001-7:10.0,CIA-RDP79T00975A004400320001-7,"April 20, 1959",partly,a paragraph,False,"The rightists appear to have some strength within the police and probably within the army. The director of the Bolivian Police and Carabineros, for example, recently told a group of rightist revolutionaries that if they were against the Communists they could count on him, [STILL REDACTED]",ASSIGNED_FULL,1.0,46,46,1,1,"[""ASSIGNED_FULL""]","[""page_010_010_0b301e36dd""]"
CIA-RDP79T00975A004400340001-5:4.2,CIA-RDP79T00975A004400340001-5,"April 22, 1959",fully,a paragraph,False,2. The fact that the United States went ahead with a second C-130 high-altitude flight in spite of British representations has probably impressed Moscow as to the seriousness of US intentions on questions affecting air,ASSIGNED_FULL,1.0,43,43,1,1,"[""ASSIGNED_FULL""]","[""page_004_005_bd8cd0b3e5""]"
CIA-RDP79T00975A004400340001-5:5.1,CIA-RDP79T00975A004400340001-5,"April 22, 1959",fully,about a sentence,False,"5. There were no major intelligence indications of Western allied diplomatic intentions, apart from information obtained through official contacts with US representatives.",ASSIGNED_FULL,0.961538,25,26,1,1,"[""ASSIGNED_FULL""]","[""page_005_006_12baca8521""]"
CIA-RDP79T00975A004400350001-4:11.0,CIA-RDP79T00975A004400350001-4,"April 23, 1959",fully,a paragraph,False,"It was reliably reported to include 8,000 rifles, 3,000 revolvers, 30 machine guns, 12 antitank guns, two armored cars, up to 60,000 grenades and 50 bazookas, 42 field radio sets, and approximately 150 tons of ammunition.",ASSIGNED_FULL,1.0,37,37,1,1,"[""ASSIGNED_FULL""]","[""page_011_013_eec71b4f2d""]"
CIA-RDP79T00975A004400360001-3:4.0,CIA-RDP79T00975A004400360001-3,"April 24, 1959",partly,about a sentence,False,"The USSR may want Finland to use part of a commodity credit offered in May 1958 for arms purchases. Until now, the Finnish military leadership has consistently opposed such purchases. [STILL REDACTED]",ASSIGNED_FULL,1.0,31,31,1,1,"[""ASSIGNED_FULL""]","[""page_004_005_d81f5801d7""]"
CIA-RDP79T00975A004400360001-3:5.0,CIA-RDP79T00975A004400360001-3,"April 24, 1959",fully,about a sentence,False,"Ponomarenko informed the Indian Government on 20 April that such a move was pending and that the USSR had responded to ""Nepali overtures""--an apparent effort to minimize New Delhi's reaction.",ASSIGNED_FULL,1.0,30,30,1,1,"[""ASSIGNED_FULL""]","[""page_005_006_767db0b05c""]"
CIA-RDP79T00975A004400360001-3:7.0,CIA-RDP79T00975A004400360001-3,"April 24, 1959",partly,a paragraph,False,"The Heiskanen visit may involve the purchase of Soviet military equipment under the long-term credit in rubles of $100,000,000 to $125,000,000 offered Finland during Kekkonen's state visit in May 1958. During that visit Soviet officials pressed the Finns to purchase jet aircraft tanks, radar and communication equipment, and naval vessels. Kekkonen felt that Finland should purchase a limited number of MIG fighters to balance the acquisition of British jets and agreed to negotiate at a later date with the USSR. The Finnish armed services have consistently opposed such purchases. [STILL REDACTED]",ASSIGNED_FULL,0.989247,92,93,1,1,"[""ASSIGNED_FULL""]","[""page_007_009_5d0190f846""]"
CIA-RDP79T00975A004400380001-1:11.1,CIA-RDP79T00975A004400380001-1,"April 27, 1959",fully,about a sentence,False,The revolutionary plans appear to call for its dispersal to various remote areas by scattered uprisings and reports of landings.,ASSIGNED_FULL,1.0,21,21,1,1,"[""ASSIGNED_FULL""]","[""page_011_011_bc0e3d1679""]"
CIA-RDP79T00975A004400390001-0:5.0,CIA-RDP79T00975A004400390001-0,"April 28, 1959",fully,a paragraph,False,"The present crisis was brought to a head when Bank of England officials, before Cairo was officially informed, tipped off Georges-Picot, head of the Suez Company, of their intention to release the Egyptian account. Armed with this information, Georges-Picot, in a letter to the UAR, demanded an accelerated payment of $22,960,000. UAR officials are reported enraged over these maneuvers.",ASSIGNED_FULL,1.0,59,59,1,1,"[""ASSIGNED_FULL""]","[""page_005_009_a68b1c3661""]"
CIA-RDP79T00975A004400400001-8:5.0,CIA-RDP79T00975A004400400001-8,"April 29, 1959",partly,a paragraph,False,"[STILL REDACTED] *An invasion ship carrying 100 men, was reported to have left Cuba on 28 April for Panama or Nicaragua. Such force probably would be spotted by search planes being made available to the OAS investigating committee now in Panama. [STILL REDACTED]",ASSIGNED_FULL,1.0,46,46,1,1,"[""ASSIGNED_FULL""]","[""page_005_006_acc73d68b1""]"
CIA-RDP79T00975A004400400001-8:5.1,CIA-RDP79T00975A004400400001-8,"April 29, 1959",fully,a paragraph,False,2. A West German poll shows that willingness to risk hostilities over the Berlin access question is far stronger in West Berlin than West Germany. There were no significant changes in the West Berlin economy and morale.,ASSIGNED_FULL,1.0,37,37,1,1,"[""ASSIGNED_FULL""]","[""page_005_006_acc73d68b1""]"
CIA-RDP79T00975A004400400001-8:11.0,CIA-RDP79T00975A004400400001-8,"April 29, 1959",fully,a paragraph,False,"Some students and other anti-US extremists in Panama reportedly have plans, however, to incite disorders to commemorate the serious student-guard riots of May 1958. These may take the form of harassing outbreaks against the unpopular National Guard, a politically dominated urban police force which has been disconcerted by the scattered small revolts and landings of the past month.",ASSIGNED_FULL,1.0,62,62,1,1,"[""ASSIGNED_FULL""]","[""page_011_013_785a903ba2""]"
CIA-RDP79T00975A004400410001-7:3.0,CIA-RDP79T00975A004400410001-7,"April 30, 1959",partly,about a sentence,False,"The principal Qashqai chief, currently in Switzerland, claims he recently received renewed Soviet offers of support, including arms. [STILL REDACTED]",ASSIGNED_FULL,1.0,21,21,1,1,"[""ASSIGNED_FULL""]","[""page_003_004_b4b9390073""]"
CIA-RDP79T00975A004400420001-6:4.2,CIA-RDP79T00975A004400420001-6,"May 1, 1959",partly,about a sentence,False,"There is as yet no confirmation of these rumors, but South Vietnamese security authorities are taking additional precautions. [STILL REDACTED]",ASSIGNED_FULL,1.0,19,19,1,1,"[""ASSIGNED_FULL""]","[""page_004_005_0d4c45f9e4""]"
CIA-RDP79T00975A004400420001-6:6.0,CIA-RDP79T00975A004400420001-6,"May 1, 1959",partly,a paragraph,False,"Raul Castro, commander in chief of the armed forces, apparently initiated the changes prior to his hurried trip to meet Fidel Castro in Houston on 28 April. They may be designed to eliminate officers he considers to be rightists and unsympathetic to him. [STILL REDACTED]",ASSIGNED_FULL,1.0,52,52,1,1,"[""ASSIGNED_FULL""]","[""page_006_007_cf147c89d8""]"
CIA-RDP79T00975A004400420001-6:10.0,CIA-RDP79T00975A004400420001-6,"May 1, 1959",fully,a paragraph,False,"Following a series of such incidents last month--including one in which a sizable number of French troops penetrated Tunisian territory to a depth of about 25 miles--Tunisian Foreign Secretary Mokaddem expressed fear on 27 April that the French military might be building up to a ""concentration of hostility"" against Tunisia.",ASSIGNED_FULL,1.0,49,49,1,1,"[""ASSIGNED_FULL""]","[""page_010_011_a2087480f6""]"
CIA-RDP79T00975A004400420001-6:12.0,CIA-RDP79T00975A004400420001-6,"May 1, 1959",fully,a paragraph,False,"The changes were apparently initiated prior to Raul's hurried trip to meet Fidel in Houston on 28 April. An American newsman in close contact with the Cuban situation believes that the armed forces were discussed at the Houston meeting and that Fidel may have informed his brother that on his return to Havana he plans to crack down on Communists in Cuba, especially in the military.",ASSIGNED_FULL,1.0,64,64,1,1,"[""ASSIGNED_FULL""]","[""page_012_013_0f12390278""]"
CIA-RDP79T00975A004400460001-2:4.0,CIA-RDP79T00975A004400460001-2,"May 6, 1959",partly,part of a sentence,False,"[STILL REDACTED] estimates a production potential for this well in excess of 10,000 barrels a day.",ASSIGNED_FULL,1.0,14,14,1,1,"[""ASSIGNED_FULL""]","[""page_004_005_8df995b410""]"
CIA-RDP79T00975A004400460001-2:11.0,CIA-RDP79T00975A004400460001-2,"May 6, 1959",partly,part of a sentence,False,"and [STILL REDACTED] estimates it has a production potential in excess of 10,000 barrels per day.",ASSIGNED_FULL,1.0,15,15,1,1,"[""ASSIGNED_FULL""]","[""page_011_012_c8b8bcb900""]"
CIA-RDP79T00975A004500010001-0:7.0,CIA-RDP79T00975A004500010001-0,"May 12, 1959",partly,a paragraph,False,"[STILL REDACTED] the only hope for the ruling Democratic party (DP) is to make radical changes in top-level government personnel and to adopt more liberal policies. [STILL REDACTED] Etem Menderes' views are favored by a large number of the party's legislators who have shown their dissatisfaction particularly with the prime minister's restrictions on the press. A DP caucus, however, reportedly has decided to tighten restrictions on the press. Among other restrictions, only newspapermen working for the progovernment news service would be permitted to accompany political figures around the country.",ASSIGNED_FULL,1.0,87,87,1,1,"[""ASSIGNED_FULL""]","[""page_007_008_815f9821bf""]"
CIA-RDP79T00975A004500020001-9:7.0,CIA-RDP79T00975A004500020001-9,"May 13, 1959",partly,a paragraph,False,"[STILL REDACTED] he is not worried that a war might begin over Berlin as a result of a deliberate decision, but that he is concerned that an incident might precipitate hostilities. He declared that England and France could be effectively destroyed with only five rockets each and West Germany with four. In an interview with West German Socialist editors on 5 May, he said the Soviet Union has ""enough rockets for America too.""",ASSIGNED_FULL,0.985507,68,69,1,1,"[""ASSIGNED_FULL""]","[""page_007_008_17c95ce70c""]"
CIA-RDP79T00975A004500030001-8:11.0,CIA-RDP79T00975A004500030001-8,"May 14, 1959",fully,a paragraph,False,"The Central Committee of the Communist-dominated Neo Lao Hak Zat (NLHZ), political successor to the Pathet Lao, reportedly had earlier instructed cadres to take a ""soft line"" in order to avoid pretexts for repression by the government, and has appeared determined to maintain the party's legal status. Despite these instructions, groups of armed former Pathet Lao soldiers in Luang Prabang province have fled their villages recently on the pretext that the army and police were preparing to arrest them.",ASSIGNED_FULL,1.0,81,81,1,1,"[""ASSIGNED_FULL""]","[""page_011_014_4ca0f4e44d""]"
CIA-RDP79T00975A004500060001-5:9.0,CIA-RDP79T00975A004500060001-5,"May 18, 1959",partly,about a sentence,False,[STILL REDACTED] members of Bandaranaike's Sri Lanka Freedom party who sympathize with Gunawardena contains their threat to resign if Bandaranaike stands firm in his decision.,ASSIGNED_FULL,1.0,24,24,1,1,"[""ASSIGNED_FULL""]","[""page_009_012_916011716c""]"
CIA-RDP79T00975A004500060001-5:9.1,CIA-RDP79T00975A004500060001-5,"May 18, 1959",partly,about a sentence,False,Dur- [STILL REDACTED] Senanayake seemed agreeable to joint operations against the leftists although he felt it premature to discuss a specific election agreement.,ASSIGNED_FULL,1.0,21,21,1,1,"[""ASSIGNED_FULL""]","[""page_009_012_916011716c""]"
CIA-RDP79T00975A004500120001-8:7.0,CIA-RDP79T00975A004500120001-8,"May 25, 1959",partly,a paragraph,False,"The USSR's notes of 23 May to the United States and West Germany protesting the alleged acceleration of the nuclear rearmament of West German forces probably were timed to support Gromyko's conference line that if progress is to be made, the West must abandon its package plan and agree to discuss the urgent issues of a peace treaty and Berlin. [STILL REDACTED]",ASSIGNED_FULL,1.0,62,62,1,1,"[""ASSIGNED_FULL""]","[""page_007_008_c799be5a08""]"
CIA-RDP79T00975A004500130001-7:7.0,CIA-RDP79T00975A004500130001-7,"May 26, 1959",fully,a paragraph,False,A high-ranking Lao Army officer says he has advised Premier Phoui Sananikone to require former Pathet Lao chief Souphannouvong to appeal to the unit in person. He also said that Crown Prince Savang told Phoui on 23 May that the government should take immediate and drastic repressive measures against the Neo Lao Hak Zat--the Communist-dominated legal political successor to the Pathet Lao. Phoui reportedly replied he was not yet prepared to do so.,ASSIGNED_FULL,1.0,73,73,1,1,"[""ASSIGNED_FULL""]","[""page_007_008_d2d7afef65""]"
CIA-RDP79T00975A004500130001-7:7.1,CIA-RDP79T00975A004500130001-7,"May 26, 1959",fully,part of a sentence,False,"and embarrass the British, who have been actively seeking to avoid a reconvening.",ASSIGNED_FULL,1.0,14,14,1,1,"[""ASSIGNED_FULL""]","[""page_007_008_d2d7afef65""]"
CIA-RDP79T00975A004500140001-6:3.0,CIA-RDP79T00975A004500140001-6,"May 27, 1959",partly,about a sentence,False,The principal difficulty is reported to be Chinese refusal to allow India continued special privileges in trade with Tibet. [STILL REDACTED],ASSIGNED_FULL,1.0,19,19,1,1,"[""ASSIGNED_FULL""]","[""page_003_004_5a9c3db768""]"
CIA-RDP79T00975A004500140001-6:4.0,CIA-RDP79T00975A004500140001-6,"May 27, 1959",partly,a paragraph,False,The foreign minister on 25 May requested US financial and material support for a military operation to bring the Pathet unit under control. The US Army attaché thinks that the Laotian Army has not yet developed a sound clean-up plan. Escape of the unit or dispersal into small guerrilla bands is thus a strong possibility. [STILL REDACTED],ASSIGNED_FULL,1.0,52,52,1,1,"[""ASSIGNED_FULL""]","[""page_004_005_16418a0278""]"
CIA-RDP79T00975A004500140001-6:6.0,CIA-RDP79T00975A004500140001-6,"May 27, 1959",partly,a paragraph,False,"Kozlov impresses most observers as a forceful and extremely capable administrator and a man of ideas, which he expresses clearly and with great vigor. He is known to have been outside the bloc on two occasions--to the Finnish Communist party congress in 1957 and the Brussels Fair in 1958. He apparently does not speak English. [STILL REDACTED]",ASSIGNED_FULL,1.0,56,56,1,1,"[""ASSIGNED_FULL""]","[""page_006_007_429d8e20c2""]"
CIA-RDP79T00975A004500140001-6:8.1,CIA-RDP79T00975A004500140001-6,"May 27, 1959",fully,a paragraph,False,"The uprising allegedly would be similar to the recent Nyasaland revolt and Mau Mau terrorism in Kenya. Police have a lengthy list of suspects but are unable to identify anyone as a likely instigator, despite an extensive canvass.",ASSIGNED_FULL,1.0,38,38,1,1,"[""ASSIGNED_FULL""]","[""page_008_009_31cc27965d""]"
CIA-RDP79T00975A004500150001-5:9.0,CIA-RDP79T00975A004500150001-5,"May 28, 1959",fully,part of a sentence,False,but a medical specialist has been called in from the United States.,ASSIGNED_FULL,1.0,12,12,1,1,"[""ASSIGNED_FULL""]","[""page_009_011_1b7cb119dc""]"
CIA-RDP79T00975A004500160001-4:4.1,CIA-RDP79T00975A004500160001-4,"May 29, 1959",fully,about a sentence,False,"The gravity of President Duvalier's condition, resulting from a coronary occlusion on 24 May, is not yet widely known, even among members of the government.",ASSIGNED_FULL,0.896552,26,29,1,1,"[""ASSIGNED_FULL""]","[""page_004_005_82887572f3""]"
CIA-RDP79T00975A004500160001-4:4.2,CIA-RDP79T00975A004500160001-4,"May 29, 1959",fully,part of a sentence,False,"As the seriousness of Duvalier's illness becomes known, however,",ASSIGNED_FULL,0.818182,9,11,1,1,"[""ASSIGNED_FULL""]","[""page_004_005_82887572f3""]"
CIA-RDP79T00975A004500160001-4:7.0,CIA-RDP79T00975A004500160001-4,"May 29, 1959",fully,about a sentence,False,"In addition to Djuanda's statement, army leaders have hinted throughout the period of debate that if necessary they would take action to impose the constitution.",ASSIGNED_FULL,1.0,25,25,1,1,"[""ASSIGNED_FULL""]","[""page_007_009_2a4386261f""]"
CIA-RDP79T00975A004500160001-4:9.0,CIA-RDP79T00975A004500160001-4,"May 29, 1959",fully,a paragraph,False,"The gravity of the 51-year-old President's condition, now known only to a limited number of high government officials, is likely to touch off a sharp power struggle when it becomes general knowledge, and there is little chance for an orderly or constitutional transfer of power.",ASSIGNED_FULL,1.0,47,47,1,1,"[""ASSIGNED_FULL""]","[""page_009_011_e3a50e007c""]"
CIA-RDP79T00975A004500170001-3:10.0,CIA-RDP79T00975A004500170001-3,"May 30, 1959",partly,a paragraph,False,"The Turks apparently did not give King Husayn of Jordan any encouragement in his ""third force"" plan for redressing the balance in Iraq by using irregulars recruited in Iraq and operating from bases in Turkey and Iran. Zorlu has said that this ""third force"" could only be useful ""in a most extreme situation."" Turkey has little prospect for using such elements for subversion. The Turkish-speaking minority in Iraq is only 75,000, and Iraqi Kurds would not welcome Turkish control [STILL REDACTED]",ASSIGNED_FULL,0.987013,76,77,1,1,"[""ASSIGNED_FULL""]","[""page_010_011_1031c03ca5""]"
CIA-RDP79T00975A004500200001-9:3.0,CIA-RDP79T00975A004500200001-9,"June 3, 1959",fully,a paragraph,False,"The Soviet member of the movement's permanent secretariat is reported to have charged that a 27 May meeting of the ""Anti-Colonial Conference"" in Cairo was arranged by the UAR ""to attack Russia.""",ASSIGNED_FULL,1.0,32,32,1,1,"[""ASSIGNED_FULL""]","[""page_003_004_3c0e8776c2""]"
CIA-RDP79T00975A004500200001-9:6.0,CIA-RDP79T00975A004500200001-9,"June 3, 1959",partly,a paragraph,False,"The Soviet member of the movement's permanent secretariat has charged, [STILL REDACTED] that the meeting on 27 May in Cairo of the ""Anti-Colonial Conference"" had been arranged by the UAR ""to attack Russia."" Earlier, the Soviet and Chinese Communist members of the secretariat were reliably reported to have frustrated UAR efforts to enlist Afro-Asian support for Nasir's campaign against Iraq.",ASSIGNED_FULL,1.0,62,62,1,1,"[""ASSIGNED_FULL""]","[""page_006_007_8567d47957""]"
CIA-RDP79T00975A004500200001-9:7.0,CIA-RDP79T00975A004500200001-9,"June 3, 1959",partly,part of a sentence,False,[STILL REDACTED] Army Chief of Staff General Nasution was assured nationwide officer support for some such move [STILL REDACTED],ASSIGNED_FULL,1.0,15,15,1,1,"[""ASSIGNED_FULL""]","[""page_007_008_9b8ffa90d3""]"
CIA-RDP79T00975A004500240001-5:5.1,CIA-RDP79T00975A004500240001-5,"June 8, 1959",fully,about a sentence,False,"Meanwhile, certain disgruntled military officers and retired officers are plotting a revolution to take place during June and July.",ASSIGNED_FULL,0.954545,21,22,1,1,"[""ASSIGNED_FULL""]","[""page_005_006_836c4cce21""]"
CIA-RDP79T00975A004500250001-4:4.0,CIA-RDP79T00975A004500250001-4,"June 9, 1959",fully,a paragraph,False,"Local Congress leaders are under pressure from Nehru to keep their demonstrations nonviolent, but violence is likely if extremists among the agitators are successful in provoking Communist police units into using force.",ASSIGNED_FULL,1.0,33,33,1,1,"[""ASSIGNED_FULL""]","[""page_004_005_68b6eaed3d""]"
CIA-RDP79T00975A004500250001-4:4.1,CIA-RDP79T00975A004500250001-4,"June 9, 1959",partly,about a sentence,False,"Nicaraguan exiles in El Salvador, Venezuela, and other countries continue their plotting and may attempt further incursions. [STILL REDACTED]",ASSIGNED_FULL,1.0,21,21,1,1,"[""ASSIGNED_FULL""]","[""page_004_005_68b6eaed3d""]"
CIA-RDP79T00975A004500250001-4:8.0,CIA-RDP79T00975A004500250001-4,"June 9, 1959",fully,a paragraph,False,"The national leadership of the Congress party has instructed the Kerala branch not to participate officially in the school demonstrations, but has consented to the opposition front's political agitation on condition that it remain nonviolent.",ASSIGNED_FULL,1.0,36,36,1,1,"[""ASSIGNED_FULL""]","[""page_008_010_44381c636c""]"
CIA-RDP79T00975A004500250001-4:8.1,CIA-RDP79T00975A004500250001-4,"June 9, 1959",fully,a paragraph,False,"A section of the national Communist leadership reportedly argued at a recent party conclave in Kerala in favor of resignation of the Communist government, on grounds that its conduct had already had a detrimental effect on the party in the rest of India and that the forceful measures needed to contain the coming agitation would further damage Communist prestige.",ASSIGNED_FULL,1.0,60,60,1,1,"[""ASSIGNED_FULL""]","[""page_008_010_44381c636c""]"
CIA-RDP79T00975A004500250001-4:9.0,CIA-RDP79T00975A004500250001-4,"June 9, 1959",fully,about a sentence,False,"A majority of the CDU apparently shares Adenauer's view, but the opposition parties are attacking the government's hesitation and claiming Allied intervention is responsible.",ASSIGNED_FULL,1.0,24,24,1,1,"[""ASSIGNED_FULL""]","[""page_009_011_362c3c8735""]"
CIA-RDP79T00975A004500250001-4:10.0,CIA-RDP79T00975A004500250001-4,"June 9, 1959",partly,a paragraph,False,"Nicaraguan rebel leader Enrique Lacayo Farfan is believed to have left Costa Rica on 6 June for Venezuela where he and former Costa Rican President Figueres, who is also in Caracas, can be expected to make every effort to obtain aid for the rebels. Communist-controlled Nicaraguan exile groups there have asked for maximum Venezuelan support for the Nicaraguan revolution. A well-armed Nicaraguan exile group in El Salvador and another in Guatemala were planning on 4 June to move through Honduras into Nicaragua. [STILL REDACTED]",ASSIGNED_FULL,1.0,82,82,1,1,"[""ASSIGNED_FULL""]","[""page_010_012_b98e970b4a""]"
CIA-RDP79T00975A004500260001-3:3.1,CIA-RDP79T00975A004500260001-3,"June 10, 1959",fully,about a sentence,False,"according to American oil company officials. This estimate covers only one field, although oil has been discovered in five other areas.",ASSIGNED_FULL,1.0,26,26,1,1,"[""ASSIGNED_FULL""]","[""page_003_004_c9e1792177""]"
CIA-RDP79T00975A004500270001-2:6.0,CIA-RDP79T00975A004500270001-2,"June 11, 1959",fully,part of a sentence,False,"confusion and bitterness in West German politics resulting from Adenauer's decision to remain as chancellor,",ASSIGNED_FULL,1.0,16,16,1,1,"[""ASSIGNED_FULL""]","[""page_006_007_3a34cc27e2""]"
CIA-RDP79T00975A004500290001-0:5.0,CIA-RDP79T00975A004500290001-0,"June 13, 1959",partly,a paragraph,False,"A TASS correspondent in Geneva, [STILL REDACTED] noted this was the first time the USSR had even mentioned a continuation of Western occupation rights in West Berlin. He said Moscow definitely has no intention of breaking off the talks. [STILL REDACTED] the Soviet leaders want the conference to continue and are opposed to any recess. [STILL REDACTED] Moscow might agree to double or even triple the one-year time limit.",ASSIGNED_FULL,1.0,62,62,1,1,"[""ASSIGNED_FULL""]","[""page_005_006_dd568664aa""]"
CIA-RDP79T00975A004500300001-8:6.0,CIA-RDP79T00975A004500300001-8,"June 15, 1959",partly,a paragraph,False,"[STILL REDACTED] Touré's plan, which has apparently been approved by the powerful political bureau of Guinea's single party, envisages the development of a network of sympathizers in Portuguese Guinea, the use of civil disobedience, and finally insurrection. Touré would employ African tribesmen related to those in Guinea--presumably his own Moslem Mandingo tribesmen, who make up about 65,000 of the half-million population of the Portuguese territory. The Mandingo are considered intelligent, very aggressive, and well supplied with firearms. Sekou Touré reportedly stated his willingness to furnish insurrectionists clandestinely with arms.",ASSIGNED_FULL,1.0,87,87,1,1,"[""ASSIGNED_FULL""]","[""page_006_011_94e5ede531""]"
CIA-RDP79T00975A004500300001-8:6.1,CIA-RDP79T00975A004500300001-8,"June 15, 1959",partly,about a sentence,False,[STILL REDACTED] Portuguese security authorities in mid-May suggested to the government the establishment of prison facilities in the Azores to house natives from the overseas African provinces who engage in subversive activities. [STILL REDACTED],ASSIGNED_FULL,1.0,31,31,1,1,"[""ASSIGNED_FULL""]","[""page_006_011_94e5ede531""]"
CIA-RDP79T00975A004500300001-8:7.0,CIA-RDP79T00975A004500300001-8,"June 15, 1959",fully,a paragraph,False,"Both government and opposition leaders had hoped to place the responsibility for whatever violence occurred on the other. A group of top Kerala and all-India Communist party leaders reportedly agreed at a meeting in Bombay on 7 June to avoid police firing during the first stages of the agitation, and resort to ""intensive repression"" only when it is clear such action is essential to prevent serious disorders. Opposition strategists now are likely to exploit the police shooting on 13 June to incite further ""direct action"" against the Communists.",ASSIGNED_FULL,1.0,91,91,1,1,"[""ASSIGNED_FULL""]","[""page_007_012_abf1079240""]"
CIA-RDP79T00975A004500330001-5:5.0,CIA-RDP79T00975A004500330001-5,"June 18, 1959",partly,a paragraph,False,"The group of five generals reportedly also demanded that Frondizi alter his labor policies to relieve the army of strike-breaking duties and other tasks that ""place the military in a bad light."" They may attempt to force demobilization of the country's railway workers and will probably press for evacuation of army forces from strike-threatened power plants in the interior. [STILL REDACTED]",ASSIGNED_FULL,1.0,65,65,1,1,"[""ASSIGNED_FULL""]","[""page_005_007_1eb6c636f3""]"
CIA-RDP79T00975A004500330001-5:8.0,CIA-RDP79T00975A004500330001-5,"June 18, 1959",partly,a paragraph,False,"Enrique Jimenez, a Dominican who served as an officer in Castro's guerrilla army during the Cuban civil war and has since been in charge of training Dominican exiles in Cuba with the backing of a Communist-controlled Dominican exile union (UPD), is in the Dominican Republic with a small armed group, [STILL REDACTED]",ASSIGNED_FULL,1.0,50,50,1,1,"[""ASSIGNED_FULL""]","[""page_008_010_aebb9e6f94""]"
CIA-RDP79T00975A004500330001-5:9.0,CIA-RDP79T00975A004500330001-5,"June 18, 1959",fully,part of a sentence,False,"a rash and unstable man,",ASSIGNED_FULL,1.0,5,5,1,1,"[""ASSIGNED_FULL""]","[""page_009_011_cb8d3a2d60""]"
CIA-RDP79T00975A004500340001-4:3.2,CIA-RDP79T00975A004500340001-4,"June 19, 1959",fully,about a sentence,False,"Haitian opposition groups are planning to step up terrorist activities in order to weaken further the regime of President Duvalier, who is still disabled from his recent heart attack.",ASSIGNED_FULL,1.0,31,31,1,1,"[""ASSIGNED_FULL""]","[""page_003_005_b9ecd5bcfe""]"
CIA-RDP79T00975A004500340001-4:4.0,CIA-RDP79T00975A004500340001-4,"June 19, 1959",partly,part of a sentence,False,Castro promised financial assistance and Cuban troops to fight in Nicaragua. [STILL REDACTED],ASSIGNED_FULL,1.0,11,11,1,1,"[""ASSIGNED_FULL""]","[""page_004_006_960b563b8d""]"
CIA-RDP79T00975A004500340001-4:8.0,CIA-RDP79T00975A004500340001-4,"June 19, 1959",fully,a paragraph,False,"Two opposition factions in Haiti are planning to step up terrorist activities against the shaky Duvalier regime. The two groups, followers of exiled political leaders Daniel Fignolé and Louis Dejoie, in recent weeks have staged bombings and other public disorders which aggravated the already unstable political situation.",ASSIGNED_FULL,1.0,49,49,1,1,"[""ASSIGNED_FULL""]","[""page_008_014_e3c1a7a738""]"
CIA-RDP79T00975A004500340001-4:9.0,CIA-RDP79T00975A004500340001-4,"June 19, 1959",partly,a paragraph,False,"Castro has promised $100,000 to $150,000 and ""a large number of Cuban troops to fight in Nicaragua,"" according to a rebel emissary who returned to Costa Rica on 15 June from a hurried trip to Cuba. [STILL REDACTED] the Nicaraguan rebel leader who apparently sent the emissary to seek Castro's aid, had earlier told the Costa Rican foreign minister that he had launched the invasions without Cuban help since he felt Castro's terms would have made him a mere puppet.",ASSIGNED_FULL,1.0,77,77,1,1,"[""ASSIGNED_FULL""]","[""page_009_015_9dde47e412""]"
CIA-RDP79T00975A004500340001-4:9.1,CIA-RDP79T00975A004500340001-4,"June 19, 1959",partly,a paragraph,False,"[STILL REDACTED] appears inclined also to accept support from Communists and from pro-Communist revolutionary groups throughout the Caribbean. [STILL REDACTED] asked Costa Rican Communist leader Manuel Mora to draft a document on the policies of a post-revolutionary Nicaraguan government. The Costa Rican Communist party resolved on 6 June to fully support the Nicaraguan revolution. Nicaraguan university students in Costa Rica [STILL REDACTED] to be expecting a new revolutionary offensive in Nicaragua, this time with considerable Communist participation.",ASSIGNED_FULL,1.0,72,72,1,1,"[""ASSIGNED_FULL""]","[""page_009_015_9dde47e412""]"
CIA-RDP79T00975A004500340001-4:9.2,CIA-RDP79T00975A004500340001-4,"June 19, 1959",partly,about a sentence,False,"On 18 June, Costa Rican units were preparing an attempt to compel this group to surrender. [STILL REDACTED]",ASSIGNED_FULL,1.0,15,15,1,1,"[""ASSIGNED_FULL""]","[""page_009_015_9dde47e412""]"
CIA-RDP79T00975A004500360001-2:3.0,CIA-RDP79T00975A004500360001-2,"June 22, 1959",partly,about a sentence,False,"The field, the largest in Western Europe, ""closely resembles the great fields of California and Venezuela,"" [STILL REDACTED]",ASSIGNED_FULL,1.0,16,16,1,1,"[""ASSIGNED_FULL""]","[""page_003_004_02c27c8de6""]"
CIA-RDP79T00975A004500360001-2:11.0,CIA-RDP79T00975A004500360001-2,"June 22, 1959",fully,a paragraph,False,Diaz Lanz' half brother approached the US Embassy on 1 June for an opinion as to whether anti-Communist Cuban officers should go into exile or remain to resist Raul Castro's policies favoring the Communists.,ASSIGNED_FULL,1.0,35,35,1,1,"[""ASSIGNED_FULL""]","[""page_011_012_1599916779""]"
CIA-RDP79T00975A004500370001-1:4.0,CIA-RDP79T00975A004500370001-1,"June 23, 1959",partly,a paragraph,False,[STILL REDACTED] Dalai Lama: The references to Tibetan autonomy and independence made by the Dalai Lama at his 20 June press conference were made against the wishes of the Indian Government which made last-minute efforts to have them withheld. This may increase friction between the Lama and New Delhi regarding his future activities. His statement may draw new attacks from Peiping. [STILL REDACTED],ASSIGNED_FULL,1.0,60,60,1,1,"[""ASSIGNED_FULL""]","[""page_004_005_02cc761bc4""]"
CIA-RDP79T00975A004500370001-1:10.0,CIA-RDP79T00975A004500370001-1,"June 23, 1959",fully,about a sentence,False,"He privately acknowledges, however, that Britain would not have to make good on its offer since France is unlikely to accept such a proposal.",ASSIGNED_FULL,1.0,25,25,1,1,"[""ASSIGNED_FULL""]","[""page_010_011_1536034aac""]"
CIA-RDP79T00975A004500380001-0:10.0,CIA-RDP79T00975A004500380001-0,"June 24, 1959",partly,a paragraph,False,"[STILL REDACTED] the armed forces have generally lacked interest in a coup and supported the announced policies of the government, but have been dissatisfied with their execution and with certain government functionaries. [STILL REDACTED] failure to satisfy the military on these two points, combined with factionalism and weakened discipline, could cause the overthrow of Frondizi.",ASSIGNED_FULL,1.0,52,52,1,1,"[""ASSIGNED_FULL""]","[""page_010_011_db660850d7""]"
CIA-RDP79T00975A004500380001-0:11.0,CIA-RDP79T00975A004500380001-0,"June 24, 1959",fully,a paragraph,False,"They told an American newsman that the government is planning new talks with the IMF, but that it does not plan any substantial revision of the exchange-reform program rejected by the IMF in late May.",ASSIGNED_FULL,1.0,36,36,1,1,"[""ASSIGNED_FULL""]","[""page_011_012_f04835ebe8""]"
CIA-RDP79T00975A004500410001-6:3.0,CIA-RDP79T00975A004500410001-6,"June 27, 1959",partly,about a sentence,False,"Soviet leaders will offer Emperor Haile Selassie various proposals for educational, economic, agricultural, and military assistance during his first visit to the USSR beginning on 29 June, [STILL REDACTED]",ASSIGNED_FULL,1.0,34,34,1,1,"[""ASSIGNED_FULL""]","[""page_003_004_ce3cb3cfa7""]"
CIA-RDP79T00975A004500410001-6:4.0,CIA-RDP79T00975A004500410001-6,"June 27, 1959",fully,part of a sentence,False,and President Betancourt of Venezuela,ASSIGNED_FULL,1.0,6,6,1,1,"[""ASSIGNED_FULL""]","[""page_004_005_b2ef6dd5d9""]"
CIA-RDP79T00975A004500410001-6:6.0,CIA-RDP79T00975A004500410001-6,"June 27, 1959",partly,a paragraph,False,"Soviet Ambassador Karavaev told high Ethiopian officials early in June that a broad selection of proposals for educational, economic, agricultural, and military assistance would be presented during Emperor Haile Selassie's official visit to the USSR scheduled to begin on 29 June, [STILL REDACTED] Moscow was particularly interested in undercutting US military assistance and eliminating the US military installation at Kagnew near Asmara.",ASSIGNED_FULL,1.0,63,63,1,1,"[""ASSIGNED_FULL""]","[""page_006_007_1811f199c3""]"
CIA-RDP79T00975A004500410001-6:10.0,CIA-RDP79T00975A004500410001-6,"June 27, 1959",fully,part of a sentence,False,and President Betancourt of Venezuela,ASSIGNED_FULL,1.0,6,6,1,1,"[""ASSIGNED_FULL""]","[""page_010_011_c153be7790""]"
CIA-RDP79T00975A004500410001-6:10.1,CIA-RDP79T00975A004500410001-6,"June 27, 1959",fully,a paragraph,False,"Former Costa Rican President Figueres, who backed the abortive early June attack on Nicaragua led by anti-Communists, now feels that ""all is lost to Communism"" in Nicaragua as the anti-Somoza forces turn to Cuba for support and accept Communist backing.",ASSIGNED_FULL,1.0,39,39,1,1,"[""ASSIGNED_FULL""]","[""page_010_011_c153be7790""]"
CIA-RDP79T00975A004500410001-6:10.2,CIA-RDP79T00975A004500410001-6,"June 27, 1959",fully,a few words,False,--the hemisphere's most ruthless--,ASSIGNED_PARTIAL,0.75,3,4,1,1,"[""ASSIGNED_PARTIAL""]","[""page_010_011_c153be7790""]"
CIA-RDP79T00975A004500410001-6:11.0,CIA-RDP79T00975A004500410001-6,"June 27, 1959",partly,about a sentence,False,"The Venezuelan coalition of President Betancourt, implacable enemy of Trujillo, has also shown signs of strain. Rumors of armed forces plotting and dissension have been renewed recently. [STILL REDACTED]",ASSIGNED_FULL,1.0,27,27,1,1,"[""ASSIGNED_FULL""]","[""page_011_012_8b4b1c15ba""]"
CIA-RDP79T00975A004500430001-4:6.0,CIA-RDP79T00975A004500430001-4,"June 30, 1959",fully,part of a sentence,False,but recent reports suggest some improvement.,ASSIGNED_FULL,1.0,6,6,1,1,"[""ASSIGNED_FULL""]","[""page_006_006_b97998ce3b""]"
CIA-RDP79T00975A004600070001-3:6.0,CIA-RDP79T00975A004600070001-3,"July 8, 1959",partly,about a sentence,False,"6. There were no major intelligence indications of Western allied diplomatic intentions, apart from information obtained through official contacts with US representatives. [STILL REDACTED]",ASSIGNED_PARTIAL,0.73913,17,23,1,1,"[""ASSIGNED_PARTIAL""]","[""page_006_007_6a6996dd72""]"
CIA-RDP79T00975A004600070001-3:10.0,CIA-RDP79T00975A004600070001-3,"July 8, 1959",partly,about a sentence,False,"[STILL REDACTED] Souphannouvong charged that over 300 of his followers had been systematically executed. He claimed that his party was strong, popular, and had solid foreign support. [STILL REDACTED]",ASSIGNED_FULL,1.0,25,25,1,1,"[""ASSIGNED_FULL""]","[""page_010_011_a0fc4518ae""]"
CIA-RDP79T00975A004600080001-2:12.0,CIA-RDP79T00975A004600080001-2,"July 9, 1959",partly,a paragraph,False,"[STILL REDACTED] the federation will ""rise or fall"" on the Chaguaramas issue--with the crisis coming by September--and warned that ""people are excited"" and that there could be ""spontaneous demonstrations"" against the base. Although a high British official in Trinidad has stated that Williams is paranoiac,",ASSIGNED_FULL,1.0,45,45,1,1,"[""ASSIGNED_FULL""]","[""page_012_013_6925aab1fb""]"
CIA-RDP79T00975A004600140001-5:6.0,CIA-RDP79T00975A004600140001-5,"July 16, 1959",partly,a paragraph,False,[STILL REDACTED] Western rights would be maintained during renewed negotiations in the event the all-German committee failed to reach agreement. Deputy Foreign Minister Zorin has given similar assurances to the West German ambassador.,ASSIGNED_FULL,1.0,32,32,1,1,"[""ASSIGNED_FULL""]","[""page_006_006_3e2c4455cb""]"
CIA-RDP79T00975A004600190001-0:7.0,CIA-RDP79T00975A004600190001-0,"July 22, 1959",fully,part of a sentence,False,was reported to suspect that Pakistan had a hand in this incident.,ASSIGNED_FULL,1.0,12,12,1,1,"[""ASSIGNED_FULL""]","[""page_007_009_fbd518b76d""]"
CIA-RDP79T00975A004600270001-1:9.0,CIA-RDP79T00975A004600270001-1,"July 31, 1959",fully,a paragraph,False,"Peiping's displeasure was underscored by the fact that prior to the ambassador's departure for Djakarta in mid-July, Chen called on him personally to ask reconsideration of the decree. While Chen's tone during the conversation was friendly, he suggested that the decree might jeopardize good relations and further economic aid to Indonesia. Chen served notice that, if the ban is enforced, Peiping expects full compensation for losses incurred by Overseas Chinese.",ASSIGNED_FULL,1.0,70,70,1,1,"[""ASSIGNED_FULL""]","[""page_009_012_164598f4e0""]"
CIA-RDP79T00975A004600270001-1:11.0,CIA-RDP79T00975A004600270001-1,"July 31, 1959",partly,about a sentence,False,"The regional military commander has reported he is unable to send even small numbers of troops at present to help Sam Neua. [STILL REDACTED] According to a late, unconfirmed report,",ASSIGNED_FULL,1.0,29,29,1,1,"[""ASSIGNED_FULL""]","[""page_011_014_b24396d9af""]"
CIA-RDP79T00975A004600300001-7:10.0,CIA-RDP79T00975A004600300001-7,"August 4, 1959",partly,a paragraph,False,"A group of military and police officers which had been actively considering some form of coup action reportedly suspended its planning in mid-July, despite its estimate that the government would survive the budget vote. With the wave of leftist-led strikes virtually settled, the conservative leaders apparently felt there was no longer sufficient justification for action. [STILL REDACTED]",ASSIGNED_FULL,1.0,55,55,1,1,"[""ASSIGNED_FULL""]","[""page_010_012_f14c1a9889""]"
CIA-RDP79T00975A004600310001-6:6.0,CIA-RDP79T00975A004600310001-6,"August 5, 1959",fully,about a sentence,False,"5. There were no major intelligence indications of Western allied diplomatic intentions, apart from information obtained through official contacts with US representatives.",ASSIGNED_FULL,0.92,23,25,1,1,"[""ASSIGNED_FULL""]","[""page_006_006_890bb212e9""]"
CIA-RDP79T00975A004600330001-4:4.1,CIA-RDP79T00975A004600330001-4,"August 7, 1959",partly,a paragraph,False,"Extreme rightists, alarmed at the PR's burgeoning popular strength, are pressing Ydigoras to crack down on the party, and some are reported to be considering attempting to overthrow the government if Ydigoras does not take sufficiently strong measures against the PR. [STILL REDACTED]",ASSIGNED_FULL,1.0,41,41,1,1,"[""ASSIGNED_FULL""]","[""page_004_005_0bb2144b03""]"
CIA-RDP79T00975A004600330001-4:6.0,CIA-RDP79T00975A004600330001-4,"August 7, 1959",partly,about a sentence,False,An extreme rightist group is reported [STILL REDACTED] to be considering plans to oust Ydigoras if the President does not take sufficiently strong measures against the PR.,ASSIGNED_FULL,1.0,27,27,1,1,"[""ASSIGNED_FULL""]","[""page_006_007_fcf32a32a1""]"
CIA-RDP79T00975A004600370001-0:4.0,CIA-RDP79T00975A004600370001-0,"August 12, 1959",fully,about a sentence,False,"5. There were no major intelligence indications of significant Western allied diplomatic intentions, apart from information obtained through official contact with US representatives.",ASSIGNED_FULL,0.92,23,25,1,1,"[""ASSIGNED_FULL""]","[""page_004_006_14c83e8365""]"
CIA-RDP79T00975A004600370001-0:6.0,CIA-RDP79T00975A004600370001-0,"August 12, 1959",partly,a paragraph,False,"Elements of Pedraza's force are, in fact, [STILL REDACTED] ficial of the Spanish Embassy in Ciudad Trujillo to have left the Dominican Republic for Cuba on 9 August. There is no confirmation of this report, and the source did not know the points of departure and destination or the number of men involved.",ASSIGNED_FULL,1.0,55,55,1,1,"[""ASSIGNED_FULL""]","[""page_006_011_70c30e0dec""]"
CIA-RDP79T00975A004600380001-9:7.0,CIA-RDP79T00975A004600380001-9,"August 13, 1959",fully,a few words,False,secretly,ASSIGNED_FULL,1.0,1,1,1,1,"[""ASSIGNED_FULL""]","[""page_007_008_120ed7ad8d""]"
CIA-RDP79T00975A004600400001-6:3.0,CIA-RDP79T00975A004600400001-6,"August 15, 1959",partly,a paragraph,False,"Laos: [STILL REDACTED] Communist cadres in Laos' Xieng Khouang Province, immediately south of Sam Neua Province, have marked top provincial officials for assassination and formulated planning for guerrilla operations. A Pathet Lao battalion is already located in North Vietnam across the border from Xieng Khouang in a position to support such operations. [STILL REDACTED]",ASSIGNED_FULL,1.0,55,55,1,1,"[""ASSIGNED_FULL""]","[""page_003_004_fa02e35499""]"
CIA-RDP79T00975A004600400001-6:9.0,CIA-RDP79T00975A004600400001-6,"August 15, 1959",fully,about a sentence,False,Communist cadres in Xieng Khouang Province are reliably reported to have marked top provincial officials for assassination and formulated plans for guerrilla operations.,ASSIGNED_FULL,1.0,24,24,1,1,"[""ASSIGNED_FULL""]","[""page_009_010_f8e393a0e8""]"
CIA-RDP79T00975A004600400001-6:9.1,CIA-RDP79T00975A004600400001-6,"August 15, 1959",fully,a paragraph,False,"British officials profess to be ""flabbergasted"" over India's ""reasonableness"" on Laos and on the status of the Cambodian International Control Commission since the beginning of the current crisis. New Delhi, apparently following British suggestions that it improve relations with the Royal Laotian Government, has been less critical of US efforts to strengthen the Laotian Army than had been anticipated.",ASSIGNED_FULL,1.0,61,61,1,1,"[""ASSIGNED_FULL""]","[""page_009_010_f8e393a0e8""]"
CIA-RDP79T00975A004600410001-5:6.0,CIA-RDP79T00975A004600410001-5,"August 17, 1959",partly,a paragraph,False,"[STILL REDACTED] if Khrushchev's current policy of ""detente"" with the US is not successfully challenged by those members of the Soviet hierarchy who favor a harder line, and if the Khrushchev-Eisenhower talks result in an apparent easing of international tension, the present leadership in Sofia cannot continue in power. These views may also mirror the fear of Stalinist elements in the other satellites, who probably believe that an ""international detente"" would affect the internal policies and stability of East European Communist parties.",ASSIGNED_FULL,0.987952,82,83,1,1,"[""ASSIGNED_FULL""]","[""page_006_007_51ac513bc0""]"
CIA-RDP79T00975A004600430001-3:6.0,CIA-RDP79T00975A004600430001-3,"August 19, 1959",partly,a paragraph,False,"The Japanese reportedly are pleased that the negotiations have been resumed but are skeptical that they will succeed. While Tokyo hopes to achieve the limited objective of an exchange of detainees, it would not be likely to cancel the repatriation to North Korea in order to accomplish this. [STILL REDACTED]",ASSIGNED_FULL,1.0,50,50,1,1,"[""ASSIGNED_FULL""]","[""page_006_007_be1d38b827""]"
CIA-RDP79T00975A004600440001-2:3.0,CIA-RDP79T00975A004600440001-2,"August 20, 1959",partly,about a sentence,False,This report is considered probably true both as regards the raid and the subject under Communist discussion. [STILL REDACTED],ASSIGNED_FULL,1.0,17,17,1,1,"[""ASSIGNED_FULL""]","[""page_003_004_adbdf4c619""]"
CIA-RDP79T00975A004600440001-2:10.1,CIA-RDP79T00975A004600440001-2,"August 20, 1959",fully,about a sentence,False,"During recent weeks he has reportedly considered several courses of action, including rearresting Lim, or sending him to Europe to study trade-union activities.",ASSIGNED_FULL,1.0,23,23,1,1,"[""ASSIGNED_FULL""]","[""page_010_012_5b4da35296""]"
CIA-RDP79T00975A004600460001-0:7.0,CIA-RDP79T00975A004600460001-0,"August 22, 1959",partly,about a sentence,False,"Representatives of foreign Communist parties are reported to have arrived in Djakarta for the meeting, but [STILL REDACTED] they will not be permitted to attend. [STILL REDACTED]",ASSIGNED_FULL,1.0,23,23,1,1,"[""ASSIGNED_FULL""]","[""page_007_011_8fdfea93c9""]"
CIA-RDP79T00975A004600460001-0:10.0,CIA-RDP79T00975A004600460001-0,"August 22, 1959",fully,about a sentence,False,"In early August some officials, impressed with the difficulties of dealing with Williams, seemed intent on undermining him. Since then,",ASSIGNED_FULL,1.0,21,21,1,1,"[""ASSIGNED_FULL""]","[""page_010_014_d696248bd3""]"
CIA-RDP79T00975A004600470001-9:8.0,CIA-RDP79T00975A004600470001-9,"August 24, 1959",fully,a paragraph,False,"Socialist leader Mollet told an American official on 20 August that De Gaulle has a ""liberal and farsighted outlook"" on Algeria and is only seeking the means of putting his point of view over to his cabinet, the army, the people, and the UN.",ASSIGNED_FULL,1.0,44,44,1,1,"[""ASSIGNED_FULL""]","[""page_008_010_c5cfb5a4e5""]"
CIA-RDP79T00975A004600470001-9:10.0,CIA-RDP79T00975A004600470001-9,"August 24, 1959",partly,a paragraph,False,"A Commonwealth Relations Office official has shown a complacent attitude toward any possible repercussions, knowing that work on the base can continue. Britain's use of force to prevent a government from restoring its rule to territory Britain acknowledges it rightfully controls could nevertheless aggravate its relations with India and Ceylon and be readily exploited by international Communist propaganda. [STILL REDACTED]",ASSIGNED_FULL,1.0,59,59,1,1,"[""ASSIGNED_FULL""]","[""page_010_012_4a74ed0c07""]"
CIA-RDP79T00975A004600500001-5:5.1,CIA-RDP79T00975A004600500001-5,"August 27, 1959",partly,about a sentence,False,"he and significant elements of the party oppose any move toward formal relations prior to the 1961 elections, because of strong opposition from the politically influential refugee groups. [STILL REDACTED]",ASSIGNED_FULL,1.0,25,25,1,1,"[""ASSIGNED_FULL""]","[""page_005_006_df6a6032b6""]"
CIA-RDP79T00975A004600500001-5:12.0,CIA-RDP79T00975A004600500001-5,"August 27, 1959",partly,a paragraph,False,"He fears that establishment of diplomatic relations, implying renunciation of the German eastern territories as the Poles demand, would alienate 6,000,000 refugee and expellee voters. During the Geneva conference, refugee leaders in the Christian Democratic Union were instrumental in killing Foreign Minister Brentano's proposal for a German-Polish nonaggression pact. [STILL REDACTED]",ASSIGNED_FULL,1.0,49,49,1,1,"[""ASSIGNED_FULL""]","[""page_012_013_ae2e2f14c8""]"
CIA-RDP79T00975A004600510001-4:10.0,CIA-RDP79T00975A004600510001-4,"August 28, 1959",partly,about a sentence,False,This activity has been accompanied by South Korean clandestine activities in Japan designed to obstruct repatriation plans. [STILL REDACTED],ASSIGNED_FULL,1.0,18,18,1,1,"[""ASSIGNED_FULL""]","[""page_010_012_a27b7ed7fc""]"
CIA-RDP79T00975A004600520001-3:10.1,CIA-RDP79T00975A004600520001-3,"August 29, 1959",fully,a few words,False,He admitted that,ASSIGNED_FULL,1.0,3,3,1,1,"[""ASSIGNED_FULL""]","[""page_010_012_f45ad4d9bc""]"
CIA-RDP79T00975A004700090001-0:4.0+5.0,CIA-RDP79T00975A004700090001-0,"September 10, 1959",partly,a paragraph,True,"Laos: Despite minor gains claimed by government forces in Sam Neua Province, the town of Sam Neua apparently remains under threat of attack. Meanwhile, there are indications of recent North Vietnamese airdrop activity in the vicinity of the demarcation line between North and South Vietnam which suggest preparation for new activity in Laos at its narrow waist. Communist China and North Vietnam have given official support to the Soviet statement in the United Nations that the Security Council decision on Laos is an ""illegal measure."" [STILL REDACTED]",ASSIGNED_FULL,0.98913,91,92,2,2,"[""ASSIGNED_FULL"", ""ASSIGNED_FULL""]","[""page_004_005_863abc7acd"", ""page_005_006_ef5418cd8d""]"
CIA-RDP79T00975A004700100001-8:3.0,CIA-RDP79T00975A004700100001-8,"September 11, 1959",partly,about a sentence,False,"Soviet diplomats in London and Paris [STILL REDACTED] have termed the Laos situation ""untimely"" and ""inopportune"" from the USSR's viewpoint.",ASSIGNED_FULL,1.0,23,23,1,1,"[""ASSIGNED_FULL""]","[""page_003_004_1144362109""]"
CIA-RDP79T00975A004700160001-2:9.0,CIA-RDP79T00975A004700160001-2,"September 18, 1959",fully,about a sentence,False,"He is reported to have told Saud he wanted ""to extend the depth of Jordanian-UAR friendship and cooperation beyond the mere exchange of ambassadors.""",ASSIGNED_FULL,1.0,24,24,1,1,"[""ASSIGNED_FULL""]","[""page_009_010_a1be63f388""]"
CIA-RDP79T00975A004700180001-0:5.0,CIA-RDP79T00975A004700180001-0,"September 21, 1959",partly,a paragraph,False,Although Kreisky has offered assurances to American officials in Vienna that his speech will be moderate he has [STILL REDACTED] stated he will make it clear that resolution of the South Tirol problem is essential to the peace of this area of Europe.,ASSIGNED_FULL,0.931818,41,44,1,1,"[""ASSIGNED_FULL""]","[""page_005_007_1f894a9bb2""]"
CIA-RDP79T00975A004700180001-0:10.0,CIA-RDP79T00975A004700180001-0,"September 21, 1959",partly,a paragraph,False,but he is reported to have declared [STILL REDACTED] that he will make it clear that resolution of the South Tirol problem is essential to peace and tranquillity in that part of Europe.,ASSIGNED_FULL,1.0,30,30,1,1,"[""ASSIGNED_FULL""]","[""page_010_014_3dcc1e8bd3""]"
CIA-RDP79T00975A004700180001-0:10.1,CIA-RDP79T00975A004700180001-0,"September 21, 1959",partly,about a sentence,False,"[STILL REDACTED] Kreisky expects no results from these talks, and, in the event of failure, will attempt to inscribe the issue on the agenda for the UN General Assembly's 1960 session. [STILL REDACTED]",ASSIGNED_FULL,1.0,22,22,1,1,"[""ASSIGNED_FULL""]","[""page_010_014_3dcc1e8bd3""]"
CIA-RDP79T00975A004700200001-7:7.0,CIA-RDP79T00975A004700200001-7,"September 23, 1959",fully,a paragraph,False,British pilots working with the embryo Sudanese Air Force have reportedly been ordered to be ready to fly the few light Sudanese military aircraft if that becomes necessary. The Sudan has only one or two qualified military pilots of its own.,ASSIGNED_FULL,1.0,41,41,1,1,"[""ASSIGNED_FULL""]","[""page_007_009_d8e4ab1b45""]"
CIA-RDP79T00975A004700200001-7:10.0,CIA-RDP79T00975A004700200001-7,"September 23, 1959",partly,a paragraph,False,"An irregular force known as the ""Black Army"" consisting of some civilian police components and members of the Liberal party is reported being briefed on tactics to be used if conditions worsen. [STILL REDACTED]",ASSIGNED_FULL,1.0,32,32,1,1,"[""ASSIGNED_FULL""]","[""page_010_012_898dd6fe01""]"
CIA-RDP79T00975A004700210001-6:10.0,CIA-RDP79T00975A004700210001-6,"September 24, 1959",partly,a paragraph,False,"( [STILL REDACTED] Communist party members were making bomb casings and other weapons in railway shops in the provinces of Entre Rios and Corrientes for later shipment to other large cities.) Considerably before the present 48-hour strike was scheduled, Peronista exiles in Bolivia talked about the joint Peronista strike plans, saying an armed attack against the Frondizi government would follow in October.",ASSIGNED_FULL,0.983871,61,62,1,1,"[""ASSIGNED_FULL""]","[""page_010_015_aa09c725a1""]"
CIA-RDP79T00975A004700220001-5:3.0,CIA-RDP79T00975A004700220001-5,"September 25, 1959",partly,about a sentence,False,One member of the Soviet delegation is [STILL REDACTED] planning to remain in Conakry as TASS correspondent to establish an office for news-gathering throughout West Africa. [STILL REDACTED],ASSIGNED_FULL,1.0,25,25,1,1,"[""ASSIGNED_FULL""]","[""page_003_004_e05a241d88""]"
CIA-RDP79T00975A004700220001-5:3.1,CIA-RDP79T00975A004700220001-5,"September 25, 1959",partly,a paragraph,False,"The Argentine representative on the UN subcommittee, General Ahrens, has been advised [STILL REDACTED] by the French military attaché in Vientiane that there has been no real foreign military intervention in Laos and that Laos' appeal to the UN was possibly inspired by the policy aims of ""a certain large power.""",ASSIGNED_FULL,0.981132,52,53,1,1,"[""ASSIGNED_FULL""]","[""page_003_004_e05a241d88""]"
CIA-RDP79T00975A004700220001-5:7.0,CIA-RDP79T00975A004700220001-5,"September 25, 1959",partly,about a sentence,False,[STILL REDACTED] one Soviet delegate will remain in Conakry to establish a TASS office for news-gathering throughout West Africa. Pravda's correspondent and Peiping's NCNA representative in Accra are both accredited to Guinea. [STILL REDACTED],ASSIGNED_FULL,1.0,31,31,1,1,"[""ASSIGNED_FULL""]","[""page_007_008_acbf4d005d""]"
CIA-RDP79T00975A004700220001-5:8.0,CIA-RDP79T00975A004700220001-5,"September 25, 1959",partly,a paragraph,False,"French Official in Laos Questions Foreign Intervention [STILL REDACTED] there has been no real foreign military intervention in Laos and that Laos' appeal to the UN was possibly inspired by the policy aims of ""a certain large power""--presumably a reference to the United States [STILL REDACTED] the US, France, and Britain should do their utmost to maintain a united front and avoid giving conflicting opinions to subcommittee members. [STILL REDACTED] action runs counter to assurances of French Embassy members that they would do everything possible to help the Laotian Government present its case to the subcommittee.",ASSIGNED_FULL,1.0,80,80,1,1,"[""ASSIGNED_FULL""]","[""page_008_009_840fbecc45""]"
CIA-RDP79T00975A004700230001-4:4.1,CIA-RDP79T00975A004700230001-4,"September 26, 1959",fully,part of a sentence,False,He has suggested that Army Commander General Ouane take charge of the police.,ASSIGNED_FULL,1.0,13,13,1,1,"[""ASSIGNED_FULL""]","[""page_004_005_c891409291""]"
CIA-RDP79T00975A004700230001-4:10.0,CIA-RDP79T00975A004700230001-4,"September 26, 1959",fully,a paragraph,False,"Prince Regent Savang, at a recent Defense Council meeting, pressed for the early removal of Interior Minister Katay and the director of police under him, blaming the two officials for the poor security conditions now existing in Laos. Savang suggested that General Ouane, the armed forces commander, be designated police director general. Premier Phoui opposed the proposal on the ground that Katay's ouster would provoke a government crisis.",ASSIGNED_FULL,1.0,69,69,1,1,"[""ASSIGNED_FULL""]","[""page_010_011_b3bed5fca4""]"
CIA-RDP79T00975A004700250001-2:4.0,CIA-RDP79T00975A004700250001-2,"September 29, 1959",partly,about a sentence,False,"There is a hint, however, that Paris has indicated to the Algerians [STILL REDACTED] that the 16 September proposals are not ""the last word."" [STILL REDACTED]",ASSIGNED_FULL,1.0,28,28,1,1,"[""ASSIGNED_FULL""]","[""page_004_006_082ffad1bf""]"
CIA-RDP79T00975A004700260001-1:6.0,CIA-RDP79T00975A004700260001-1,"September 30, 1959",fully,about a sentence,False,"An official Japanese service believes the number is closer to 70,000--slightly more than 10 percent of the Koreans in Japan.",ASSIGNED_FULL,1.0,20,20,1,1,"[""ASSIGNED_FULL""]","[""page_006_009_a10241788e""]"
CIA-RDP79T00975A004700270001-0:10.0,CIA-RDP79T00975A004700270001-0,"October 1, 1959",partly,a paragraph,False,"[STILL REDACTED] tested source reports that the Cuban Government will economize by reducing the army from its present 30,000-35,000 to 15,000 ""select and trusted"" troops. Discharges already made are causing much discontent because unemployment is unusually high. [STILL REDACTED]",ASSIGNED_FULL,1.0,33,33,1,1,"[""ASSIGNED_FULL""]","[""page_010_013_faad0a004b""]"
CIA-RDP79T00975A004700280001-9:4.0,CIA-RDP79T00975A004700280001-9,"October 2, 1959",partly,a paragraph,False,"[STILL REDACTED] the UAR ambassador in Rabat has told Premier Abdallah Ibrahim that Nasir advised the Moroccan Government to enter into closer relations with the United States, saying that Nasir would have no objection to a new agreement for retaining American bases in Morocco. This is an abrupt change in Nasir's past policy of opposing American interests [STILL REDACTED]",ASSIGNED_FULL,1.0,56,56,1,1,"[""ASSIGNED_FULL""]","[""page_004_004_04d04d9867""]"
CIA-RDP79T00975A004700280001-9:7.0,CIA-RDP79T00975A004700280001-9,"October 2, 1959",partly,a paragraph,False,"[STILL REDACTED] UAR Ambassador Mahassin in Rabat advised Premier Abdallah Ibrahim on 26 September that President Nasir recommends closer Moroccan relations with the United States. Specifically, [STILL REDACTED] the UAR would have no objection if Morocco were to sign an agreement on the retention of American bases, which would ""ameliorate"" Morocco's present economic position.",ASSIGNED_FULL,1.0,52,52,1,1,"[""ASSIGNED_FULL""]","[""page_007_007_7fd12db855""]"
CIA-RDP79T00975A004700280001-9:7.1,CIA-RDP79T00975A004700280001-9,"October 2, 1959",fully,a paragraph,False,"Ambassador Mahassin pointed out to Premier Ibrahim that the UAR believes France is the ""real enemy"" of North Africa, and added some critical remarks on the UAR's experience with the USSR and Communist China. Similarly,",ASSIGNED_FULL,1.0,35,35,1,1,"[""ASSIGNED_FULL""]","[""page_007_007_7fd12db855""]"
CIA-RDP79T00975A004700280001-9:8.0,CIA-RDP79T00975A004700280001-9,"October 2, 1959",partly,part of a sentence,False,[STILL REDACTED] the breach between the two services is widening.,ASSIGNED_FULL,1.0,8,8,1,1,"[""ASSIGNED_FULL""]","[""page_008_008_2d3b2dc357""]"
CIA-RDP79T00975A004700290001-8:10.0,CIA-RDP79T00975A004700290001-8,"October 3, 1959",fully,a paragraph,False,"While the RPP is probably exaggerating the details of the incident for whatever propaganda value they may have, the general account of the mob attack has been confirmed by National Police officials.",ASSIGNED_FULL,1.0,34,34,1,1,"[""ASSIGNED_FULL""]","[""page_010_011_afae51ae79""]"
CIA-RDP79T00975A004700290001-8:11.0,CIA-RDP79T00975A004700290001-8,"October 3, 1959",partly,a paragraph,False,"is [STILL REDACTED] to have offered financial aid to Arevalo. This offer apparently was temporarily declined but, [STILL REDACTED] a pro-Arevalo politician visiting Cuba in September was given a first installment on a reported $200,000 for his party's ""peaceful civic growth"" and for armed resistance if necessary. [STILL REDACTED]",ASSIGNED_FULL,1.0,40,40,1,1,"[""ASSIGNED_FULL""]","[""page_011_012_35c2a61096""]"
CIA-RDP79T00975A004700300001-6:4.0,CIA-RDP79T00975A004700300001-6,"October 5, 1959",partly,about a sentence,False,Dissident threats to commit sabotage unless the oil companies support the rebels have been periodically reported for months. [STILL REDACTED],ASSIGNED_FULL,1.0,18,18,1,1,"[""ASSIGNED_FULL""]","[""page_004_005_84c4528190""]"
CIA-RDP79T00975A004700300001-6:6.0,CIA-RDP79T00975A004700300001-6,"October 5, 1959",partly,about a sentence,False,"[STILL REDACTED] the Soviet delegation to a summit conference will present an ""unusual"" appearance in that it will include scientists, economists, and writers as well as political leaders and diplomats.",ASSIGNED_FULL,1.0,31,31,1,1,"[""ASSIGNED_FULL""]","[""page_006_008_5579a88022""]"
CIA-RDP79T00975A004700320001-4:4.0,CIA-RDP79T00975A004700320001-4,"October 7, 1959",partly,about a sentence,False,"[STILL REDACTED] expect widespread disturbances if President Ponce attends the 9 October independence celebration in Guayaquil, where rioting occurred on 1 and 4 October.",ASSIGNED_FULL,1.0,27,27,1,1,"[""ASSIGNED_FULL""]","[""page_004_005_0b01700fde""]"
CIA-RDP79T00975A004700320001-4:7.0,CIA-RDP79T00975A004700320001-4,"October 7, 1959",partly,a paragraph,False,"[STILL REDACTED] expect widespread disturbances if President Ponce attends the 9 October independence celebrations in Guayaquil, where rioting occurred on 1 and 4 October. However, Ponce is not likely to risk touching off serious violence, particularly since the armed forces and other advisers reportedly are opposed to his attendance.",ASSIGNED_FULL,1.0,49,49,1,1,"[""ASSIGNED_FULL""]","[""page_007_008_88b5ca9c6c""]"
CIA-RDP79T00975A004700320001-4:8.0,CIA-RDP79T00975A004700320001-4,"October 7, 1959",partly,about a sentence,False,"The government's candidate, Ricardo Arias, is regarded as the epitome of the corrupt oligarchy which has been in power in Panama for 55 years. [STILL REDACTED]",ASSIGNED_FULL,1.0,24,24,1,1,"[""ASSIGNED_FULL""]","[""page_008_009_6da36b43f3""]"
CIA-RDP79T00975A004700330001-3:5.0,CIA-RDP79T00975A004700330001-3,"October 8, 1959",partly,a paragraph,False,"Communists have rallied to Qasim's support, and crowds are reported to have chanted ""Long live Qasim; death to Nasir""--a sign that the Iraqi people suspect the UAR was behind the attack. An intensive roundup of opposition elements, especially pro-Nasir sympathizers, will very likely ensue. [STILL REDACTED]",ASSIGNED_FULL,1.0,46,46,1,1,"[""ASSIGNED_FULL""]","[""page_005_006_32a47c3a62""]"
CIA-RDP79T00975A004700340001-2:6.0,CIA-RDP79T00975A004700340001-2,"October 9, 1959",partly,a paragraph,False,"[STILL REDACTED] Reports from Pakistan since the retirement on 30 September of Army Chief of Staff Lt. Gen. Habibullah generally agree that he was forced to retire by General Musa, the commander in chief, with whom he had had difficulties during the past year.",ASSIGNED_FULL,1.0,40,40,1,1,"[""ASSIGNED_FULL""]","[""page_006_008_918dff3241""]"
CIA-RDP79T00975A004700350001-1:3.1,CIA-RDP79T00975A004700350001-1,"October 10, 1959",partly,a paragraph,False,"During talks with Mao in Peiping on 2 October, Khrushchev suggested the inadvisability of criticizing Nehru, who is a ""popular figure"" and whose antagonism would impair the advance of Communism in Asia, [STILL REDACTED]",ASSIGNED_FULL,1.0,40,40,1,1,"[""ASSIGNED_FULL""]","[""page_003_004_d0600b35a2""]"
CIA-RDP79T00975A004700360001-0:4.0,CIA-RDP79T00975A004700360001-0,"October 12, 1959",partly,about a sentence,False,"The Governor General [STILL REDACTED] if the Dahanayake government failed to survive in Parliament, he would take over the government himself in order to avoid early elections.",ASSIGNED_FULL,0.962963,26,27,1,1,"[""ASSIGNED_FULL""]","[""page_004_005_9929061a63""]"
CIA-RDP79T00975A004700360001-0:8.0,CIA-RDP79T00975A004700360001-0,"October 12, 1959",partly,about a sentence,False,"[STILL REDACTED] if Dahanayake failed to survive in Parliament, he would take over the government himself--probably by making maximum use of his constitutional powers--in order to avoid elections in the near future.",ASSIGNED_FULL,1.0,32,32,1,1,"[""ASSIGNED_FULL""]","[""page_008_009_d214780248""]"
CIA-RDP79T00975A004700360001-0:8.1,CIA-RDP79T00975A004700360001-0,"October 12, 1959",fully,a paragraph,False,"The Communist party, which has taken the stand that the government is now completely controlled by ""reactionaries,"" is instructing its branch organizations to spread such rumors so as to undermine public confidence in the new leadership.",ASSIGNED_FULL,1.0,37,37,1,1,"[""ASSIGNED_FULL""]","[""page_008_009_d214780248""]"
CIA-RDP79T00975A004700380001-8:8.0,CIA-RDP79T00975A004700380001-8,"October 14, 1959",fully,part of a sentence,False,"Karachi is annoyed over Kabul's stepped-up attacks on its ""suppression"" of the tribes of Pushtoonistan.",ASSIGNED_FULL,1.0,16,16,1,1,"[""ASSIGNED_FULL""]","[""page_008_010_74e82ad6ac""]"
CIA-RDP79T00975A004700460001-9:4.0,CIA-RDP79T00975A004700460001-9,"October 23, 1959",partly,a paragraph,False,"Attacks by extremist members of the Union of the Cameroons Population (UPC) on British and American consular installations in Douala and Yaoundé--originally slated for 15 and 19 October--are now scheduled for 1 November, [STILL REDACTED]",ASSIGNED_FULL,0.972222,35,36,1,1,"[""ASSIGNED_FULL""]","[""page_004_005_5d775b64db""]"
CIA-RDP79T00975A004700460001-9:10.0,CIA-RDP79T00975A004700460001-9,"October 23, 1959",partly,a paragraph,False,"[STILL REDACTED] attacks by UPC extremists on British and American consular installations in Douala and Yaoundé--originally slated for 15 and 19 October--are now scheduled for 1 November. The terrorists presumably plan these attacks, which allegedly include assassinating the American consul general in Yaoundé and the British vice consul in Douala, as a prelude to a new campaign of violence aimed at ousting the moderate government of Premier Ahidjo and forcing new elections in Cameroun before it becomes independent on 1 January 1960.",ASSIGNED_FULL,0.987805,81,82,1,1,"[""ASSIGNED_FULL""]","[""page_010_011_26482145f5""]"
CIA-RDP79T00975A004700470001-8:10.0,CIA-RDP79T00975A004700470001-8,"October 24, 1959",fully,about a sentence,False,"Mao Tse-tung recently assured Indian Communists that Communist China had no intention of committing ""aggression"" against India and that the border dispute ""is going to be settled.""",ASSIGNED_FULL,1.0,29,29,1,1,"[""ASSIGNED_FULL""]","[""page_010_011_067bb9aeaf""]"
CIA-RDP79T00975A004800010001-7:3.0,CIA-RDP79T00975A004800010001-7,"November 2, 1959",partly,about a sentence,False,[STILL REDACTED] Ulbricht has made his views known to Khrushchev and will soon go to Moscow for discussions. [STILL REDACTED],ASSIGNED_FULL,1.0,19,19,1,1,"[""ASSIGNED_FULL""]","[""page_003_004_9ccbcdd596""]"
CIA-RDP79T00975A004800060001-2:7.1,CIA-RDP79T00975A004800060001-2,"November 7, 1959",fully,a paragraph,False,"The rebels have concluded a meeting in Tunis of their Revolutionary Council, at which army commanders reportedly empowered the rebel provisional government to seek a cease-fire based on the De Gaulle program.",ASSIGNED_FULL,1.0,32,32,1,1,"[""ASSIGNED_FULL""]","[""page_007_007_8608c29453""]"
CIA-RDP79T00975A004800060001-2:8.0,CIA-RDP79T00975A004800060001-2,"November 7, 1959",fully,part of a sentence,False,who have been plotting a coup.,ASSIGNED_FULL,1.0,6,6,1,1,"[""ASSIGNED_FULL""]","[""page_008_008_3b2a65845a""]"
CIA-RDP79T00975A004800070001-1:4.1,CIA-RDP79T00975A004800070001-1,"November 9, 1959",partly,about a sentence,False,Growing unrest among the Pushtu border tribes is likely to add to the difficulties of achieving a rapprochement between Afghanistan and Pakistan and a settlement of the Pushtoonistan dispute. [STILL REDACTED],ASSIGNED_FULL,1.0,36,36,1,1,"[""ASSIGNED_FULL""]","[""page_004_005_5358e4f1bd""]"
CIA-RDP79T00975A004800070001-1:8.0,CIA-RDP79T00975A004800070001-1,"November 9, 1959",fully,part of a sentence,False,Pakistan may be encouraging the tribesmen to challenge Kabul.,ASSIGNED_FULL,1.0,10,10,1,1,"[""ASSIGNED_FULL""]","[""page_008_009_ebc6cc08a1""]"
CIA-RDP79T00975A004800080001-0:4.0,CIA-RDP79T00975A004800080001-0,"November 10, 1959",fully,about a sentence,False,"Nehru reportedly told Congress party leaders on 9 November that while ""the spirit of the Chinese letter is not bad,"" the demilitarization proposal would benefit China, not India.",ASSIGNED_FULL,1.0,29,29,1,1,"[""ASSIGNED_FULL""]","[""page_004_004_4cd46556ca""]"
CIA-RDP79T00975A004800080001-0:5.0,CIA-RDP79T00975A004800080001-0,"November 10, 1959",fully,part of a sentence,False,The group's supporters in the Eastern and Central commands apparently did not commit themselves.,ASSIGNED_FULL,1.0,18,18,1,1,"[""ASSIGNED_FULL""]","[""page_005_005_b5ea15658a""]"
CIA-RDP79T00975A004800080001-0:6.0,CIA-RDP79T00975A004800080001-0,"November 10, 1959",fully,a paragraph,False,"Nehru, following intensive consultation with his cabinet on Chou's letter, reportedly told Congress party leaders on 9 November that while ""the spirit of the Chinese letter is not bad,"" the demilitarization proposal would benefit China, not India.",ASSIGNED_FULL,1.0,39,39,1,1,"[""ASSIGNED_FULL""]","[""page_006_006_78ca9e9817""]"
CIA-RDP79T00975A004800080001-0:8.0,CIA-RDP79T00975A004800080001-0,"November 10, 1959",partly,part of a sentence,False,[STILL REDACTED] the Panamanian National Guard headquarters instructing troops not to interfere in fighting near Zone borders.,ASSIGNED_FULL,1.0,15,15,1,1,"[""ASSIGNED_FULL""]","[""page_008_008_20b874b5a1""]"
CIA-RDP79T00975A004800080001-0:9.0,CIA-RDP79T00975A004800080001-0,"November 10, 1959",fully,a paragraph,False,"Its plans had called for the arrest of government leaders, after which supporters of the conspiracy were to lead troops to the capital from the Eastern and Central regional commands. The disgruntled officers outside the Khartoum area apparently did not commit themselves, however, and as yet there has been no indication of government action against them.",ASSIGNED_FULL,1.0,56,56,1,1,"[""ASSIGNED_FULL""]","[""page_009_009_0aebdf94a4""]"
CIA-RDP79T00975A004800080001-0:9.1,CIA-RDP79T00975A004800080001-0,"November 10, 1959",partly,about a sentence,False,[STILL REDACTED] plans for a general strike on or before the 17 November celebrations planned by the government to commemorate the anniversary of its assumption of power. [STILL REDACTED],ASSIGNED_FULL,1.0,25,25,1,1,"[""ASSIGNED_FULL""]","[""page_009_009_0aebdf94a4""]"
CIA-RDP79T00975A004800130001-4:3.0,CIA-RDP79T00975A004800130001-4,"November 16, 1959",partly,about a sentence,False,"The Chinese Communist Embassy has reportedly instructed Chinese to resist resettlement and protested to President Sukarno against the establishment of ""concentration camps"" to house uprooted Chinese. [STILL REDACTED]",ASSIGNED_FULL,1.0,27,27,1,1,"[""ASSIGNED_FULL""]","[""page_003_006_3870d5fec7""]"
CIA-RDP79T00975A004800130001-4:3.1,CIA-RDP79T00975A004800130001-4,"November 16, 1959",partly,a paragraph,False,"[STILL REDACTED] dissident tribal sheikhs are seeking encouragement from British authorities in Aden for a plan to overthrow the Yemeni monarch. Resentment of the Imam's economy measures probably is widespread throughout the army as well, but there is as yet no evidence of military plotting against him. [STILL REDACTED]",ASSIGNED_FULL,1.0,57,57,1,1,"[""ASSIGNED_FULL""]","[""page_003_006_3870d5fec7""]"
CIA-RDP79T00975A004800130001-4:3.2,CIA-RDP79T00975A004800130001-4,"November 16, 1959",partly,about a sentence,False,An influential Panamanian businessman has said privately that in the event of another emergency no decisive action can be expected from President Ernesto de la Guardia. [STILL REDACTED],ASSIGNED_FULL,1.0,27,27,1,1,"[""ASSIGNED_FULL""]","[""page_003_006_3870d5fec7""]"
CIA-RDP79T00975A004800130001-4:5.0,CIA-RDP79T00975A004800130001-4,"November 16, 1959",partly,a paragraph,False,"The Chinese Embassy in Djakarta, which has exerted very strong pressure for the repeal of the Indonesian orders, reportedly has instructed rural Chinese to resist resettlement. The Chinese ambassador is said to have sent a letter of protest directly to President Sukarno accusing the Indonesian Government of establishing ""concentration camps"" in West Java to house uprooted Chinese. Sukarno, angered by the term ""concentration camps,"" has directed that resettlement continue. [STILL REDACTED] Peiping has instructed the Hong Kong Communist press to mount a series of strong attacks on Djakarta's treatment of Overseas Chinese.",ASSIGNED_FULL,1.0,95,95,1,1,"[""ASSIGNED_FULL""]","[""page_005_008_98db544da3""]"
CIA-RDP79T00975A004800130001-4:7.0,CIA-RDP79T00975A004800130001-4,"November 16, 1959",partly,about a sentence,False,"[STILL REDACTED] a Cuban mission--which had just concluded the purchase of jet aircraft and artillery pieces in Italy--was planning to go on to Czechoslovakia, which he alleged offered Cuba a $20,000,000 credit.",ASSIGNED_FULL,1.0,32,32,1,1,"[""ASSIGNED_FULL""]","[""page_007_010_4244ca0d57""]"
CIA-RDP79T00975A004800140001-3:3.1,CIA-RDP79T00975A004800140001-3,"November 17, 1959",partly,about a sentence,False,There have been unconfirmed reports [STILL REDACTED] the mixed insurgent force which took the post contained Chinese Communist elements.,ASSIGNED_FULL,1.0,19,19,1,1,"[""ASSIGNED_FULL""]","[""page_003_004_25b697484b""]"
CIA-RDP79T00975A004800140001-3:5.0,CIA-RDP79T00975A004800140001-3,"November 17, 1959",partly,a paragraph,False,"According to unconfirmed reports [STILL REDACTED] the insurgent force which took Long Nai included Lao Communists, elements of tribes which straddle the Laotian-Chinese frontier, and an unspecified but presumably small number of Chinese Communist ""cadres."" This would be the first known instance of Chinese Communist personnel support for the Lao Communist dissidents.",ASSIGNED_FULL,1.0,53,53,1,1,"[""ASSIGNED_FULL""]","[""page_005_006_2e71e9fcd8""]"
CIA-RDP79T00975A004800150001-2:3.2,CIA-RDP79T00975A004800150001-2,"November 18, 1959",partly,about a sentence,False,[STILL REDACTED] Communist China will break off diplomatic relations if Indonesia persists in carrying out its program of removing Overseas Chinese from rural areas.,ASSIGNED_FULL,0.916667,22,24,1,1,"[""ASSIGNED_FULL""]","[""page_003_004_fed3806adb""]"
CIA-RDP79T00975A004800150001-2:6.0,CIA-RDP79T00975A004800150001-2,"November 18, 1959",partly,about a sentence,False,[STILL REDACTED] Communist China will break off diplomatic relations if Indonesia persists in removing Overseas Chinese from rural areas.,ASSIGNED_FULL,1.0,18,18,1,1,"[""ASSIGNED_FULL""]","[""page_006_008_ba040b1414""]"
CIA-RDP79T00975A004800150001-2:6.1,CIA-RDP79T00975A004800150001-2,"November 18, 1959",partly,a paragraph,False,"During the first week of November, the Indonesian Government was considering the expulsion of a Chinese Embassy official who had been active among Chinese merchants in West Java. In view of the suggestions of compromise in Subandrio's 17 November statement, however, Indonesia may change its plans and not insist that the official leave. [STILL REDACTED]",ASSIGNED_FULL,1.0,52,52,1,1,"[""ASSIGNED_FULL""]","[""page_006_008_ba040b1414""]"
CIA-RDP79T00975A004800170001-0:3.0,CIA-RDP79T00975A004800170001-0,"November 20, 1959",partly,a paragraph,False,"When pressed, however, on how his government had exerted itself, Efimov stated, ""I would not say we have directly intervened, but we have made them more aware of real Indian feelings."" [STILL REDACTED]",ASSIGNED_FULL,1.0,31,31,1,1,"[""ASSIGNED_FULL""]","[""page_003_007_3ccf2ab677""]"
CIA-RDP79T00975A004800170001-0:3.1,CIA-RDP79T00975A004800170001-0,"November 20, 1959",partly,a paragraph,False,The USSR has apparently succeeded in confirming Nehru's view that it is sympathetic with his stand and that it is making every effort to bring the Chinese to a reasonable position. [STILL REDACTED],ASSIGNED_FULL,1.0,30,30,1,1,"[""ASSIGNED_FULL""]","[""page_003_007_3ccf2ab677""]"
CIA-RDP79T00975A004800170001-0:4.0,CIA-RDP79T00975A004800170001-0,"November 20, 1959",fully,part of a sentence,False,Various reports--some of which remain unconfirmed--that,ASSIGNED_FULL,1.0,7,7,1,1,"[""ASSIGNED_FULL""]","[""page_004_008_31d25fe463""]"
CIA-RDP79T00975A004800170001-0:4.1,CIA-RDP79T00975A004800170001-0,"November 20, 1959",partly,about a sentence,False,"Another factor which may have played a part in these developments is Gomulka's health, which is said to be deteriorating; [STILL REDACTED]",ASSIGNED_FULL,1.0,20,20,1,1,"[""ASSIGNED_FULL""]","[""page_004_008_31d25fe463""]"
CIA-RDP79T00975A004800170001-0:5.0,CIA-RDP79T00975A004800170001-0,"November 20, 1959",partly,about a sentence,False,"on 13 November reviewed the UAR position regarding Iraq and the Middle East, the USSR, and the West in an interview [STILL REDACTED] He stated he",ASSIGNED_FULL,1.0,25,25,1,1,"[""ASSIGNED_FULL""]","[""page_005_009_f839df30d2""]"
CIA-RDP79T00975A004800220001-4:4.0,CIA-RDP79T00975A004800220001-4,"November 26, 1959",partly,part of a sentence,False,Mikoyan on 19 November said he had no plans to go to Havana; [STILL REDACTED],ASSIGNED_FULL,1.0,14,14,1,1,"[""ASSIGNED_FULL""]","[""page_004_005_e2c162a3f3""]"
CIA-RDP79T00975A004800250001-1:6.0,CIA-RDP79T00975A004800250001-1,"November 30, 1959",fully,a paragraph,False,"Phoui remains hopeful that he can ultimately persuade these elements to accept his formula, but has hinted that he will resign if this proves impossible, probably out of a belief that his role would be reduced to that of a figurehead if the assembly were allowed to expire. An influential CDNI leader has reportedly warned that Phoui's resignation would precipitate a crisis which might lead to force.",ASSIGNED_FULL,1.0,66,66,1,1,"[""ASSIGNED_FULL""]","[""page_006_009_b7df8b6e30""]"
CIA-RDP79T00975A004800300001-5:5.1,CIA-RDP79T00975A004800300001-5,"December 5, 1959",fully,a few words,False,15,ASSIGNED_FULL,1.0,1,1,1,1,"[""ASSIGNED_FULL""]","[""page_005_006_e3040308ae""]"
CIA-RDP79T00975A004800380001-7:6.0,CIA-RDP79T00975A004800380001-7,"December 15, 1959",partly,part of a sentence,False,[STILL REDACTED] temporary entry at one point of Chinese troops in search of Khambas in late November.,ASSIGNED_FULL,1.0,15,15,1,1,"[""ASSIGNED_FULL""]","[""page_006_007_3a7edae66a""]"
CIA-RDP79T00975A004900010001-6:4.0,CIA-RDP79T00975A004900010001-6,"January 2, 1960",partly,a paragraph,False,[STILL REDACTED] UAR President Nasir recently summoned the Iranian ambassador in Cairo to complain about the visit to Tehran of the chief of the Israeli intelligence service and the freedom with which Iranian Jews are allowed to travel to and from Israel. [STILL REDACTED],ASSIGNED_FULL,0.93617,44,47,1,1,"[""ASSIGNED_FULL""]","[""page_004_005_544583267e""]"
CIA-RDP79T00975A004900010001-6:7.0,CIA-RDP79T00975A004900010001-6,"January 2, 1960",partly,about a sentence,False,The consulate will simplify Iranian-Israeli intelligence-exchange arrangements which have been under discussion between Tehran and Tel Aviv since last July. [STILL REDACTED] Iranian intelligence regards,ASSIGNED_FULL,1.0,18,18,1,1,"[""ASSIGNED_FULL""]","[""page_007_008_5e26d3602e""]"
CIA-RDP79T00975A004900010001-6:7.1,CIA-RDP79T00975A004900010001-6,"January 2, 1960",partly,a paragraph,False,UAR President Nasir recently complained [STILL REDACTED] about the visit to Tehran of the chief of the Israeli intelligence service and the freedom with which Iranian Jews are allowed to travel to and from Israel.,ASSIGNED_FULL,1.0,31,31,1,1,"[""ASSIGNED_FULL""]","[""page_007_008_5e26d3602e""]"
CIA-RDP79T00975A004900010001-6:8.0,CIA-RDP79T00975A004900010001-6,"January 2, 1960",partly,about a sentence,False,"If one of several assassination plots reportedly to be tried soon against Castro were to succeed, mob violence--some of it directed against Americans in Havana--would probably result. [STILL REDACTED]",ASSIGNED_FULL,1.0,29,29,1,1,"[""ASSIGNED_FULL""]","[""page_008_009_97e7750cad""]"
CIA-RDP79T00975A004900040001-3:3.0,CIA-RDP79T00975A004900040001-3,"January 7, 1960",partly,about a sentence,False,"The British ambassador also feels that a formal announcement of troop cuts is possible, but doubts that any troop withdrawals from Hungary or East Germany are likely. [STILL REDACTED]",ASSIGNED_FULL,1.0,28,28,1,1,"[""ASSIGNED_FULL""]","[""page_003_004_57cc0da290""]"
CIA-RDP79T00975A004900040001-3:8.0,CIA-RDP79T00975A004900040001-3,"January 7, 1960",fully,a paragraph,False,"Both the Iranian and British ambassadors feel that a formal announcement of a reduction in the Soviet armed forces is one of the more probable forms for such a gesture, although the British ambassador doubts that there will be any reduction in Hungary or East Germany.",ASSIGNED_FULL,1.0,44,44,1,1,"[""ASSIGNED_FULL""]","[""page_008_009_6a432844dd""]"
CIA-RDP79T00975A004900070001-0:4.0,CIA-RDP79T00975A004900070001-0,"January 11, 1960",partly,about a sentence,False,"Although Nicaraguans based in Costa Rica are planning further incursions into Nicaragua later this month, Somoza is aware of their plans and seems capable of suppressing them. [STILL REDACTED]",ASSIGNED_FULL,1.0,28,28,1,1,"[""ASSIGNED_FULL""]","[""page_004_005_4795cfdc4c""]"
CIA-RDP79T00975A004900070001-0:7.0,CIA-RDP79T00975A004900070001-0,"January 11, 1960",partly,a paragraph,False,"Nicaraguans based in Costa Rica are planning further invasions into Nicaragua later this month and are receiving guidance and support from Costa Rican revolutionary veterans and, reportedly, from Cubans. [STILL REDACTED] action may begin on or about 19 January by three or more separate groups. The Somoza government, however, is aware of their plans and seems capable of suppressing them. [STILL REDACTED]",ASSIGNED_FULL,1.0,62,62,1,1,"[""ASSIGNED_FULL""]","[""page_007_009_f831b9fdeb""]"
CIA-RDP79T00975A004900080001-9:9.0,CIA-RDP79T00975A004900080001-9,"January 12, 1960",fully,about a sentence,False,and reportedly regarded by the USSR as one of the most potentially fruitful targets for penetration in Ghana.,ASSIGNED_FULL,1.0,18,18,1,1,"[""ASSIGNED_FULL""]","[""page_009_010_d5288b88d6""]"
CIA-RDP79T00975A004900140001-2:7.0,CIA-RDP79T00975A004900140001-2,"January 19, 1960",fully,about a sentence,False,according to both Prime Minister Eqbal and the Iranian National Information and Security Organization (SAVAK). Eqbal claims,ASSIGNED_FULL,1.0,17,17,1,1,"[""ASSIGNED_FULL""]","[""page_007_008_be3c1e2b26""]"
CIA-RDP79T00975A004900160001-0:4.0,CIA-RDP79T00975A004900160001-0,"January 21, 1960",fully,about a sentence,False,"Medical examinations by American doctors have revealed that Cho has a serious tumor, and may not live longer than five months.",ASSIGNED_FULL,1.0,26,26,1,1,"[""ASSIGNED_FULL""]","[""page_004_005_765718dbe6""]"
CIA-RDP79T00975A004900160001-0:8.0,CIA-RDP79T00975A004900160001-0,"January 21, 1960",fully,about a sentence,False,American army doctors have discovered that Chou has a tumor and warn that he may die within five months.,ASSIGNED_FULL,1.0,18,18,1,1,"[""ASSIGNED_FULL""]","[""page_008_010_0516319229""]"
CIA-RDP79T00975A004900160001-0:8.1,CIA-RDP79T00975A004900160001-0,"January 21, 1960",fully,a paragraph,False,"While Cho's death probably would resolve the factional struggle for control of the Democratic party in favor of Chang Myon, it is questionable whether such an event would strengthen the opposition.",ASSIGNED_FULL,1.0,31,31,1,1,"[""ASSIGNED_FULL""]","[""page_008_010_0516319229""]"
CIA-RDP79T00975A004900180001-8:7.0,CIA-RDP79T00975A004900180001-8,"January 23, 1960",fully,a paragraph,False,"De Gaulle stressed to Socialist leader Guy Mollet on 19 January that self-determination for Algeria is the only course possible. Mollet received the impression that De Gaulle wants to set a date for a referendum in Algeria, superseding his 16 September stipulation of ""within four years after pacification"" which has been widely misinterpreted. Mollet thought De Gaulle ""out of touch with the problem and with the thinking of the country,"" but De Gaulle is probably counting on his scheduled TV broadcast of 29 January to rally public support.",ASSIGNED_FULL,1.0,89,89,1,1,"[""ASSIGNED_FULL""]","[""page_007_010_195658352d""]"
CIA-RDP79T00975A004900180001-8:7.1,CIA-RDP79T00975A004900180001-8,"January 23, 1960",fully,a paragraph,False,"De Gaulle is also reported on 19 January to have told Algerian rightist deputy Marc Lauriol that the ""false tension"" in Algeria is ""entirely the creation of the military."" De Gaulle reportedly added: ""I know how the military operates. They mounted the Dreyfus affair and they are mounting an Algerian crisis in order to serve their own purposes.""",ASSIGNED_FULL,1.0,58,58,1,1,"[""ASSIGNED_FULL""]","[""page_007_010_195658352d""]"
CIA-RDP79T00975A004900190001-7:12.1,CIA-RDP79T00975A004900190001-7,"January 25, 1960",partly,part of a sentence,False,"in New Delhi, [STILL REDACTED] have advised him--although on different grounds-",ASSIGNED_FULL,1.0,10,10,1,1,"[""ASSIGNED_FULL""]","[""page_012_013_7b2281546a""]"
CIA-RDP79T00975A004900190001-7:16.0,CIA-RDP79T00975A004900190001-7,"January 25, 1960",partly,a few words,False,[STILL REDACTED] party leaders believe that,ASSIGNED_FULL,1.0,5,5,1,1,"[""ASSIGNED_FULL""]","[""page_016_017_1b9d1e890b""]"
CIA-RDP79T00975A004900210001-4:4.2,CIA-RDP79T00975A004900210001-4,"January 27, 1960",fully,a paragraph,False,"Premier Debré, following his quick trip to Algiers yesterday, reportedly told De Gaulle that the army in Algeria is no longer reliable and will not use force against the settler insurgents.",ASSIGNED_FULL,1.0,30,30,1,1,"[""ASSIGNED_FULL""]","[""page_004_005_ae9294de41""]"
CIA-RDP79T00975A004900210001-4:7.0,CIA-RDP79T00975A004900210001-4,"January 27, 1960",partly,a paragraph,False,"Premier Debré and Minister of the Armed Forces Guillaumat, following their visit to Algiers on 26 January, reportedly told De Gaulle that the army in Algeria was no longer reliable and would not use force against the settler insurgents. [STILL REDACTED] the premier told General Challe that he had orders to fly in security companies from France to clear out the insurgent-occupied areas of Algiers; a paratroop general warned Debré, however, that the army would not permit these companies to use force against the insurgents.",ASSIGNED_FULL,1.0,76,76,1,1,"[""ASSIGNED_FULL""]","[""page_007_008_39ba98b673""]"
CIA-RDP79T00975A004900230001-2:15.0,CIA-RDP79T00975A004900230001-2,"January 29, 1960",partly,a paragraph,False,"[STILL REDACTED] De Gaulle told the cabinet that perhaps he should have been more explicit in his 16 September speech announcing his self-determination policy for Algeria, and perhaps should have stated at the time that he expected a ""French"" solution.",ASSIGNED_FULL,1.0,38,38,1,1,"[""ASSIGNED_FULL""]","[""page_015_016_38c50ced1e""]"
CIA-RDP79T00975A004900250001-0:7.0,CIA-RDP79T00975A004900250001-0,"February 1, 1960",partly,about a sentence,False,"Khrushchev might take the opportunity to discuss a reduction in the satellites' military forces and his plans, [STILL REDACTED] , to make a ""proportionate"" reduction of Soviet troops in Eastern Europe.",ASSIGNED_FULL,1.0,29,29,1,1,"[""ASSIGNED_FULL""]","[""page_007_008_2e55531509""]"
CIA-RDP79T00975A004900250001-0:13.0,CIA-RDP79T00975A004900250001-0,"February 1, 1960",fully,a paragraph,False,suggesting that he is prepared to give substantial clandestine support to opponents of the dictator. Two senior Foreign Ministry officials have hinted to the American Embassy that Venezuela would even undertake direct armed action as a last recourse.,ASSIGNED_FULL,1.0,41,41,1,1,"[""ASSIGNED_FULL""]","[""page_013_014_ac9182f238""]"
CIA-RDP79T00975A004900290001-6:4.1,CIA-RDP79T00975A004900290001-6,"February 5, 1960",fully,part of a sentence,False,but intends to continue to exercise influence over the government from behind the scenes.,ASSIGNED_FULL,1.0,14,14,1,1,"[""ASSIGNED_FULL""]","[""page_004_005_4b2fe767a8""]"
CIA-RDP79T00975A004900360001-8:5.0,CIA-RDP79T00975A004900360001-8,"February 13, 1960",fully,about a sentence,False,British security forces based in neighboring British Cameroons are to support the new offensive by tightening border controls.,ASSIGNED_FULL,1.0,22,22,1,1,"[""ASSIGNED_FULL""]","[""page_005_006_6f231ed1bf""]"
CIA-RDP79T00975A004900360001-8:8.0,CIA-RDP79T00975A004900360001-8,"February 13, 1960",fully,about a sentence,False,"which British officials in the area have agreed to support by tightening controls on their side of Cameroun's frontier with British Cameroons,",ASSIGNED_FULL,1.0,24,24,1,1,"[""ASSIGNED_FULL""]","[""page_008_010_4f3ff477d5""]"
CIA-RDP79T00975A004900370001-7:4.1,CIA-RDP79T00975A004900370001-7,"February 15, 1960",fully,part of a sentence,False,"alleging that the Afghan royal family ""sucked the blood of Pushtuns""",ASSIGNED_FULL,0.916667,11,12,1,1,"[""ASSIGNED_FULL""]","[""page_004_005_c1abe2e4e4""]"
CIA-RDP79T00975A004900370001-7:8.0,CIA-RDP79T00975A004900370001-7,"February 15, 1960",fully,about a sentence,False,"accusing the Afghan royal family of ""sucking the blood of Pushtuns"" and of ""flattering their Communist masters,""",ASSIGNED_FULL,1.0,17,17,1,1,"[""ASSIGNED_FULL""]","[""page_008_009_7b9cc4a434""]"
CIA-RDP79T00975A004900380001-6:8.0,CIA-RDP79T00975A004900380001-6,"February 16, 1960",partly,a paragraph,False,"The editor of a Hong Kong Communist newspaper told his staff [STILL REDACTED] that Peiping would not permit Indonesia's enforcement of Sukarnos idea that Chinese, having come to Indonesia with nothing, would leave with nothing.",ASSIGNED_FULL,1.0,35,35,1,1,"[""ASSIGNED_FULL""]","[""page_008_008_9ae35f6942""]"
CIA-RDP79T00975A004900400001-3:9.0,CIA-RDP79T00975A004900400001-3,"February 18, 1960",partly,a paragraph,False,"The rebel plan is to isolate Asuncion by gaining control of the Paraguayan cities of Encarnacion, Concepcion, and Pilar. The first step would be an invasion south of Pilar, [STILL REDACTED] rebel paramilitary organizations in Argentine border cities comprise an estimated 1,000 men in the Resistencia-Corrientes area and between 1,500 and 2,000 men in Formosa. New probing attacks by the rebels in several areas have been rumored in the press.",ASSIGNED_FULL,1.0,65,65,1,1,"[""ASSIGNED_FULL""]","[""page_009_010_a544276fb8""]"
CIA-RDP79T00975A004900410001-2:5.0,CIA-RDP79T00975A004900410001-2,"February 19, 1960",fully,a paragraph,False,"One example of plans to raise the Cuban issue is an urgent request from Cuba's Prensa Latina office in Buenos Aires to its Havana office to send a recorded message by Fidel Castro to use as the final number on the program of a meeting called by the left-wing Socialists in Buenos Aires on 22 February ""in repudiation of Eisenhower's visit"" and ""in support of revolutionary Cuba.""",ASSIGNED_FULL,0.986667,74,75,1,1,"[""ASSIGNED_FULL""]","[""page_005_005_0e2e5c6274""]"
CIA-RDP79T00975A004900420001-1:5.0,CIA-RDP79T00975A004900420001-1,"February 20, 1960",partly,about a sentence,False,[STILL REDACTED] Fidel Castro has become jealous of Guevara and in order to get him out of Cuba will send him to Moscow as ambassador when diplomatic relations are resumed. [STILL REDACTED],ASSIGNED_FULL,1.0,28,28,1,1,"[""ASSIGNED_FULL""]","[""page_005_006_bb37ff6c11""]"
CIA-RDP79T00975A004900460001-7:7.0,CIA-RDP79T00975A004900460001-7,"February 25, 1960",partly,a paragraph,False,"Public disclosure on 22 February of these negotiations has so far brought denials by Bonn and Madrid, but Britain and other Allied nations have expressed strong opposition to any plan for German bases in Spain. Members of the British Labor party have attacked the Bonn move as ""ham-handed,"" citing the former Nazi collaboration with Franco. A pro-government British paper sees evidence of West German ""untrustworthiness"" less than three months before the summit. [STILL REDACTED]",ASSIGNED_FULL,1.0,74,74,1,1,"[""ASSIGNED_FULL""]","[""page_007_011_6b1a0c41a8""]"
CIA-RDP79T00975A005000010001-4:5.0,CIA-RDP79T00975A005000010001-4,"March 1, 1960",fully,part of a sentence,False,as a result of Seoul's duplicity in negotiations for the return of Japanese fishermen.,ASSIGNED_FULL,0.933333,14,15,1,1,"[""ASSIGNED_FULL""]","[""page_005_005_98e749a26c""]"
CIA-RDP79T00975A005000010001-4:5.1,CIA-RDP79T00975A005000010001-4,"March 1, 1960",fully,a few words,False,"""piracy"" and ""hostage diplomacy""",ASSIGNED_FULL,1.0,4,4,1,1,"[""ASSIGNED_FULL""]","[""page_005_005_98e749a26c""]"
CIA-RDP79T00975A005000060001-9:4.0,CIA-RDP79T00975A005000060001-9,"March 7, 1960",partly,about a sentence,False,"Taking a similar line [STILL REDACTED] Moscow's ""regrets"" over US failure to ""realize"" that Adenauer is trying to sabotage any improvement in East-West relations by exaggerating minor points of friction. [STILL REDACTED]",ASSIGNED_FULL,1.0,26,26,1,1,"[""ASSIGNED_FULL""]","[""page_004_004_8e3a4357a9""]"
CIA-RDP79T00975A005000060001-9:5.0,CIA-RDP79T00975A005000060001-9,"March 7, 1960",partly,a paragraph,False,He told [STILL REDACTED] that forthcoming local elections would be a step toward an eventual Algerian assembly which he expects to opt for autonomy. [STILL REDACTED] he envisages partition only in the unlikely and most undesirable eventuality that the Algerians would vote for secession. [STILL REDACTED],ASSIGNED_FULL,0.959184,47,49,1,1,"[""ASSIGNED_FULL""]","[""page_005_005_4b75f77f91""]"
CIA-RDP79T00975A005000060001-9:7.0,CIA-RDP79T00975A005000060001-9,"March 7, 1960",partly,a paragraph,False,"In his talks with Nehru, Khrushchev is reliably reported to have accused Adenauer of forcing an ""unaccommodating"" position on the West. More recently, [STILL REDACTED] old [STILL REDACTED] the Soviet Government ""regrets"" that the United States does not ""realize"" Adenauer is trying to sabotage any improvement in East-West relations by exaggerating the importance of minor points of friction. [STILL REDACTED]",ASSIGNED_FULL,1.0,55,55,1,1,"[""ASSIGNED_FULL""]","[""page_007_007_2cea67711b""]"
CIA-RDP79T00975A005000060001-9:9.0,CIA-RDP79T00975A005000060001-9,"March 7, 1960",fully,a paragraph,False,"In the latest stage of this cycle, Pakistan is now countering with a campaign of its own against the two Afghan consulates in Pakistan and it intends to begin harassing the Afghan Embassy in Karachi shortly unless Kabul calls off its own campaign.",ASSIGNED_FULL,1.0,43,43,1,1,"[""ASSIGNED_FULL""]","[""page_009_009_e5fa354bb6""]"
CIA-RDP79T00975A005000060001-9:10.0,CIA-RDP79T00975A005000060001-9,"March 7, 1960",partly,about a sentence,False,"De Gaulle told [STILL REDACTED] that he could not agree to withdraw the army from Algeria, as this would mean that elections would be held under rebel pressure.",ASSIGNED_FULL,1.0,26,26,1,1,"[""ASSIGNED_FULL""]","[""page_010_010_4aadaf0089""]"
CIA-RDP79T00975A005000060001-9:10.1,CIA-RDP79T00975A005000060001-9,"March 7, 1960",partly,about a sentence,False,[STILL REDACTED] he feels that the weakening rebel position is opening up a real possibility for free popular consultations and that prospective local elections would be a step toward autonomy.,ASSIGNED_FULL,1.0,28,28,1,1,"[""ASSIGNED_FULL""]","[""page_010_010_4aadaf0089""]"
CIA-RDP79T00975A005000080001-7:4.0,CIA-RDP79T00975A005000080001-7,"March 9, 1960",partly,a paragraph,False,"Bakhtiar has, in fact, informed the US that he has made ""contingency plans"" in event the Shah loses control; another group, allegedly with Bakhtiar's support, is also reported to be making ""plans."" [STILL REDACTED]",ASSIGNED_FULL,1.0,35,35,1,1,"[""ASSIGNED_FULL""]","[""page_004_004_4084f95ff8""]"
CIA-RDP79T00975A005000080001-7:5.0,CIA-RDP79T00975A005000080001-7,"March 9, 1960",fully,part of a sentence,False,contribute to its campaign to undermine the Afghan royal family.,ASSIGNED_FULL,0.833333,10,12,1,1,"[""ASSIGNED_FULL""]","[""page_005_005_0d9e07e9fd""]"
CIA-RDP79T00975A005000080001-7:7.0,CIA-RDP79T00975A005000080001-7,"March 9, 1960",fully,a few words,False,High Iranian security officials,ASSIGNED_FULL,1.0,4,4,1,1,"[""ASSIGNED_FULL""]","[""page_007_007_1c3fdfd29f""]"
CIA-RDP79T00975A005000080001-7:9.0,CIA-RDP79T00975A005000080001-7,"March 9, 1960",fully,part of a sentence,False,contribute to its campaign to undermine the Afghan royal family.,ASSIGNED_FULL,1.0,12,12,1,1,"[""ASSIGNED_FULL""]","[""page_009_009_9a9f90d150""]"
CIA-RDP79T00975A005000090001-6:3.1,CIA-RDP79T00975A005000090001-6,"March 10, 1960",partly,part of a sentence,False,[STILL REDACTED] border talks must be kept going until a solution is reached and therefore,ASSIGNED_FULL,1.0,13,13,1,1,"[""ASSIGNED_FULL""]","[""page_003_004_a8e26b5f32""]"
CIA-RDP79T00975A005000090001-6:6.0,CIA-RDP79T00975A005000090001-6,"March 10, 1960",partly,a paragraph,False,"Peiping's willingness to present this proposal [STILL REDACTED] strongly suggests an attempt to gauge Indian reaction and its probable influence on Nehru. [STILL REDACTED] comments also seem intended to broaden Peiping's effort to convince New Delhi the Chinese will be cooperative in border talks. He said China ""might"" agree to demilitarizing ""certain portions"" of the disputed territory if India accepts the fact that China has a claim to such territory. The Chinese may hope this remark will be interpreted as a veiled hint that some accommodation can be reached on ""neutralizing"" portions of Ladakh.",ASSIGNED_FULL,1.0,92,92,1,1,"[""ASSIGNED_FULL""]","[""page_006_007_2d6af4779c""]"
CIA-RDP79T00975A005000090001-6:7.0,CIA-RDP79T00975A005000090001-6,"March 10, 1960",fully,a paragraph,False,"Premier Ibrahim, who in the past few months appeared to have lost the King's confidence, was reported to have offered his resignation. Just prior to the Agadir disaster, the King appeared ready to accept the resignation and to name Si Mohamed M'Barek Bekkai, who was premier from December 1955 until May 1958, to head a caretaker government to serve until after local elections are held in May.",ASSIGNED_FULL,1.0,68,68,1,1,"[""ASSIGNED_FULL""]","[""page_007_008_f091d07367""]"
CIA-RDP79T00975A005000100001-4:6.1,CIA-RDP79T00975A005000100001-4,"March 11, 1960",fully,a paragraph,False,"The latter attacked Bonn's threats to sever relations with Guinea as ""reminiscent of the old colonial methods of German imperialists,"" and told the ambassador that East Germany considers it is a ""routine matter for every state to establish relations with all other states.""",ASSIGNED_FULL,1.0,42,42,1,1,"[""ASSIGNED_FULL""]","[""page_006_008_e0910870cb""]"
CIA-RDP79T00975A005000130001-1:6.0,CIA-RDP79T00975A005000130001-1,"March 15, 1960",partly,part of a sentence,False,[STILL REDACTED] new Soviet military aid will also include an unspecified number of bombers. [STILL REDACTED],ASSIGNED_FULL,1.0,14,14,1,1,"[""ASSIGNED_FULL""]","[""page_006_007_e53da1f289""]"
CIA-RDP79T00975A005000150001-9:9.0,CIA-RDP79T00975A005000150001-9,"March 17, 1960",partly,about a sentence,False,and may have given assurances of support during their private discussions with the Shah in late February. [STILL REDACTED],ASSIGNED_FULL,1.0,16,16,1,1,"[""ASSIGNED_FULL""]","[""page_009_010_86da10b3e3""]"
CIA-RDP79T00975A005000180001-6:7.0,CIA-RDP79T00975A005000180001-6,"March 21, 1960",partly,a paragraph,False,"[STILL REDACTED] Iran is about to accord full recognition to Israel, [STILL REDACTED] The Iraqi chargé in Tehran quotes the Iranian foreign minister as saying that Iranian public opinion demands that Tehran cease supporting the Arabs because they have not helped Iran in the Persian Gulf.",ASSIGNED_FULL,1.0,43,43,1,1,"[""ASSIGNED_FULL""]","[""page_007_008_f87c499e45""]"
CIA-RDP79T00975A005000180001-6:9.0,CIA-RDP79T00975A005000180001-6,"March 21, 1960",fully,a paragraph,False,"The police chief was appointed to his post in May 1959 before Guevara left the government and has recently been reported plotting with members of Guevara's splinter group, the air force, and the rightist Bolivian Socialist Falange. He may have hoped that his move would spark a nationwide rebellion in favor of Guevara, who is virtually certain to lose next May's election to Paz Estenssoro and Paz's leftist running-mate, labor leader Juan Lechin.",ASSIGNED_FULL,1.0,75,75,1,1,"[""ASSIGNED_FULL""]","[""page_009_010_3b2c25dd07""]"
CIA-RDP79T00975A005000190001-5:9.0,CIA-RDP79T00975A005000190001-5,"March 22, 1960",partly,part of a sentence,False,[STILL REDACTED] the Greek Cypriot leader might accept any figure under 100 square miles.,ASSIGNED_FULL,1.0,12,12,1,1,"[""ASSIGNED_FULL""]","[""page_009_010_521830d32b""]"
CIA-RDP79T00975A005000200001-3:6.0,CIA-RDP79T00975A005000200001-3,"March 23, 1960",fully,a paragraph,False,"On 10 October, K. F. Lunev, deputy head of the USSR KGB, was sent to Kazakhstan as the republic KGB chief, presumably to investigate the situation. Virtually all top party and government officials of the Karaganda oblast were removed from their posts, and republic officials gave more public attention to the need for better living and working conditions.",ASSIGNED_FULL,1.0,59,59,1,1,"[""ASSIGNED_FULL""]","[""page_006_007_74dc27d5ba""]"
CIA-RDP79T00975A005000210001-2:4.0,CIA-RDP79T00975A005000210001-2,"March 24, 1960",partly,a paragraph,False,"The Trujillo family is reported to have withdrawn some $46 million from the Reserve Bank, further worsening the country's economy. [STILL REDACTED] the regime would last only one or two more months, and [STILL REDACTED] gives it even less time.",ASSIGNED_FULL,0.97619,41,42,1,1,"[""ASSIGNED_FULL""]","[""page_004_005_b5eb5f682a""]"
CIA-RDP79T00975A005000210001-2:8.0,CIA-RDP79T00975A005000210001-2,"March 24, 1960",fully,about a sentence,False,but the Federal party leader reportedly told Senanayake that his party would not oppose the government in the initial parliamentary confidence vote.,ASSIGNED_FULL,1.0,23,23,1,1,"[""ASSIGNED_FULL""]","[""page_008_011_c624b7ff50""]"
CIA-RDP79T00975A005000210001-2:9.0,CIA-RDP79T00975A005000210001-2,"March 24, 1960",partly,about a sentence,False,"[STILL REDACTED] the Generalissimo's eldest son and favorite daughter had withdrawn $46,000,000 from the state-owned Reserve Bank, presumably in anticipation of the family's early exile.",ASSIGNED_FULL,1.0,24,24,1,1,"[""ASSIGNED_FULL""]","[""page_009_012_087685fcbb""]"
CIA-RDP79T00975A005000210001-2:9.1,CIA-RDP79T00975A005000210001-2,"March 24, 1960",partly,part of a sentence,False,"[STILL REDACTED] Trujillo would last only one or two months, and [STILL REDACTED] gives him even less time.",ASSIGNED_FULL,1.0,14,14,1,1,"[""ASSIGNED_FULL""]","[""page_009_012_087685fcbb""]"
CIA-RDP79T00975A005000220001-1:11.0,CIA-RDP79T00975A005000220001-1,"March 25, 1960",fully,a paragraph,False,"French diplomats close to Sihanouk are impressed by his ""calm but determined"" attitude and fear that South Vietnam's action will lead him to make some further move toward the Communist bloc.",ASSIGNED_FULL,1.0,30,30,1,1,"[""ASSIGNED_FULL""]","[""page_011_014_d6bb32f833""]"
CIA-RDP79T00975A005000250001-8:7.0,CIA-RDP79T00975A005000250001-8,"March 29, 1960",partly,a paragraph,False,"[STILL REDACTED] Nehru reportedly conveyed to the Dalai Lama recently his regret that India was unable to provide greater political support for the refugee Tibetan leaders. [STILL REDACTED] Nehru also promised that New Delhi's rehabilitation program for Tibetan refugees in India would be continued, although perhaps on a smaller scale.",ASSIGNED_FULL,1.0,47,47,1,1,"[""ASSIGNED_FULL""]","[""page_007_007_350797b233""]"
CIA-RDP79T00975A005000350001-7:3.0,CIA-RDP79T00975A005000350001-7,"April 9, 1960",partly,a paragraph,False,"In addition, partly as a result of the growing influence and increasing activity of former Prime Minister Yoshida, Kishi and other government leaders have forbidden any Japanese initiative--and have ordered their negotiators to resist any Soviet move--which would link favorable fishing terms to a peace treaty requiring surrender of Japanese territorial claims [STILL REDACTED]",ASSIGNED_FULL,0.857143,54,63,1,1,"[""ASSIGNED_FULL""]","[""page_003_005_b58818c982""]"
CIA-RDP79T00975A005000350001-7:6.0,CIA-RDP79T00975A005000350001-7,"April 9, 1960",fully,about a sentence,False,Negotiators have been instructed that they are to initiate no moves to link the fishing talks to a peace treaty and are to resist any Soviet moves in this direction.,ASSIGNED_FULL,1.0,30,30,1,1,"[""ASSIGNED_FULL""]","[""page_006_011_6f55941c14""]"
CIA-RDP79T00975A005000370001-5:4.0,CIA-RDP79T00975A005000370001-5,"April 12, 1960",fully,part of a sentence,False,reportedly was somewhat miffed at being,ASSIGNED_FULL,1.0,5,5,1,1,"[""ASSIGNED_FULL""]","[""page_004_004_097294dbd3""]"
CIA-RDP79T00975A005000370001-5:6.0,CIA-RDP79T00975A005000370001-5,"April 12, 1960",partly,a paragraph,False,[STILL REDACTED] the Ghanaian official is reported to have given even stronger assurances of support and also promised funds for the forthcoming campaign. [STILL REDACTED] Ghana wants to open a consulate general in Leopoldville within two weeks if possible.,ASSIGNED_FULL,1.0,34,34,1,1,"[""ASSIGNED_FULL""]","[""page_006_006_aa4f12aa43""]"
CIA-RDP79T00975A005000400001-1:14.0,CIA-RDP79T00975A005000400001-1,"April 15, 1960",fully,a paragraph,False,Reports that the Santiphab and the NLHS may pull out of the elections may have been deliberately circulated in order to generate new pressure on the government to hold reasonably fair elections.,ASSIGNED_FULL,1.0,32,32,1,1,"[""ASSIGNED_FULL""]","[""page_014_015_fd3424385e""]"
CIA-RDP79T00975A005000420001-9:3.1,CIA-RDP79T00975A005000420001-9,"April 18, 1960",fully,about a sentence,False,Junior army officers and elements of the National Unionist party reportedly are again planning a coup.,ASSIGNED_FULL,0.888889,16,18,1,1,"[""ASSIGNED_FULL""]","[""page_003_005_be36b0d4cd""]"
CIA-RDP79T00975A005000420001-9:6.0,CIA-RDP79T00975A005000420001-9,"April 18, 1960",partly,about a sentence,False,"[STILL REDACTED] Luthuli is reportedly suffering from dangerously high blood pressure as a result of police beatings. [STILL REDACTED] even if Luthuli should survive, he will be a ""dull and shuffling moron.""",ASSIGNED_FULL,1.0,29,29,1,1,"[""ASSIGNED_FULL""]","[""page_006_008_d5ae0aa728""]"
CIA-RDP79T00975A005000420001-9:7.0,CIA-RDP79T00975A005000420001-9,"April 18, 1960",fully,a paragraph,False,"Two council members, Deputy Army Commander in Chief Hasan Bashir Nasir and Minister of Information Talat Farid, have resorted to the use of spies to keep track of each other's activities.",ASSIGNED_FULL,1.0,31,31,1,1,"[""ASSIGNED_FULL""]","[""page_007_009_49da8b6268""]"
CIA-RDP79T00975A005000420001-9:7.1,CIA-RDP79T00975A005000420001-9,"April 18, 1960",fully,about a sentence,False,The minister of interior has refused to present them with an ultimatum to desist or be jailed unless such action is endorsed by all army leaders.,ASSIGNED_FULL,1.0,27,27,1,1,"[""ASSIGNED_FULL""]","[""page_007_009_49da8b6268""]"
CIA-RDP79T00975A005000420001-9:7.2,CIA-RDP79T00975A005000420001-9,"April 18, 1960",fully,a paragraph,False,"Junior army officers are again plotting a coup; elements of the National Unionist party are reportedly in contact with some of them for the purpose of joint planning to seize control of the government. A week ago, a considerable quantity of arms and ammunition was allegedly stolen from Khartoum military stores; almost immediately army units in the Khartoum area were put on standby alert.",ASSIGNED_FULL,1.0,65,65,1,1,"[""ASSIGNED_FULL""]","[""page_007_009_49da8b6268""]"
CIA-RDP79T00975A005000420001-9:8.0,CIA-RDP79T00975A005000420001-9,"April 18, 1960",fully,about a sentence,False,"Venizelos, although a non-Communist, is sufficiently vain and ambitious to be used by the USSR for propaganda to undermine Greek Prime Minister Karamanlis.",ASSIGNED_FULL,1.0,24,24,1,1,"[""ASSIGNED_FULL""]","[""page_008_010_5b138f271f""]"
CIA-RDP79T00975A005000420001-9:10.0,CIA-RDP79T00975A005000420001-9,"April 18, 1960",fully,about a sentence,False,The Cuban Government reportedly is paying transportation and lodging costs for 18 Chinese Communists who will participate in the May Day rally.,ASSIGNED_FULL,1.0,22,22,1,1,"[""ASSIGNED_FULL""]","[""page_010_012_c56916ac46""]"
CIA-RDP79T00975A005000430001-8:5.1,CIA-RDP79T00975A005000430001-8,"April 19, 1960",fully,part of a sentence,False,"A high-level Cuban Communist leader, Carlos Rafael Rodriguez, has also indicated concern.",ASSIGNED_FULL,1.0,10,10,1,1,"[""ASSIGNED_FULL""]","[""page_005_006_a5c95422be""]"
CIA-RDP79T00975A005000430001-8:6.0,CIA-RDP79T00975A005000430001-8,"April 19, 1960",fully,about a sentence,False,"In addition, both Nasir and Sukarno during their recent visits reportedly urged Nehru to stand firm in order not to weaken Asian resistance to Communist aggression.",ASSIGNED_FULL,1.0,27,27,1,1,"[""ASSIGNED_FULL""]","[""page_006_007_826be466b0""]"
CIA-RDP79T00975A005000430001-8:12.0,CIA-RDP79T00975A005000430001-8,"April 19, 1960",partly,about a sentence,False,"Carlos Rafael Rodriguez, considered the Cuban Communist party leader closest to Castro, is reported [STILL REDACTED] to be concerned over the situation.",ASSIGNED_FULL,1.0,21,21,1,1,"[""ASSIGNED_FULL""]","[""page_012_013_610746927d""]"
CIA-RDP79T00975A005000430001-8:12.1,CIA-RDP79T00975A005000430001-8,"April 19, 1960",fully,about a sentence,False,"There is one report that they have already given him assistance, and may have led him to the cache of government arms and ammunition Beaton is reported to have filched.",ASSIGNED_FULL,1.0,30,30,1,1,"[""ASSIGNED_FULL""]","[""page_012_013_610746927d""]"
CIA-RDP79T00975A005000430001-8:12.2,CIA-RDP79T00975A005000430001-8,"April 19, 1960",partly,part of a sentence,False,and planned to send only a few volunteers in order to test his sincerity. [STILL REDACTED] ) [STILL REDACTED],ASSIGNED_FULL,1.0,15,15,1,1,"[""ASSIGNED_FULL""]","[""page_012_013_610746927d""]"
CIA-RDP79T00975A005000440001-7:11.0,CIA-RDP79T00975A005000440001-7,"April 20, 1960",partly,a paragraph,False,"There is one unconfirmed but plausible report that the compliant President of Cuba, Osvaldo Dorticos, will be named president of the Supreme Court in an effort to bring it more closely under Castro's control. [STILL REDACTED] rumors that Foreign Minister Raul Roa would be retired to the presidency and Education Minister Armando Hart would be made foreign minister.",ASSIGNED_FULL,1.0,55,55,1,1,"[""ASSIGNED_FULL""]","[""page_011_012_f720e86bcb""]"
CIA-RDP79T00975A005000480001-3:15.0,CIA-RDP79T00975A005000480001-3,"April 25, 1960",partly,about a sentence,False,"[STILL REDACTED] these include trial of the conspirators by ""popular tribunals"" and possibly demands for Castro-type executions of the key leaders.",ASSIGNED_FULL,1.0,19,19,1,1,"[""ASSIGNED_FULL""]","[""page_015_019_47c919cd4e""]"
CIA-RDP79T00975A005000490001-2:13.0,CIA-RDP79T00975A005000490001-2,"April 26, 1960",fully,a paragraph,False,"Meanwhile, the President is believed to have admonished the Algerian rebels in Tunisia not to engage in any activities near the border which might stimulate such French retaliation as ground fire against concentrations of Algerian military units on the Tunisian side of the border. Bourguiba also apparently told Algerian officials that any new materiel must cross without delay from Libya to Algeria, without assembly or stockpiling in Tunisia.",ASSIGNED_FULL,1.0,70,70,1,1,"[""ASSIGNED_FULL""]","[""page_013_014_2459f90bb5""]"
CIA-RDP79T00975A005000490001-2:14.0,CIA-RDP79T00975A005000490001-2,"April 26, 1960",fully,a paragraph,False,"In return for agreeing to accept the protectorate's plan for total integration, Issa apparently received a pledge of support from the protectorate leaders as either prime minister or president of the new state.",ASSIGNED_FULL,1.0,32,32,1,1,"[""ASSIGNED_FULL""]","[""page_014_015_c470146928""]"
CIA-RDP79T00975A005100040001-0:8.0,CIA-RDP79T00975A005100040001-0,"May 5, 1960",fully,part of a sentence,False,for an assignment with military intelligence,ASSIGNED_FULL,1.0,6,6,1,1,"[""ASSIGNED_FULL""]","[""page_008_010_985d1d3a11""]"
CIA-RDP79T00975A005100040001-0:9.0,CIA-RDP79T00975A005100040001-0,"May 5, 1960",partly,a paragraph,False,Reports indicate that some have been beaten in attempts to extract confe [STILL REDACTED] sions that the demonstrations were planned as a means to sabotage the NATO Ministerial Council meeting in Istanbul from 2 to 4 May.,ASSIGNED_FULL,1.0,36,36,1,1,"[""ASSIGNED_FULL""]","[""page_009_011_d51fdf3ed5""]"
CIA-RDP79T00975A005100040001-0:9.1,CIA-RDP79T00975A005100040001-0,"May 5, 1960",fully,about a sentence,False,"According to recent reports, the students in Istanbul are also preparing a petition listing their grievances for submission to the United Nations Commission on Human Rights.",ASSIGNED_FULL,1.0,26,26,1,1,"[""ASSIGNED_FULL""]","[""page_009_011_d51fdf3ed5""]"
CIA-RDP79T00975A005100040001-0:9.2,CIA-RDP79T00975A005100040001-0,"May 5, 1960",fully,part of a sentence,False,The RPP already has drawn up plans to go underground if it is proscribed.,ASSIGNED_FULL,1.0,14,14,1,1,"[""ASSIGNED_FULL""]","[""page_009_011_d51fdf3ed5""]"
CIA-RDP79T00975A005100040001-0:11.0,CIA-RDP79T00975A005100040001-0,"May 5, 1960",fully,a few words,False,South Vietnam's clandestine,ASSIGNED_FULL,1.0,3,3,1,1,"[""ASSIGNED_FULL""]","[""page_011_013_2ca032bd84""]"
CIA-RDP79T00975A005100060001-8:3.0,CIA-RDP79T00975A005100060001-8,"May 7, 1960",partly,a paragraph,False,"[STILL REDACTED] uncovered evidence that Iranian students were preparing to create disturbances similar to those in Korea and Turkey. [STILL REDACTED] organization has taken steps to forestall any student outbreaks, but because the Turkish riots have had a strong effect in Tehran he expects repercussions ""for some time to come.""",ASSIGNED_FULL,1.0,56,56,1,1,"[""ASSIGNED_FULL""]","[""page_003_004_03be2ee1b6""]"
CIA-RDP79T00975A005100060001-8:4.0,CIA-RDP79T00975A005100060001-8,"May 7, 1960",partly,about a sentence,False,Cypriot and British negotiators are still attempting to resolve final problems which have thus far prevented proclamation of the island's independence. [STILL REDACTED],ASSIGNED_FULL,1.0,22,22,1,1,"[""ASSIGNED_FULL""]","[""page_004_005_1266ade4b0""]"
CIA-RDP79T00975A005100060001-8:5.0,CIA-RDP79T00975A005100060001-8,"May 7, 1960",partly,a paragraph,False,"[STILL REDACTED] the Iranian National Intelligence and Security Organization (SAVAK) [STILL REDACTED] has evidence that Iranian students are planning disturbances similar to those in Korea and Turkey. [STILL REDACTED] SAVAK has taken steps to forestall any such outbreaks, but because the Turkish riots have had a strong effect in Tehran, he expects repercussions ""for some time to come.""",ASSIGNED_FULL,1.0,57,57,1,1,"[""ASSIGNED_FULL""]","[""page_005_006_e4bbb87940""]"
CIA-RDP79T00975A005100060001-8:5.1,CIA-RDP79T00975A005100060001-8,"May 7, 1960",fully,part of a sentence,False,and any Communist organization there probably is small and under constant surveillance by SAVAK.,ASSIGNED_FULL,1.0,12,12,1,1,"[""ASSIGNED_FULL""]","[""page_005_006_e4bbb87940""]"
CIA-RDP79T00975A005100060001-8:5.2,CIA-RDP79T00975A005100060001-8,"May 7, 1960",fully,part of a sentence,False,and Bakhtiar intends to leave the country for a week beginning 7 May.,ASSIGNED_FULL,1.0,12,12,1,1,"[""ASSIGNED_FULL""]","[""page_005_006_e4bbb87940""]"
CIA-RDP79T00975A005100080001-6:6.0,CIA-RDP79T00975A005100080001-6,"May 10, 1960",partly,part of a sentence,False,"and reportedly summoned an adviser to brief him on ""what Americans were saying."" [STILL REDACTED]",ASSIGNED_FULL,1.0,14,14,1,1,"[""ASSIGNED_FULL""]","[""page_006_008_d5d30a9d36""]"
CIA-RDP79T00975A005100090001-5:3.0,CIA-RDP79T00975A005100090001-5,"May 11, 1960",fully,about a sentence,False,"The rebel organization in France, which last week attempted the assassination of a right-wing Algerian deputy, reportedly plans to sabotage fuel depots and industrial installations.",ASSIGNED_FULL,0.961538,25,26,1,1,"[""ASSIGNED_FULL""]","[""page_003_004_03687535a6""]"
CIA-RDP79T00975A005100090001-5:5.0,CIA-RDP79T00975A005100090001-5,"May 11, 1960",partly,a paragraph,False,"[STILL REDACTED] French police believe the rebels to be reinforcing their cadres in metropolitan France with a view to intensifying efforts at assassination and sabotage. Attacks against selected persons, oil refineries, fuel-storage depots, and industrial installations reportedly would be timed to coincide with the summit meetings in Paris.",ASSIGNED_FULL,1.0,47,47,1,1,"[""ASSIGNED_FULL""]","[""page_005_006_fa8ba76c8c""]"
CIA-RDP79T00975A005100100001-3:5.0,CIA-RDP79T00975A005100100001-3,"May 13, 1960",fully,a paragraph,False,"Although some leaders of the government party are reliably reported to be discussing measures to prevent Chiari from taking power, many supporters of Ricardo Arias, the administration-backed candidate, have privately conceded his defeat.",ASSIGNED_FULL,0.894737,34,38,1,1,"[""ASSIGNED_FULL""]","[""page_005_006_efe6d09799""]"
CIA-RDP79T00975A005100100001-3:13.0,CIA-RDP79T00975A005100100001-3,"May 13, 1960",fully,about a sentence,False,"Reliable reports state that the official announcement, which had previously been scheduled for 14 May, will be postponed an additional 48 hours.",ASSIGNED_FULL,1.0,22,22,1,1,"[""ASSIGNED_FULL""]","[""page_013_014_19520e60a4""]"
CIA-RDP79T00975A005100100001-3:13.1,CIA-RDP79T00975A005100100001-3,"May 13, 1960",partly,a paragraph,False,"Leaders of the National Patriotic Coalition party (PCPN)--Panama's ruling political organization since 1952--are reliably reported to be discussing with the two defeated candidates possible measures to deny the presidency to Chiari. President de la Guardia and guard commandant Vallarino, however, are reputedly determined to prevent any forcible retention of power by the PCPN, since any attempt to declare Arias the winner of the election would probably precipitate violent attacks against the government. [STILL REDACTED]",ASSIGNED_FULL,1.0,75,75,1,1,"[""ASSIGNED_FULL""]","[""page_013_014_19520e60a4""]"
CIA-RDP79T00975A005100160001-7:3.0,CIA-RDP79T00975A005100160001-7,"May 19, 1960",partly,about a sentence,False,Foreign Minister Gromyko told British Foreign Secretary Lloyd [STILL REDACTED] that the USSR would take no action in the months immediately ahead which would increase tensions or make trouble.,ASSIGNED_FULL,1.0,31,31,1,1,"[""ASSIGNED_FULL""]","[""page_003_004_693070764a""]"
CIA-RDP79T00975A005100160001-7:4.1,CIA-RDP79T00975A005100160001-7,"May 19, 1960",partly,about a sentence,False,"Turkish security forces expect a large demonstration in Ankara on 19 May, a Turkish youth and sports holiday. [STILL REDACTED]",ASSIGNED_FULL,1.0,21,21,1,1,"[""ASSIGNED_FULL""]","[""page_004_005_1f8d3800a6""]"
CIA-RDP79T00975A005100160001-7:10.0,CIA-RDP79T00975A005100160001-7,"May 19, 1960",partly,a paragraph,False,"Soviet annoyance with Qasim has been reflected [STILL REDACTED] as in March when a quasi-official lecturer in Moscow censured the Iraqi leader for ""using"" the Communists, but the Soviet press and radio have withheld open criticism. On the Iraqi side, Qasim's growing suspicion of bloc activities is shown in intensive surveillance by Iraqi security services starting 10 May of the Soviet Embassy and the homes of bloc diplomatic personnel.",ASSIGNED_FULL,1.0,66,66,1,1,"[""ASSIGNED_FULL""]","[""page_010_011_e72d4053e2""]"
CIA-RDP79T00975A005100160001-7:11.0,CIA-RDP79T00975A005100160001-7,"May 19, 1960",fully,a paragraph,False,"A large-scale demonstration reportedly is planned for Ankara on 19 May, the Turkish youth and sports holiday, but otherwise the country remains relatively quiet. The next move appears up to the government; the RPP continues its recently adopted position of watchful waiting.",ASSIGNED_FULL,1.0,43,43,1,1,"[""ASSIGNED_FULL""]","[""page_011_012_0689ba89e2""]"
CIA-RDP79T00975A005100180001-5:14.0,CIA-RDP79T00975A005100180001-5,"May 21, 1960",partly,about a sentence,False,publicly what Foreign Minister Gromyko had pledged [STILL REDACTED] on 17 May to British Foreign Secretary Selwyn Lloyd--,ASSIGNED_FULL,1.0,15,15,1,1,"[""ASSIGNED_FULL""]","[""page_014_016_f7d7d943a2""]"
CIA-RDP79T00975A005100220001-0:3.0,CIA-RDP79T00975A005100220001-0,"May 26, 1960",partly,a paragraph,False,"Japan: Prime Minister Kishi's retention of office seems to be seriously threatened.* The press is increasing its demands for his resignation soon after final ratification of the US-Japan security treaty, and factional leaders in the Liberal-Democratic party who have hitherto supported Kishi are reportedly maneuvering to bring this about. Japanese police anticipate that leftist organizations will attempt to stage demonstrations during President Eisenhower's visit. A government spokesman has denied rumors that Tokyo might ask for a postponement of this visit to avoid embarrassment both to itself and the President. [STILL REDACTED]",ASSIGNED_FULL,1.0,104,104,1,1,"[""ASSIGNED_FULL""]","[""page_003_004_17812b7100""]"
CIA-RDP79T00975A005100260001-6:8.0,CIA-RDP79T00975A005100260001-6,"May 31, 1960",fully,about a sentence,False,"The Emperor's grandson has admitted, however, that the request for police aid was inflated and not realistic.",ASSIGNED_FULL,1.0,17,17,1,1,"[""ASSIGNED_FULL""]","[""page_008_009_aa0582674e""]"
CIA-RDP79T00975A005100280001-4:10.0,CIA-RDP79T00975A005100280001-4,"June 2, 1960",partly,a paragraph,False,"The size and content of the Second Five-Year Plan, which is being prepared by the interested ministries in Kabul, are likely to depend in part on the results of negotiations in Moscow. The Afghans are likely to indulge in some hard bargaining on the terms of repayment before signing a credit agreement. [STILL REDACTED]",ASSIGNED_FULL,1.0,50,50,1,1,"[""ASSIGNED_FULL""]","[""page_010_010_3053a36421""]"
CIA-RDP79T00975A005100280001-4:11.0,CIA-RDP79T00975A005100280001-4,"June 2, 1960",fully,a paragraph,False,"Lt. Gen. Teimur Bakhtiar, chief of the Iranian National Intelligence and Security Organization (SAVAK), told an American official that he is urging Court Minister Hosein Ala to warn the Shah to withdraw from personal direction of the government ""while he still can."" Prime Minister Eqbal hopes that the events in Turkey will provide a ""much-needed lesson"" but does not believe Ala is forceful enough to convince the Iranian ruler.",ASSIGNED_FULL,1.0,68,68,1,1,"[""ASSIGNED_FULL""]","[""page_011_011_7671ed67fb""]"
CIA-RDP79T00975A005100280001-4:11.1,CIA-RDP79T00975A005100280001-4,"June 2, 1960",fully,a paragraph,False,"Meanwhile, Iranian political opposition groups have become more active since the coup in Turkey on 27 May. The leader of one group claims that on 28 May he attempted to persuade his associates to stage a coup the next day but failed--apparently because the group lacked assurance of military support.",ASSIGNED_FULL,1.0,52,52,1,1,"[""ASSIGNED_FULL""]","[""page_011_011_7671ed67fb""]"
CIA-RDP79T00975A005100280001-4:11.2,CIA-RDP79T00975A005100280001-4,"June 2, 1960",fully,about a sentence,False,"Dissatisfied lower ranking officers, however, have been plotting against the regime and seeking alliances with civilian groups, but apparently without well-developed plans.",ASSIGNED_FULL,1.0,23,23,1,1,"[""ASSIGNED_FULL""]","[""page_011_011_7671ed67fb""]"
CIA-RDP79T00975A005100300001-1:11.0,CIA-RDP79T00975A005100300001-1,"June 4, 1960",fully,a paragraph,False,"Meanwhile, Guatemalan President Ydigoras is reliably reported to have threatened to consider withdrawal from the Organization of American States (OAS) or at least to have the Guatemalan representative in the OAS ""walk out"" if the Inter-American Peace Committee fails to act on Guatemalan charges against Cuba which were formally lodged with the OAS following Guatemala's break with the Castro regime.",ASSIGNED_FULL,1.0,62,62,1,1,"[""ASSIGNED_FULL""]","[""page_011_014_7f3580727c""]"
CIA-RDP79T00975A005100320001-9:5.0,CIA-RDP79T00975A005100320001-9,"June 7, 1960",partly,a paragraph,False,"He reportedly is trying to consolidate his control over the top military commanders, and there have been allegations that he is maneuvering to oust Huh and take over the government himself with army backing. These allegations probably are a reflection of increasing army factionalism, which if not contained could weaken the military's stabilizing influence on domestic politics. [STILL REDACTED]",ASSIGNED_FULL,1.0,61,61,1,1,"[""ASSIGNED_FULL""]","[""page_005_006_2bb42c6731""]"
CIA-RDP79T00975A005100320001-9:9.0,CIA-RDP79T00975A005100320001-9,"June 7, 1960",partly,part of a sentence,False,[STILL REDACTED] there may be considerable bloodshed before the country settles down.,ASSIGNED_FULL,1.0,11,11,1,1,"[""ASSIGNED_FULL""]","[""page_009_010_61517873d7""]"
CIA-RDP79T00975A005100360001-5:10.0,CIA-RDP79T00975A005100360001-5,"June 11, 1960",fully,a paragraph,False,"Kekkonen is reported to have told a small group of leading Finnish industrialists that prospects for such affiliation are very dim in view of current world conditions and the continuation of the minority government, which controls only 47 of the 200 votes in parliament.",ASSIGNED_FULL,1.0,44,44,1,1,"[""ASSIGNED_FULL""]","[""page_010_013_b3d7eab7cc""]"
CIA-RDP79T00975A005100360001-5:10.1,CIA-RDP79T00975A005100360001-5,"June 11, 1960",partly,about a sentence,False,Kekkonen feels that joining EFTA at this time might arouse Khrushchev's animosity and that the Soviet leaders would not hesitate to assail any Finnish politicians promoting such an affiliation. [STILL REDACTED],ASSIGNED_FULL,1.0,30,30,1,1,"[""ASSIGNED_FULL""]","[""page_010_013_b3d7eab7cc""]"
CIA-RDP79T00975A005100420001-8:5.0,CIA-RDP79T00975A005100420001-8,"June 18, 1960",fully,a paragraph,False,"Giving more substance to current rumors, however, are reports that on 19 June Iran's paratroop battalion will demonstrate its combat readiness in an exercise at an airport near Tehran and that an unidentified military training unit is to leave Tehran the same day for maneuvers.",ASSIGNED_FULL,1.0,43,43,1,1,"[""ASSIGNED_FULL""]","[""page_005_007_c508c4e4c2""]"
CIA-RDP79T00975A005100420001-8:5.1,CIA-RDP79T00975A005100420001-8,"June 18, 1960",fully,a paragraph,False,"One military group has reportedly tried to obtain support for such a move from Lt. Gen. Teimur Bakhtiar, chief of the Iranian National Intelligence and Security Organization (SAVAK). Bakhtiar is in Tehran although his family is abroad. This same group reportedly rejected--for lack of military support--a proposal by its leader on 29 May for an immediate move against the government.",ASSIGNED_FULL,1.0,61,61,1,1,"[""ASSIGNED_FULL""]","[""page_005_007_c508c4e4c2""]"
CIA-RDP79T00975A005100470001-3:7.0,CIA-RDP79T00975A005100470001-3,"June 24, 1960",fully,a paragraph,False,"Senior Japanese police officials have complained that they did not receive explicit directions to put down the disturbances, that governmental officials probably would not have accepted responsibility for strong police measures, and that the police themselves would be left to take the blame.",ASSIGNED_FULL,1.0,42,42,1,1,"[""ASSIGNED_FULL""]","[""page_007_008_6d1c04d9f2""]"
CIA-RDP79T00975A005100510001-8:9.0,CIA-RDP79T00975A005100510001-8,"June 29, 1960",partly,about a sentence,False,High-level consultations reportedly have taken place recently among the three military services in order to plan for countermeasures to control unrest in Portuguese Africa. [STILL REDACTED],ASSIGNED_FULL,1.0,25,25,1,1,"[""ASSIGNED_FULL""]","[""page_009_010_109c996c5d""]"
CIA-RDP79T00975A005200020001-1:4.0,CIA-RDP79T00975A005200020001-1,"July 2, 1960",partly,about a sentence,False,The European-dominated government of the Federation of Rhodesia and Nyasaland reportedly plans to move federal troops to Nyasaland within a few hours after any disorders begin. [STILL REDACTED] ),ASSIGNED_FULL,1.0,30,30,1,1,"[""ASSIGNED_FULL""]","[""page_004_005_866a840e39""]"
CIA-RDP79T00975A005200020001-1:5.0,CIA-RDP79T00975A005200020001-1,"July 2, 1960",fully,a paragraph,False,"There are reports that, unless the leadership decides on a successor by 4 July, party members will demand that an LDP Diet members' caucus or a party convention be called to resolve the issue. Already 50 Diet members have agreed to demand a progress report from the leadership and to ask that party executives begin preparations for a party convention.",ASSIGNED_FULL,1.0,62,62,1,1,"[""ASSIGNED_FULL""]","[""page_005_006_61f3d9046f""]"
CIA-RDP79T00975A005200030001-0:3.0,CIA-RDP79T00975A005200030001-0,"July 4, 1960",partly,a paragraph,False,[STILL REDACTED] Betancourt plans to take military action to overthrow the Trujillo regime shortly after the Venezuelan case has been presented to the OAS foreign ministers. Betancourt has reportedly designated ex-President Figueres of Costa Rica to organize an anti-Communist and anti-Castro junta for the Dominican Republic following Trujillo's ouster. [STILL REDACTED],ASSIGNED_FULL,0.980392,50,51,1,1,"[""ASSIGNED_FULL""]","[""page_003_005_bdd4654d8d""]"
CIA-RDP79T00975A005200080001-5:8.0,CIA-RDP79T00975A005200080001-5,"July 9, 1960",fully,about a sentence,False,"Reports are circulating in Yemen that Egypt is disappointed with Crown Prince Badr, the Imam's chosen successor, and is ready to support a Yemeni republic.",ASSIGNED_FULL,1.0,25,25,1,1,"[""ASSIGNED_FULL""]","[""page_008_008_1435b69bfe""]"
CIA-RDP79T00975A005200100001-2:6.0,CIA-RDP79T00975A005200100001-2,"July 12, 1960",partly,a paragraph,False,"[STILL REDACTED] President Aden Abdullah and Prime Minister Abdullahi Issa, the Soviet officials were insistent in urging formal ties with the USSR and presented for Somali approval a joint communiqué in final form announcing the opening of diplomatic relations between the two countries. Aden Abdullah refused on the grounds that this decision must await the formation of the new government--which is expected at any moment.",ASSIGNED_FULL,1.0,64,64,1,1,"[""ASSIGNED_FULL""]","[""page_006_009_6e52e31ed9""]"
CIA-RDP79T00975A005200110001-1:5.0,CIA-RDP79T00975A005200110001-1,"July 13, 1960",partly,a paragraph,False,"On 8 July the foreign minister [STILL REDACTED] told the American ambassador that Mexico has ""a very serious"" leftist and Communist problem and that the current expressions of pro-Cuban sentiment must be viewed against that background. [STILL REDACTED]",ASSIGNED_FULL,1.0,34,34,1,1,"[""ASSIGNED_FULL""]","[""page_005_005_12e3d1a242""]"
CIA-RDP79T00975A005200110001-1:9.0,CIA-RDP79T00975A005200110001-1,"July 13, 1960",partly,a paragraph,False,"On 8 July Foreign Minister Tello [STILL REDACTED] a ""very serious"" leftist and Communist problem exists in Mexico, and that manifestations of Mexican support for the Castro regime in Cuba should be viewed against that background. He remarked that President Lopez Mateos was forced to take certain measures to foil leftist plans and asked that the US ""leave us to handle this matter in our own way."" Similar comments were made by Mexican officials following the warm reception recently accorded to visiting Cuban President Dorticos.",ASSIGNED_FULL,1.0,91,91,1,1,"[""ASSIGNED_FULL""]","[""page_009_009_d94bb0d1ae""]"
CIA-RDP79T00975A005200110001-1:9.1,CIA-RDP79T00975A005200110001-1,"July 13, 1960",partly,a paragraph,False,"Vicente Lombardo Toledano, a prominent Communist leader, is [STILL REDACTED] making plans for a mass demonstration allegedly in support of President Lopez Mateos but presumably to pressure him into a pro-Castro stand. Radical students and other leftist-influenced groups may provide further demonstrations of pro-Castro support in the near future. [STILL REDACTED]",ASSIGNED_FULL,1.0,47,47,1,1,"[""ASSIGNED_FULL""]","[""page_009_009_d94bb0d1ae""]"
CIA-RDP79T00975A005200110001-1:10.0,CIA-RDP79T00975A005200110001-1,"July 13, 1960",partly,a paragraph,False,"One rightist leader [STILL REDACTED] explains that the purpose of his faction is to cause confusion and create a situation in which ""some group"" can stage a successful coup against the government of President Miguel Ydigoras.",ASSIGNED_FULL,1.0,32,32,1,1,"[""ASSIGNED_FULL""]","[""page_010_010_e7bf5fdb8c""]"
CIA-RDP79T00975A005200130001-9:8.0,CIA-RDP79T00975A005200130001-9,"July 15, 1960",partly,a paragraph,False,There is a report that these conservative opponents of Ikeda may still try to block his election as prime minister in the Diet by nominating Ishii. The Japan Socialist party would reportedly vote for Ishii on the conditions that the disappointed conservatives push his candidacy even at the risk of splitting the LDP and that he promise to call an early election. [STILL REDACTED],ASSIGNED_FULL,1.0,64,64,1,1,"[""ASSIGNED_FULL""]","[""page_008_012_2074799745""]"
CIA-RDP79T00975A005200160001-6:10.1,CIA-RDP79T00975A005200160001-6,"July 19, 1960",partly,a paragraph,False,"Lon Nol, however, reportedly has stated that ""much depends on the results of Deputy Premier Tioulong's trip to Czechoslovakia."" Tioulong arrived in Prague on 20 June and is believed to be negotiating some kind of arms deal with the Czechs. [STILL REDACTED]",ASSIGNED_FULL,1.0,40,40,1,1,"[""ASSIGNED_FULL""]","[""page_010_014_a68a07ec52""]"
CIA-RDP79T00975A005200180001-4:3.1,CIA-RDP79T00975A005200180001-4,"July 21, 1960",partly,a paragraph,False,"Soviet authorities, reportedly surprised by the Western powers' failure to retaliate against [STILL REDACTED] oviet missions, are permitting East German pressure tac- [STILL REDACTED] ut have not committed themselves firmly on the East [STILL REDACTED] ans' alleged desire to abolish the missions. [STILL REDACTED]",ASSIGNED_FULL,1.0,36,36,1,1,"[""ASSIGNED_FULL""]","[""page_003_004_f8acd5fd1c""]"
CIA-RDP79T00975A005200180001-4:8.0,CIA-RDP79T00975A005200180001-4,"July 21, 1960",partly,a paragraph,False,"[STILL REDACTED] Soviet authorities do not at present want the missions abolished, but are surprised at the lack of Western retaliatory restrictions against the Soviet missions in West Germany, in conjunction with the stiff Western protests against East German harassment. They reportedly have authorized the East Germans to intensify pressure on the missions to test Western firmness on the issue.",ASSIGNED_FULL,1.0,54,54,1,1,"[""ASSIGNED_FULL""]","[""page_008_009_ec92e08b75""]"
CIA-RDP79T00975A005200190001-3:7.0,CIA-RDP79T00975A005200190001-3,"August 3, 1960",partly,a paragraph,False,"[STILL REDACTED] an anti-Communist, pro-army demonstration of 3,500 youths in South Sumatra on 26 July is only the first of a series of army-inspired and increasingly aggressive rallies. [STILL REDACTED] others will be held in Djambi, Makassar, Bandung, and possibly in other cities. The army believes it can provoke the Communist party into holding counterdemonstrations which can be used to justify further arrests of Communists.",ASSIGNED_FULL,1.0,63,63,1,1,"[""ASSIGNED_FULL""]","[""page_007_009_a8e43e177a""]"
CIA-RDP79T00975A005200190001-3:7.1,CIA-RDP79T00975A005200190001-3,"August 3, 1960",partly,a paragraph,False,"[STILL REDACTED] as of 30 July Sukarno told him to ""pick his spot"" but that he must go. Army Chief of Staff General Nasution, however, has told [STILL REDACTED] he need not move for three months.",ASSIGNED_FULL,1.0,31,31,1,1,"[""ASSIGNED_FULL""]","[""page_007_009_a8e43e177a""]"
CIA-RDP79T00975A005200220001-9:7.0,CIA-RDP79T00975A005200220001-9,"July 26, 1960",partly,about a sentence,False,"[STILL REDACTED] Lumumba recently stated to Ghana's President Nkrumah that while Soviet troops were no longer required in the Congo, he would probably accept Soviet equipment and other assistance.",ASSIGNED_FULL,1.0,24,24,1,1,"[""ASSIGNED_FULL""]","[""page_007_008_33151878b4""]"
CIA-RDP79T00975A005200230001-8:12.0,CIA-RDP79T00975A005200230001-8,"July 27, 1960",partly,about a sentence,False,"Recently Soviet First Deputy Premier Mikoyan expressed his concern over the level of economic cooperation and the status of Soviet aid programs in Burma, [STILL REDACTED]",ASSIGNED_FULL,1.0,24,24,1,1,"[""ASSIGNED_FULL""]","[""page_012_014_d8a44f13d5""]"
CIA-RDP79T00975A005200240001-7:6.0,CIA-RDP79T00975A005200240001-7,"July 28, 1960",fully,about a sentence,False,Eight of these units have been sold to the UAR and two to Indonesia; two have been transferred to Bulgaria.,ASSIGNED_FULL,1.0,21,21,1,1,"[""ASSIGNED_FULL""]","[""page_006_007_a6f4a44c15""]"
CIA-RDP79T00975A005200240001-7:7.0,CIA-RDP79T00975A005200240001-7,"July 28, 1960",partly,a paragraph,False,"Hammarskjold, who stopped in the Belgian capital yesterday en route to Leopoldville, intended, [STILL REDACTED] to take a ""very strong line"" with the Belgians by asking them to withdraw from their bases and to acquiesce in moving UN troops into Katanga.",ASSIGNED_FULL,1.0,40,40,1,1,"[""ASSIGNED_FULL""]","[""page_007_008_99647d91b3""]"
CIA-RDP79T00975A005200240001-7:9.0,CIA-RDP79T00975A005200240001-7,"July 28, 1960",fully,about a sentence,False,"who listened to American views regarding the retirement plan ""with about as much expression as a Hittite idol,""",ASSIGNED_FULL,1.0,18,18,1,1,"[""ASSIGNED_FULL""]","[""page_009_010_1c6718e14d""]"
CIA-RDP79T00975A005200240001-7:9.1,CIA-RDP79T00975A005200240001-7,"July 28, 1960",fully,a few words,False,inflexible and narrow,ASSIGNED_FULL,1.0,3,3,1,1,"[""ASSIGNED_FULL""]","[""page_009_010_1c6718e14d""]"
CIA-RDP79T00975A005200270001-4:3.0,CIA-RDP79T00975A005200270001-4,"August 1, 1960",partly,part of a sentence,False,"[STILL REDACTED] Hammarskjold has given the Congolese cabinet ""some kind of promise"" of UN intervention in Katanga.",ASSIGNED_FULL,1.0,17,17,1,1,"[""ASSIGNED_FULL""]","[""page_003_004_1b71c95c96""]"
CIA-RDP79T00975A005200270001-4:5.0,CIA-RDP79T00975A005200270001-4,"August 1, 1960",partly,a paragraph,False,"[STILL REDACTED] Trujillo, prior to the OAS meeting, may even stage a hoax attack on his own country--for example, by using planes with Venezuelan markings--in an effort to justify a charge of Venezuelan aggression. [STILL REDACTED]",TARGET_NOT_IN_TEXT_LAYER,0.0,0,0,1,1,"[""TARGET_NOT_IN_TEXT_LAYER""]","[""page_005_006_4fe5d06e75""]"
CIA-RDP79T00975A005200270001-4:6.0,CIA-RDP79T00975A005200270001-4,"August 1, 1960",partly,about a sentence,False,"[STILL REDACTED] that Hammarskjold on 30 July gave the Congolese cabinet ""some kind of promise"" of UN intervention in the Katanga.",ASSIGNED_FULL,1.0,20,20,1,1,"[""ASSIGNED_FULL""]","[""page_006_007_d6162defe0""]"
CIA-RDP79T00975A005200270001-4:7.0,CIA-RDP79T00975A005200270001-4,"August 1, 1960",fully,about a sentence,False,Chang's opponents reportedly have been receiving strong financial backing from economic interests that hope to retain the privileged position they enjoyed under the old regime.,ASSIGNED_FULL,1.0,26,26,1,1,"[""ASSIGNED_FULL""]","[""page_007_008_dd94f21391""]"
CIA-RDP79T00975A005200280001-3:6.0,CIA-RDP79T00975A005200280001-3,"August 2, 1960",partly,a paragraph,False,"[STILL REDACTED] Nkrumah on 20 July approved for limited distribution a policy paper which in effect advocated acceptance of such aid. The paper, prepared by Ghana's ambassador in Moscow, expressed the conviction that the USSR is sincerely trying to help African states maintain a neutral position between East and West and that acceptance of technical and economic assistance from the bloc would not jeopardize Ghana's policy of neutralism.",ASSIGNED_FULL,1.0,67,67,1,1,"[""ASSIGNED_FULL""]","[""page_006_008_92829e1bf1""]"
CIA-RDP79T00975A005200280001-3:6.1,CIA-RDP79T00975A005200280001-3,"August 2, 1960",partly,part of a sentence,False,"While the purpose of the Ghanaians' trip to the USSR has not been made public, [STILL REDACTED]",ASSIGNED_FULL,1.0,15,15,1,1,"[""ASSIGNED_FULL""]","[""page_006_008_92829e1bf1""]"
CIA-RDP79T00975A005200340001-6:4.0,CIA-RDP79T00975A005200340001-6,"August 9, 1960",partly,part of a sentence,False,who believes the elimination of the Cuban problem would undercut Brazil's blackmailing power. [STILL REDACTED],ASSIGNED_FULL,1.0,15,15,1,1,"[""ASSIGNED_FULL""]","[""page_004_005_b98bbf60fa""]"
CIA-RDP79T00975A005200340001-6:7.0,CIA-RDP79T00975A005200340001-6,"August 9, 1960",fully,about a sentence,False,"as tactically unsound in that ""eliminating the Cuban problem"" would reduce Brazil's bargaining power for OPA.",ASSIGNED_FULL,1.0,17,17,1,1,"[""ASSIGNED_FULL""]","[""page_007_009_f7b6a2a076""]"
CIA-RDP79T00975A005200340001-6:7.1,CIA-RDP79T00975A005200340001-6,"August 9, 1960",partly,a paragraph,False,"Similarly, Schmidt argues that ""a certain amount of Communism in Brazil"" is necessary for bargaining purposes. [STILL REDACTED] the government will not try to control activities of the outlawed Communist party or of subversive aliens. until after the October presidential elections. [STILL REDACTED] Schmidt's foreign policy recommendations would be implemented during the rest of the Kubitschek administration, which ends in January 1961.",ASSIGNED_FULL,1.0,59,59,1,1,"[""ASSIGNED_FULL""]","[""page_007_009_f7b6a2a076""]"
CIA-RDP79T00975A005200360001-4:5.0,CIA-RDP79T00975A005200360001-4,"August 11, 1960",fully,about a sentence,False,"Congo Premier Lumumba on 10 August threatened an ""invasion"" of Katanga, and hinted he may attempt to arrest Tshombé as a traitor.",TARGET_NOT_IN_TEXT_LAYER,0.0,0,0,1,1,"[""TARGET_NOT_IN_TEXT_LAYER""]","[""page_005_006_95e2bf1a29""]"
CIA-RDP79T00975A005200360001-4:6.0,CIA-RDP79T00975A005200360001-4,"August 11, 1960",fully,about a sentence,False,"Armed forces Commander General Ouane flew from Luang Prabang to Vientiane on 10 August, apparently to ascertain the rebels' terms. The possibility exists, however, that he might join them.",ASSIGNED_FULL,1.0,29,29,1,1,"[""ASSIGNED_FULL""]","[""page_006_007_7bb33081bf""]"
CIA-RDP79T00975A005200360001-4:13.0,CIA-RDP79T00975A005200360001-4,"August 11, 1960",fully,a few words,False,and opportunities for graft,ASSIGNED_FULL,1.0,4,4,1,1,"[""ASSIGNED_FULL""]","[""page_013_015_9f750b367c""]"
CIA-RDP79T00975A005200360001-4:14.0,CIA-RDP79T00975A005200360001-4,"August 11, 1960",fully,about a sentence,False,"According to one report, the rebels have told Ouane that their terms include the designation of Souvanna Phouma as premier, ""true neutrality,"" and a rapprochement with the Pathet Lao.",ASSIGNED_FULL,1.0,31,31,1,1,"[""ASSIGNED_FULL""]","[""page_014_016_dbfb4fbfdc""]"
CIA-RDP79T00975A005200380001-2:4.0,CIA-RDP79T00975A005200380001-2,"August 13, 1960",partly,a paragraph,False,"[STILL REDACTED] Lao government leaders in Luang Prabang have rejected the terms of the Revolutionary Committee, and are not going to Vientiane as earlier reported. [STILL REDACTED] General Phoumi has returned to Savannakhet after conferring in Luang Prabang and is eager to ""get fighting.""",ASSIGNED_FULL,0.975,39,40,1,1,"[""ASSIGNED_FULL""]","[""page_004_005_ab6ce9c518""]"
CIA-RDP79T00975A005200380001-2:7.0,CIA-RDP79T00975A005200380001-2,"August 13, 1960",partly,a paragraph,False,"Indian delegates returning from the first session of ""fact-finding"" talks in Peiping reportedly contend that the Chinese showed not the least accommodation on the Ladakh occupation and insisted that an agreement could be negotiated only on the basis of Chou En-lai's compromise formula, under which Chinese claims in the Ladakh area would be recognized in exchange for Indian claims along the McMahon line, in northeastern India. [STILL REDACTED]",ASSIGNED_FULL,1.0,73,73,1,1,"[""ASSIGNED_FULL""]","[""page_007_008_f4208089ae""]"
CIA-RDP79T00975A005200380001-2:8.0,CIA-RDP79T00975A005200380001-2,"August 13, 1960",partly,a paragraph,False,"[STILL REDACTED] they have decided definitely to oppose Senghor, whom they regard as an obstacle to the ""consolidation"" of the federation and to a possible future association with other independent states of former French West Africa. [STILL REDACTED] the Soudanese, who are in a position to prevent any candidate from obtaining the necessary two-thirds majority, plan to seek an indefinite postponement of the balloting or, if that is not possible, to support Senghor's Senegalese rival, Lamine Gueye.",ASSIGNED_FULL,1.0,77,77,1,1,"[""ASSIGNED_FULL""]","[""page_008_009_54f99b812c""]"
CIA-RDP79T00975A005200380001-2:11.0,CIA-RDP79T00975A005200380001-2,"August 13, 1960",fully,about a sentence,False,"there are reports that some junior officers are becoming disgusted, while others are clamoring for action.",ASSIGNED_FULL,1.0,15,15,1,1,"[""ASSIGNED_FULL""]","[""page_011_012_71cfb9a2c6""]"
CIA-RDP79T00975A005200390001-1:4.0,CIA-RDP79T00975A005200390001-1,"August 15, 1960",fully,a paragraph,False,"Lao Defense Minister General Phoumi, chief advocate of forceful action against the rebel units in Vientiane, has refused to accept the king's decision on the Somsanith government. He apparently intends to go forward with his plans for military counteraction, but it is problematical that a unilateral move in defiance of the king's wishes could succeed.",ASSIGNED_FULL,1.0,57,57,1,1,"[""ASSIGNED_FULL""]","[""page_004_006_73c6345d2c""]"
CIA-RDP79T00975A005200390001-1:8.0,CIA-RDP79T00975A005200390001-1,"August 15, 1960",partly,about a sentence,False,"Subsequent negotiations in Luang Prabang between the government and a rebel delegation, however, resulted in ""complete understanding,"" [STILL REDACTED]",ASSIGNED_FULL,1.0,17,17,1,1,"[""ASSIGNED_FULL""]","[""page_008_011_be79801151""]"
CIA-RDP79T00975A005200390001-1:8.1,CIA-RDP79T00975A005200390001-1,"August 15, 1960",fully,a paragraph,False,"When informed of the king's decision to accept the resignation of the Somsanith government, Phoumi is reliably reported to have expressed surprise. He said that he refused to accept the decision and indicated that he intends to go ahead with his plans to salvage the situation by military means from his command post at Savannakhet in southern Laos. It is doubtful, however, if a unilateral move against the king's wishes could succeed.",ASSIGNED_FULL,1.0,73,73,1,1,"[""ASSIGNED_FULL""]","[""page_008_011_be79801151""]"
CIA-RDP79T00975A005200400001-9:10.1,CIA-RDP79T00975A005200400001-9,"August 16, 1960",fully,part of a sentence,False,"presumably on the basis of the exchanges which led to his resignation,",ASSIGNED_FULL,1.0,12,12,1,1,"[""ASSIGNED_FULL""]","[""page_010_010_46ceed0312""]"
CIA-RDP79T00975A005200400001-9:14.0,CIA-RDP79T00975A005200400001-9,"August 16, 1960",fully,a paragraph,False,"The Afghans have been emphasizing since May that the U-2 had taken off from Peshawar on its 1 May flight, attacking this as evidence of ""imperialist"" support for Pakistan's ""oppression of occupied Pushtoonistan.""",ASSIGNED_FULL,1.0,33,33,1,1,"[""ASSIGNED_FULL""]","[""page_014_015_28235c79db""]"
CIA-RDP79T00975A005200400001-9:15.0,CIA-RDP79T00975A005200400001-9,"August 16, 1960",fully,about a sentence,False,"Mikhail Suslov, secretary of the Soviet party central committee, reportedly was to attend, but the Cubans have been advised that it will be inconvenient for him to do so.",ASSIGNED_FULL,1.0,29,29,1,1,"[""ASSIGNED_FULL""]","[""page_015_016_f38b373864""]"
CIA-RDP79T00975A005200410001-8:7.0,CIA-RDP79T00975A005200410001-8,"August 17, 1960",partly,about a sentence,False,"On 13 August, Nkrumah indicated [STILL REDACTED] that his earlier offer of Ghanaian troops to Lumumba had been a ""political move"" and would not be followed up.",ASSIGNED_FULL,1.0,22,22,1,1,"[""ASSIGNED_FULL""]","[""page_007_008_c86e827035""]"
CIA-RDP79T00975A005200430001-6:5.0,CIA-RDP79T00975A005200430001-6,"August 19, 1960",partly,about a sentence,False,"In several NATO countries, especially Britain, there are serious misgivings over the possibility that Bonn might be provided with Polaris missiles, even though nuclear warheads would remain under US control. [STILL REDACTED]",ASSIGNED_FULL,1.0,37,37,1,1,"[""ASSIGNED_FULL""]","[""page_005_006_1f152339fd""]"
CIA-RDP79T00975A005200430001-6:7.0,CIA-RDP79T00975A005200430001-6,"August 19, 1960",fully,a paragraph,False,"Two leading officials of the Belgian Communist party reportedly plan to arrive in Leopoldville on 23 August to supervise the establishment of a ""true"" Communist party in the Congo. On 16 August, a four-man delegation from the East German Foreign Ministry left Berlin unannounced for Prague, from where it was to fly to the Congo on an unstated mission.",ASSIGNED_FULL,1.0,58,58,1,1,"[""ASSIGNED_FULL""]","[""page_007_008_793a47d72c""]"
CIA-RDP79T00975A005200430001-6:11.0,CIA-RDP79T00975A005200430001-6,"August 19, 1960",partly,about a sentence,False,[STILL REDACTED] NATO countries have serious misgivings about providing West Germany with MRBMs even though the United States would retain custody of the nuclear warheads. [STILL REDACTED],ASSIGNED_FULL,1.0,23,23,1,1,"[""ASSIGNED_FULL""]","[""page_011_014_6a73a827ed""]"
CIA-RDP79T00975A005200430001-6:12.0,CIA-RDP79T00975A005200430001-6,"August 19, 1960",partly,a paragraph,False,"[STILL REDACTED] Savannakhet stresses the high morale and will to win of Phoumi's forces. Phoumi has also obtained impressive backing among civilian leaders, including many deputies and other high officials. Kou Abhay, respected elder statesman, [STILL REDACTED] was in sympathy with Phoumi's aim to restore order in Vientiane and to punish rebel paratroop Captain Kong Le, but that he hoped hostilities could be avoided.",ASSIGNED_FULL,1.0,61,61,1,1,"[""ASSIGNED_FULL""]","[""page_012_015_0389bae4d4""]"
CIA-RDP79T00975A005200450001-4:5.0,CIA-RDP79T00975A005200450001-4,"August 22, 1960",partly,a paragraph,False,"Senegal's action, which follows a lengthy period of tension with Soudan, was greatly influenced by the secret visit to Guinea of the Soudanese interior minister in early August, [STILL REDACTED] He is said to have committed Mali to join the Guinea-Ghana union, and he may also have reached agreement on a union of Soudan and Guinea in the event of a breakup in the federation.",ASSIGNED_FULL,0.855263,65,76,1,1,"[""ASSIGNED_FULL""]","[""page_005_006_f651f79660""]"
CIA-RDP79T00975A005200450001-4:7.0,CIA-RDP79T00975A005200450001-4,"August 22, 1960",partly,a paragraph,False,"the immediate reason for secession was the recent visit of Soudanese Interior Minister Madeira Keita to Guinea. [STILL REDACTED] He reportedly committed the federation to join the Guinea-Ghana union; he may have reached agreement with Conakry for a union between Soudan and Guinea in the event of the federation's breakup. After learning of the visit, the Senegalese apparently decided to delay secession in the hope of reaching a last-minute compromise, but Modibo",ASSIGNED_FULL,1.0,68,68,1,1,"[""ASSIGNED_FULL""]","[""page_007_008_a274d8ac94""]"
CIA-RDP79T00975A005200450001-4:10.0+11.0,CIA-RDP79T00975A005200450001-4,"August 22, 1960",partly,a paragraph,True,"[STILL REDACTED] Souvanna has harbored Prince Souphannouvong in his home since 11 August. This report is unconfirmed and may be tendentious. Souphannouvong, Souvanna's half-brother and the titular leader of the pro-Communist Neo Lao Hak Sat, escaped from jail in Vientiane in late June.",ASSIGNED_FULL,1.0,41,41,2,2,"[""ASSIGNED_FULL"", ""ASSIGNED_FULL""]","[""page_010_011_3595761cbd"", ""page_011_012_3c0cf78f10""]"
CIA-RDP79T00975A005200460001-3:7.0,CIA-RDP79T00975A005200460001-3,"August 23, 1960",partly,about a sentence,False,[STILL REDACTED] the coup forces have issued Lao army uniforms and arms from supply depots in Vientiane to Pathet Lao elements and civilian partisans.,ASSIGNED_FULL,1.0,20,20,1,1,"[""ASSIGNED_FULL""]","[""page_007_014_c2d4a5659e""]"
CIA-RDP79T00975A005200470001-2:5.0,CIA-RDP79T00975A005200470001-2,"August 24, 1960",partly,a paragraph,False,Two senior leaders of the Belgian Communist party are expected to arrive in Leopoldville on 29 or 30 August where they will work for the establishment of a party apparatus in the Congo. [STILL REDACTED],ASSIGNED_FULL,1.0,31,31,1,1,"[""ASSIGNED_FULL""]","[""page_005_006_0174ddc86e""]"
CIA-RDP79T00975A005200470001-2:6.0,CIA-RDP79T00975A005200470001-2,"August 24, 1960",partly,a paragraph,False,"[STILL REDACTED] they agreed that neither group at present constituted the legal government of Laos, that they would work for the reunification of the army command structure; and that the National Assembly would reconvene in Luang Prabang to decide on the fate of the rival regimes.",ASSIGNED_FULL,0.97619,41,42,1,1,"[""ASSIGNED_FULL""]","[""page_006_007_b95528b81f""]"
CIA-RDP79T00975A005200470001-2:6.1,CIA-RDP79T00975A005200470001-2,"August 24, 1960",fully,about a sentence,False,"There is a report, moreover, that Kong Le was unmoved by Ouane's warning against using Communist Pathet Lao forces in the defense of Vientiane against any attack by Phoumi's forces.",ASSIGNED_FULL,1.0,30,30,1,1,"[""ASSIGNED_FULL""]","[""page_006_007_b95528b81f""]"
CIA-RDP79T00975A005200470001-2:14.0,CIA-RDP79T00975A005200470001-2,"August 24, 1960",partly,part of a sentence,False,"[STILL REDACTED] , it was agreed that neither group at present constituted the legal government of Laos.",ASSIGNED_FULL,1.0,14,14,1,1,"[""ASSIGNED_FULL""]","[""page_014_015_a7b78965ad""]"
CIA-RDP79T00975A005200470001-2:14.1,CIA-RDP79T00975A005200470001-2,"August 24, 1960",fully,a paragraph,False,"Kong Le is reported, moreover, to have been unmoved by Ouane's warning against the use of Communist Pathet Lao in the defense of Vientiane against any attack by Phoumi. Kong Le is said to have rejoined, ""I have never seen a Communist. I have only seen Lao.""",ASSIGNED_FULL,1.0,47,47,1,1,"[""ASSIGNED_FULL""]","[""page_014_015_a7b78965ad""]"
CIA-RDP79T00975A005200480001-1:8.0,CIA-RDP79T00975A005200480001-1,"August 25, 1960",partly,a paragraph,False,"Phoumi appears to be cooperating in the implementation of the accord, and his initial exposition of its terms [STILL REDACTED] agreed in broad outline with the version Souvanna gave [STILL REDACTED] He may, however, place a somewhat different construction on some of the details of the understanding, which might conceivably jeopardize its implementation. [STILL REDACTED]",ASSIGNED_FULL,1.0,47,47,1,1,"[""ASSIGNED_FULL""]","[""page_008_010_49d4b85e72""]"
CIA-RDP79T00975A005200500001-8:12.0+13.0,CIA-RDP79T00975A005200500001-8,"August 27, 1960",partly,a paragraph,True,"Ouane, [STILL REDACTED] claimed that he was slowing re-arming infantry troops in Vientiane and disarming civilians armed by Kong Le, but there is little firm evidence that he has in fact succeeded in getting Kong Le under control.",ASSIGNED_FULL,1.0,36,36,2,2,"[""ASSIGNED_FULL"", ""ASSIGNED_FULL""]","[""page_012_013_098d4fd14c"", ""page_013_014_845fef5640""]"
CIA-RDP79T00975A005200510001-7:7.0,CIA-RDP79T00975A005200510001-7,"August 29, 1960",partly,a paragraph,False,"Apparently in an effort to avert any major anti-Communist moves by the army, Sukarno on 22 August had ordered Nasution to remove certain high-ranking officers from their present assignments. These include two deputy chiefs of staff who are actively anti-Communist, the regional commanders in South Sumatra, East and West Java, and the regional chief of staff in South Borneo. Nasution, who had resisted earlier suggestions from Sukarno that some of these changes be made, is reported noncommittal as to whether he will implement his present orders. [STILL REDACTED]",ASSIGNED_FULL,1.0,87,87,1,1,"[""ASSIGNED_FULL""]","[""page_007_008_b42ba44fc0""]"
CIA-RDP79T00975A005200510001-7:11.0,CIA-RDP79T00975A005200510001-7,"August 29, 1960",partly,about a sentence,False,"[STILL REDACTED] Kong Le claimed to have 6,000 troops in the immediate vicinity of Vientiane, and an additional 8,000 deployed farther out from the town.",ASSIGNED_FULL,1.0,27,27,1,1,"[""ASSIGNED_FULL""]","[""page_011_012_7c21114bec""]"
CIA-RDP79T00975A005200510001-7:12.0,CIA-RDP79T00975A005200510001-7,"August 29, 1960",partly,about a sentence,False,"[STILL REDACTED] American carbines and M-1 rifles in the hands of villagers, who were ""acting like kids with new toys"" and firing the weapons indiscriminately. [STILL REDACTED]",ASSIGNED_FULL,1.0,22,22,1,1,"[""ASSIGNED_FULL""]","[""page_012_013_6df1c43fe5""]"
CIA-RDP79T00975A005200520001-6:8.0,CIA-RDP79T00975A005200520001-6,"August 30, 1960",partly,about a sentence,False,"[STILL REDACTED] Bakhtiar warned that public opinion was moving toward a revolutionary mood, because free elections had been promised and the public's hopes had been disappointed.",ASSIGNED_FULL,1.0,24,24,1,1,"[""ASSIGNED_FULL""]","[""page_008_009_d696237f11""]"
CIA-RDP79T00975A005200530001-5:9.0,CIA-RDP79T00975A005200530001-5,"August 31, 1960",fully,a paragraph,False,"General Ouane in Luang Prabang has dispatched a member of his staff, a close friend of Kong Le's, to Vientiane to induce the paratroop commander to change his mind. The emissary will reportedly stress to Kong Le that since the Communist Pathet Lao will be invited by Souvanna to ""return to the fold,"" he will in effect be left without alternatives should he continue to oppose the new government.",ASSIGNED_FULL,1.0,70,70,1,1,"[""ASSIGNED_FULL""]","[""page_009_015_b0545fae46""]"
CIA-RDP79T00975A005300030001-9:5.1,CIA-RDP79T00975A005300030001-9,"September 3, 1960",fully,about a sentence,False,"and SAVAK, the Iranian National Intelligence and Security Organization, had warned the nationalists not to hold the planned demonstration as it might be exploited by Communist elements.",ASSIGNED_FULL,1.0,27,27,1,1,"[""ASSIGNED_FULL""]","[""page_005_006_0f76b70d6f""]"
CIA-RDP79T00975A005300090001-3:8.0,CIA-RDP79T00975A005300090001-3,"September 10, 1960",partly,a paragraph,False,"[STILL REDACTED] Khrushchev agreed to sign a separate peace treaty with the East Germans--without setting any date. He specified that they were not to interfere with Allied access to West Berlin, presumably at the outset, although apparently they were given a free hand with the West Germans. Both officials forecast further pressures against the city.",ASSIGNED_FULL,1.0,57,57,1,1,"[""ASSIGNED_FULL""]","[""page_008_012_58e276757a""]"
CIA-RDP79T00975A005300120001-9:8.0,CIA-RDP79T00975A005300120001-9,"September 14, 1960",partly,a paragraph,False,"[STILL REDACTED] the army has not retreated from its aggressively anti-Communist position. [STILL REDACTED] the ban will be applied far more strictly in dealing with the Communists than with other parties, and harassment of the Communist party will continue.",ASSIGNED_FULL,1.0,35,35,1,1,"[""ASSIGNED_FULL""]","[""page_008_009_67d2c6de99""]"
CIA-RDP79T00975A005300120001-9:11.0,CIA-RDP79T00975A005300120001-9,"September 14, 1960",fully,a paragraph,False,"Lumumba, on the same date, sent a telegram to Nkrumah threatening to break diplomatic relations if Ghanian troops were not immediately withdrawn from the UN force and put at his disposal.",ASSIGNED_FULL,1.0,32,32,1,1,"[""ASSIGNED_FULL""]","[""page_011_012_6e13e39af0""]"
CIA-RDP79T00975A005300130001-8:3.2,CIA-RDP79T00975A005300130001-8,"September 15, 1960",fully,part of a sentence,False,"In the Middle East, a Jordanian-supported coup attempt in Syria remains a possibility.",ASSIGNED_FULL,1.0,15,15,1,1,"[""ASSIGNED_FULL""]","[""page_003_005_302902a0cc""]"
CIA-RDP79T00975A005300200001-0:5.0,CIA-RDP79T00975A005300200001-0,"September 23, 1960",partly,a paragraph,False,"[STILL REDACTED] recent events in Laos will be repeated in South Vietnam. Although Dong allegedly said war would be used ""if necessary,"" he seemed convinced that political dissatisfaction in the South is strong enough to topple President Diem.",ASSIGNED_FULL,0.857143,36,42,1,1,"[""ASSIGNED_FULL""]","[""page_005_006_63d5ef87a1""]"
CIA-RDP79T00975A005300200001-0:11.0,CIA-RDP79T00975A005300200001-0,"September 23, 1960",partly,a paragraph,False,"North Vietnamese Foresee Coup in South Vietnam North Vietnamese Premier Pham Van Dong [STILL REDACTED] recent events in Laos will be repeated in South Vietnam. While the [STILL REDACTED] tone was belligerent and he allegedly said war would be used ""if necessary"" to oust President Diem, he appeared convinced that political unrest in the South now is so widespread that the government will be toppled and that a coup will bring in elements willing to negotiate with the Communists.",ASSIGNED_FULL,1.0,74,74,1,1,"[""ASSIGNED_FULL""]","[""page_011_012_8e4623d25a""]"
CIA-RDP79T00975A005300250001-5:8.0,CIA-RDP79T00975A005300250001-5,"September 29, 1960",fully,part of a sentence,False,Ho also sided with Peiping's stand on the Indian border.,ASSIGNED_FULL,1.0,10,10,1,1,"[""ASSIGNED_FULL""]","[""page_008_009_a448d5ebaa""]"
CIA-RDP79T00975A005300260001-4:6.0,CIA-RDP79T00975A005300260001-4,"September 30, 1960",partly,a paragraph,False,"Fuller details of the 28 September military commanders meeting at Luang Prabang indicate general agreement that a new government must be formed and that Souvanna Phouma would be replaced as prime minister. The King requested that no military figure be included in the new government, a stipulation that would exclude General Phoumi. The Souvannakhet group proposed that Prince Boun Oum form the new government, but recent reverses may have weakened its bargaining power and may encourage Souvanna to resist pressures for his resignation. [STILL REDACTED]",ASSIGNED_FULL,1.0,104,104,1,1,"[""ASSIGNED_FULL""]","[""page_006_006_66a7534dfd""]"
CIA-RDP79T00975A005300260001-4:11.0,CIA-RDP79T00975A005300260001-4,"September 30, 1960",fully,about a sentence,False,"A senior UN official has indicated that while the UN intended eventually to move Ghanaian troops out of Leopoldville, Nkrumah had protested to Hammarskjold even this move.",ASSIGNED_FULL,1.0,28,28,1,1,"[""ASSIGNED_FULL""]","[""page_011_011_880ef23178""]"
CIA-RDP79T00975A005300270001-3:8.0,CIA-RDP79T00975A005300270001-3,"October 1, 1960",fully,about a sentence,False,The Thai general staff is reported to have a plan for direct Thai intervention if its becomes clear that the Communists have taken over Vientiane.,ASSIGNED_FULL,0.96,24,25,1,1,"[""ASSIGNED_FULL""]","[""page_008_009_cb291cfa2f""]"
CIA-RDP79T00975A005300310001-8:6.0,CIA-RDP79T00975A005300310001-8,"October 6, 1960",partly,about a sentence,False,A. No Sino-Soviet bloc country intends to initiate hostilities against the United States or its possessions in the immediate future. Note: [STILL REDACTED],ASSIGNED_FULL,0.954545,21,22,1,1,"[""ASSIGNED_FULL""]","[""page_006_007_427d35c901""]"
CIA-RDP79T00975A005300330001-6:7.0,CIA-RDP79T00975A005300330001-6,"October 8, 1960",fully,part of a sentence,False,"The First Military Region commander, whose headquarters is in Luang Prabang,",ASSIGNED_FULL,1.0,13,13,1,1,"[""ASSIGNED_FULL""]","[""page_007_008_53615e9652""]"
CIA-RDP79T00975A005300350001-4:8.0,CIA-RDP79T00975A005300350001-4,"October 11, 1960",fully,a paragraph,False,"Foreign Minister Qadir announced on 8 October that the Nawab of Dir, ruler of a tribal state bordering Afghanistan north of the Khyber Pass, had been arrested along with his son, who rules a small tribal region just to the south. Qadir said the Pushtoon leaders were arrested following ""many accusations of double-dealing."" The Nawab reportedly had appealed to Kabul in September for help against rival tribal elements who were seeking to overthrow his regime, possibly with the support of Pakistani authorities.",ASSIGNED_FULL,1.0,85,85,1,1,"[""ASSIGNED_FULL""]","[""page_008_009_11961f4a36""]"
CIA-RDP79T00975A005300370001-2:6.1,CIA-RDP79T00975A005300370001-2,"October 13, 1960",partly,about a sentence,False,[STILL REDACTED] No Sino-Soviet bloc country intends to initiate hostilities against the United States or its possessions in the immediate future. [STILL REDACTED] NOTE: [STILL REDACTED],ASSIGNED_FULL,0.875,21,24,1,1,"[""ASSIGNED_FULL""]","[""page_006_007_c403fb17b5""]"
CIA-RDP79T00975A005300380001-1:13.1,CIA-RDP79T00975A005300380001-1,"October 14, 1960",fully,about a sentence,False,"The existence of current plotting against the regime is known to French security officials, but even some of these have been reported involved.",ASSIGNED_FULL,1.0,24,24,1,1,"[""ASSIGNED_FULL""]","[""page_013_016_c375309e24""]"
CIA-RDP79T00975A005300500001-7:5.2,CIA-RDP79T00975A005300500001-7,"October 28, 1960",fully,part of a sentence,False,which has already ordered the withdrawal of its two representatives in President Betancourt's cabinet--,ASSIGNED_FULL,0.9375,15,16,1,1,"[""ASSIGNED_FULL""]","[""page_005_006_6ffe49232a""]"
CIA-RDP79T00975A005400030001-8:7.0,CIA-RDP79T00975A005400030001-8,"November 3, 1960",fully,part of a sentence,False,The plotters reportedly had planned to overthrow the CNU between 28 October and 1 November.,ASSIGNED_FULL,1.0,12,12,1,1,"[""ASSIGNED_FULL""]","[""page_007_009_644d65c1c9""]"
CIA-RDP79T00975A005400030001-8:9.0,CIA-RDP79T00975A005400030001-8,"November 3, 1960",fully,a few words,False,demagogic,ASSIGNED_FULL,1.0,1,1,1,1,"[""ASSIGNED_FULL""]","[""page_009_011_0d26146f6f""]"
CIA-RDP79T00975A005400100001-0:7.0,CIA-RDP79T00975A005400100001-0,"November 11, 1960",partly,a paragraph,False,"[STILL REDACTED] sweeping changes were needed in Diem's military and civilian entourage to prevent the government's collapse and boasted that if so inclined, his paratroops could seize the government in four hours. He has been reported to be in full command of the coup forces.",ASSIGNED_FULL,1.0,43,43,1,1,"[""ASSIGNED_FULL""]","[""page_007_007_fb0096b3a9""]"
CIA-RDP79T00975A005400110001-9:6.0,CIA-RDP79T00975A005400110001-9,"November 12, 1960",fully,a paragraph,False,The Luang Prabang take-over probably also stemmed from the conviction that Ouane and Houmpanh had temporized too long in carrying out their pledge to lead the First Military Region into opposition against Souvanna if he failed to bring the Pathet Lao under control.,ASSIGNED_FULL,1.0,46,46,1,1,"[""ASSIGNED_FULL""]","[""page_006_007_dd8cd212dd""]"
CIA-RDP79T00975A005400140001-6:3.0,CIA-RDP79T00975A005400140001-6,"November 16, 1960",fully,a paragraph,False,"Diem is said to have consulted with loyal military staff officers and leaders of his semiclandestine Can Lao political clique, with the latter reportedly pressing him to crush all known and potential political opponents.",ASSIGNED_FULL,1.0,35,35,1,1,"[""ASSIGNED_FULL""]","[""page_003_005_5a2fa65f6b""]"
CIA-RDP79T00975A005400150001-5:10.0,CIA-RDP79T00975A005400150001-5,"November 17, 1960",partly,a paragraph,False,"[STILL REDACTED] the strong, moderate leftist Revolutionary party, [STILL REDACTED] had rejected an approach for support from the revolt leaders before they launched their attempt, but that the party might feel obliged to join the insurgents in order to ensure establishment of a moderate government without Communist participation, should the Ydigoras regime fall.",ASSIGNED_FULL,1.0,51,51,1,1,"[""ASSIGNED_FULL""]","[""page_010_011_613c38d4c4""]"
CIA-RDP79T00975A005400160001-4:14.0,CIA-RDP79T00975A005400160001-4,"November 18, 1960",fully,about a sentence,False,"Many officers are convinced that the government is permitting graft and even facilitating profiteering, especially in the petroleum industry, to obtain funds for the presidential election in 1964.",ASSIGNED_FULL,1.0,29,29,1,1,"[""ASSIGNED_FULL""]","[""page_014_016_3ffd1a0eef""]"
CIA-RDP79T00975A005400170001-3:4.0,CIA-RDP79T00975A005400170001-3,"November 19, 1960",partly,about a sentence,False,The secretary general of the Salvadoran Communist party is reported to have asked for early assistance from the Costa Rican party in organizing a Communist coup. [STILL REDACTED],ASSIGNED_FULL,1.0,27,27,1,1,"[""ASSIGNED_FULL""]","[""page_004_005_e621e6f8c4""]"
CIA-RDP79T00975A005400170001-3:8.0,CIA-RDP79T00975A005400170001-3,"November 19, 1960",fully,a paragraph,False,The three military members of the junta reportedly were holding officers' meetings at several regimental headquarters on 15 November in an attempt to rally military support. The junta members said the provisional regime included some leftists but no Communists and tried to persuade the officers that the junta is not taking orders from Osorio.,ASSIGNED_FULL,1.0,55,55,1,1,"[""ASSIGNED_FULL""]","[""page_008_009_df05b0c254""]"
CIA-RDP79T00975A005400170001-3:8.1,CIA-RDP79T00975A005400170001-3,"November 19, 1960",partly,a paragraph,False,"The secretary general of the Salvadoran Communist party is reported recently to have asked the Costa Rican party, which is considered to be a more effective Communist group, for early assistance in organizing a Communist coup. [STILL REDACTED]",ASSIGNED_FULL,1.0,36,36,1,1,"[""ASSIGNED_FULL""]","[""page_008_009_df05b0c254""]"
CIA-RDP79T00975A005400170001-3:9.0,CIA-RDP79T00975A005400170001-3,"November 19, 1960",partly,about a sentence,False,[STILL REDACTED] Paz was planning a fake leftist-led coup attempt within two weeks to justify a declaration of a state of siege.,ASSIGNED_FULL,1.0,20,20,1,1,"[""ASSIGNED_FULL""]","[""page_009_010_0f667b709e""]"
CIA-RDP79T00975A005400180001-2:6.0,CIA-RDP79T00975A005400180001-2,"November 21, 1960",partly,about a sentence,False,"Colonel Escamilla, the moderate minister of interior, said [STILL REDACTED] that he is very disturbed but feels a crackdown now would lead to a bloody revolution.",ASSIGNED_FULL,0.818182,18,22,1,1,"[""ASSIGNED_FULL""]","[""page_006_007_94b212351d""]"
CIA-RDP79T00975A005400190001-1:3.0,CIA-RDP79T00975A005400190001-1,"November 22, 1960",partly,about a sentence,False,"-and at a meeting on 17 November officers threatened to revolt against the Emperor because of grievances over low pay, [STILL REDACTED]",ASSIGNED_FULL,1.0,23,23,1,1,"[""ASSIGNED_FULL""]","[""page_003_004_fa7f4519e1""]"
CIA-RDP79T00975A005400200001-9:3.0,CIA-RDP79T00975A005400200001-9,"November 23, 1960",fully,about a sentence,False,"The National Bank's account with one of the two principal Canadian banks in Cuba is overdrawn, and",ASSIGNED_PARTIAL,0.705882,12,17,1,1,"[""ASSIGNED_PARTIAL""]","[""page_003_005_5cf9677913""]"
CIA-RDP79T00975A005400210001-8:5.1,CIA-RDP79T00975A005400210001-8,"November 24, 1960",fully,a few words,False,reliably reported to be,ASSIGNED_FULL,1.0,4,4,1,1,"[""ASSIGNED_FULL""]","[""page_005_006_25cfc8d8f3""]"
CIA-RDP79T00975A005400210001-8:6.0,CIA-RDP79T00975A005400210001-8,"November 24, 1960",partly,about a sentence,False,as well as to reported plans of General Salan to return clandestinely to Algeria where FAF leaders are said to expect him to lead such activities. [STILL REDACTED],ASSIGNED_FULL,1.0,26,26,1,1,"[""ASSIGNED_FULL""]","[""page_006_007_52c730a27f""]"
CIA-RDP79T00975A005400220001-7:5.1,CIA-RDP79T00975A005400220001-7,"November 25, 1960",partly,about a sentence,False,"Premier Sarit, however, is reliably reported to be considerably concerned over the recent rash of reports and to be actively investigating them. [STILL REDACTED]",ASSIGNED_FULL,1.0,27,27,1,1,"[""ASSIGNED_FULL""]","[""page_005_006_dba08db931""]"
CIA-RDP79T00975A005400220001-7:6.0,CIA-RDP79T00975A005400220001-7,"November 25, 1960",partly,a paragraph,False,"There are indications that the Front for French Algeria (FAF) is planning ""total disobedience"" to paralyze all government services and force the army to take over in Algeria. The government is alert to this possibility as well as to reported plans of General Salan to return clandestinely to Algeria where FAF leaders are said to expect him to lead such activities. [STILL REDACTED]",ASSIGNED_FULL,1.0,64,64,1,1,"[""ASSIGNED_FULL""]","[""page_006_007_8484fb3f19""]"
CIA-RDP79T00975A005400230001-6:3.1,CIA-RDP79T00975A005400230001-6,"November 26, 1960",fully,part of a sentence,False,which have been directed from Lebanon.,ASSIGNED_FULL,1.0,6,6,1,1,"[""ASSIGNED_FULL""]","[""page_003_004_c1600817d1""]"
CIA-RDP79T00975A005400230001-6:3.2+4.0,CIA-RDP79T00975A005400230001-6,"November 26, 1960",partly,about a sentence,True,"This move, together with possible further Lebanese curtailment of Jordanian intelligence operations, will inhibit but probably not eliminate Jordan's contacts with subversive elements in Syria through Lebanon. [STILL REDACTED]",ASSIGNED_FULL,1.0,27,27,2,2,"[""ASSIGNED_FULL"", ""ASSIGNED_FULL""]","[""page_003_004_c1600817d1"", ""page_004_005_70a70b71ef""]"
CIA-RDP79T00975A005400230001-6:4.2,CIA-RDP79T00975A005400230001-6,"November 26, 1960",partly,part of a sentence,False,[STILL REDACTED] a convoy of 25 vehicles would return from Muong Kassy to Vientiane on 24 November. [STILL REDACTED],ASSIGNED_FULL,0.916667,11,12,1,1,"[""ASSIGNED_FULL""]","[""page_004_005_70a70b71ef""]"
CIA-RDP79T00975A005400230001-6:4.3,CIA-RDP79T00975A005400230001-6,"November 26, 1960",partly,part of a sentence,False,[STILL REDACTED] troop strength in the city was considered insufficient and requested Savannakhet to send reinforcements [STILL REDACTED],ASSIGNED_FULL,0.882353,15,17,1,1,"[""ASSIGNED_FULL""]","[""page_004_005_70a70b71ef""]"
CIA-RDP79T00975A005400230001-6:6.0,CIA-RDP79T00975A005400230001-6,"November 26, 1960",partly,part of a sentence,False,[STILL REDACTED] the New Guinea landing mention supply problems and an operation scheduled for 27 November. [STILL REDACTED],ASSIGNED_FULL,1.0,15,15,1,1,"[""ASSIGNED_FULL""]","[""page_006_007_c05944b526""]"
CIA-RDP79T00975A005400230001-6:6.1,CIA-RDP79T00975A005400230001-6,"November 26, 1960",fully,a paragraph,False,"However, Indonesia apparently did not evolve a long-term plan for the infiltration and eventual accession of New Guinea until some time after its last defeat on the issue at the United Nations in November 1957. An apparently authentic Indonesian document dated December 1959 gives details of a three- to five-year plan which calls for infiltration of ""territorial cadres"" into New Guinea, eventual guerrilla operations, and finally a resort to diplomacy--presumably an appeal to the UN--and possibly to a sea and air offensive.",ASSIGNED_FULL,1.0,78,78,1,1,"[""ASSIGNED_FULL""]","[""page_006_007_c05944b526""]"
CIA-RDP79T00975A005400230001-6:8.0,CIA-RDP79T00975A005400230001-6,"November 26, 1960",fully,part of a sentence,False,"which have been arranged and directed in Lebanon,",ASSIGNED_FULL,1.0,7,7,1,1,"[""ASSIGNED_FULL""]","[""page_008_009_109dffd335""]"
CIA-RDP79T00975A005400240001-5:4.0,CIA-RDP79T00975A005400240001-5,"November 28, 1960",fully,about a sentence,False,and Vientiane reportedly plans an attack on the royal capital on 5 December. There is an unconfirmed report that,ASSIGNED_FULL,1.0,14,14,1,1,"[""ASSIGNED_FULL""]","[""page_004_005_968cf8968e""]"
CIA-RDP79T00975A005400240001-5:9.0,CIA-RDP79T00975A005400240001-5,"November 28, 1960",fully,a paragraph,False,The King is reliably reported to have replied informally through an intermediary that he could do nothing useful. He also said that he regretted that Vientiane troops were marching on Luang Prabang and that Souvanna had stipulated in advance that General Phoumi and Prince Boun Oum would be excluded from the proposed coalition government.,ASSIGNED_FULL,1.0,56,56,1,1,"[""ASSIGNED_FULL""]","[""page_009_010_57b54daa44""]"
CIA-RDP79T00975A005400240001-5:9.1,CIA-RDP79T00975A005400240001-5,"November 28, 1960",partly,part of a sentence,False,[STILL REDACTED] Vientiane plans an attack on the royal capital on 5 December.,ASSIGNED_FULL,1.0,10,10,1,1,"[""ASSIGNED_FULL""]","[""page_009_010_57b54daa44""]"
CIA-RDP79T00975A005400250001-4:5.1,CIA-RDP79T00975A005400250001-4,"November 29, 1960",partly,part of a sentence,False,who are giving serious consideration to staging a countercoup. [STILL REDACTED],ASSIGNED_FULL,1.0,10,10,1,1,"[""ASSIGNED_FULL""]","[""page_005_006_ad1d469d2b""]"
CIA-RDP79T00975A005400250001-4:7.0,CIA-RDP79T00975A005400250001-4,"November 29, 1960",partly,about a sentence,False,"[STILL REDACTED] the elections were probably better than past ones and that any ""complications"" were the fault of interference by the intelligence and police chiefs in favor of their friends.",ASSIGNED_FULL,1.0,26,26,1,1,"[""ASSIGNED_FULL""]","[""page_007_008_6b0cdec9b5""]"
CIA-RDP79T00975A005400250001-4:10.0,CIA-RDP79T00975A005400250001-4,"November 29, 1960",fully,part of a sentence,False,who have been giving serious consideration to staging a countercoup.,ASSIGNED_FULL,1.0,10,10,1,1,"[""ASSIGNED_FULL""]","[""page_010_012_86f3e795a1""]"
CIA-RDP79T00975A005400260001-3:3.0,CIA-RDP79T00975A005400260001-3,"November 30, 1960",partly,part of a sentence,False,[STILL REDACTED] bitter exchanges between the Russians and Chinese have taken place at the meetings. [STILL REDACTED],ASSIGNED_FULL,1.0,14,14,1,1,"[""ASSIGNED_FULL""]","[""page_003_004_312decc621""]"
CIA-RDP79T00975A005400260001-3:8.0,CIA-RDP79T00975A005400260001-3,"November 30, 1960",partly,part of a sentence,False,and disagreements at the [STILL REDACTED] meetings are reflected in the strained atmosphere noted in Moscow.,ASSIGNED_FULL,1.0,15,15,1,1,"[""ASSIGNED_FULL""]","[""page_008_009_581288cdac""]"
CIA-RDP79T00975A005400280001-1:7.0,CIA-RDP79T00975A005400280001-1,"December 2, 1960",fully,about a sentence,False,"Peiping's ambassador to the Sudan, who escorted a troupe of Chinese acrobats to Ethiopia, reportedly told the Emperor about Mao Tse-tung's desire for diplomatic relations.",ASSIGNED_FULL,1.0,25,25,1,1,"[""ASSIGNED_FULL""]","[""page_007_008_5394b8726e""]"
CIA-RDP79T00975A005400340001-4:4.2,CIA-RDP79T00975A005400340001-4,"December 9, 1960",fully,part of a sentence,False,"Gursel suffered a circulatory ailment in late November, and his condition, while improved, remains",ASSIGNED_FULL,0.933333,14,15,1,1,"[""ASSIGNED_FULL""]","[""page_004_005_23733ee717""]"
CIA-RDP79T00975A005400340001-4:11.0,CIA-RDP79T00975A005400340001-4,"December 9, 1960",partly,a paragraph,False,"The interim President, who, [STILL REDACTED] remains in critical condition as a result of a serious circulatory ailment which he developed in late November, faces a long recovery period and may have to withdraw completely from the affairs of state.",ASSIGNED_FULL,1.0,37,37,1,1,"[""ASSIGNED_FULL""]","[""page_011_013_488f767437""]"
CIA-RDP79T00975A005400340001-4:11.1,CIA-RDP79T00975A005400340001-4,"December 9, 1960",partly,part of a sentence,False,The 62-year-old general is regarded [STILL REDACTED] as competent but not particularly dynamic.,ASSIGNED_FULL,1.0,16,16,1,1,"[""ASSIGNED_FULL""]","[""page_011_013_488f767437""]"
CIA-RDP79T00975A005400390001-9:8.0+9.0,CIA-RDP79T00975A005400390001-9,"December 15, 1960",partly,a paragraph,True,"The Kuwaiti Government recently awarded [STILL REDACTED] the concession for its offshore area to Shell under the standard 50-50 profit-sharing formula plus an $84,000,000 bonus payment. It seems probable, in view of the unprecedented size of the bonus, that Shell received assurances from the Ruler that the company would not be subject to OPEC production limitations.",ASSIGNED_FULL,1.0,56,56,2,2,"[""ASSIGNED_FULL"", ""ASSIGNED_FULL""]","[""page_008_009_19e0459831"", ""page_009_010_a6b7dfa292""]"
CIA-RDP79T00975A005400390001-9:12.0,CIA-RDP79T00975A005400390001-9,"December 15, 1960",fully,a paragraph,False,"Chiriboga is also reported to have ordered an Ecuadorean ""cultural mission,"" now touring some Latin American countries to win support for Ecuador on the boundary question, to proceed to Cuba for discussion of this issue with Castro and Soviet representatives in Havana.",ASSIGNED_FULL,1.0,45,45,1,1,"[""ASSIGNED_FULL""]","[""page_012_014_8a4c403a56""]"
CIA-RDP79T00975A005400430001-4:3.0,CIA-RDP79T00975A005400430001-4,"December 20, 1960",partly,about a sentence,False,"[STILL REDACTED] however, East German officials indicate they will make important concessions if the West Germans reinstate the agreement.",ASSIGNED_FULL,0.944444,17,18,1,1,"[""ASSIGNED_FULL""]","[""page_003_004_c383fb2d76""]"
CIA-RDP79T00975A005400430001-4:4.0,CIA-RDP79T00975A005400430001-4,"December 20, 1960",partly,part of a sentence,False,"The prospective purchases reportedly total $277,000,000 for the navy and $100,000,000 for the air force. [STILL REDACTED]",ASSIGNED_FULL,1.0,22,22,1,1,"[""ASSIGNED_FULL""]","[""page_004_005_853bf422e1""]"
CIA-RDP79T00975A005400430001-4:7.0,CIA-RDP79T00975A005400430001-4,"December 20, 1960",partly,about a sentence,False,"[STILL REDACTED] Although offered a one-third discount by the USSR, Indonesia is reported recently to have sent a note to Moscow requesting even easier terms.",ASSIGNED_FULL,1.0,27,27,1,1,"[""ASSIGNED_FULL""]","[""page_007_010_64fcbafa57""]"
CIA-RDP79T00975A005400430001-4:8.0,CIA-RDP79T00975A005400430001-4,"December 20, 1960",partly,part of a sentence,False,[STILL REDACTED] maintain that the King's actions have been ill-timed and retrogressive; they,ASSIGNED_FULL,1.0,11,11,1,1,"[""ASSIGNED_FULL""]","[""page_008_011_5d676366fa""]"
CIA-RDP79T00975A005400450001-2:9.0,CIA-RDP79T00975A005400450001-2,"December 22, 1960",partly,about a sentence,False,"[STILL REDACTED] attributes Quadros' plans for a neutralist policy partly to his belief that this will buy off leftist criticism when he initiates orthodox fiscal policies, which will be unpopular.",ASSIGNED_FULL,1.0,28,28,1,1,"[""ASSIGNED_FULL""]","[""page_009_012_57ea0c3473""]"
CIA-RDP79T00975A005400460001-1:3.0,CIA-RDP79T00975A005400460001-1,"December 23, 1960",fully,a few words,False,impetuous,ASSIGNED_FULL,1.0,1,1,1,1,"[""ASSIGNED_FULL""]","[""page_003_005_4bca02651f""]"
CIA-RDP79T00975A005400500001-6:5.1,CIA-RDP79T00975A005400500001-6,"December 28, 1960",fully,part of a sentence,False,--which he signed in Peiping in October.,ASSIGNED_FULL,1.0,7,7,1,1,"[""ASSIGNED_FULL""]","[""page_005_006_d6dc0ab5f4""]"
CIA-RDP79T00975A005400500001-6:5.2,CIA-RDP79T00975A005400500001-6,"December 28, 1960",fully,a few words,False,Aung Gyi's,ASSIGNED_FULL,1.0,2,2,1,1,"[""ASSIGNED_FULL""]","[""page_005_006_d6dc0ab5f4""]"
CIA-RDP79T00975A005400530001-3:9.0,CIA-RDP79T00975A005400530001-3,"December 31, 1960",fully,about a sentence,False,Britain refuses to admit the validity of the Buganda position and is moving African troop reinforcements into the province.,ASSIGNED_FULL,1.0,19,19,1,1,"[""ASSIGNED_FULL""]","[""page_009_009_5078824776""]"
CIA-RDP79T00975A005400530001-3:9.2+10.0,CIA-RDP79T00975A005400530001-3,"December 31, 1960",partly,about a sentence,True,[STILL REDACTED] plans formulated by the Belgian Communists envisage the Gizenga dissidents' gaining control of large areas of Kivu and Katanga provinces through coordinated guerrilla activity. (See Map),ASSIGNED_FULL,1.0,30,30,2,2,"[""ASSIGNED_FULL"", ""ASSIGNED_FULL""]","[""page_009_009_5078824776"", ""page_010_010_a7c5fb7e29""]"
CIA-RDP79T00975A005400530001-3:15.0,CIA-RDP79T00975A005400530001-3,"December 31, 1960",fully,about a sentence,False,"Britain refuses to recognize Buganda's position and is moving a battalion of African troops into the province, reinforcing the battalion already there.",ASSIGNED_FULL,1.0,23,23,1,1,"[""ASSIGNED_FULL""]","[""page_015_015_826199ba90""]"
CIA-RDP79T00975A005500010001-9:3.0,CIA-RDP79T00975A005500010001-9,"January 2, 1961",fully,a paragraph,False,"Although he avoided any specific reference to the RB-47 incident, other Soviet officials, who had indicated privately that the U-2 item would be withdrawn, have also hinted that the two RB-47 crew members might be released.",ASSIGNED_FULL,1.0,36,36,1,1,"[""ASSIGNED_FULL""]","[""page_003_008_2c0da5d727""]"
CIA-RDP79T00975A005500010001-9:4.1,CIA-RDP79T00975A005500010001-9,"January 2, 1961",fully,a few words,False,are reliably reported to,ASSIGNED_FULL,1.0,4,4,1,1,"[""ASSIGNED_FULL""]","[""page_004_009_8098db9064""]"
CIA-RDP79T00975A005500040001-6:9.0,CIA-RDP79T00975A005500040001-6,"January 5, 1961",fully,part of a sentence,False,who lacked both political appeal and political comprehension.,ASSIGNED_FULL,1.0,8,8,1,1,"[""ASSIGNED_FULL""]","[""page_009_010_983d721eea""]"
CIA-RDP79T00975A005500040001-6:12.0,CIA-RDP79T00975A005500040001-6,"January 5, 1961",partly,about a sentence,False,"[STILL REDACTED] Ne Win told his colleagues that if the lack of government discipline continued, ""the army would have to act very soon."" [STILL REDACTED]",ASSIGNED_FULL,1.0,21,21,1,1,"[""ASSIGNED_FULL""]","[""page_012_013_d4a2d80af7""]"
CIA-RDP79T00975A005500040001-6:12.1,CIA-RDP79T00975A005500040001-6,"January 5, 1961",fully,a paragraph,False,"He told his staff and brigade commanders that he had hoped the present leaders would ""step up the pace of managing the government, but they were too busy fighting among themselves,"" and he reportedly added, ""The Burmese people have again shown that they are not ready for democracy and self-rule.""",ASSIGNED_FULL,1.0,51,51,1,1,"[""ASSIGNED_FULL""]","[""page_012_013_d4a2d80af7""]"
CIA-RDP79T00975A005500040001-6:12.2,CIA-RDP79T00975A005500040001-6,"January 5, 1961",partly,part of a sentence,False,"Nu [STILL REDACTED] considered the party poorly organized, with many ""wrong"" people in power.",ASSIGNED_FULL,1.0,12,12,1,1,"[""ASSIGNED_FULL""]","[""page_012_013_d4a2d80af7""]"
CIA-RDP79T00975A005500050001-5:5.0,CIA-RDP79T00975A005500050001-5,"January 6, 1961",fully,a few words,False,covert,ASSIGNED_FULL,1.0,2,2,1,1,"[""ASSIGNED_FULL""]","[""page_005_006_082a373664""]"
CIA-RDP79T00975A005500110001-8:5.0,CIA-RDP79T00975A005500110001-8,"January 13, 1961",partly,about a sentence,False,"Leaders of the underground Communist party are reported [STILL REDACTED] to be planning ""an intense effort"" to take over a post-Ydigoras government, ""as the Communists did in Cuba.""",ASSIGNED_FULL,1.0,19,19,1,1,"[""ASSIGNED_FULL""]","[""page_005_006_5c15a28f90""]"
CIA-RDP79T00975A005500110001-8:7.0,CIA-RDP79T00975A005500110001-8,"January 13, 1961",fully,a paragraph,False,"in order, as a close associate of Lechin's described it, ""to urge the government to make the United States implement its aid promise"" before the Eisenhower administration goes out of office.",ASSIGNED_FULL,1.0,31,31,1,1,"[""ASSIGNED_FULL""]","[""page_007_009_244aad39f5""]"
CIA-RDP79T00975A005500110001-8:8.0,CIA-RDP79T00975A005500110001-8,"January 13, 1961",fully,a paragraph,False,"Plotting against the government of President Miguel Ydigoras Fuentes has resumed. Dissension in the army, which led to an abortive revolt on 13 November, continues, and opposition political parties are seeking to exploit it.",ASSIGNED_FULL,1.0,34,34,1,1,"[""ASSIGNED_FULL""]","[""page_008_010_d7f6c4c696""]"
CIA-RDP79T00975A005500110001-8:8.1,CIA-RDP79T00975A005500110001-8,"January 13, 1961",partly,a paragraph,False,"Meanwhile, members of the underground Communist party are predicting a coup attempt sometime this month, [STILL REDACTED] the Communists will lend only token aid to the plotters, but that once Ydigoras is overthrown the Communists will make ""an intense effort"" to take over the new government, ""as the Communists did in Cuba."" [STILL REDACTED]",ASSIGNED_FULL,1.0,47,47,1,1,"[""ASSIGNED_FULL""]","[""page_008_010_d7f6c4c696""]"
CIA-RDP79T00975A005500130001-6:5.0,CIA-RDP79T00975A005500130001-6,"January 16, 1961",fully,a paragraph,False,A faction of the once influential anti-Communist Dai Viet party claims to have a plan of action and the necessary military support to overthrow Diem and replace him with a non-Communist coalition representing government and opposition groups. Other Dai Viet factions are reported to have received Communist offers of cooperation.,ASSIGNED_FULL,1.0,51,51,1,1,"[""ASSIGNED_FULL""]","[""page_005_007_d022620103""]"
CIA-RDP79T00975A005500140001-5:11.1,CIA-RDP79T00975A005500140001-5,"January 17, 1961",fully,a few words,False,easily manipulated,ASSIGNED_FULL,1.0,2,2,1,1,"[""ASSIGNED_FULL""]","[""page_011_012_ad2dc607b7""]"
CIA-RDP79T00975A005500160001-3:10.0,CIA-RDP79T00975A005500160001-3,"January 19, 1961",fully,part of a sentence,False,"which he tends to blame on British and French attitudes,",ASSIGNED_FULL,0.8,8,10,1,1,"[""ASSIGNED_FULL""]","[""page_010_014_738b7ea582""]"
CIA-RDP79T00975A005500160001-3:10.1,CIA-RDP79T00975A005500160001-3,"January 19, 1961",fully,a paragraph,False,He expressed the belief that the British and French were motivated by a desire to reduce their own commitments toward SEATO and weaken American influence in the area by encouraging neutralism.,ASSIGNED_FULL,1.0,31,31,1,1,"[""ASSIGNED_FULL""]","[""page_010_014_738b7ea582""]"
CIA-RDP79T00975A005500160001-3:12.0,CIA-RDP79T00975A005500160001-3,"January 19, 1961",fully,part of a sentence,False,Several members of De Gaulle's entourage reportedly,ASSIGNED_FULL,1.0,7,7,1,1,"[""ASSIGNED_FULL""]","[""page_012_016_474367e36c""]"
CIA-RDP79T00975A005500210001-7:14.0,CIA-RDP79T00975A005500210001-7,"January 26, 1961",fully,a paragraph,False,"According to an earlier report, Challe is said to have stated that when he was ordered to pacify Algeria he did not take the job with the idea of surrendering the country to the enemy.",ASSIGNED_FULL,1.0,33,33,1,1,"[""ASSIGNED_FULL""]","[""page_014_014_eb438e4f71""]"
CIA-RDP79T00975A005500250001-3:5.1,CIA-RDP79T00975A005500250001-3,"January 31, 1961",partly,part of a sentence,False,"[STILL REDACTED] other Chinese leaders, in off-the-record comment, have been underlining the same point.",ASSIGNED_FULL,1.0,11,11,1,1,"[""ASSIGNED_FULL""]","[""page_005_006_8e83e61ad9""]"
CIA-RDP79T00975A005500260001-2:5.2,CIA-RDP79T00975A005500260001-2,"February 1, 1961",fully,a few words,False,and his domestic maladministration,ASSIGNED_FULL,1.0,5,5,1,1,"[""ASSIGNED_FULL""]","[""page_005_005_05449a294f""]"
CIA-RDP79T00975A005500260001-2:8.1,CIA-RDP79T00975A005500260001-2,"February 1, 1961",fully,part of a sentence,False,despite the support for Maung Maung.,ASSIGNED_FULL,1.0,6,6,1,1,"[""ASSIGNED_FULL""]","[""page_008_012_3d15f6356e""]"
CIA-RDP79T00975A005500280001-0:13.0,CIA-RDP79T00975A005500280001-0,"February 3, 1961",partly,a paragraph,False,"[STILL REDACTED] Addis Ababa had ""the stink of Baghdad""--an allusion to the situation there preceding the revolution which overthrew the Iraqi royalty. The British Embassy, anticipating no constructive action by the Emperor, is formulating an emergency evacuation plan. [STILL REDACTED]",ASSIGNED_FULL,1.0,34,34,1,1,"[""ASSIGNED_FULL""]","[""page_013_016_51ef4843ed""]"
CIA-RDP79T00975A005500300001-7:7.0,CIA-RDP79T00975A005500300001-7,"February 6, 1961",partly,about a sentence,False,"[STILL REDACTED] foreign exchange reserves are now zero, despite recent technical arrangements with foreign banks to make it appear otherwise.",ASSIGNED_FULL,1.0,22,22,1,1,"[""ASSIGNED_FULL""]","[""page_007_008_5b4fbc0d1d""]"
CIA-RDP79T00975A005500310001-6:12.0,CIA-RDP79T00975A005500310001-6,"February 7, 1961",partly,a paragraph,False,"[STILL REDACTED] Ne Win acted on information that the officers involved, other than Maung Maung, were planning to oust him from command and to stage a coup d'etat during the current commanding officers' conference. As has been his practice where the integrity and unity of the army are at stake, Ne Win acted with finality and the affected officers have little hope of appeal.",ASSIGNED_FULL,1.0,63,63,1,1,"[""ASSIGNED_FULL""]","[""page_012_015_1a49eb243b""]"
CIA-RDP79T00975A005500320001-5:6.0,CIA-RDP79T00975A005500320001-5,"February 8, 1961",fully,a few words,False,18 to 24,ASSIGNED_FULL,1.0,3,3,1,1,"[""ASSIGNED_FULL""]","[""page_006_006_fe8f710bbc""]"
CIA-RDP79T00975A005500320001-5:6.1,CIA-RDP79T00975A005500320001-5,"February 8, 1961",partly,about a sentence,False,"[STILL REDACTED] , arrangements for delivery, which New Delhi hopes can begin by mid-March, are now being made in Moscow following [STILL REDACTED] agreement last month.",ASSIGNED_FULL,0.95,19,20,1,1,"[""ASSIGNED_FULL""]","[""page_006_006_fe8f710bbc""]"
CIA-RDP79T00975A005500320001-5:6.2,CIA-RDP79T00975A005500320001-5,"February 8, 1961",fully,a few words,False,30,ASSIGNED_FULL,1.0,1,1,1,1,"[""ASSIGNED_FULL""]","[""page_006_006_fe8f710bbc""]"
CIA-RDP79T00975A005500320001-5:6.3,CIA-RDP79T00975A005500320001-5,"February 8, 1961",fully,a few words,False,eight,ASSIGNED_FULL,1.0,1,1,1,1,"[""ASSIGNED_FULL""]","[""page_006_006_fe8f710bbc""]"
CIA-RDP79T00975A005500330001-4:5.1,CIA-RDP79T00975A005500330001-4,"February 9, 1961",fully,about a sentence,False,"Nehru, while careful to avoid any overt action which would alienate Mahendra, has reportedly sanctioned Nepali Congress organizational activity in India.",ASSIGNED_FULL,0.956522,22,23,1,1,"[""ASSIGNED_FULL""]","[""page_005_005_2e220aa5dc""]"
CIA-RDP79T00975A005500330001-4:11.0,CIA-RDP79T00975A005500330001-4,"February 9, 1961",fully,a paragraph,False,"Mobutu and his lieutenants have so far given no indication that they can handle a large-scale military undertaking, although in the present operation they presumably will be assisted by Belgian advisers. Congolese troops are poor fighters unless they receive strong leadership.",ASSIGNED_FULL,1.0,43,43,1,1,"[""ASSIGNED_FULL""]","[""page_011_011_dfa52bdd09""]"
CIA-RDP79T00975A005500330001-4:11.1,CIA-RDP79T00975A005500330001-4,"February 9, 1961",fully,part of a sentence,False,Behind-the-scenes maneuvering among Leopoldville politicians has intensified following the conference at the end of January,ASSIGNED_FULL,1.0,16,16,1,1,"[""ASSIGNED_FULL""]","[""page_011_011_dfa52bdd09""]"
CIA-RDP79T00975A005500330001-4:15.0,CIA-RDP79T00975A005500330001-4,"February 9, 1961",partly,part of a sentence,False,Nehru [STILL REDACTED] assured Mahendra that India would continue to support his government.,ASSIGNED_FULL,1.0,13,13,1,1,"[""ASSIGNED_FULL""]","[""page_015_016_53cd83f148""]"
CIA-RDP79T00975A005500330001-4:15.1,CIA-RDP79T00975A005500330001-4,"February 9, 1961",partly,a paragraph,False,Those Indian officials and politicians who are in regular contact with Nepali Congress leaders have privately indicated that New Delhi will not oppose their activities as long as they do not seriously embarrass the Indian Government. [STILL REDACTED],ASSIGNED_FULL,1.0,36,36,1,1,"[""ASSIGNED_FULL""]","[""page_015_016_53cd83f148""]"
CIA-RDP79T00975A005500340001-3:5.1,CIA-RDP79T00975A005500340001-3,"February 10, 1961",fully,a few words,False,"$244,000,000",ASSIGNED_FULL,1.0,1,1,1,1,"[""ASSIGNED_FULL""]","[""page_005_005_45630d4741""]"
CIA-RDP79T00975A005500340001-3:5.2,CIA-RDP79T00975A005500340001-3,"February 10, 1961",fully,about a sentence,False,The USSR has allowed for a 10-year payment period beginning in 1965 and is to accept Indonesian goods in return for most of the equipment.,ASSIGNED_FULL,0.967742,30,31,1,1,"[""ASSIGNED_FULL""]","[""page_005_005_45630d4741""]"
CIA-RDP79T00975A005500340001-3:5.3,CIA-RDP79T00975A005500340001-3,"February 10, 1961",fully,a few words,False,"$277,000,000",ASSIGNED_FULL,1.0,1,1,1,1,"[""ASSIGNED_FULL""]","[""page_005_005_45630d4741""]"
CIA-RDP79T00975A005500340001-3:8.0,CIA-RDP79T00975A005500340001-3,"February 10, 1961",partly,about a sentence,False,"hinted that Moniz may tell the government that unless it makes radical changes, it can no longer rely on support from the military. [STILL REDACTED]",ASSIGNED_FULL,1.0,27,27,1,1,"[""ASSIGNED_FULL""]","[""page_008_008_e0a81acdb2""]"
CIA-RDP79T00975A005500340001-3:13.0,CIA-RDP79T00975A005500340001-3,"February 10, 1961",partly,a paragraph,False,[STILL REDACTED] Moniz would raise the question of needed radical changes at a cabinet meeting scheduled for 7 February and might even issue an ultimatum to the government to effect these changes or forfeit support by the military.,ASSIGNED_FULL,1.0,35,35,1,1,"[""ASSIGNED_FULL""]","[""page_013_013_9358192e3d""]"
CIA-RDP79T00975A005500350001-2:9.0,CIA-RDP79T00975A005500350001-2,"February 11, 1961",fully,about a sentence,False,"It is generally undistinguished in composition, and some members are known to be corrupt. Its principal weakness, however, lies in the fact that",ASSIGNED_FULL,1.0,23,23,1,1,"[""ASSIGNED_FULL""]","[""page_009_009_09cb0c0c86""]"
CIA-RDP79T00975A005500350001-2:9.1,CIA-RDP79T00975A005500350001-2,"February 11, 1961",partly,part of a sentence,False,"[STILL REDACTED] three large craters in the road, making a combined break of about thirty feet.",ASSIGNED_FULL,1.0,15,15,1,1,"[""ASSIGNED_FULL""]","[""page_009_009_09cb0c0c86""]"
CIA-RDP79T00975A005500350001-2:10.0,CIA-RDP79T00975A005500350001-2,"February 11, 1961",partly,a paragraph,False,"[STILL REDACTED] Moscow could not agree to the British proposal of 21 January, which called for the Indian chairman of the ICC to discuss with King Savang the possibility of reactivating the commission.",ASSIGNED_FULL,0.96875,31,32,1,1,"[""ASSIGNED_FULL""]","[""page_010_010_27f1bce0e9""]"
CIA-RDP79T00975A005500360001-1:9.0,CIA-RDP79T00975A005500360001-1,"February 13, 1961",fully,part of a sentence,False,"and, in the past, President Rhee's strong personal hatred for the Japanese.",ASSIGNED_FULL,1.0,13,13,1,1,"[""ASSIGNED_FULL""]","[""page_009_016_f41b1b8069""]"
CIA-RDP79T00975A005500400001-6:5.1,CIA-RDP79T00975A005500400001-6,"February 17, 1961",partly,about a sentence,False,claims [STILL REDACTED] that the plane was on a reconnaissance mission in connection with future supply drops but,ASSIGNED_FULL,1.0,19,19,1,1,"[""ASSIGNED_FULL""]","[""page_005_005_6a5dc42b4e""]"
CIA-RDP79T00975A005500400001-6:8.0,CIA-RDP79T00975A005500400001-6,"February 17, 1961",partly,a paragraph,False,"which leads to the following additional conclusion on the Congo situation: Gizenga is threatening ""war"" against Belgium and the wholesale arrest of its nationals. Should extensive reprisals against Europeans by Gizenga occur, they could bring Belgian and possibly other Western rescue operations, which in turn could be used by the bloc and radical African nationalist states to justify increased aid to Gizenga. [STILL REDACTED]",ASSIGNED_FULL,1.0,64,64,1,1,"[""ASSIGNED_FULL""]","[""page_008_008_3b91c1440e""]"
CIA-RDP79T00975A005500400001-6:11.0,CIA-RDP79T00975A005500400001-6,"February 17, 1961",fully,a paragraph,False,"He is reliably quoted as saying: ""I am afraid of becoming anti-American in a blind emotional way, and I am afraid the Americans, assuming that the Burmese have gone into the red Chinese bloc, will encourage the Thais and Chinese Nationalists to do anything regardless of American relations with Burma.""",ASSIGNED_FULL,1.0,50,50,1,1,"[""ASSIGNED_FULL""]","[""page_011_013_d1d8ef1a63""]"
CIA-RDP79T00975A005500410001-5:10.1,CIA-RDP79T00975A005500410001-5,"February 18, 1961",fully,a few words,False,six,ASSIGNED_FULL,1.0,1,1,1,1,"[""ASSIGNED_FULL""]","[""page_010_011_f19e247c35""]"
CIA-RDP79T00975A005500440001-2:6.1+7.0,CIA-RDP79T00975A005500440001-2,"February 22, 1961",partly,a paragraph,True,"Moniz told Salazar a few days ago that action had to be taken before the UN General Assembly reconvenes on 7 March and that his ministry would ""take the matter into its own hands"" if Salazar did not comply. In northern Angola the leading non-Communist Angolan nationalist organization, which is based in Leopoldville, reportedly plans to launch a terror campaign about 15 March in an effort to focus world attention on Portuguese Africa while the UN General Assembly is in session. [STILL REDACTED]",ASSIGNED_FULL,1.0,94,94,2,2,"[""ASSIGNED_FULL"", ""ASSIGNED_FULL""]","[""page_006_006_c045f81dbe"", ""page_007_007_78a0686ff0""]"
CIA-RDP79T00975A005500450001-1:15.0,CIA-RDP79T00975A005500450001-1,"February 23, 1961",fully,a few words,False,--purchased from Congolese soldiers--,ASSIGNED_FULL,1.0,4,4,1,1,"[""ASSIGNED_FULL""]","[""page_015_017_d8835139c4""]"
CIA-RDP79T00975A005500460001-0:8.0,CIA-RDP79T00975A005500460001-0,"February 24, 1961",partly,a paragraph,False,"[STILL REDACTED] Soviet Deputy Foreign Minister Sobolev argued that any neutrality arrangements for Laos should be based on the solid legal foundation of the Geneva agreements. Sobolev said he feared that the sort of neutrality envisaged in Savang's declaration might lead ""only one way.""",ASSIGNED_FULL,1.0,43,43,1,1,"[""ASSIGNED_FULL""]","[""page_008_009_e677aee43f""]"
CIA-RDP79T00975A005500460001-0:11.0,CIA-RDP79T00975A005500460001-0,"February 24, 1961",fully,a paragraph,False,"On 16 February representatives of the Supreme Council, the Sudan's top ruling body, met with Siddiq al Mahdi, the pro-Western leader of the opposition group, in an attempt to reach a compromise. It appears that the only agreement reached was ""to continue talking."" The group leaders are reportedly optimistic as a result of the meeting, and some have expressed the opinion that a compromise will eventually be reached which will increase civilian participation in the government and provide for return to complete civilian control sometime in the future.",ASSIGNED_FULL,1.0,91,91,1,1,"[""ASSIGNED_FULL""]","[""page_011_012_faf6a11a49""]"
CIA-RDP79T00975A005500470001-9:11.0,CIA-RDP79T00975A005500470001-9,"February 25, 1961",partly,about a sentence,False,"[STILL REDACTED] Carlos Lacerda, the newly elected governor of Guanabara, is also reported uneasy over recent Quadros moves toward the Sino-Soviet bloc.",ASSIGNED_FULL,1.0,20,20,1,1,"[""ASSIGNED_FULL""]","[""page_011_019_d0f6925fd3""]"
CIA-RDP79T00975A005500480001-8:6.0,CIA-RDP79T00975A005500480001-8,"February 27, 1961",fully,part of a sentence,False,has long shown dictatorial tendencies and,ASSIGNED_FULL,1.0,6,6,1,1,"[""ASSIGNED_FULL""]","[""page_006_006_2a04154485""]"
CIA-RDP79T00975A005500480001-8:17.0,CIA-RDP79T00975A005500480001-8,"February 27, 1961",fully,about a sentence,False,His judicious distribution of graft and political favors has given his regime a semblance of organized political support.,ASSIGNED_FULL,1.0,19,19,1,1,"[""ASSIGNED_FULL""]","[""page_017_021_4387d1cb67""]"
CIA-RDP79T00975A005500490001-7:5.0,CIA-RDP79T00975A005500490001-7,"February 28, 1961",partly,a paragraph,False,", but Belgian official advisers are reportedly increasingly effective in counseling Tshombe to avoid a clash. [STILL REDACTED] Nasir has now agreed to the opening of a Stanleyville embassy in Cairo and Indonesia has designated a representative to go to Stanleyville; that the USSR has requested Sudanese transit visas for eight diplomats for Stanleyville; and that Gizenga has been notified that a Czech plane, presumably carrying an ambassador, is to arrive on 28 February. Communist China, Bulgaria, and Poland have also agreed to exchange ambassadors with Gizenga. [STILL REDACTED]",ASSIGNED_FULL,1.0,95,95,1,1,"[""ASSIGNED_FULL""]","[""page_005_005_9268ae6862""]"
CIA-RDP79T00975A005500490001-7:7.0,CIA-RDP79T00975A005500490001-7,"February 28, 1961",partly,a paragraph,False,"[STILL REDACTED] Gizenga's supply problem appears still to be precarious. [STILL REDACTED] his representative in Cairo informed the USSR, Communist China, and Yugoslavia that the Stanleyville government--in order ""to face up to the blocks placed actively by the UN and the imperialists and passively by the uncommitted countries around the Congo""--is interested in bartering Congolese goods for four long-range aircraft. [STILL REDACTED] it was most important that the planes be able to fly non-stop from Accra to Stanleyville. [STILL REDACTED]",ASSIGNED_FULL,1.0,70,70,1,1,"[""ASSIGNED_FULL""]","[""page_007_007_b1e0b33e82""]"
CIA-RDP79T00975A005500490001-7:7.1,CIA-RDP79T00975A005500490001-7,"February 28, 1961",fully,a paragraph,False,"In Katanga, Tshombe is apparently being given conflicting advice by his official and unofficial Belgian advisers. The latter reportedly urge him every evening to take strong action against the UN after those sent by the Belgian Government have spent the day trying to calm him.",ASSIGNED_FULL,1.0,45,45,1,1,"[""ASSIGNED_FULL""]","[""page_007_007_b1e0b33e82""]"
CIA-RDP79T00975A005500490001-7:11.0,CIA-RDP79T00975A005500490001-7,"February 28, 1961",fully,a paragraph,False,Brentano's long-term commitment created great unrest at a caucus of Christian Democratic Union (CDU) Bundestag deputies on 21 February and was sharply attacked by Vice Chancellor and Economics Minister Erhard and Finance Minister Etzel.,ASSIGNED_FULL,1.0,36,36,1,1,"[""ASSIGNED_FULL""]","[""page_011_011_adf6dc2ae7""]"
CIA-RDP79T00975A005600010001-8:8.0,CIA-RDP79T00975A005600010001-8,"March 1, 1961",fully,a paragraph,False,Early this year the Mali Government requested Paris to evacuate three air bases and the military base which France had been permitted to maintain under an accord signed with the Mali-Senegal federation.,ASSIGNED_FULL,1.0,31,31,1,1,"[""ASSIGNED_FULL""]","[""page_008_010_2620385c74""]"
CIA-RDP79T00975A005600020001-7:5.1+6.0,CIA-RDP79T00975A005600020001-7,"March 2, 1961",partly,a paragraph,True,"[STILL REDACTED] the reply, which Nehru read to the Indian cabinet's subcommittee on foreign affairs on the 27th, warns that if the issues of Hammarskjold's status and the Congo are not kept separate, ""we shall never find a solution to the Congo problem.""",ASSIGNED_FULL,1.0,41,41,2,2,"[""ASSIGNED_FULL"", ""ASSIGNED_FULL""]","[""page_005_005_b08bd560b9"", ""page_006_006_b09fc232a4""]"
CIA-RDP79T00975A005600030001-6:6.0,CIA-RDP79T00975A005600030001-6,"March 3, 1961",partly,a paragraph,False,"[STILL REDACTED] the object of this conference would be to discuss the formation of a neutralist all-party government for Laos, excluding Phoumi and all military figures; the Pathet Lao are said to be insistent on Souvanna Phouma as prime minister of such a government. General elections would then be held as soon as possible under the supervision of the 14 nations.",ASSIGNED_FULL,0.981818,54,55,1,1,"[""ASSIGNED_FULL""]","[""page_006_007_acdd5ae223""]"
CIA-RDP79T00975A005600050001-4:6.0,CIA-RDP79T00975A005600050001-4,"March 6, 1961",fully,part of a sentence,False,and thus less competitive with American and other foreign goods--,ASSIGNED_FULL,1.0,9,9,1,1,"[""ASSIGNED_FULL""]","[""page_006_006_c998e68cd7""]"
CIA-RDP79T00975A005600100001-8:6.1,CIA-RDP79T00975A005600100001-8,"March 11, 1961",fully,a paragraph,False,"The East German economic delegation headed by State Planning Chief Bruno Leuschner, which recently returned from Moscow, reportedly received little satisfaction in its efforts to reduce its dependence on imports from West Germany.",ASSIGNED_FULL,0.8,28,35,1,1,"[""ASSIGNED_FULL""]","[""page_006_006_b34251e2d4""]"
CIA-RDP79T00975A005600100001-8:14.0,CIA-RDP79T00975A005600100001-8,"March 11, 1961",fully,part of a sentence,False,East German officials reportedly already feel that,ASSIGNED_FULL,0.875,7,8,1,1,"[""ASSIGNED_FULL""]","[""page_014_014_19ab207da5""]"
CIA-RDP79T00975A005600100001-8:15.0,CIA-RDP79T00975A005600100001-8,"March 11, 1961",partly,a paragraph,False,"[STILL REDACTED] Brentano found American officials ""mistrustful"" of Bonn's intentions and doubtful of its genuine willingness to ""right Nazi wrongs."" However, he felt that ""the lack of sentimentality"" on the part of Adenauer and President Kennedy might provide a common basis of understanding between the two men when the chancellor meets with the President next month. Brentano's report of growing anti-German feeling apparently prompted",ASSIGNED_FULL,1.0,66,66,1,1,"[""ASSIGNED_FULL""]","[""page_015_015_b4bb94c6bb""]"
CIA-RDP79T00975A005600100001-8:16.0,CIA-RDP79T00975A005600100001-8,"March 11, 1961",partly,a paragraph,False,"Guttenberg, who is normally close to Adenauer in outlook, is known to favor the establishment of a separate European nuclear capability as the only way to assure a dependable deterrent to Soviet aggression. [STILL REDACTED]",ASSIGNED_FULL,1.0,35,35,1,1,"[""ASSIGNED_FULL""]","[""page_016_016_1d00b57886""]"
CIA-RDP79T00975A005600120001-6:5.0,CIA-RDP79T00975A005600120001-6,"March 14, 1961",partly,a paragraph,False,"The Indian ambassador to Vientiane, reporting on a [STILL REDACTED] conversation with Phoumi, claims the Lao army commander expressed the hope that such talks would be productive, with Souvanna acting as a referee rather than participant.",ASSIGNED_FULL,1.0,32,32,1,1,"[""ASSIGNED_FULL""]","[""page_005_005_8e171e1de7""]"
CIA-RDP79T00975A005600120001-6:11.0,CIA-RDP79T00975A005600120001-6,"March 14, 1961",fully,part of a sentence,False,rigging the recent parliamentary elections.,ASSIGNED_FULL,1.0,5,5,1,1,"[""ASSIGNED_FULL""]","[""page_011_013_b4b5337ed3""]"
CIA-RDP79T00975A005600130001-5:6.0,CIA-RDP79T00975A005600130001-5,"March 15, 1961",fully,about a sentence,False,"The incident, probably resulting from Chinese reconaissance activities, is one of several along this sector of the Tibetan frontier reported since November, but the only one publicized by Indian officials.",ASSIGNED_FULL,0.911765,31,34,1,1,"[""ASSIGNED_FULL""]","[""page_006_007_519081463b""]"
CIA-RDP79T00975A005600150001-3:5.2,CIA-RDP79T00975A005600150001-3,"March 17, 1961",partly,a paragraph,False,Cambodia had earlier asked Hammarskjold to send a UN observer to investigate the conditions behind the flow of refugees from South Vietnam. Cambodian army units on the border reportedly are being augmented. [STILL REDACTED],ASSIGNED_FULL,0.897436,35,39,1,1,"[""ASSIGNED_FULL""]","[""page_005_006_76309c2e67""]"
CIA-RDP79T00975A005600150001-3:9.0,CIA-RDP79T00975A005600150001-3,"March 17, 1961",partly,a paragraph,False,"[STILL REDACTED] apparently desiring to implicate the Moroccan Government in the affair, claims to be in possession of instructions from the governor of Agadir Province to local authorities to investigate petroleum research activities of the American firm and undertake to terminate them. [STILL REDACTED]",ASSIGNED_FULL,1.0,42,42,1,1,"[""ASSIGNED_FULL""]","[""page_009_012_5fdfae9a77""]"
CIA-RDP79T00975A005600150001-3:9.1,CIA-RDP79T00975A005600150001-3,"March 17, 1961",partly,a paragraph,False,"[STILL REDACTED] has proof that the band which seized the oilmen was directed by a Moroccan Army officer in a deliberate provocation. [STILL REDACTED] claims to have evidence the capture of the oilmen was planned well in advance and was carried out by the Moroccan Army. The counselor of the Spanish Embassy in Rabat, however,",ASSIGNED_FULL,1.0,50,50,1,1,"[""ASSIGNED_FULL""]","[""page_009_012_5fdfae9a77""]"
CIA-RDP79T00975A005600160001-2:7.1,CIA-RDP79T00975A005600160001-2,"March 18, 1961",fully,a paragraph,False,"Chinese Communist representatives recently asked the National Hydrocarbons Agency (ENI) of Italy to send petroleum chemists and ""other technical assistance,"" claiming they needed this help because of the Russian withdrawal of technicians last August.",ASSIGNED_FULL,0.971429,34,35,1,1,"[""ASSIGNED_FULL""]","[""page_007_007_6a54ce7e90""]"
CIA-RDP79T00975A005600180001-0:3.0,CIA-RDP79T00975A005600180001-0,"March 21, 1961",partly,part of a sentence,False,"Haile Selassie, [STILL REDACTED] appears unable to comprehend the forces behind last December's revolt. [STILL REDACTED]",ASSIGNED_FULL,0.916667,11,12,1,1,"[""ASSIGNED_FULL""]","[""page_003_003_6f4d27c021""]"
CIA-RDP79T00975A005600180001-0:7.0,CIA-RDP79T00975A005600180001-0,"March 21, 1961",partly,a paragraph,False,"Rebel leaders, who are said to feel that the recent secret preliminary talks with the French made little progress in resolving key substantive issues, will probably seek to give considerable publicity to the progress of further negotiations in an attempt to keep pressure of world opinion on France. [STILL REDACTED]",ASSIGNED_FULL,0.966667,58,60,1,1,"[""ASSIGNED_FULL""]","[""page_007_007_e556d8f947""]"
CIA-RDP79T00975A005600180001-0:9.0,CIA-RDP79T00975A005600180001-0,"March 21, 1961",fully,part of a sentence,False,and is reported to have been impressed with the achievements of the Communist states.,ASSIGNED_FULL,1.0,14,14,1,1,"[""ASSIGNED_FULL""]","[""page_009_009_62e808ebd7""]"
CIA-RDP79T00975A005600180001-0:9.1+10.0,CIA-RDP79T00975A005600180001-0,"March 21, 1961",fully,a paragraph,True,"There are reports that Krim and others are distrustful of his moderate attitude. Minister for Algeria Louis Joxe is expected to head the French negotiating team. De Gaulle reportedly has full confidence that Joxe, a top-level career diplomat before joining the cabinet in July 1959, will deal patiently with the rebel delegation in strict accordance with De Gaulle's instructions.",ASSIGNED_FULL,1.0,61,61,2,2,"[""ASSIGNED_FULL"", ""ASSIGNED_FULL""]","[""page_009_009_62e808ebd7"", ""page_010_010_ea7d960867""]"
CIA-RDP79T00975A005600180001-0:10.1,CIA-RDP79T00975A005600180001-0,"March 21, 1961",partly,a paragraph,False,"French Premier Debré has [STILL REDACTED] admitted ""disillusionment"" with De Gaulle's Algerian policy but said he intends to continue in office even though De Gaulle does not listen to him or his staff. Debré may try to obstruct the negotiations by further public statements on issues under negotiation. [STILL REDACTED]",ASSIGNED_FULL,1.0,46,46,1,1,"[""ASSIGNED_FULL""]","[""page_010_010_ea7d960867""]"
CIA-RDP79T00975A005600190001-9:8.0,CIA-RDP79T00975A005600190001-9,"March 22, 1961",partly,a paragraph,False,"[STILL REDACTED] Pyongyang officials anticipated a wave of South Korean riots over food shortages in April. These officials, [STILL REDACTED] were convinced that South Korea's economic difficulties will force eventual reunification of the peninsula on Communist terms.",ASSIGNED_FULL,1.0,33,33,1,1,"[""ASSIGNED_FULL""]","[""page_008_012_db0fca387a""]"
CIA-RDP79T00975A005600190001-9:10.0,CIA-RDP79T00975A005600190001-9,"March 22, 1961",partly,a paragraph,False,"Nasir's speech is expected to be more than a routine address and may set forth his detailed views on Africa and the Middle East. [STILL REDACTED] Nasir is convinced that American policy in these areas is designed to ""isolate"" him. In such a mood, his speech is likely to contain many criticisms of the US. [STILL REDACTED]",ASSIGNED_FULL,1.0,54,54,1,1,"[""ASSIGNED_FULL""]","[""page_010_014_a5ee72f7c0""]"
CIA-RDP79T00975A005600200001-7:15.0,CIA-RDP79T00975A005600200001-7,"March 23, 1961",fully,a paragraph,False,"Government officials are sufficiently alarmed to have ordered precautionary measures, including the construction of breastworks around at least one army installation and the positions of heavy weapons and additional guards at other key places.",ASSIGNED_FULL,1.0,36,36,1,1,"[""ASSIGNED_FULL""]","[""page_015_016_333fe744a6""]"
CIA-RDP79T00975A005600210001-6:7.0,CIA-RDP79T00975A005600210001-6,"March 24, 1961",partly,a paragraph,False,"[STILL REDACTED] Argentina: President Frondizi seems to be weathering another crisis in his regime. The resignation of army Commander in Chief Toranzo Montero, who has been plotting to oust Frondizi, has been announced. Uncertainty in official circles continues, and army and air force units have been placed on alert. The war secretary [STILL REDACTED] was assuming Toranzo Montero's duties and [STILL REDACTED] ordering a meeting of generals on 24 March. Frondizi's position has also been strengthened by his party's overwhelming victory in the Santa Fe local elections on 19 March. [STILL REDACTED]",ASSIGNED_FULL,0.961165,99,103,1,1,"[""ASSIGNED_FULL""]","[""page_007_008_800184fbeb""]"
CIA-RDP79T00975A005600220001-5:5.0,CIA-RDP79T00975A005600220001-5,"March 25, 1961",partly,about a sentence,False,"One such group, consisting of army officers, is rumored to have met to formulate demands for the retirement of older inactive officers and a promotion system based on merit. [STILL REDACTED]",ASSIGNED_FULL,0.916667,33,36,1,1,"[""ASSIGNED_FULL""]","[""page_005_007_f231045f56""]"
CIA-RDP79T00975A005600220001-5:7.0,CIA-RDP79T00975A005600220001-5,"March 25, 1961",fully,a paragraph,False,"The Ivory Coast's Felix Houphouet-Boigny, the prime mover of the Brazzaville grouping, stated recently that he plans to make a determined effort to persuade his associates to contribute contingents to the UN Command.",ASSIGNED_FULL,1.0,34,34,1,1,"[""ASSIGNED_FULL""]","[""page_007_010_91e85c1753""]"
CIA-RDP79T00975A005600220001-5:9.0,CIA-RDP79T00975A005600220001-5,"March 25, 1961",fully,a paragraph,False,Government officials in Addis Ababa reportedly believe that a group of civilians--as yet unidentified--planned the palace demonstrations on 21 March involving about 500 enlisted army personnel. Other observers believe a group of army officers instigated the recent disorders. Earlier information indicated that a group of army officers was joining the increasing numbers of malcontents who favor the reformist objectives of the December coup and who sympathize with General Menghistu--former commander of the disbanded Imperial Body Guard.,ASSIGNED_FULL,1.0,77,77,1,1,"[""ASSIGNED_FULL""]","[""page_009_012_7d7e4a4bef""]"
CIA-RDP79T00975A005600230001-4:5.0,CIA-RDP79T00975A005600230001-4,"March 27, 1961",partly,about a sentence,False,"[STILL REDACTED] the plane burned completely following the crash. The lone survivor, presumably an assistant army attaché in Vientiane, is reportedly in a hospital near Xieng Khouang town with a broken shoulder. [STILL REDACTED]",ASSIGNED_FULL,1.0,30,30,1,1,"[""ASSIGNED_FULL""]","[""page_005_005_0e8186fc69""]"
CIA-RDP79T00975A005600230001-4:6.0,CIA-RDP79T00975A005600230001-4,"March 27, 1961",partly,a paragraph,False,"[STILL REDACTED] they are planning new uprisings for southern Angola and for the Cabinda exclave, but no dates have been set for these operations. [STILL REDACTED] Lisbon, aware of the threat of an outbreak in southern Angola, is seeking the cooperation of the South African authorities to control agitators using South-West Africa as a haven. [STILL REDACTED]",ASSIGNED_FULL,1.0,47,47,1,1,"[""ASSIGNED_FULL""]","[""page_006_006_1b563fded2""]"
CIA-RDP79T00975A005600230001-4:10.0,CIA-RDP79T00975A005600230001-4,"March 27, 1961",partly,part of a sentence,False,[STILL REDACTED] attack on Tha Thom scheduled for 25 March was being successfully resisted. [STILL REDACTED],ASSIGNED_FULL,1.0,8,8,1,1,"[""ASSIGNED_FULL""]","[""page_010_010_dea276da6a""]"
CIA-RDP79T00975A005600230001-4:11.1,CIA-RDP79T00975A005600230001-4,"March 27, 1961",partly,a paragraph,False,"Soviet transports continue flights into Laos. On 23 March eight IL-14s and at least two but possibly five LI-2s flew from Hanoi to Xieng Khouang. Additional flights were scheduled for 26 March. The North Vietnamese are apparently training Pathet Lao communications personnel in Hanoi. [STILL REDACTED] ""they were scheduled for training at Hanoi but might have stopped at Khang Khay for preliminary training."" [STILL REDACTED]",ASSIGNED_FULL,0.984375,63,64,1,1,"[""ASSIGNED_FULL""]","[""page_011_011_b0da2e681a""]"
CIA-RDP79T00975A005600230001-4:15.0,CIA-RDP79T00975A005600230001-4,"March 27, 1961",partly,a paragraph,False,"cope with demonstrations like that against the American Consulate. [STILL REDACTED] The clinic of the local Evangelical Mission, which has an American as titular director, although most of its personnel are foreign, was sacked by a mob on 24 March.",ASSIGNED_FULL,1.0,39,39,1,1,"[""ASSIGNED_FULL""]","[""page_015_015_bebcebb9b8""]"
CIA-RDP79T00975A005600230001-4:15.1,CIA-RDP79T00975A005600230001-4,"March 27, 1961",fully,about a sentence,False,A report is said to be circulating among regime supporters that two unidentified army generals have told Premier Salazar that Portuguese policy toward Africa must be radically changed.,ASSIGNED_FULL,1.0,27,27,1,1,"[""ASSIGNED_FULL""]","[""page_015_015_bebcebb9b8""]"
CIA-RDP79T00975A005600250001-2:5.0,CIA-RDP79T00975A005600250001-2,"March 29, 1961",partly,about a sentence,False,"[STILL REDACTED] the Soviet delegation has hinted, however, that cessation of French testing is not a precondition for continuing negotiations.",ASSIGNED_FULL,1.0,18,18,1,1,"[""ASSIGNED_FULL""]","[""page_005_005_74292d0f6b""]"
CIA-RDP79T00975A005600250001-2:12.0,CIA-RDP79T00975A005600250001-2,"March 29, 1961",fully,a few words,False,the air force commander,ASSIGNED_FULL,1.0,4,4,1,1,"[""ASSIGNED_FULL""]","[""page_012_016_86c679b38c""]"
CIA-RDP79T00975A005600250001-2:12.1,CIA-RDP79T00975A005600250001-2,"March 29, 1961",fully,about a sentence,False,"the marine corps commandant. Deputy Chief of Staff General Khanh, whose position was strengthened after the coup, is himself reported unhappy over the situation.",ASSIGNED_FULL,1.0,24,24,1,1,"[""ASSIGNED_FULL""]","[""page_012_016_86c679b38c""]"
CIA-RDP79T00975A005600260001-1:6.2+7.0,CIA-RDP79T00975A005600260001-1,"March 30, 1961",fully,about a sentence,True,The Somali Government is apparently prepared to accept economic aid which it expects will be offered by the five-man Soviet good-will mission scheduled to arrive in Mogadiscio on 30 March.,ASSIGNED_FULL,0.935484,29,31,2,2,"[""ASSIGNED_FULL"", ""ASSIGNED_FULL""]","[""page_006_007_4a77429b06"", ""page_007_008_d0d03a6406""]"
CIA-RDP79T00975A005600260001-1:12.0,CIA-RDP79T00975A005600260001-1,"March 30, 1961",partly,a paragraph,False,"[STILL REDACTED] the Soviet ambassador in Mogadiscio received the invitation from Premier Abdirascid during a casual conversation at a recent reception for a visiting UAR delegation. The Soviet delegation--headed by Lesechko, the first deputy chairman of the State Planning Commission (Gosplan)--includes A. A. Shvedov, chief of the First African Division of the Ministry of Foreign Affairs, the deputy minister of health, and high-level trade and cultural officials. The composition of the mission suggests that Moscow is prepared to offer aid to the Somali Republic in several nonmilitary fields.",ASSIGNED_FULL,1.0,87,87,1,1,"[""ASSIGNED_FULL""]","[""page_012_015_0a6561956c""]"
CIA-RDP79T00975A005600290001-8:12.0+13.0,CIA-RDP79T00975A005600290001-8,"April 3, 1961",partly,a paragraph,True,Ferraz reportedly broached the idea that the premier had better step aside if he could not quickly find solutions to Portugal's pressing African problems. The chief of staff is said to have lost his nerve and withdrew the suggestion when Salazar said he was willing to resign. [STILL REDACTED],ASSIGNED_FULL,1.0,47,47,2,2,"[""ASSIGNED_FULL"", ""ASSIGNED_FULL""]","[""page_012_018_68fa7c1669"", ""page_013_019_4f225a706b""]"
CIA-RDP79T00975A005600300001-6:8.0,CIA-RDP79T00975A005600300001-6,"April 4, 1961",fully,a paragraph,False,"General Phoumi, whose moods alternate between extremes of confidence and depression, was especially pessimistic over the Kam Keut situation. When he discovered that this situation was not as critical as first imagined, he regained his cheerfulness for a few hours until news of the fall of Tha Thom plunged him again into despondency. He has since recovered some of his confidence and is speaking of an offensive in the Muong Kassy area.",ASSIGNED_FULL,1.0,69,69,1,1,"[""ASSIGNED_FULL""]","[""page_008_008_a197e0eebb""]"
CIA-RDP79T00975A005600300001-6:9.1,CIA-RDP79T00975A005600300001-6,"April 4, 1961",partly,a paragraph,False,"[STILL REDACTED] Soviet airlift operations into Laos continue to be scheduled. Apparently only one of the seven IL-14s scheduled for flights to Phong Saly on 2 April actually made the trip. The others returned to Hanoi shortly after take-off because of heavy fog. However, seven IL-14s were again scheduled for Phong Saly on 3 April. Also scheduled for 3 April were eight IL-14s to fly from Hanoi to Xieng Khouang and return. [STILL REDACTED]",ASSIGNED_FULL,1.0,66,66,1,1,"[""ASSIGNED_FULL""]","[""page_009_009_ace374902b""]"
CIA-RDP79T00975A005600300001-6:13.0,CIA-RDP79T00975A005600300001-6,"April 4, 1961",partly,a paragraph,False,"[STILL REDACTED] Indonesia and Guinea plan to submit a resolution in the General Assembly recommending that the US and Cuba make every effort to settle their differences by peaceful means...in bilateral discussions,"" and ""refrain from any act that might further aggravate tension between the two governments."" [STILL REDACTED] the Cuban Government is actively pushing such a resolution.",ASSIGNED_FULL,1.0,53,53,1,1,"[""ASSIGNED_FULL""]","[""page_013_013_4398ec3902""]"
CIA-RDP79T00975A005600300001-6:13.1,CIA-RDP79T00975A005600300001-6,"April 4, 1961",partly,a paragraph,False,"In its note of 8 March rejecting the Argentine offer of good offices toward easing US-Cuban ""differences,"" Havana reiterated these views but added, ""The conduct of the US Government and the statements of its officials"" would make any effort toward bilateral discussions at this time ""useless."" [STILL REDACTED]",ASSIGNED_FULL,1.0,48,48,1,1,"[""ASSIGNED_FULL""]","[""page_013_013_4398ec3902""]"
CIA-RDP79T00975A005600310001-5:7.1,CIA-RDP79T00975A005600310001-5,"April 5, 1961",partly,a paragraph,False,Soviet Ambassador to India Benediktov recently commented to Indian Foreign Secretary Dutt on the growing rapport between the Indian and US governments and bluntly inquired if this represented a change in India's policy toward the USSR. ( [STILL REDACTED],ASSIGNED_FULL,1.0,43,43,1,1,"[""ASSIGNED_FULL""]","[""page_007_008_513356f7c1""]"
CIA-RDP79T00975A005600310001-5:12.0,CIA-RDP79T00975A005600310001-5,"April 5, 1961",partly,a paragraph,False,"In their conversation, Foreign Secretary Dutt attempted to reassure Ambassador Benediktov that India's over-all policy toward the USSR had not changed. He rationalized New Delhi's closer relations with Washington as a result mainly of a shift in American policies toward positions long held by the Indian Government. [STILL REDACTED] Dutt recognizes that Indo-Soviet relations have deteriorated recently and has reportedly shown some apprehension that in his assignment as ambassador to Moscow--effective in June--he will not have as easy a time as has K. P. S. Menon during the past eight years. [STILL REDACTED]",ASSIGNED_FULL,0.943182,83,88,1,1,"[""ASSIGNED_FULL""]","[""page_012_014_b043fecec0""]"
CIA-RDP79T00975A005600360001-0:13.0,CIA-RDP79T00975A005600360001-0,"April 11, 1961",fully,part of a sentence,False,-distributing graft and favors and,ASSIGNED_FULL,1.0,5,5,1,1,"[""ASSIGNED_FULL""]","[""page_013_018_25ca3f5dff""]"
CIA-RDP79T00975A005600360001-0:13.1,CIA-RDP79T00975A005600360001-0,"April 11, 1961",fully,part of a sentence,False,"is reliably reported to maintain contact with his partisans in Guatemala,",ASSIGNED_FULL,1.0,11,11,1,1,"[""ASSIGNED_FULL""]","[""page_013_018_25ca3f5dff""]"
CIA-RDP79T00975A005600390001-7:7.0,CIA-RDP79T00975A005600390001-7,"April 14, 1961",partly,a paragraph,False,"[STILL REDACTED] the possibility of Peiping's proposing arbitration of the Sino-Indian boundary dispute. [STILL REDACTED] U Nu of Burma or Sukarno of Indonesia as possible arbitrators, rejected a suggestion that the idea be broached to Nehru--suggesting that Peiping wishes to keep the matter on an unofficial basis at this time.",ASSIGNED_FULL,1.0,41,41,1,1,"[""ASSIGNED_FULL""]","[""page_007_008_b87a9fa8d7""]"
CIA-RDP79T00975A005600410001-4:10.0,CIA-RDP79T00975A005600410001-4,"April 17, 1961",fully,a paragraph,False,"Prime Minister Chang Myon is not a dynamic leader, and his administration has failed to curtail effectively the graft, nepotism, and political factionalism associated with the old regime. As a result there is a growing polarization between older, conservative leaders who accept such practices and younger, educated Koreans who realize that graft and corruption must be reduced if the country is to progress.",ASSIGNED_FULL,1.0,63,63,1,1,"[""ASSIGNED_FULL""]","[""page_010_011_47be9e84f0""]"
CIA-RDP79T00975A005600410001-4:11.0,CIA-RDP79T00975A005600410001-4,"April 17, 1961",fully,a few words,False,"a national-socialist - type demagogue,",ASSIGNED_FULL,1.0,4,4,1,1,"[""ASSIGNED_FULL""]","[""page_011_012_c443798574""]"
CIA-RDP79T00975A005600410001-4:11.1,CIA-RDP79T00975A005600410001-4,"April 17, 1961",fully,part of a sentence,False,"a personable and shrewd opportunist,",ASSIGNED_FULL,1.0,5,5,1,1,"[""ASSIGNED_FULL""]","[""page_011_012_c443798574""]"
CIA-RDP79T00975A005600440001-1:5.0,CIA-RDP79T00975A005600440001-1,"April 20, 1961",partly,a paragraph,False,"and military leaders. In addition to previously reported restiveness among lower ranking officers, some senior officers are coming to feel that the Communist guerrillas cannot be defeated as long as Diem remains in power. [STILL REDACTED]",ASSIGNED_FULL,1.0,36,36,1,1,"[""ASSIGNED_FULL""]","[""page_005_009_de0a3e0231""]"
CIA-RDP79T00975A005600440001-1:7.0,CIA-RDP79T00975A005600440001-1,"April 20, 1961",partly,about a sentence,False,The American amendment fixed responsibility for maintaining calm in the area on Jordan as well as Israel. [STILL REDACTED],ASSIGNED_FULL,1.0,17,17,1,1,"[""ASSIGNED_FULL""]","[""page_007_016_dfb21b3b9a""]"
CIA-RDP79T00975A005600470001-8:9.0,CIA-RDP79T00975A005600470001-8,"April 24, 1961",partly,about a sentence,False,A government official has estimated [STILL REDACTED] that Algeria could hold out for 15 days on its present stocks.,ASSIGNED_FULL,1.0,17,17,1,1,"[""ASSIGNED_FULL""]","[""page_009_009_7059898c69""]"
CIA-RDP79T00975A005600470001-8:9.1,CIA-RDP79T00975A005600470001-8,"April 24, 1961",partly,a paragraph,False,"Air Force General Andre Puget, acting Chief of Staff for National Defense, said [STILL REDACTED] that 5000 men could take the key government ministries. Puget said he felt there would be no violent public reaction to such a move and that neither military nor security forces in France would oppose it.",ASSIGNED_FULL,0.979592,48,49,1,1,"[""ASSIGNED_FULL""]","[""page_009_009_7059898c69""]"
CIA-RDP79T00975A005700030001-5:10.0,CIA-RDP79T00975A005700030001-5,"April 28, 1961",fully,a paragraph,False,"Nehru has maintained contacts with the exiles via his own Intelligence Bureau and through leaders of the Indian Praja Socialist party, who are old Nehru colleagues and historically close to the Nepali Congress party leadership.",ASSIGNED_FULL,1.0,35,35,1,1,"[""ASSIGNED_FULL""]","[""page_010_014_9748a2fde9""]"
CIA-RDP79T00975A005700100001-7:5.0,CIA-RDP79T00975A005700100001-7,"May 6, 1961",partly,a paragraph,False,"The Chinese premier [STILL REDACTED] he was naive in dealing with the Americans and was being used by them in a scheme to make propaganda capital out of Communist China's food shortages. China, Chou added, could take care of itself. [STILL REDACTED]",ASSIGNED_FULL,0.973684,37,38,1,1,"[""ASSIGNED_FULL""]","[""page_005_006_afcfbce1df""]"
CIA-RDP79T00975A005700100001-7:7.0,CIA-RDP79T00975A005700100001-7,"May 6, 1961",fully,a paragraph,False,"Amini, recognized as a conservative opponent of the Shah, would have the support of General Bakhtiar, who has been engaged in his own planning for a possible removal of the Shah.",ASSIGNED_FULL,0.96875,31,32,1,1,"[""ASSIGNED_FULL""]","[""page_007_008_f2de58be08""]"
CIA-RDP79T00975A005700110001-6:5.0,CIA-RDP79T00975A005700110001-6,"May 8, 1961",fully,a paragraph,False,"According to reports from New Delhi, Prime Minister Nehru may now consider Dayal to have been a failure as UN representative in the Congo, and may be resigned to his removal.",ASSIGNED_FULL,1.0,39,39,1,1,"[""ASSIGNED_FULL""]","[""page_005_006_2aba8ef907""]"
CIA-RDP79T00975A005700120001-5:7.0,CIA-RDP79T00975A005700120001-5,"May 9, 1961",partly,about a sentence,False,French officials close to De Gaulle have [STILL REDACTED] expressed considerable anxiety over the possibility of more trouble with the settlers and the army.,ASSIGNED_FULL,0.958333,23,24,1,1,"[""ASSIGNED_FULL""]","[""page_007_010_1558968cfd""]"
CIA-RDP79T00975A005700150001-2:5.1,CIA-RDP79T00975A005700150001-2,"May 12, 1961",fully,a paragraph,False,"There are unconfirmed reports that a number of officials of the previous government have been arrested, including former Prime Minister Eqbal, former Minister of the Interior Alavi-Moqadam, the former intelligence chief for the supreme commander's staff, General Haj Ali Kia, and former Minister of Finance General Ali Akbar Zarqam.",ASSIGNED_FULL,1.0,57,57,1,1,"[""ASSIGNED_FULL""]","[""page_005_007_e6532f7863""]"
CIA-RDP79T00975A005700160001-1:8.0,CIA-RDP79T00975A005700160001-1,"May 13, 1961",fully,a few words,False,Sarit,ASSIGNED_FULL,1.0,1,1,1,1,"[""ASSIGNED_FULL""]","[""page_008_011_726baa6daa""]"
CIA-RDP79T00975A005700160001-1:8.1,CIA-RDP79T00975A005700160001-1,"May 13, 1961",fully,a paragraph,False,"The cordial and moderate tone of Nikolayev's remarks was probably intended in part to balance the impact of an early March conversation with the Thai King in which the Soviet ambassador hinted at the possibility of Soviet retaliation if Bangkok continued its ""interference"" in Laotian affairs.",ASSIGNED_FULL,1.0,48,48,1,1,"[""ASSIGNED_FULL""]","[""page_008_011_726baa6daa""]"
CIA-RDP79T00975A005700160001-1:10.0,CIA-RDP79T00975A005700160001-1,"May 13, 1961",fully,a paragraph,False,"French security officials are concerned over evidence that the settler extremist Organization of the Secret Army is still plotting violence. They point out that this organization emerged from the insurrection virtually intact, and probably in possession of many thousands of arms--some reports say 15,000--which have disappeared from government stocks. Security forces have not been able to prevent the circulation of incendiary tracts threatening dire measures, such as, ""The time of plastic bombs has passed--it is now the hour of the machine gun.""",ASSIGNED_FULL,1.0,85,85,1,1,"[""ASSIGNED_FULL""]","[""page_010_013_753f48a0d6""]"
CIA-RDP79T00975A005700170001-0:6.0,CIA-RDP79T00975A005700170001-0,"May 15, 1961",fully,a paragraph,False,"A military police general sent to arrest General Kia, former chief of intelligence for the Joint Staff, at noon on 13 May delayed for four hours after Kia argued that noon was ""not the proper time to arrest lieutenant generals."" Kia attempted to get in touch with the Shah and the minister of the interior to have the arrest order rescinded. Subsequent press reports of his arrest suggest he was unsuccessful.",ASSIGNED_FULL,0.948718,74,78,1,1,"[""ASSIGNED_FULL""]","[""page_006_007_adb206d719""]"
CIA-RDP79T00975A005700180001-9:4.0,CIA-RDP79T00975A005700180001-9,"May 16, 1961",fully,part of a sentence,False,who was reported last month to be planning a coup.,ASSIGNED_FULL,1.0,10,10,1,1,"[""ASSIGNED_FULL""]","[""page_004_004_6a8c60a542""]"
CIA-RDP79T00975A005700180001-9:6.2,CIA-RDP79T00975A005700180001-9,"May 16, 1961",fully,about a sentence,False,Nasir is reported to have responded to Khrushchev's attack by ordering on 4 May a shift in Cairo's propaganda output.,ASSIGNED_FULL,1.0,27,27,1,1,"[""ASSIGNED_FULL""]","[""page_006_007_7e138832f8""]"
CIA-RDP79T00975A005700180001-9:9.0,CIA-RDP79T00975A005700180001-9,"May 16, 1961",fully,part of a sentence,False,Yi is reliably reported to be against the coup.,ASSIGNED_FULL,1.0,9,9,1,1,"[""ASSIGNED_FULL""]","[""page_009_010_2351302195""]"
CIA-RDP79T00975A005700180001-9:12.0,CIA-RDP79T00975A005700180001-9,"May 16, 1961",partly,a paragraph,False,"[STILL REDACTED] Nasir cannot prevent Egyptians from being Communists and that ""what you are doing will lead to revolution and you will be overthrown just like you overthrew King Farouk."" [STILL REDACTED] Khrushchev said, ""Everybody knows that UAR neutrality is for hire. You are a nation of corruption."" Such remarks resemble those made by Khrushchev during the public exchange of recriminations between Moscow and Cairo two years ago.",ASSIGNED_FULL,1.0,64,64,1,1,"[""ASSIGNED_FULL""]","[""page_012_015_158b283217""]"
CIA-RDP79T00975A005700180001-9:15.0,CIA-RDP79T00975A005700180001-9,"May 16, 1961",fully,a few words,False,"simple, uneducated",ASSIGNED_FULL,1.0,2,2,1,1,"[""ASSIGNED_FULL""]","[""page_015_018_529190fde3""]"
CIA-RDP79T00975A005700180001-9:17.0,CIA-RDP79T00975A005700180001-9,"May 16, 1961",partly,a paragraph,False,"Adenauer faces a difficult decision on this question since failure to support a parliamentary meeting in Berlin could be exploited by the opposition Social Democrats in this fall's election campaign as showing a lack of sympathy for Berlin. On the other hand, he probably believes holding such a meeting would be beneficial to the Socialists by focusing attention on the city and on his opponent in the election--Mayor Willy Brandt. [STILL REDACTED]",ASSIGNED_FULL,1.0,71,71,1,1,"[""ASSIGNED_FULL""]","[""page_017_020_7339d824fd""]"
CIA-RDP79T00975A005700200001-6:6.0,CIA-RDP79T00975A005700200001-6,"May 18, 1961",partly,about a sentence,False,"[STILL REDACTED] Iraq would probably impose additional taxes on the company unless offered a change in the existing 50/50 profit-sharing arrangement which would give the government more ""immediate cash."" [STILL REDACTED]",ASSIGNED_FULL,1.0,28,28,1,1,"[""ASSIGNED_FULL""]","[""page_006_009_adc1c474c0""]"
CIA-RDP79T00975A005700220001-4:6.1,CIA-RDP79T00975A005700220001-4,"May 20, 1961",fully,about a sentence,False,which is one of a number in circulation concerning an early rightist civilian or military attempt to assassinate De Gaulle.,ASSIGNED_FULL,1.0,20,20,1,1,"[""ASSIGNED_FULL""]","[""page_006_008_154ce67ef4""]"
CIA-RDP79T00975A005700250001-1:7.1,CIA-RDP79T00975A005700250001-1,"May 24, 1961",partly,about a sentence,False,Pakistani officials [STILL REDACTED] indicate that they are ready to bomb Afghan artillery positions located in Afghan territory if these should fire across the border into Pakistan.,ASSIGNED_FULL,1.0,29,29,1,1,"[""ASSIGNED_FULL""]","[""page_007_008_de6d219071""]"
CIA-RDP79T00975A005700260001-0:12.0,CIA-RDP79T00975A005700260001-0,"May 25, 1961",partly,about a sentence,False,"[STILL REDACTED] Sihanouk intended to try at Geneva to ""limit the loss"" in Laos and buy time for Cambodia. [STILL REDACTED]",ASSIGNED_FULL,1.0,17,17,1,1,"[""ASSIGNED_FULL""]","[""page_012_016_bdb19802ea""]"
CIA-RDP79T00975A005700290001-7:8.0,CIA-RDP79T00975A005700290001-7,"May 29, 1961",fully,part of a sentence,False,"and led by its illiterate president,",ASSIGNED_FULL,1.0,6,6,1,1,"[""ASSIGNED_FULL""]","[""page_008_014_2f8463e81e""]"
CIA-RDP79T00975A005700300001-5:7.1,CIA-RDP79T00975A005700300001-5,"May 30, 1961",partly,a paragraph,False,"and focus attention on Mayor Brandt, his opponent in the September national elections. Brandt reportedly believes that even a meeting of the SPD Bundestag members will reassert the right to meet in West Berlin and also will put Adenauer's Christian Democrats in the position of showing a lack of sympathy for Berlin. [STILL REDACTED]",ASSIGNED_FULL,0.983871,61,62,1,1,"[""ASSIGNED_FULL""]","[""page_007_009_6665862bfb""]"
CIA-RDP79T00975A005700310001-4:7.1+8.0,CIA-RDP79T00975A005700310001-4,"May 31, 1961",partly,a paragraph,True,"focus attention on Mayor Brandt, his opponent in the September national elections. Brandt reportedly believes that even a meeting of the SPD Bundestag members will reassert the right to meet in West Berlin and also will put Adenauer's Christian Democrats in the position of showing a lack of sympathy for Berlin. [STILL REDACTED]",ASSIGNED_FULL,1.0,54,54,2,2,"[""ASSIGNED_FULL"", ""ASSIGNED_FULL""]","[""page_007_009_aadefd9bb9"", ""page_008_010_7bd36aa2e3""]"
CIA-RDP79T00975A005700320001-3:4.0,CIA-RDP79T00975A005700320001-3,"June 1, 1961",partly,about a sentence,False,"The two active duty generals reported [STILL REDACTED] to be involved in the plot, have evidently still made no overt move against the regime.",ASSIGNED_FULL,1.0,27,27,1,1,"[""ASSIGNED_FULL""]","[""page_004_004_e606fe508f""]"
CIA-RDP79T00975A005700330001-2:7.2,CIA-RDP79T00975A005700330001-2,"June 2, 1961",partly,about a sentence,False,"[STILL REDACTED] CENTO has ""become a symbol of Iranian subservience to foreigners"" and that public opinion ""from right to left was unanimous on this score.""",ASSIGNED_FULL,0.96,24,25,1,1,"[""ASSIGNED_FULL""]","[""page_007_009_aafb52ab8f""]"
